case,case_name,dim,run,seed,algo,pop,best_fitness,PSRR_DB,penalty,is_feasible,VOUT_V,LOADREG_MV_MA,LINEREG_MV_V,IQ_UA,DROPOUT_MV,AREA_UM2,viol_vout,viol_loadreg,viol_linereg,viol_iq,viol_dropout,viol_area,PEAKING_DB,first_feasible_eval,best_feasible_found,best_feasible_fitness,best_feasible_PSRR,best_feasible_VOUT_V,best_feasible_LOADREG_MV_MA,best_feasible_LINEREG_MV_V,best_feasible_IQ_UA,best_feasible_DROPOUT_MV,best_feasible_AREA_UM2,runtime_sec,eval_budget,actual_evals,last_improvement_eval,convergence_auc,x_w1,x_w3,x_w5,x_wpass,x_l_all,x_rdiv,x_cc,sim_evals_worker_cum,sim_ok_worker_cum,sim_failures_worker_cum,sim_failure_kinds_worker_cum,server_restarts_worker_cum,evaluator_recovers_timeouts,objective_def,c_Vout_min,c_Vout_max,c_LoadReg_max,c_LineReg_max,c_Iq_max,c_Dropout_max,c_Area_max
ldo,SKY130-LDO,7,19,531345,ABC,40,-101.2927,101.2927,0,1,1.201922,2.1383333333333283,0.169444444444691,20.56999999999992,130.0000000000001,33.5513,0,0,0,0,0,0,,9.0,1,-101.2927,101.2927,1.201922,2.1383333333333283,0.169444444444691,20.56999999999992,130.0000000000001,33.5513,716.8141881525517,2500,2500,840.0,-94.40356863945576,2.5436254368972118,4.082862119878044,3.333939141512273,69.54982389043697,1.1603988689222644,348.3067369795836,0.4096454636600828,2501,2203,298,measure_failed=298,0,1,psrr_100hz_db,1.1976,1.2024,2.295,1.3694,23.11,160.0,81.0
ldo,SKY130-LDO,7,3,515345,ABC,40,-100.9252,100.9252,0,1,1.202293,1.833888888888888,0.1583333333332604,18.70999999999991,80.00000000000007,28.059200000000004,0,0,0,0,0,0,,31.0,1,-100.9252,100.9252,1.202293,1.833888888888888,0.1583333333332604,18.70999999999991,80.00000000000007,28.059200000000004,718.0120369791985,2500,2500,920.0,-96.44300915566224,3.4269371100789137,2.9916818623443926,1.0037874731226628,100.0,0.882149219268084,500.0,0.4526538254001873,2501,2157,344,measure_failed=344,0,1,psrr_100hz_db,1.1976,1.2024,2.295,1.3694,23.11,160.0,81.0
ldo,SKY130-LDO,7,17,529345,ABC,40,-99.59498,99.59498,0,1,1.202121,1.8849999999999885,0.1277777777777514,22.45000000000003,80.00000000000007,54.50955,0,0,0,0,0,0,,601.0,1,-99.59498,99.59498,1.202121,1.8849999999999885,0.1277777777777514,22.45000000000003,80.00000000000007,54.50955,746.9720987677574,2500,2500,2440.0,184.4808586134454,3.1708504578144066,5.851260451180472,14.083847272402982,100.0,0.8555609688881184,326.0712462500012,0.6737592560546584,2501,2288,213,measure_failed=213,0,1,psrr_100hz_db,1.1976,1.2024,2.295,1.3694,23.11,160.0,81.0
ldo,SKY130-LDO,7,12,524345,ABC,40,-99.68699,99.68699,0,1,1.202031,1.6727777777777082,0.2777777777777472,22.09999999999994,100.00000000000009,77.0445,0,0,0,0,0,0,,147.0,1,-99.68699,99.68699,1.202031,1.6727777777777082,0.2777777777777472,22.09999999999994,100.00000000000009,77.0445,753.3825772851706,2500,2500,2280.0,-8.723913107242913,3.4527508120461343,6.2409193365651054,8.30594518428098,74.42993173032573,1.830345117351121,284.13687819853726,0.5202373318554366,2501,2266,235,measure_failed=235,0,1,psrr_100hz_db,1.1976,1.2024,2.295,1.3694,23.11,160.0,81.0
ldo,SKY130-LDO,7,29,541345,ABC,40,-100.5549,100.5549,0,1,1.202197,1.997777777777864,0.1305555555559174,23.05999999999988,80.00000000000007,62.688750000000006,0,0,0,0,0,0,,7.0,1,-100.5549,100.5549,1.202197,1.997777777777864,0.1305555555559174,23.05999999999988,80.00000000000007,62.688750000000006,765.1942274793983,2500,2500,1560.0,-96.03130989395758,2.656424806468636,8.006776432501525,13.204466446143517,99.72344062737288,0.9993556081432292,266.6160690653386,0.5344910848924207,2501,2309,192,measure_failed=192,0,1,psrr_100hz_db,1.1976,1.2024,2.295,1.3694,23.11,160.0,81.0
ldo,SKY130-LDO,7,5,517345,ABC,40,-99.07185,99.07185,0,1,1.202044,1.800555555555583,0.3194444444440701,21.430000000000017,130.0000000000001,59.07359999999999,0,0,0,0,0,0,,32.0,1,-99.07185,99.07185,1.202044,1.800555555555583,0.3194444444440701,21.430000000000017,130.0000000000001,59.07359999999999,765.3757390603423,2500,2500,2201.0,-94.29256301720687,7.365583893587923,3.721490569019461,7.477752927829041,67.08090143353763,1.3187770590829628,500.0,0.8574564860167498,2501,2241,260,measure_failed=260,0,1,psrr_100hz_db,1.1976,1.2024,2.295,1.3694,23.11,160.0,81.0
ldo,SKY130-LDO,7,10,522345,ABC,40,-100.9871,100.9871,0,1,1.202282,1.9022222222222744,0.1527777777775451,21.61000000000003,80.00000000000007,37.94385,0,0,0,0,0,0,,114.0,1,-100.9871,100.9871,1.202282,1.9022222222222744,0.1527777777775451,21.61000000000003,80.00000000000007,37.94385,769.7335832566023,2500,2500,2440.0,-44.32786604641857,3.4594308677052226,3.711590224423124,7.920615837137632,98.03493798775574,0.7708293287788852,409.23540845631527,0.5860669121942244,2501,2260,241,measure_failed=241,0,1,psrr_100hz_db,1.1976,1.2024,2.295,1.3694,23.11,160.0,81.0
ldo,SKY130-LDO,7,24,536345,ABC,40,-99.78451,99.78451,0,1,1.202017,1.656666666666689,0.1750000000004063,20.67999999999992,80.00000000000007,72.87324999999998,0,0,0,0,0,0,,148.0,1,-99.78451,99.78451,1.202017,1.656666666666689,0.1750000000004063,20.67999999999992,80.00000000000007,72.87324999999998,771.075029745698,2500,2500,2441.0,-16.257398773509394,3.09893980972455,8.096268836855012,9.920340698746536,91.67725414715731,1.4009859682869878,500.0,0.5530700215687259,2501,2292,209,measure_failed=209,0,1,psrr_100hz_db,1.1976,1.2024,2.295,1.3694,23.11,160.0,81.0
ldo,SKY130-LDO,7,16,528345,ABC,40,-102.4164,102.4164,0,1,1.202304,1.8077777777777044,0.1694444444440742,21.519999999999914,80.00000000000007,75.231,0,0,0,0,0,0,,106.0,1,-102.4164,102.4164,1.202304,1.8077777777777044,0.1694444444440742,21.519999999999914,80.00000000000007,75.231,774.9759665876627,2500,2500,2500.0,-48.25006999799921,3.6313518551116415,5.896276629485143,20.0,100.0,1.021310223835889,461.52719366650047,0.4864897030871978,2501,2170,331,measure_failed=331,0,1,psrr_100hz_db,1.1976,1.2024,2.295,1.3694,23.11,160.0,81.0
ldo,SKY130-LDO,7,14,526345,ABC,40,-102.079,102.079,0,1,1.202244,2.0366666666667608,0.1333333333334667,22.09999999999994,80.00000000000007,75.64525,0,0,0,0,0,0,,33.0,1,-102.079,102.079,1.202244,2.0366666666667608,0.1333333333334667,22.09999999999994,80.00000000000007,75.64525,775.6568739935756,2500,2500,2360.0,-95.00606735894358,2.4605347298816618,8.016189591322435,20.0,100.0,0.9940467282264572,344.2340610640647,0.4373701777489911,2501,2281,220,measure_failed=220,0,1,psrr_100hz_db,1.1976,1.2024,2.295,1.3694,23.11,160.0,81.0
ldo,SKY130-LDO,7,1,513345,ABC,40,-103.127,103.127,0,1,1.202306,1.8794444444443963,0.1527777777781619,21.240000000000062,80.00000000000007,53.05575,0,0,0,0,0,0,,25.0,1,-103.127,103.127,1.202306,1.8794444444443963,0.1527777777781619,21.240000000000062,80.00000000000007,53.05575,779.5130652189255,2500,2500,1321.0,-100.90607457783112,3.548637873858116,3.83452949904872,17.064073741840023,99.42488599262497,0.7788621437646649,500.0,0.4749651902090214,2501,2169,332,measure_failed=332,0,1,psrr_100hz_db,1.1976,1.2024,2.295,1.3694,23.11,160.0,81.0
ldo,SKY130-LDO,7,9,521345,ABC,40,-102.0909,102.0909,0,1,1.202291,1.792222222222195,0.1666666666671418,21.26999999999988,80.00000000000007,55.330000000000005,0,0,0,0,0,0,,9.0,1,-102.0909,102.0909,1.202291,1.792222222222195,0.1666666666671418,21.26999999999988,80.00000000000007,55.330000000000005,780.6479903832078,2500,2500,1560.0,-96.43766958583434,3.7429622712499233,4.791100725369222,13.26747224274595,100.0,0.9255222110804986,500.0,0.5244926106488703,2501,2266,235,measure_failed=235,0,1,psrr_100hz_db,1.1976,1.2024,2.295,1.3694,23.11,160.0,81.0
ldo,SKY130-LDO,7,13,525345,ABC,40,-98.73171,98.73171,0,1,1.202042,1.811111111111133,0.2472222222222382,18.23999999999988,130.0000000000001,31.11305,0,0,0,0,0,0,,5.0,1,-98.73171,98.73171,1.202042,1.811111111111133,0.2472222222222382,18.23999999999988,130.0000000000001,31.11305,782.2124754339457,2500,2500,2360.0,-93.75063745098038,3.5663494403857543,2.7697412035451374,1.1309949875744327,72.05732776969475,1.3583736215092976,500.0,0.5156455529806687,2501,2322,179,measure_failed=179,0,1,psrr_100hz_db,1.1976,1.2024,2.295,1.3694,23.11,160.0,81.0
ldo,SKY130-LDO,7,23,535345,ABC,40,-101.9807,101.9807,0,1,1.202006,2.032222222222188,0.1250000000002021,21.210000000000026,100.00000000000009,65.7767,0,0,0,0,0,0,,40.0,1,-101.9807,101.9807,1.202006,2.032222222222188,0.1250000000002021,21.210000000000026,100.00000000000009,65.7767,785.3088178485632,2500,2500,760.0,-98.81447557422968,3.055786787934119,5.9048493113418825,20.0,87.12939313760334,0.908344779519921,500.0,0.4978796812346441,2501,2202,299,measure_failed=299,0,1,psrr_100hz_db,1.1976,1.2024,2.295,1.3694,23.11,160.0,81.0
ldo,SKY130-LDO,7,20,532345,ABC,40,-96.95374,96.95374,0,1,1.202125,1.914999999999988,0.3972222222222341,21.559999999999896,130.0000000000001,48.7152,0,0,0,0,0,0,,5.0,1,-96.95374,96.95374,1.202125,1.914999999999988,0.3972222222222341,21.559999999999896,130.0000000000001,48.7152,786.6119129434228,2500,2500,1480.0,-92.20558152661064,4.932874052498825,3.3496389932031483,5.002415706044505,61.727101557424085,1.4845504733824089,371.6055410159475,0.8944585606821293,2501,2252,249,measure_failed=249,0,1,psrr_100hz_db,1.1976,1.2024,2.295,1.3694,23.11,160.0,81.0
ldo,SKY130-LDO,7,15,527345,ABC,40,-99.52572,99.52572,0,1,1.202387,1.4911111111111837,0.2666666666663166,21.210000000000026,80.00000000000007,61.15875,0,0,0,0,0,0,,59.0,1,-99.52572,99.52572,1.202387,1.4911111111111837,0.2666666666663166,21.210000000000026,80.00000000000007,61.15875,789.9488585293293,2500,2500,2200.0,-45.90785183673471,8.41268239892683,4.860668400982299,3.512006677088084,100.0,1.3766296402078608,460.4022134824595,0.7984875714843549,2501,2223,278,measure_failed=278,0,1,psrr_100hz_db,1.1976,1.2024,2.295,1.3694,23.11,160.0,81.0
ldo,SKY130-LDO,7,2,514345,ABC,40,-102.4091,102.4091,0,1,1.202351,1.9266666666666812,0.1499999999999958,23.07000000000004,80.00000000000007,39.4182,0,0,0,0,0,0,,492.0,1,-102.4091,102.4091,1.202351,1.9266666666666812,0.1499999999999958,23.07000000000004,80.00000000000007,39.4182,792.7423604354262,2500,2500,1320.0,117.22444425170067,3.4086177205871344,3.31993058070934,10.25034053511837,99.78010107024984,0.7211013437608487,275.87539050017995,0.5104705048883329,2501,2309,192,measure_failed=192,0,1,psrr_100hz_db,1.1976,1.2024,2.295,1.3694,23.11,160.0,81.0
ldo,SKY130-LDO,7,26,538345,ABC,40,-101.3801,101.3801,0,1,1.202113,1.7333333333333398,0.1555555555557111,21.159999999999886,80.00000000000007,58.0794,0,0,0,0,0,0,,24.0,1,-101.3801,101.3801,1.202113,1.7333333333333398,0.1555555555557111,21.159999999999886,80.00000000000007,58.0794,793.763660185039,2500,2500,2440.0,-96.0611288015206,2.5406489894157143,8.17771583913432,6.377109058714556,100.0,1.2599420063292004,352.73686377319024,0.4163668426856823,2501,2291,210,measure_failed=210,0,1,psrr_100hz_db,1.1976,1.2024,2.295,1.3694,23.11,160.0,81.0
ldo,SKY130-LDO,7,8,520345,ABC,40,-96.10443,96.10443,0,1,1.2024,1.7811111111111344,0.3916666666665188,21.48999999999988,100.00000000000009,80.98079999999999,0,0,0,0,0,0,,30.0,1,-96.10443,96.10443,1.2024,1.7811111111111344,0.3916666666665188,21.48999999999988,100.00000000000009,80.98079999999999,794.124399267137,2500,2500,1561.0,-87.98380397158863,21.257836878777923,3.3018027618167096,3.5816189504838603,76.50164422043187,1.2338622712060854,500.0,1.4733241502193324,2501,2233,268,measure_failed=268,0,1,psrr_100hz_db,1.1976,1.2024,2.295,1.3694,23.11,160.0,81.0
ldo,SKY130-LDO,7,7,519345,ABC,40,-99.85049,99.85049,0,1,1.202143,1.3949999999999612,0.227777777777543,22.49000000000001,80.00000000000007,71.5217,0,0,0,0,0,0,,19.0,1,-99.85049,99.85049,1.202143,1.3949999999999612,0.227777777777543,22.49000000000001,80.00000000000007,71.5217,794.8184034377337,2500,2500,1640.0,-95.20104039815926,3.020642317152265,7.247803744780739,4.260640051381975,100.0,1.9434776600774653,206.8057411884812,0.420935567845423,2501,2331,170,measure_failed=170,0,1,psrr_100hz_db,1.1976,1.2024,2.295,1.3694,23.11,160.0,81.0
ldo,SKY130-LDO,7,22,534345,ABC,40,-101.2285,101.2285,0,1,1.202201,1.9449999999999867,0.1777777777779556,22.21999999999988,100.00000000000009,64.5184,0,0,0,0,0,0,,84.0,1,-101.2285,101.2285,1.202201,1.9449999999999867,0.1777777777779556,22.21999999999988,100.00000000000009,64.5184,796.0749460682273,2500,2500,2041.0,-46.85651786314525,1.94537335014098,7.000305016235837,10.62525775923141,88.29878097491293,1.3103044013879883,254.9093154193951,0.3671951293250581,2501,2195,306,measure_failed=306,0,1,psrr_100hz_db,1.1976,1.2024,2.295,1.3694,23.11,160.0,81.0
ldo,SKY130-LDO,7,18,530345,ABC,40,-97.12014,97.12014,0,1,1.202398,1.538888888888855,0.2388888888889737,21.58999999999993,80.00000000000007,79.50785,0,0,0,0,0,0,,334.0,1,-97.12014,97.12014,1.202398,1.538888888888855,0.2388888888889737,21.58999999999993,80.00000000000007,79.50785,795.9939805790782,2500,2500,1880.0,50.70956669067624,7.29830465235372,3.564824986218852,20.0,100.0,1.043034541152498,500.0,1.050060775501885,2501,2308,193,measure_failed=193,0,1,psrr_100hz_db,1.1976,1.2024,2.295,1.3694,23.11,160.0,81.0
ldo,SKY130-LDO,7,27,539345,ABC,40,-101.1237,101.1237,0,1,1.202394,1.5316666666667336,0.2472222222222382,21.66999999999989,80.00000000000007,68.2456,0,0,0,0,0,0,,18.0,1,-101.1237,101.1237,1.202394,1.5316666666667336,0.2472222222222382,21.66999999999989,80.00000000000007,68.2456,799.6692452654243,2500,2500,2040.0,-91.7767806842737,6.538070435405013,4.00472526268558,13.01471464054094,100.0,1.1311210965412275,471.29331259448094,0.6788877049840139,2501,2112,389,measure_failed=389,0,1,psrr_100hz_db,1.1976,1.2024,2.295,1.3694,23.11,160.0,81.0
ldo,SKY130-LDO,7,0,512345,ABC,40,-99.56083,99.56083,0,1,1.202375,1.4988888888889385,0.2583333333336688,21.579999999999995,80.00000000000007,75.52425,0,0,0,0,0,0,,18.0,1,-99.56083,99.56083,1.202375,1.4988888888889385,0.2583333333336688,21.579999999999995,80.00000000000007,75.52425,805.3129953891039,2500,2500,2500.0,-94.4701024729892,8.933126156054339,4.7732049517875526,10.023835193461723,100.0,1.2727032490256052,500.0,0.8633187555156266,2501,2172,329,measure_failed=329,0,1,psrr_100hz_db,1.1976,1.2024,2.295,1.3694,23.11,160.0,81.0
ldo,SKY130-LDO,7,11,523345,ABC,40,-98.29587,98.29587,0,1,1.202037,2.004444444444476,0.3944444444446848,21.599999999999877,130.0000000000001,56.1902,0,0,0,0,0,0,,34.0,1,-98.29587,98.29587,1.202037,2.004444444444476,0.3944444444446848,21.599999999999877,130.0000000000001,56.1902,805.9001070559025,2500,2500,1800.0,-94.05162045218088,10.581401045290418,2.503462026697996,7.933026134967458,57.89799882038238,1.1297561374814395,500.0,1.0465523735829372,2501,2257,244,measure_failed=244,0,1,psrr_100hz_db,1.1976,1.2024,2.295,1.3694,23.11,160.0,81.0
ldo,SKY130-LDO,7,21,533345,ABC,40,-98.3805,98.3805,0,1,1.201938,2.05222222222227,0.1499999999999958,23.03000000000005,100.00000000000009,44.0843,0,0,0,0,0,0,,196.0,1,-98.3805,98.3805,1.201938,2.05222222222227,0.1499999999999958,23.03000000000005,100.00000000000009,44.0843,809.6057272851467,2500,2500,2440.0,-12.17979111444579,2.7389720585278,5.642431066774174,6.203446285562797,77.06560820283346,1.1133232363218464,241.39553723949965,0.6432997429417807,2501,2225,276,measure_failed=276,0,1,psrr_100hz_db,1.1976,1.2024,2.295,1.3694,23.11,160.0,81.0
ldo,SKY130-LDO,7,4,516345,ABC,40,-98.81447,98.81447,0,1,1.202331,1.4922222222222037,0.2472222222222382,21.519999999999914,80.00000000000007,77.1105,0,0,0,0,0,0,,66.0,1,-98.81447,98.81447,1.202331,1.4922222222222037,0.2472222222222382,21.519999999999914,80.00000000000007,77.1105,809.1887341439724,2500,2500,920.0,-46.74769042617047,7.150947414325884,5.193148083161432,11.456795901194113,99.95042441876424,1.3027448918426872,500.0,0.886601862153649,2501,2312,189,measure_failed=189,0,1,psrr_100hz_db,1.1976,1.2024,2.295,1.3694,23.11,160.0,81.0
ldo,SKY130-LDO,7,6,518345,ABC,40,-99.36183,99.36183,0,1,1.202392,1.9916666666666385,0.3444444444444806,21.58999999999993,100.00000000000009,48.38415,0,0,0,0,0,0,,40.0,1,-99.36183,99.36183,1.202392,1.9916666666666385,0.3444444444444806,21.58999999999993,100.00000000000009,48.38415,809.5352946445346,2500,2500,2280.0,-94.46498977791116,11.71294658195723,2.0438838171720777,7.17940670338455,69.88488288177528,0.9067170165576818,500.0,0.9614036420087864,2501,2323,178,measure_failed=178,0,1,psrr_100hz_db,1.1976,1.2024,2.295,1.3694,23.11,160.0,81.0
ldo,SKY130-LDO,7,25,537345,ABC,40,-101.9717,101.9717,0,1,1.201926,2.02666666666672,0.1472222222218298,23.019999999999897,100.00000000000009,48.02414999999999,0,0,0,0,0,0,,6.0,1,-101.9717,101.9717,1.201926,2.02666666666672,0.1472222222218298,23.019999999999897,100.00000000000009,48.02414999999999,815.971738807857,2500,2500,2440.0,-93.38617152661064,2.881074631925415,6.03491864528763,7.43006720163826,78.25436886876933,1.1118402024239666,252.946137568748,0.4417225635111715,2501,2300,201,measure_failed=201,0,1,psrr_100hz_db,1.1976,1.2024,2.295,1.3694,23.11,160.0,81.0
ldo,SKY130-LDO,7,28,540345,ABC,40,-100.507,100.507,0,1,1.202311,1.9544444444443945,0.2166666666667292,21.36,100.00000000000009,66.90345,0,0,0,0,0,0,,194.0,1,-100.507,100.507,1.202311,1.9544444444443945,0.2166666666667292,21.36,100.00000000000009,66.90345,817.7700266987085,2500,2500,760.0,-18.067240164065623,3.980130153071959,3.806202664885028,19.020447101578,81.47444181299892,1.017685187320075,500.0,0.6334686366576984,2501,2236,265,measure_failed=265,0,1,psrr_100hz_db,1.1976,1.2024,2.295,1.3694,23.11,160.0,81.0
ldo,SKY130-LDO,7,23,535345,GWO,40,-100.43,100.43,0,1,1.202266,1.5983333333333436,0.2638888888893841,20.22000000000005,80.00000000000007,48.27315,0,0,0,0,0,0,,40.0,1,-100.43,100.43,1.202266,1.5983333333333436,0.2638888888893841,20.22000000000005,80.00000000000007,48.27315,878.8774589970708,2500,2500,2080.0,-92.24999720888356,3.692652409003227,4.670672350169572,2.463175854932836,88.6140132642377,1.6133691910291283,353.6314670287681,0.4565841344174393,2501,2309,192,measure_failed=192,0,1,psrr_100hz_db,1.1976,1.2024,2.295,1.3694,23.11,160.0,81.0
ldo,SKY130-LDO,7,24,536345,GWO,40,-98.12454,98.12454,0,1,1.20226,1.5050000000000403,0.3166666666665209,20.66000000000004,80.00000000000007,69.2467,0,0,0,0,0,0,,123.0,1,-98.12454,98.12454,1.20226,1.5050000000000403,0.3166666666665209,20.66000000000004,80.00000000000007,69.2467,899.1246721744537,2500,2500,2480.0,-26.20720176670668,5.867035627623904,5.856011630557891,3.1655354880735183,87.5361586040374,1.8828374437262505,403.5392512081675,0.7376643705423107,2501,2419,82,measure_failed=82,0,1,psrr_100hz_db,1.1976,1.2024,2.295,1.3694,23.11,160.0,81.0
ldo,SKY130-LDO,7,21,533345,GWO,40,-99.96424,99.96424,0,1,1.202135,1.4949999999999994,0.2027777777777493,21.879999999999946,80.00000000000007,57.84089999999999,0,0,0,0,0,0,,60.0,1,-99.96424,99.96424,1.202135,1.4949999999999994,0.2027777777777493,21.879999999999946,80.00000000000007,57.84089999999999,914.7700080871582,2500,2500,2280.0,-61.53023800320127,2.633556649093924,6.783085278547428,3.238237893193654,99.48826718199584,1.6971418445618394,220.20157993504336,0.3961986344913473,2501,2315,186,measure_failed=186,0,1,psrr_100hz_db,1.1976,1.2024,2.295,1.3694,23.11,160.0,81.0
ldo,SKY130-LDO,7,18,530345,GWO,40,-99.53342,99.53342,0,1,1.202069,1.613333333333343,0.2611111111106013,22.52000000000005,100.00000000000009,70.12124999999999,0,0,0,0,0,0,,106.0,1,-99.53342,99.53342,1.202069,1.613333333333343,0.2611111111106013,22.52000000000005,100.00000000000009,70.12124999999999,921.7042949981987,2500,2500,2360.0,-46.1009256762705,3.42009370460452,6.316294032903607,6.416523095571109,79.87720621324553,1.798791054229939,245.34804052004236,0.51846584378884,2501,2420,81,measure_failed=81,0,1,psrr_100hz_db,1.1976,1.2024,2.295,1.3694,23.11,160.0,81.0
ldo,SKY130-LDO,7,22,534345,GWO,40,-98.53399,98.53399,0,1,1.2021,1.575555555555466,0.2166666666667292,19.71999999999998,80.00000000000007,56.36999999999999,0,0,0,0,0,0,,101.0,1,-98.53399,98.53399,1.2021,1.575555555555466,0.2166666666667292,19.71999999999998,80.00000000000007,56.36999999999999,925.686598237604,2500,2500,1800.0,-42.6993862444978,3.2079444176510363,6.204083932985554,3.73442735419354,89.12861701522031,1.636423524134316,456.249214231191,0.5465844134421584,2501,2399,102,measure_failed=102,0,1,psrr_100hz_db,1.1976,1.2024,2.295,1.3694,23.11,160.0,81.0
ldo,SKY130-LDO,7,1,513345,GWO,40,-100.0853,100.0853,0,1,1.202222,1.4600000000000417,0.2249999999999938,20.669999999999977,80.00000000000007,59.319,0,0,0,0,0,0,,25.0,1,-100.0853,100.0853,1.202222,1.4600000000000417,0.2249999999999938,20.669999999999977,80.00000000000007,59.319,926.9329678602516,2500,2500,2440.0,-95.71034453981592,3.494233431859739,6.317725487896901,3.2223466180135727,100.0,1.7012044428442834,326.36466309939414,0.4630224417374444,2501,2331,170,measure_failed=170,0,1,psrr_100hz_db,1.1976,1.2024,2.295,1.3694,23.11,160.0,81.0
ldo,SKY130-LDO,7,10,522345,GWO,40,-99.011,99.011,0,1,1.202362,1.5877777777777928,0.2388888888883568,21.399999999999977,80.00000000000007,54.48255,0,0,0,0,0,0,,41.0,1,-99.011,99.011,1.202362,1.5877777777777928,0.2388888888883568,21.399999999999977,80.00000000000007,54.48255,928.666187889874,2500,2500,1680.0,-60.49116497398959,4.047758604466944,5.364277375988056,4.78955704846035,97.10843206910737,1.4054534669380243,364.69995298247954,0.6552542973281739,2501,2410,91,measure_failed=91,0,1,psrr_100hz_db,1.1976,1.2024,2.295,1.3694,23.11,160.0,81.0
ldo,SKY130-LDO,7,12,524345,GWO,40,-100.5299,100.5299,0,1,1.202106,1.69277777777779,0.2416666666665229,21.130000000000063,100.00000000000009,56.59805,0,0,0,0,0,0,,57.0,1,-100.5299,100.5299,1.202106,1.69277777777779,0.2416666666665229,21.130000000000063,100.00000000000009,56.59805,930.5218630582094,2500,2500,1920.0,-60.68352349739895,3.436045584093929,5.665039193593699,5.110274368856871,80.80270292938299,1.565974447778529,348.95995866826894,0.484420628850108,2501,2334,167,measure_failed=167,0,1,psrr_100hz_db,1.1976,1.2024,2.295,1.3694,23.11,160.0,81.0
ldo,SKY130-LDO,7,29,541345,GWO,40,-99.48113,99.48113,0,1,1.202211,1.580555555555548,0.2361111111108076,19.299999999999876,80.00000000000007,54.489700000000006,0,0,0,0,0,0,,7.0,1,-99.48113,99.48113,1.202211,1.580555555555548,0.2361111111108076,19.299999999999876,80.00000000000007,54.489700000000006,932.8558688163756,2500,2500,280.0,-96.61985631252502,2.485491531906638,5.760248912272604,3.1209839447018486,92.01949404498662,1.790047553640132,378.5123222770046,0.39158328236917,2501,2394,107,measure_failed=107,0,1,psrr_100hz_db,1.1976,1.2024,2.295,1.3694,23.11,160.0,81.0
ldo,SKY130-LDO,7,17,529345,GWO,40,-99.51071,99.51071,0,1,1.202264,1.5105555555555088,0.2222222222224445,21.00999999999991,80.00000000000007,50.232,0,0,0,0,0,0,,116.0,1,-99.51071,99.51071,1.202264,1.5105555555555088,0.2222222222224445,21.00999999999991,80.00000000000007,50.232,931.9200149737298,2500,2500,1720.0,-42.29349735494197,3.3403264981996537,5.434157441941243,2.232521517475527,100.0,1.600643674274986,266.944014957221,0.4765336673297078,2501,2409,92,measure_failed=92,0,1,psrr_100hz_db,1.1976,1.2024,2.295,1.3694,23.11,160.0,81.0
ldo,SKY130-LDO,7,25,537345,GWO,40,-100.0586,100.0586,0,1,1.202047,1.662777777777667,0.1527777777775451,20.239999999999927,80.00000000000007,50.57925,0,0,0,0,0,0,,6.0,1,-100.0586,100.0586,1.202047,1.662777777777667,0.1527777777775451,20.239999999999927,80.00000000000007,50.57925,933.24444527179,2500,2500,2480.0,-91.36042170668269,3.0571275549532952,7.457537034086692,3.763039208432916,99.19655008779542,1.248315371487366,440.994377673352,0.5142700621288853,2501,2377,124,measure_failed=124,0,1,psrr_100hz_db,1.1976,1.2024,2.295,1.3694,23.11,160.0,81.0
ldo,SKY130-LDO,7,0,512345,GWO,40,-98.04267,98.04267,0,1,1.20223,1.588333333333426,0.227777777777543,21.119999999999905,80.00000000000007,55.9963,0,0,0,0,0,0,,18.0,1,-98.04267,98.04267,1.20223,1.588333333333426,0.227777777777543,21.119999999999905,80.00000000000007,55.9963,939.3129202984272,2500,2500,1440.0,-91.11124826530612,3.699815435645158,5.987212070527785,4.783459720045353,94.52230500015018,1.442870869286515,374.0046787781316,0.6432344097598959,2501,2416,85,measure_failed=85,0,1,psrr_100hz_db,1.1976,1.2024,2.295,1.3694,23.11,160.0,81.0
ldo,SKY130-LDO,7,16,528345,GWO,40,-99.57435,99.57435,0,1,1.20213,1.6222222222222409,0.2055555555552986,20.22000000000005,80.00000000000007,60.7879,0,0,0,0,0,0,,43.0,1,-99.57435,99.57435,1.20213,1.6222222222222409,0.2055555555552986,20.22000000000005,80.00000000000007,60.7879,939.9510878175496,2500,2500,2240.0,-60.92530948579432,2.243613200723832,6.820484328305945,4.88139445963418,91.95494518496776,1.6826559286322016,327.2840337195161,0.3866268758526434,2501,2345,156,measure_failed=156,0,1,psrr_100hz_db,1.1976,1.2024,2.295,1.3694,23.11,160.0,81.0
ldo,SKY130-LDO,7,11,523345,GWO,40,-99.02347,99.02347,0,1,1.202093,1.6249999999999134,0.166666666666525,20.730000000000054,80.00000000000007,44.96585,0,0,0,0,0,0,,34.0,1,-99.02347,99.02347,1.202093,1.6249999999999134,0.166666666666525,20.730000000000054,80.00000000000007,44.96585,940.3811006732284,2500,2500,2120.0,-93.41211732492998,3.1603593955639955,5.991807820148105,2.393866182584628,97.34773105124567,1.3168510363982582,311.2155567063866,0.5019374087546946,2501,2329,172,measure_failed=172,0,1,psrr_100hz_db,1.1976,1.2024,2.295,1.3694,23.11,160.0,81.0
ldo,SKY130-LDO,7,2,514345,GWO,40,-99.96238,99.96238,0,1,1.202078,1.7711111111110935,0.1416666666667313,21.020000000000067,80.00000000000007,57.02435,0,0,0,0,0,0,,156.0,1,-99.96238,99.96238,1.202078,1.7711111111110935,0.1416666666667313,21.020000000000067,80.00000000000007,57.02435,940.5758891366422,2500,2500,2440.0,-24.85931981592639,3.1081573472398643,8.097415420238542,7.639641459929585,100.0,1.117494131199276,456.81075982897806,0.5822713119361675,2501,2403,98,measure_failed=98,0,1,psrr_100hz_db,1.1976,1.2024,2.295,1.3694,23.11,160.0,81.0
ldo,SKY130-LDO,7,13,525345,GWO,40,-96.49834,96.49834,0,1,1.201987,1.7388888888889318,0.169444444444691,20.82999999999989,100.00000000000009,51.93764999999999,0,0,0,0,0,0,,5.0,1,-96.49834,96.49834,1.201987,1.7388888888889318,0.169444444444691,20.82999999999989,100.00000000000009,51.93764999999999,947.7232059575616,2500,2500,2240.0,-91.11193425170067,3.0820980802535964,6.761647602948528,4.9214480026399405,86.47563352575229,1.320805492006247,393.75135212343656,0.7865555108658383,2501,2406,95,measure_failed=95,0,1,psrr_100hz_db,1.1976,1.2024,2.295,1.3694,23.11,160.0,81.0
ldo,SKY130-LDO,7,3,515345,GWO,40,-97.04074,97.04074,0,1,1.202141,1.8444444444444383,0.3555555555552945,21.479999999999936,130.0000000000001,52.4661,0,0,0,0,0,0,,31.0,1,-97.04074,97.04074,1.202141,1.8444444444444383,0.3555555555552945,21.479999999999936,130.0000000000001,52.4661,956.869017586112,2500,2500,2440.0,-91.26116085834336,5.659701597316077,3.606598788255537,5.814113443139353,66.271192593186,1.40816735607668,428.1990867796223,0.9602895953055568,2501,2425,76,measure_failed=76,0,1,psrr_100hz_db,1.1976,1.2024,2.295,1.3694,23.11,160.0,81.0
ldo,SKY130-LDO,7,19,531345,GWO,40,-98.69565,98.69565,0,1,1.202288,1.3883333333333494,0.2999999999999917,20.52,80.00000000000007,77.74959999999999,0,0,0,0,0,0,,9.0,1,-98.69565,98.69565,1.202288,1.3883333333333494,0.2999999999999917,20.52,80.00000000000007,77.74959999999999,957.2856980524956,2500,2500,2440.0,-92.1509924889956,4.947368247052772,6.679879017908323,4.252870432759148,98.0413712873697,1.982757449364856,419.7547628177895,0.6450553074746076,2501,2391,110,measure_failed=110,0,1,psrr_100hz_db,1.1976,1.2024,2.295,1.3694,23.11,160.0,81.0
ldo,SKY130-LDO,7,15,527345,GWO,40,-100.3532,100.3532,0,1,1.202287,1.4955555555556326,0.2555555555555028,20.309999999999945,80.00000000000007,55.308,0,0,0,0,0,0,,44.0,1,-100.3532,100.3532,1.202287,1.4955555555556326,0.2555555555555028,20.309999999999945,80.00000000000007,55.308,958.1945564188064,2500,2500,2360.0,-58.54334809723888,3.4298624933154414,5.411253670377694,2.5370335558992,95.71864557006523,1.798517113119278,314.93275459320256,0.4214514807073198,2501,2311,190,measure_failed=190,0,1,psrr_100hz_db,1.1976,1.2024,2.295,1.3694,23.11,160.0,81.0
ldo,SKY130-LDO,7,20,532345,GWO,40,-95.48267,95.48267,0,1,1.201967,1.8500000000000305,0.1749999999997895,21.970000000000063,100.00000000000009,47.89875000000001,0,0,0,0,0,0,,5.0,1,-95.48267,95.48267,1.201967,1.8500000000000305,0.1749999999997895,21.970000000000063,100.00000000000009,47.89875000000001,958.6321940757334,2500,2500,2040.0,-89.6487988215286,2.8209622784954704,6.154783854329094,4.8743236789327815,81.10697636266538,1.2894857280968246,278.0074731675986,0.8431742516848298,2501,2426,75,measure_failed=75,0,1,psrr_100hz_db,1.1976,1.2024,2.295,1.3694,23.11,160.0,81.0
ldo,SKY130-LDO,7,7,519345,GWO,40,-98.13848,98.13848,0,1,1.202188,1.4933333333333465,0.2749999999995812,20.88000000000003,80.00000000000007,73.09304999999999,0,0,0,0,0,0,,19.0,1,-98.13848,98.13848,1.202188,1.4933333333333465,0.2749999999995812,20.88000000000003,80.00000000000007,73.09304999999999,959.0098207183182,2500,2500,1320.0,-90.9284336994798,7.053306107537551,6.358692981427411,4.338946816878001,89.57451227186613,1.6812325337272405,500.0,0.8554355942822481,2501,2363,138,measure_failed=138,0,1,psrr_100hz_db,1.1976,1.2024,2.295,1.3694,23.11,160.0,81.0
ldo,SKY130-LDO,7,27,539345,GWO,40,-99.42852,99.42852,0,1,1.2024,1.765555555555625,0.2333333333332583,21.750000000000068,80.00000000000007,39.8617,0,0,0,0,0,0,,18.0,1,-99.42852,99.42852,1.2024,1.765555555555625,0.2333333333332583,21.750000000000068,80.00000000000007,39.8617,960.4648246206344,2500,2500,1840.0,-90.13258044617848,4.239434475315798,3.6058334321201815,4.012316606953655,88.70981155699384,1.1215199254334869,340.18789282826816,0.5579054466661537,2501,2390,111,measure_failed=111,0,1,psrr_100hz_db,1.1976,1.2024,2.295,1.3694,23.11,160.0,81.0
ldo,SKY130-LDO,7,14,526345,GWO,40,-97.8488,97.8488,0,1,1.202132,1.6305555555555054,0.1888888888887694,20.75999999999988,80.00000000000007,46.14975,0,0,0,0,0,0,,33.0,1,-97.8488,97.8488,1.202132,1.6305555555555054,0.1888888888887694,20.75999999999988,80.00000000000007,46.14975,962.7729042358696,2500,2500,2320.0,-88.16525727891157,3.2788676977985465,5.702204859472931,2.745569801934053,94.26779187726883,1.3648998593840145,324.707416145787,0.630087631537379,2501,2416,85,measure_failed=85,0,1,psrr_100hz_db,1.1976,1.2024,2.295,1.3694,23.11,160.0,81.0
ldo,SKY130-LDO,7,9,521345,GWO,40,-100.1375,100.1375,0,1,1.202298,1.4555555555555926,0.2611111111112181,22.85999999999998,80.00000000000007,76.407,0,0,0,0,0,0,,9.0,1,-100.1375,100.1375,1.202298,1.4555555555555926,0.2611111111112181,22.85999999999998,80.00000000000007,76.407,963.516085896641,2500,2500,1680.0,-93.71682014205685,6.131592622958377,6.41075294972726,6.9605444688929845,98.58173820531036,1.581743133626298,293.42285021959793,0.6753699053295482,2501,2318,183,measure_failed=183,0,1,psrr_100hz_db,1.1976,1.2024,2.295,1.3694,23.11,160.0,81.0
ldo,SKY130-LDO,7,5,517345,GWO,40,-100.7,100.7,0,1,1.201989,1.688888888888851,0.1861111111112202,22.52000000000005,100.00000000000009,59.20125,0,0,0,0,0,0,,32.0,1,-100.7,100.7,1.201989,1.688888888888851,0.1861111111112202,22.52000000000005,100.00000000000009,59.20125,969.0831491984428,2500,2500,2320.0,-92.53924130652264,2.7685602190540624,6.985644762054039,5.722660721897134,85.07407259701449,1.5015886974072377,237.6763869537073,0.4138001492855012,2501,2410,91,measure_failed=91,0,1,psrr_100hz_db,1.1976,1.2024,2.295,1.3694,23.11,160.0,81.0
ldo,SKY130-LDO,7,6,518345,GWO,40,-95.04975,95.04975,0,1,1.202348,1.6444444444444852,0.3527777777777452,21.219999999999963,100.00000000000009,69.56545000000001,0,0,0,0,0,0,,40.0,1,-95.04975,95.04975,1.202348,1.6444444444444852,0.3527777777777452,21.219999999999963,100.00000000000009,69.56545000000001,970.7665245570242,2500,2500,2500.0,-88.63072263305322,12.803856655580027,4.140476163229844,2.296821826901047,81.53397007538668,1.4905931568687556,422.1833798729853,1.3970857967250208,2501,2420,81,measure_failed=81,0,1,psrr_100hz_db,1.1976,1.2024,2.295,1.3694,23.11,160.0,81.0
ldo,SKY130-LDO,7,8,520345,GWO,40,-100.3466,100.3466,0,1,1.202064,1.5822222222223243,0.2027777777777493,22.52999999999999,80.00000000000007,52.89044999999999,0,0,0,0,0,0,,30.0,1,-100.3466,100.3466,1.202064,1.5822222222223243,0.2027777777777493,22.52999999999999,80.00000000000007,52.89044999999999,974.8763353712856,2500,2500,2500.0,-90.1241662905162,3.0184322612863728,6.181164413751415,3.1908944894545708,89.9366426327324,1.5905828975960186,210.28559971974525,0.4303391176157432,2501,2427,74,measure_failed=74,0,1,psrr_100hz_db,1.1976,1.2024,2.295,1.3694,23.11,160.0,81.0
ldo,SKY130-LDO,7,4,516345,GWO,40,-100.2132,100.2132,0,1,1.202095,1.497777777777672,0.1944444444444847,20.410000000000004,80.00000000000007,72.76679999999999,0,0,0,0,0,0,,42.0,1,-100.2132,100.2132,1.202095,1.497777777777672,0.1944444444444847,20.410000000000004,80.00000000000007,72.76679999999999,982.9657648950816,2500,2500,1760.0,-60.70228100040017,3.131780863449868,8.233368754432554,6.573613906046892,100.0,1.6076809476518334,444.29793240770937,0.480482101765451,2501,2371,130,measure_failed=130,0,1,psrr_100hz_db,1.1976,1.2024,2.295,1.3694,23.11,160.0,81.0
ldo,SKY130-LDO,7,26,538345,GWO,40,-101.7865,101.7865,0,1,1.2022,2.0300000000000256,0.1416666666667313,21.999999999999883,100.00000000000009,42.8679,0,0,0,0,0,0,,24.0,1,-101.7865,101.7865,1.2022,2.0300000000000256,0.1416666666667313,21.999999999999883,100.00000000000009,42.8679,985.1817721053958,2500,2500,1680.0,-93.33227083033212,2.2749753572972597,6.458956692769541,5.05231332272932,93.71564344892244,1.045987908297297,276.84241866850084,0.3989749305972893,2501,2281,220,measure_failed=220,0,1,psrr_100hz_db,1.1976,1.2024,2.295,1.3694,23.11,160.0,81.0
ldo,SKY130-LDO,7,28,540345,GWO,40,-95.9686,95.9686,0,1,1.202307,1.619444444444445,0.2249999999999938,20.88000000000003,80.00000000000007,55.81385,0,0,0,0,0,0,,42.0,1,-95.9686,95.9686,1.202307,1.619444444444445,0.2249999999999938,20.88000000000003,80.00000000000007,55.81385,989.0812349841,2500,2500,2440.0,-59.649281366546624,3.9388494428710414,5.572866294075602,5.8989936677005765,95.6492020228153,1.346096643639329,467.55754532450345,0.9537625675339282,2501,2420,81,measure_failed=81,0,1,psrr_100hz_db,1.1976,1.2024,2.295,1.3694,23.11,160.0,81.0
ldo,SKY130-LDO,7,19,531345,FA,40,-85.62645,85.62645,0,1,1.202161,2.050555555555617,0.4444444444442723,22.309999999999995,130.0000000000001,61.758500000000005,0,0,0,0,0,0,,9.0,1,-85.62645,85.62645,1.202161,2.050555555555617,0.4444444444442723,22.309999999999995,130.0000000000001,61.758500000000005,927.0193372145296,2500,2500,2499.0,-80.93572486994798,18.05324643204975,2.3001187271768866,3.694298953040172,58.98896309655633,1.1020370492067726,368.4087031934607,4.613755996647074,2501,2490,11,measure_failed=11,0,1,psrr_100hz_db,1.1976,1.2024,2.295,1.3694,23.11,160.0,81.0
ldo,SKY130-LDO,7,9,521345,FA,40,-99.58184,99.58184,0,1,1.202003,1.5911111111110987,0.2611111111112181,22.09999999999994,100.00000000000009,79.67835,0,0,0,0,0,0,,9.0,1,-99.58184,99.58184,1.202003,1.5911111111110987,0.2611111111112181,22.09999999999994,100.00000000000009,79.67835,945.925045914948,2500,2500,1912.0,-92.34410427170867,2.981984401512257,6.696745400595081,7.483616223043161,78.16518880634187,1.982033950295393,246.9433969351997,0.4531578570806279,2501,2302,199,measure_failed=199,0,1,psrr_100hz_db,1.1976,1.2024,2.295,1.3694,23.11,160.0,81.0
ldo,SKY130-LDO,7,16,528345,FA,40,-97.18285,97.18285,0,1,1.202072,1.805000000000032,0.3833333333332542,21.519999999999914,130.0000000000001,74.3207,0,0,0,0,0,0,,192.0,1,-97.18285,97.18285,1.202072,1.805000000000032,0.3833333333332542,21.519999999999914,130.0000000000001,74.3207,950.8058171011508,2500,2500,2185.0,-12.86865947579032,8.976474264542995,4.629348324133333,5.916401388150013,64.73106772193694,1.6526324849675598,461.1627991310328,1.031305611829656,2501,2297,204,measure_failed=204,0,1,psrr_100hz_db,1.1976,1.2024,2.295,1.3694,23.11,160.0,81.0
ldo,SKY130-LDO,7,7,519345,FA,40,-98.22812,98.22812,0,1,1.20215,1.7088888888889326,0.3722222222218236,20.000000000000053,100.00000000000009,65.5572,0,0,0,0,0,0,,19.0,1,-98.22812,98.22812,1.20215,1.7088888888889326,0.3722222222218236,20.000000000000053,100.00000000000009,65.5572,951.3823001943528,2500,2500,2266.0,-87.33855084633853,4.198235069660577,5.043246701642119,4.534989349279881,70.49875179796418,1.9944362397097948,465.4296414419539,0.6271000828221316,2501,2355,146,measure_failed=146,0,1,psrr_100hz_db,1.1976,1.2024,2.295,1.3694,23.11,160.0,81.0
ldo,SKY130-LDO,7,6,518345,FA,40,-96.11591,96.11591,0,1,1.202197,1.8150000000000728,0.3722222222224404,21.65999999999995,100.00000000000009,69.82485,0,0,0,0,0,0,,40.0,1,-96.11591,96.11591,1.202197,1.8150000000000728,0.3722222222224404,21.65999999999995,100.00000000000009,69.82485,955.531592823565,2500,2500,2022.0,-87.09946406562624,5.084964421338316,4.215132943247974,9.802973657101871,68.11457110809776,1.557649123547452,417.3282709645704,1.0250048677896328,2501,2480,21,measure_failed=21,0,1,psrr_100hz_db,1.1976,1.2024,2.295,1.3694,23.11,160.0,81.0
ldo,SKY130-LDO,7,22,534345,FA,40,-99.09318,99.09318,0,1,1.202183,1.688888888888974,0.2916666666667271,20.92999999999995,100.00000000000009,44.943,0,0,0,0,0,0,,182.0,1,-99.09318,99.09318,1.202183,1.688888888888974,0.2916666666667271,20.92999999999995,100.00000000000009,44.943,955.9785553701222,2500,2500,2380.0,-21.24303621248498,7.471120017402015,3.305547127060142,2.7254131219473328,77.31943216334552,1.234888435746405,452.6697752664934,0.7847207676103489,2501,2221,280,measure_failed=280,0,1,psrr_100hz_db,1.1976,1.2024,2.295,1.3694,23.11,160.0,81.0
ldo,SKY130-LDO,7,28,540345,FA,40,-99.52657,99.52657,0,1,1.202283,1.5755555555555891,0.2861111111110118,22.88000000000008,80.00000000000007,46.93955,0,0,0,0,0,0,,201.0,1,-99.52657,99.52657,1.202283,1.5755555555555891,0.2861111111110118,22.88000000000008,80.00000000000007,46.93955,957.8991663008928,2500,2500,2490.0,-9.755662525010008,7.515980996524435,3.5618577068911894,1.812768039394516,87.78358692956708,1.3110632828040352,231.73335507481755,0.7059906289815135,2501,2347,154,measure_failed=154,0,1,psrr_100hz_db,1.1976,1.2024,2.295,1.3694,23.11,160.0,81.0
ldo,SKY130-LDO,7,10,522345,FA,40,-98.27539,98.27539,0,1,1.202302,1.7172222222221971,0.3277777777779515,22.30000000000005,100.00000000000009,72.11925,0,0,0,0,0,0,,209.0,1,-98.27539,98.27539,1.202302,1.7172222222221971,0.3277777777779515,22.30000000000005,100.00000000000009,72.11925,962.1211536861956,2500,2500,2412.0,-9.422113933573456,13.683969195124975,3.4359661380888107,8.04999617570324,78.07282169883484,1.2022871234426002,394.578026400203,1.0200127391688418,2501,2219,282,measure_failed=282,0,1,psrr_100hz_db,1.1976,1.2024,2.295,1.3694,23.11,160.0,81.0
ldo,SKY130-LDO,7,26,538345,FA,40,-97.63248,97.63248,0,1,1.202102,2.0716666666667183,0.4611111111108014,22.439999999999877,130.0000000000001,71.57700000000001,0,0,0,0,0,0,,24.0,1,-97.63248,97.63248,1.202102,2.0716666666667183,0.4611111111108014,22.439999999999877,130.0000000000001,71.57700000000001,965.1071346476674,2500,2500,2224.0,-89.50583886554621,16.18468540662816,2.39157990403356,9.462057434626264,56.65684568160598,1.1264935702087877,383.27276547524326,1.2059618362229971,2501,2378,123,measure_failed=123,0,1,psrr_100hz_db,1.1976,1.2024,2.295,1.3694,23.11,160.0,81.0
ldo,SKY130-LDO,7,17,529345,FA,40,907.02035,92.97965,1,0,1.202359,1.99833333333325,0.608333333333248,22.319999999999936,130.0000000000001,156.89505,0,0,0,0,0,1,,,0,inf,,,,,,,,965.83126655221,2500,2500,2291.0,912.9933350480192,35.90068053847725,3.997666165545533,6.344993792150638,62.48764717128199,1.5938566509649028,408.88534401406974,2.200256246887893,2501,2264,237,measure_failed=237,0,1,psrr_100hz_db,1.1976,1.2024,2.295,1.3694,23.11,160.0,81.0
ldo,SKY130-LDO,7,25,537345,FA,40,-97.47406,97.47406,0,1,1.20221,1.8188888888888883,0.3249999999997854,22.309999999999995,100.00000000000009,73.4606,0,0,0,0,0,0,,6.0,1,-97.47406,97.47406,1.20221,1.8188888888888883,0.3249999999997854,22.309999999999995,100.00000000000009,73.4606,965.8272466026248,2500,2500,2165.0,-87.95537440176071,5.782728936728951,3.477296070614848,15.586323699263394,70.68305320835823,1.266339304951534,372.4918551347365,0.9737983694967915,2501,2342,159,measure_failed=159,0,1,psrr_100hz_db,1.1976,1.2024,2.295,1.3694,23.11,160.0,81.0
ldo,SKY130-LDO,7,3,515345,FA,40,-100.6213,100.6213,0,1,1.202356,1.504444444444407,0.2555555555555028,23.05999999999988,80.00000000000007,74.11125,0,0,0,0,0,0,,31.0,1,-100.6213,100.6213,1.202356,1.504444444444407,0.2555555555555028,23.05999999999988,80.00000000000007,74.11125,969.6838864535092,2500,2500,2489.0,-81.81108160064025,8.52290874636817,4.3833093349528784,11.765064831893552,99.2732216511238,1.2007275058885476,310.01097212334975,0.7392807962993325,2501,2485,16,measure_failed=16,0,1,psrr_100hz_db,1.1976,1.2024,2.295,1.3694,23.11,160.0,81.0
ldo,SKY130-LDO,7,4,516345,FA,40,-77.67208,77.67208,0,1,1.202094,1.8361111111110504,0.3527777777777452,22.57999999999991,130.0000000000001,68.15625,0,0,0,0,0,0,,48.0,1,-77.67208,77.67208,1.202094,1.8361111111110504,0.3527777777777452,22.57999999999991,130.0000000000001,68.15625,970.1046008095144,2500,2500,2497.0,-47.0395706082433,10.175607345615392,3.3680518989239405,9.318306375780036,65.66778985921869,1.2766140690145833,355.3444256274796,10.86800498908801,2501,2497,4,measure_failed=4,0,1,psrr_100hz_db,1.1976,1.2024,2.295,1.3694,23.11,160.0,81.0
ldo,SKY130-LDO,7,18,530345,FA,40,-97.82397,97.82397,0,1,1.202196,1.7277777777778711,0.3861111111108035,22.32999999999988,100.00000000000009,70.90825000000001,0,0,0,0,0,0,,174.0,1,-97.82397,97.82397,1.202196,1.7277777777778711,0.3861111111108035,22.32999999999988,100.00000000000009,70.90825000000001,970.7181384153664,2500,2500,1993.0,-24.52532438375349,10.820149553656467,4.424702432204607,2.7607442063674856,70.6108978058902,1.6762258537406711,303.05509321969635,0.9624401537232324,2501,2212,289,measure_failed=289,0,1,psrr_100hz_db,1.1976,1.2024,2.295,1.3694,23.11,160.0,81.0
ldo,SKY130-LDO,7,12,524345,FA,40,-99.20328,99.20328,0,1,1.202267,1.6211111111110978,0.305555555555707,21.570000000000054,100.00000000000009,65.99205,0,0,0,0,0,0,,118.0,1,-99.20328,99.20328,1.202267,1.6211111111110978,0.305555555555707,21.570000000000054,100.00000000000009,65.99205,971.4071261957288,2500,2500,2379.0,-46.43940175270109,6.329235447490224,5.11038883283213,5.947029552132,82.97481400693529,1.5419784154418457,422.23759396319934,0.7309526715245211,2501,2298,203,measure_failed=203,0,1,psrr_100hz_db,1.1976,1.2024,2.295,1.3694,23.11,160.0,81.0
ldo,SKY130-LDO,7,21,533345,FA,40,-97.21498,97.21498,0,1,1.202171,1.5711111111111404,0.3138888888883548,20.290000000000067,100.00000000000009,71.6505,0,0,0,0,0,0,,69.0,1,-97.21498,97.21498,1.202171,1.5711111111111404,0.3138888888883548,20.290000000000067,100.00000000000009,71.6505,974.772466123104,2500,2500,2447.0,-59.8629106062425,7.416313217947914,5.763114344328057,2.845496464926341,80.24961393176606,1.8618771015437028,500.0,0.8582527284398728,2501,2293,208,measure_failed=208,0,1,psrr_100hz_db,1.1976,1.2024,2.295,1.3694,23.11,160.0,81.0
ldo,SKY130-LDO,7,8,520345,FA,40,-100.761,100.761,0,1,1.202183,1.7116666666667286,0.1777777777779556,20.419999999999945,80.00000000000007,63.32805,0,0,0,0,0,0,,30.0,1,-100.761,100.761,1.202183,1.7116666666667286,0.1777777777779556,20.419999999999945,80.00000000000007,63.32805,975.1996852345764,2500,2500,2337.0,-81.8887718647459,2.1632249901364813,7.887963636481206,7.016708442544022,98.99363072547982,1.419595926575976,379.0140003259037,0.3818186269913702,2501,2420,81,measure_failed=81,0,1,psrr_100hz_db,1.1976,1.2024,2.295,1.3694,23.11,160.0,81.0
ldo,SKY130-LDO,7,1,513345,FA,40,-98.75862,98.75862,0,1,1.202244,1.65222222222224,0.3083333333332563,22.670000000000027,100.00000000000009,74.8815,0,0,0,0,0,0,,25.0,1,-98.75862,98.75862,1.202244,1.65222222222224,0.3083333333332563,22.670000000000027,100.00000000000009,74.8815,975.8740126229824,2500,2500,2302.0,-93.66688676270508,9.678476779288934,3.9980781709859774,10.932943681985517,80.75419559150707,1.2768623661683192,347.0668001307751,0.8573916651725407,2501,2316,185,measure_failed=185,0,1,psrr_100hz_db,1.1976,1.2024,2.295,1.3694,23.11,160.0,81.0
ldo,SKY130-LDO,7,15,527345,FA,40,-99.40325,99.40325,0,1,1.20233,1.496111111111019,0.2472222222222382,21.76000000000001,80.00000000000007,70.1608,0,0,0,0,0,0,,191.0,1,-99.40325,99.40325,1.20233,1.496111111111019,0.2472222222222382,21.76000000000001,80.00000000000007,70.1608,976.8494671359658,2500,2500,2472.0,-14.684381088435378,7.307387664129751,4.829144689966537,9.843010592684648,99.93919939491172,1.2526910659759898,452.4980539875799,0.8287280503927519,2501,2486,15,measure_failed=15,0,1,psrr_100hz_db,1.1976,1.2024,2.295,1.3694,23.11,160.0,81.0
ldo,SKY130-LDO,7,29,541345,FA,40,-98.05484,98.05484,0,1,1.202314,1.706111111111137,0.2972222222224425,21.999999999999883,100.00000000000009,52.07155000000001,0,0,0,0,0,0,,7.0,1,-98.05484,98.05484,1.202314,1.706111111111137,0.2972222222224425,21.999999999999883,100.00000000000009,52.07155000000001,977.0090833008288,2500,2500,2500.0,-83.67612712885153,9.535396484808238,2.9836675127439767,6.14992827596288,80.78646752256734,1.0716786708667363,416.95121449202287,1.0285391089777682,2501,2476,25,measure_failed=25,0,1,psrr_100hz_db,1.1976,1.2024,2.295,1.3694,23.11,160.0,81.0
ldo,SKY130-LDO,7,27,539345,FA,40,-98.41868,98.41868,0,1,1.20231,1.4388888888889402,0.2638888888887674,20.869999999999877,80.00000000000007,66.96959999999999,0,0,0,0,0,0,,18.0,1,-98.41868,98.41868,1.20231,1.4388888888889402,0.2638888888887674,20.869999999999877,80.00000000000007,66.96959999999999,978.5613749995828,2500,2500,1777.0,-90.4824264005602,7.240948850450602,5.955251779982452,2.845058733096724,100.0,1.620358157937937,427.47050745613416,0.8073321568672761,2501,2279,222,measure_failed=222,0,1,psrr_100hz_db,1.1976,1.2024,2.295,1.3694,23.11,160.0,81.0
ldo,SKY130-LDO,7,5,517345,FA,40,-99.48294,99.48294,0,1,1.202255,1.735555555555626,0.305555555555707,22.09999999999994,100.00000000000009,75.4378,0,0,0,0,0,0,,32.0,1,-99.48294,99.48294,1.202255,1.735555555555626,0.305555555555707,22.09999999999994,100.00000000000009,75.4378,978.8172580860556,2500,2500,2188.0,-84.97107977190876,9.003692195992944,3.0190697363889822,17.412869133008925,77.01921512172244,1.0860119170954994,417.96923393375937,0.8465895825005803,2501,2379,122,measure_failed=122,0,1,psrr_100hz_db,1.1976,1.2024,2.295,1.3694,23.11,160.0,81.0
ldo,SKY130-LDO,7,14,526345,FA,40,-98.37398,98.37398,0,1,1.202398,1.8472222222221115,0.363888888888559,22.2,100.00000000000009,67.2325,0,0,0,0,0,0,,33.0,1,-98.37398,98.37398,1.202398,1.8472222222221115,0.363888888888559,22.2,100.00000000000009,67.2325,979.8120702840388,2500,2500,2073.0,-90.4502330232093,14.258843660565828,2.463410709917069,10.923441408604294,74.01902775474541,1.013576709286421,412.5509794430318,1.1034758864207612,2501,2426,75,measure_failed=75,0,1,psrr_100hz_db,1.1976,1.2024,2.295,1.3694,23.11,160.0,81.0
ldo,SKY130-LDO,7,13,525345,FA,40,-98.98896,98.98896,0,1,1.202345,1.623333333333261,0.302777777777541,22.679999999999964,80.00000000000007,57.5346,0,0,0,0,0,0,,5.0,1,-98.98896,98.98896,1.202345,1.623333333333261,0.302777777777541,22.679999999999964,80.00000000000007,57.5346,980.9473009891808,2500,2500,2449.0,-92.85743849939976,10.91974600985373,3.5165199239676186,4.604314653710038,86.53782570349746,1.170401806228099,330.4284587735356,0.8271362127711089,2501,2216,285,measure_failed=285,0,1,psrr_100hz_db,1.1976,1.2024,2.295,1.3694,23.11,160.0,81.0
ldo,SKY130-LDO,7,24,536345,FA,40,-99.79036,99.79036,0,1,1.20222,1.4938888888888564,0.2722222222220319,22.42999999999993,80.00000000000007,80.85600000000001,0,0,0,0,0,0,,105.0,1,-99.79036,99.79036,1.20222,1.4938888888888564,0.2722222222220319,22.42999999999993,80.00000000000007,80.85600000000001,981.9664050266148,2500,2500,1452.0,-50.400321142456974,4.268979355118889,6.777753731495182,8.384208241166965,92.03354887189847,1.726333583912553,295.9298498161881,0.5446737571843964,2501,2307,194,measure_failed=194,0,1,psrr_100hz_db,1.1976,1.2024,2.295,1.3694,23.11,160.0,81.0
ldo,SKY130-LDO,7,20,532345,FA,40,-99.56871,99.56871,0,1,1.202389,1.5727777777777932,0.2777777777777472,21.650000000000013,80.00000000000007,72.46265,0,0,0,0,0,0,,5.0,1,-99.56871,99.56871,1.202389,1.5727777777777932,0.2777777777777472,21.650000000000013,80.00000000000007,72.46265,983.131458774209,2500,2500,2370.0,-92.81759476390556,6.0288919583052,4.591048787557279,11.676240528452604,93.6641366700537,1.309583909292354,461.74308110487794,0.6810282250500264,2501,2162,339,measure_failed=339,0,1,psrr_100hz_db,1.1976,1.2024,2.295,1.3694,23.11,160.0,81.0
ldo,SKY130-LDO,7,2,514345,FA,40,-96.1864,96.1864,0,1,1.201854,2.2811111111112026,0.1888888888887694,20.84999999999999,130.0000000000001,55.5156,0,0,0,0,0,0,,95.0,1,-96.1864,96.1864,1.201854,2.2811111111112026,0.1888888888887694,20.84999999999999,130.0000000000001,55.5156,990.610710222274,2500,2500,2184.0,-45.07460695878351,2.651818890745808,4.555196668246849,12.191045493121395,62.37107360224768,1.1912804737077625,481.8353799132141,0.6960339957404552,2501,2429,72,measure_failed=72,0,1,psrr_100hz_db,1.1976,1.2024,2.295,1.3694,23.11,160.0,81.0
ldo,SKY130-LDO,7,0,512345,FA,40,-86.30593,86.30593,0,1,1.202311,1.513888888888938,0.244444444444689,21.839999999999968,80.00000000000007,69.25895,0,0,0,0,0,0,,18.0,1,-86.30593,86.30593,1.202311,1.513888888888938,0.244444444444689,21.839999999999968,80.00000000000007,69.25895,989.8205262497067,2500,2500,2488.0,-80.1664781192477,7.857899319813755,5.264855319371646,6.9025344157526245,95.84309888123488,1.36812798639771,425.9125451665424,3.597933426438372,2501,2492,9,measure_failed=9,0,1,psrr_100hz_db,1.1976,1.2024,2.295,1.3694,23.11,160.0,81.0
ldo,SKY130-LDO,7,11,523345,FA,40,-92.15153,92.15153,0,1,1.202266,1.5733333333334265,0.302777777777541,22.670000000000027,80.00000000000007,70.3638,0,0,0,0,0,0,,34.0,1,-92.15153,92.15153,1.202266,1.5733333333334265,0.302777777777541,22.670000000000027,80.00000000000007,70.3638,990.8470257669688,2500,2500,2492.0,-79.41923577430973,7.554190446043211,5.247458111767673,6.51741220244868,86.653350906626,1.4831535123718451,321.1681819173193,1.5243765455396856,2501,2492,9,measure_failed=9,0,1,psrr_100hz_db,1.1976,1.2024,2.295,1.3694,23.11,160.0,81.0
ldo,SKY130-LDO,7,23,535345,FA,40,-99.10193,99.10193,0,1,1.202287,1.6344444444444446,0.2888888888885611,22.649999999999928,80.00000000000007,74.9271,0,0,0,0,0,0,,40.0,1,-99.10193,99.10193,1.202287,1.6344444444444446,0.2888888888885611,22.649999999999928,80.00000000000007,74.9271,991.1626036390662,2500,2500,2459.0,-93.7695712885154,10.28000011615892,3.716361554087247,12.28711543176778,84.2885059068704,1.1873292815821208,351.7112822941399,0.8718937727928546,2501,2281,220,measure_failed=220,0,1,psrr_100hz_db,1.1976,1.2024,2.295,1.3694,23.11,160.0,81.0
ldo,SKY130-LDO,7,17,529345,PSO,40,-100.7494,100.7494,0,1,1.202278,1.573333333333303,0.2083333333334646,18.1999999999999,80.00000000000007,36.3117,0,0,0,0,0,0,,82.0,1,-100.7494,100.7494,1.202278,1.573333333333303,0.2083333333334646,18.1999999999999,80.00000000000007,36.3117,919.6263358555734,2500,2500,2378.0,-61.524386226490606,3.58799435373681,3.523073672465338,1.0,99.79438837868476,1.3170016520551546,481.1471865322748,0.4024398922454803,2501,1978,523,measure_failed=523,0,1,psrr_100hz_db,1.1976,1.2024,2.295,1.3694,23.11,160.0,81.0
ldo,SKY130-LDO,7,19,531345,PSO,40,-98.84296,98.84296,0,1,1.20235,1.7105555555555854,0.3777777777775389,22.16999999999996,100.00000000000009,61.7878,0,0,0,0,0,0,,9.0,1,-98.84296,98.84296,1.20235,1.7105555555555854,0.3777777777775389,22.16999999999996,100.00000000000009,61.7878,949.7512639947236,2500,2500,2489.0,-92.16177400960385,14.23244737383198,2.8860944623488187,1.0,77.39500464709414,1.3859378779175469,240.83445028902807,0.7998271027869819,2501,1945,556,measure_failed=556,0,1,psrr_100hz_db,1.1976,1.2024,2.295,1.3694,23.11,160.0,81.0
ldo,SKY130-LDO,7,14,526345,PSO,40,-100.9099,100.9099,0,1,1.20231,1.6749999999999945,0.3166666666665209,22.16999999999996,100.00000000000009,55.83055,0,0,0,0,0,0,,33.0,1,-100.9099,100.9099,1.20231,1.6749999999999945,0.3166666666665209,22.16999999999996,100.00000000000009,55.83055,967.631455488503,2500,2500,2424.0,-94.04780212284912,4.5397769640532255,4.561738451077949,4.860050336928809,80.90542784046411,1.5658944530549426,295.73193629103804,0.5329945173608966,2501,2061,440,measure_failed=440,0,1,psrr_100hz_db,1.1976,1.2024,2.295,1.3694,23.11,160.0,81.0
ldo,SKY130-LDO,7,8,520345,PSO,40,-102.8265,102.8265,0,1,1.202292,2.071111111111209,0.1333333333334667,20.749999999999936,80.00000000000007,45.798,0,0,0,0,0,0,,30.0,1,-102.8265,102.8265,1.202292,2.071111111111209,0.1333333333334667,20.749999999999936,80.00000000000007,45.798,966.8328970111908,2500,2500,2260.0,-92.22866793717488,2.162703832607208,5.973424433866915,9.259645191722583,100.0,0.8856851286730704,469.7519301922199,0.3810913388284094,2501,2068,433,measure_failed=433,0,1,psrr_100hz_db,1.1976,1.2024,2.295,1.3694,23.11,160.0,81.0
ldo,SKY130-LDO,7,1,513345,PSO,40,-100.6304,100.6304,0,1,1.202066,1.9733333333333327,0.3583333333334605,23.100000000000072,130.0000000000001,69.29005000000001,0,0,0,0,0,0,,25.0,1,-100.6304,100.6304,1.202066,1.9733333333333327,0.3583333333334605,23.100000000000072,130.0000000000001,69.29005000000001,970.02555404976,2500,2500,2474.0,-97.78494658263304,8.865658964502792,2.386529042869612,17.164850150631075,60.33403576451286,1.060431347064927,310.048588232276,0.7713742894784177,2501,2007,494,measure_failed=494,0,1,psrr_100hz_db,1.1976,1.2024,2.295,1.3694,23.11,160.0,81.0
ldo,SKY130-LDO,7,13,525345,PSO,40,-98.49383,98.49383,0,1,1.202257,1.7405555555555847,0.3638888888891758,22.019999999999985,100.00000000000009,64.7823,0,0,0,0,0,0,,5.0,1,-98.49383,98.49383,1.202257,1.7405555555555847,0.3638888888891758,22.019999999999985,100.00000000000009,64.7823,972.2325020842254,2500,2500,2124.0,-95.62416351140456,13.105466058869348,3.5999756203139044,3.4099627274509805,73.83465973601531,1.335081668616399,379.659803850824,1.0059788081807226,2501,1946,555,measure_failed=555,0,1,psrr_100hz_db,1.1976,1.2024,2.295,1.3694,23.11,160.0,81.0
ldo,SKY130-LDO,7,20,532345,PSO,40,-99.69692,99.69692,0,1,1.20207,1.9366666666667225,0.3666666666667251,21.809999999999928,130.0000000000001,59.35925,0,0,0,0,0,0,,5.0,1,-99.69692,99.69692,1.20207,1.9366666666667225,0.3666666666667251,21.809999999999928,130.0000000000001,59.35925,974.3456269279122,2500,2500,2192.0,-95.25953398359346,5.79260943583219,3.311211303614186,9.620620050293674,61.17492554373707,1.340943643178841,420.9870021365776,0.7386464187065663,2501,2031,470,measure_failed=470,0,1,psrr_100hz_db,1.1976,1.2024,2.295,1.3694,23.11,160.0,81.0
ldo,SKY130-LDO,7,15,527345,PSO,40,-99.94586,99.94586,0,1,1.202336,1.4849999999999586,0.275000000000198,20.869999999999877,80.00000000000007,71.8329,0,0,0,0,0,0,,88.0,1,-99.94586,99.94586,1.202336,1.4849999999999586,0.275000000000198,20.869999999999877,80.00000000000007,71.8329,976.1082441210748,2500,2500,2449.0,-58.751196778711495,4.53475361785952,6.2126465895008725,6.312657673460991,96.6293540825281,1.6814622963917525,459.7518012886508,0.595061720704484,2501,1949,552,measure_failed=552,0,1,psrr_100hz_db,1.1976,1.2024,2.295,1.3694,23.11,160.0,81.0
ldo,SKY130-LDO,7,0,512345,PSO,40,-98.33482,98.33482,0,1,1.202143,1.8888888888889277,0.394444444444068,22.380000000000013,130.0000000000001,69.46185000000001,0,0,0,0,0,0,,18.0,1,-98.33482,98.33482,1.202143,1.8888888888889277,0.394444444444068,22.380000000000013,130.0000000000001,69.46185000000001,977.7349995747207,2500,2500,2485.0,-90.49028275710285,13.63067433890717,3.133824466267008,6.991265868560797,63.99681303755522,1.2577860960300131,380.7224674654289,1.072251006339239,2501,2029,472,measure_failed=472,0,1,psrr_100hz_db,1.1976,1.2024,2.295,1.3694,23.11,160.0,81.0
ldo,SKY130-LDO,7,12,524345,PSO,40,-97.02792,97.02792,0,1,1.202177,2.0477777777776978,0.4694444444446828,22.50999999999989,130.0000000000001,76.58585000000001,0,0,0,0,0,0,,60.0,1,-97.02792,97.02792,1.202177,2.0477777777776978,0.4694444444446828,22.50999999999989,130.0000000000001,76.58585000000001,983.423285741359,2500,2500,1652.0,-65.89016977390956,19.91066833361008,2.492785140762879,7.424360991872947,59.14690614490328,1.1328590579527216,376.1478752466033,1.3320397934737722,2501,2142,359,measure_failed=359,0,1,psrr_100hz_db,1.1976,1.2024,2.295,1.3694,23.11,160.0,81.0
ldo,SKY130-LDO,7,25,537345,PSO,40,-101.77,101.77,0,1,1.202104,2.0688888888889223,0.2361111111114244,22.01000000000004,130.0000000000001,70.46175,0,0,0,0,0,0,,6.0,1,-101.77,101.77,1.202104,2.0688888888889223,0.2361111111114244,22.01000000000004,130.0000000000001,70.46175,984.5700586028396,2500,2500,2369.0,-96.60813957583032,3.90090003631421,3.602157923821556,20.0,68.24294079777717,1.0925911922556444,392.784477369966,0.5343276077083491,2501,2036,465,measure_failed=465,0,1,psrr_100hz_db,1.1976,1.2024,2.295,1.3694,23.11,160.0,81.0
ldo,SKY130-LDO,7,18,530345,PSO,40,-97.97179,97.97179,0,1,1.202321,2.0283333333332494,0.4138888888887632,21.66999999999989,130.0000000000001,58.9667,0,0,0,0,0,0,,65.0,1,-97.97179,97.97179,1.202321,2.0283333333332494,0.4138888888887632,21.66999999999989,130.0000000000001,58.9667,986.6715692728758,2500,2500,2347.0,-62.62664900160063,14.905912642569712,2.0817789803588584,8.07386552514694,63.99088584817474,0.9832940955293245,500.0,1.1674380615553044,2501,2157,344,measure_failed=344,0,1,psrr_100hz_db,1.1976,1.2024,2.295,1.3694,23.11,160.0,81.0
ldo,SKY130-LDO,7,7,519345,PSO,40,-99.95413,99.95413,0,1,1.202049,1.5200000000000398,0.2527777777773368,21.28000000000004,100.00000000000009,75.97565,0,0,0,0,0,0,,19.0,1,-99.95413,99.95413,1.202049,1.5200000000000398,0.2527777777773368,21.28000000000004,100.00000000000009,75.97565,987.4166427962482,2500,2500,2459.0,-95.16492535414164,3.122336066406149,6.916784614363929,6.153193343138485,84.48306761174386,1.95454298673367,292.1287890383512,0.4431720105674208,2501,1830,671,measure_failed=671,0,1,psrr_100hz_db,1.1976,1.2024,2.295,1.3694,23.11,160.0,81.0
ldo,SKY130-LDO,7,27,539345,PSO,40,-99.02629,99.02629,0,1,1.202212,1.6277777777777094,0.3750000000006064,20.98000000000009,100.00000000000009,59.24485,0,0,0,0,0,0,,18.0,1,-99.02629,99.02629,1.202212,1.6277777777777094,0.3750000000006064,20.98000000000009,100.00000000000009,59.24485,989.2486323043704,2500,2500,2460.0,-95.94947464785916,8.622317122858087,3.5457206236673677,1.0,75.49690027630363,1.8201426607329547,253.0754147746732,0.6189657622164664,2501,1798,703,measure_failed=703,0,1,psrr_100hz_db,1.1976,1.2024,2.295,1.3694,23.11,160.0,81.0
ldo,SKY130-LDO,7,21,533345,PSO,40,-99.88692,99.88692,0,1,1.202328,1.5622222222222426,0.2805555555552965,22.399999999999896,80.00000000000007,64.26435,0,0,0,0,0,0,,66.0,1,-99.88692,99.88692,1.202328,1.5622222222222426,0.2805555555552965,22.399999999999896,80.00000000000007,64.26435,989.2339268177748,2500,2500,2369.0,-69.17686856942777,9.53154667313404,4.373780009844404,5.716813408301014,90.96596767405885,1.2915483975278004,359.2828028386787,0.8268294335927515,2501,1996,505,measure_failed=505,0,1,psrr_100hz_db,1.1976,1.2024,2.295,1.3694,23.11,160.0,81.0
ldo,SKY130-LDO,7,5,517345,PSO,40,-102.1395,102.1395,0,1,1.202322,1.7322222222221968,0.1833333333330541,21.35000000000006,80.00000000000007,77.52615,0,0,0,0,0,0,,32.0,1,-102.1395,102.1395,1.202322,1.7322222222221968,0.1833333333330541,21.35000000000006,80.00000000000007,77.52615,992.70044773072,2500,2500,1427.0,-95.6415688615446,3.842284978284365,5.514913382598386,20.0,100.0,1.0644041202231755,500.0,0.5115129879738042,2501,1966,535,measure_failed=535,0,1,psrr_100hz_db,1.1976,1.2024,2.295,1.3694,23.11,160.0,81.0
ldo,SKY130-LDO,7,4,516345,PSO,40,-97.50778,97.50778,0,1,1.202171,1.731111111111177,0.3444444444444806,21.399999999999977,100.00000000000009,63.0116,0,0,0,0,0,0,,52.0,1,-97.50778,97.50778,1.202171,1.731111111111177,0.3444444444444806,21.399999999999977,100.00000000000009,63.0116,997.167033482343,2500,2500,2384.0,-67.87724576830732,9.96155050265726,4.07821156346878,4.023525273713936,72.02491252770781,1.4441067801752443,464.256101144957,1.0594496692010231,2501,2109,392,measure_failed=392,0,1,psrr_100hz_db,1.1976,1.2024,2.295,1.3694,23.11,160.0,81.0
ldo,SKY130-LDO,7,24,536345,PSO,40,-99.82924,99.82924,0,1,1.202367,1.618888888888935,0.3027777777781578,22.619999999999887,80.00000000000007,67.33664999999999,0,0,0,0,0,0,,62.0,1,-99.82924,99.82924,1.202367,1.618888888888935,0.3027777777781578,22.619999999999887,80.00000000000007,67.33664999999999,998.1160187684,2500,2500,2176.0,-70.39398168867547,12.390874458983369,3.675870818811343,6.803373135565255,87.56357280608943,1.186967644550368,351.910084055544,0.8940423714740369,2501,1946,555,measure_failed=555,0,1,psrr_100hz_db,1.1976,1.2024,2.295,1.3694,23.11,160.0,81.0
ldo,SKY130-LDO,7,3,515345,PSO,40,-102.0033,102.0033,0,1,1.202007,1.9111111111110488,0.138888888889182,21.079999999999927,100.00000000000009,72.6,0,0,0,0,0,0,,31.0,1,-102.0033,102.0033,1.202007,1.9111111111110488,0.138888888889182,21.079999999999927,100.00000000000009,72.6,1002.4152548387648,2500,2500,2308.0,-97.24562851940776,2.8779682901167463,7.925836754297908,15.821980496823922,89.9475066324544,1.1113913562899689,493.51828409014064,0.4571520065012137,2501,1960,541,measure_failed=541,0,1,psrr_100hz_db,1.1976,1.2024,2.295,1.3694,23.11,160.0,81.0
ldo,SKY130-LDO,7,6,518345,PSO,40,-99.74806,99.74806,0,1,1.202151,1.791111111111052,0.33333333333305,22.710000000000004,100.00000000000009,64.87785,0,0,0,0,0,0,,40.0,1,-99.74806,99.74806,1.202151,1.791111111111052,0.33333333333305,22.710000000000004,100.00000000000009,64.87785,1004.3389459215103,2500,2500,2436.0,-94.0770438255302,10.136881029769638,3.2890098423949,8.972268418926664,69.71847839074661,1.2136373099584474,341.8675547479925,0.867006652153207,2501,2047,454,measure_failed=454,0,1,psrr_100hz_db,1.1976,1.2024,2.295,1.3694,23.11,160.0,81.0
ldo,SKY130-LDO,7,22,534345,PSO,40,-99.18127,99.18127,0,1,1.202271,1.6411111111111796,0.3249999999997854,22.019999999999985,100.00000000000009,60.5739,0,0,0,0,0,0,,500.0,1,-99.18127,99.18127,1.202271,1.6411111111111796,0.3249999999997854,22.019999999999985,100.00000000000009,60.5739,1005.109302431345,2500,2500,2149.0,105.40219972789116,10.091226996386933,4.102203530559501,2.5966804719926717,80.43406366286041,1.4443256361743124,329.26993392721494,0.83367427689035,2501,1991,510,measure_failed=510,0,1,psrr_100hz_db,1.1976,1.2024,2.295,1.3694,23.11,160.0,81.0
ldo,SKY130-LDO,7,2,514345,PSO,40,-99.64949,99.64949,0,1,1.202053,1.934444444444436,0.3472222222220299,21.449999999999896,130.0000000000001,55.19955,0,0,0,0,0,0,,43.0,1,-99.64949,99.64949,1.202053,1.934444444444436,0.3472222222220299,21.449999999999896,130.0000000000001,55.19955,1006.1668718978764,2500,2500,2270.0,-74.52348894157663,6.34355999349168,3.031324826684855,9.303754078077194,61.647112541803736,1.231954222795958,496.4705587306657,0.7818118141187552,2501,2090,411,measure_failed=411,0,1,psrr_100hz_db,1.1976,1.2024,2.295,1.3694,23.11,160.0,81.0
ldo,SKY130-LDO,7,23,535345,PSO,40,-100.9662,100.9662,0,1,1.202359,1.828333333333296,0.3111111111114223,22.27000000000001,100.00000000000009,63.46155000000001,0,0,0,0,0,0,,40.0,1,-100.9662,100.9662,1.202359,1.828333333333296,0.3111111111114223,22.27000000000001,100.00000000000009,63.46155000000001,1006.7819754853844,2500,2500,2469.0,-97.75959572428972,8.275587463310897,2.471865146809259,15.83322708675614,75.76579976744988,0.9809942315737614,389.93529316395,0.7418411412221151,2501,1982,519,measure_failed=519,0,1,psrr_100hz_db,1.1976,1.2024,2.295,1.3694,23.11,160.0,81.0
ldo,SKY130-LDO,7,10,522345,PSO,40,-99.10593,99.10593,0,1,1.202144,1.722222222222156,0.3111111111108056,21.36999999999994,100.00000000000009,56.678250000000006,0,0,0,0,0,0,,49.0,1,-99.10593,99.10593,1.202144,1.722222222222156,0.3111111111108056,21.36999999999994,100.00000000000009,56.678250000000006,1007.5326605252922,2500,2500,2376.0,-74.44275411764707,8.372098644613239,3.7981831855814856,5.377786660645961,73.65469634483826,1.2987955514064409,500.0,0.8767973157700755,2501,1978,523,measure_failed=523,0,1,psrr_100hz_db,1.1976,1.2024,2.295,1.3694,23.11,160.0,81.0
ldo,SKY130-LDO,7,11,523345,PSO,40,-100.4897,100.4897,0,1,1.202142,1.7366666666666457,0.2888888888885611,22.619999999999887,100.00000000000009,66.98985,0,0,0,0,0,0,,34.0,1,-100.4897,100.4897,1.202142,1.7366666666666457,0.2888888888885611,22.619999999999887,100.00000000000009,66.98985,1011.5953487046064,2500,2500,2447.0,-92.35092096838736,7.465592971672093,3.355112779864942,13.363546096432518,74.15061177774402,1.1526579210329388,348.340064764921,0.7394092096957268,2501,2118,383,measure_failed=383,0,1,psrr_100hz_db,1.1976,1.2024,2.295,1.3694,23.11,160.0,81.0
ldo,SKY130-LDO,7,28,540345,PSO,40,-100.9916,100.9916,0,1,1.202292,1.5505555555556725,0.2500000000004043,22.41999999999999,80.00000000000007,59.02925,0,0,0,0,0,0,,220.0,1,-100.9916,100.9916,1.202292,1.5505555555556725,0.2500000000004043,22.41999999999999,80.00000000000007,59.02925,1011.8030973263084,2500,2500,2489.0,-3.18665417567028,7.364966226638027,3.979379568621678,8.227299797758254,93.452934088897,1.1504601196220292,360.9222922885827,0.6949289169690938,2501,2083,418,measure_failed=418,0,1,psrr_100hz_db,1.1976,1.2024,2.295,1.3694,23.11,160.0,81.0
ldo,SKY130-LDO,7,16,528345,PSO,40,-100.9236,100.9236,0,1,1.202201,1.8366666666665603,0.3583333333328437,22.719999999999946,130.0000000000001,50.214,0,0,0,0,0,0,,78.0,1,-100.9236,100.9236,1.202201,1.8366666666665603,0.3583333333328437,22.719999999999946,130.0000000000001,50.214,1013.7487185187638,2500,2500,1669.0,-61.82940982192876,5.346645286654105,3.477783256737376,5.524724037352768,67.84859082794462,1.3931492913830543,290.2093562892951,0.5990603209891966,2501,2010,491,measure_failed=491,0,1,psrr_100hz_db,1.1976,1.2024,2.295,1.3694,23.11,160.0,81.0
ldo,SKY130-LDO,7,9,521345,PSO,40,-99.71074,99.71074,0,1,1.202311,1.4733333333332648,0.2500000000004043,21.42000000000008,80.00000000000007,73.0878,0,0,0,0,0,0,,9.0,1,-99.71074,99.71074,1.202311,1.4733333333332648,0.2500000000004043,21.42000000000008,80.00000000000007,73.0878,1013.8427064046264,2500,2500,2400.0,-95.00144607442978,7.3458191114707985,5.694703291243931,7.78033029266566,100.0,1.397131402616416,500.0,0.7882881529680803,2501,1876,625,measure_failed=625,0,1,psrr_100hz_db,1.1976,1.2024,2.295,1.3694,23.11,160.0,81.0
ldo,SKY130-LDO,7,26,538345,PSO,40,-99.61238,99.61238,0,1,1.202347,1.658333333333342,0.2944444444442764,21.77999999999989,80.00000000000007,55.82305000000001,0,0,0,0,0,0,,24.0,1,-99.61238,99.61238,1.202347,1.658333333333342,0.2944444444442764,21.77999999999989,80.00000000000007,55.82305000000001,1017.0116287581624,2500,2500,2160.0,-91.63745887755104,10.310515987348396,3.181040229328734,6.270681575130059,84.9755927781476,1.0884001584872136,455.4931966181053,0.8948129530112753,2501,2125,376,measure_failed=376,0,1,psrr_100hz_db,1.1976,1.2024,2.295,1.3694,23.11,160.0,81.0
ldo,SKY130-LDO,7,29,541345,PSO,40,-100.0843,100.0843,0,1,1.20229,1.8583333333332952,0.3166666666671376,21.519999999999914,100.00000000000009,49.6704,0,0,0,0,0,0,,7.0,1,-100.0843,100.0843,1.20229,1.8583333333332952,0.3166666666671376,21.519999999999914,100.00000000000009,49.6704,1020.082457214594,2500,2500,2346.0,-89.10617534013606,7.042222940951031,2.4323059321057263,10.13260109218578,72.34796065710626,0.9902405200952826,500.0,0.7620938684962999,2501,2128,373,measure_failed=373,0,1,psrr_100hz_db,1.1976,1.2024,2.295,1.3694,23.11,160.0,81.0
ldo,SKY130-LDO,7,4,516345,GA,40,-100.7513,100.7513,0,1,1.202268,1.8222222222221944,0.3138888888889716,21.650000000000013,100.00000000000009,64.8152,0,0,0,0,0,0,,143.0,1,-100.7513,100.7513,1.202268,1.8222222222221944,0.3138888888889716,21.650000000000013,100.00000000000009,64.8152,763.6890702545643,2500,2500,1720.0,-32.22813931772709,6.200645101483932,2.9234384924002974,15.24391227202026,73.04761584263942,1.1030572596776589,475.6007135529987,0.7015811689647136,2501,1973,528,measure_failed=528,0,1,psrr_100hz_db,1.1976,1.2024,2.295,1.3694,23.11,160.0,81.0
ldo,SKY130-LDO,7,19,531345,GA,40,-102.0115,102.0115,0,1,1.202134,2.10444444444439,0.2611111111112181,22.029999999999923,130.0000000000001,28.965850000000003,0,0,0,0,0,0,,9.0,1,-102.0115,102.0115,1.202134,2.10444444444439,0.2611111111112181,22.029999999999923,130.0000000000001,28.965850000000003,779.6311876736581,2500,2500,2440.0,-92.36775351140456,3.928042852603828,2.496961151281242,2.407213281202517,65.36716995093734,1.0853416197326162,262.0288878457281,0.4525606316568482,2501,2266,235,measure_failed=235,0,1,psrr_100hz_db,1.1976,1.2024,2.295,1.3694,23.11,160.0,81.0
ldo,SKY130-LDO,7,9,521345,GA,40,-102.8845,102.8845,0,1,1.202134,1.8494444444445208,0.1333333333334667,20.009999999999994,80.00000000000007,30.934500000000003,0,0,0,0,0,0,,9.0,1,-102.8845,102.8845,1.202134,1.8494444444445208,0.1333333333334667,20.009999999999994,80.00000000000007,30.934500000000003,782.3316801637411,2500,2500,1880.0,-96.55357599639856,3.2305350657650465,4.104291796058691,2.2149359129116823,99.27011603028366,0.8421601793843007,466.598115547544,0.4080787997377266,2501,1995,506,measure_failed=506,0,1,psrr_100hz_db,1.1976,1.2024,2.295,1.3694,23.11,160.0,81.0
ldo,SKY130-LDO,7,13,525345,GA,40,-99.25746,99.25746,0,1,1.202379,1.6722222222221983,0.3444444444444806,22.96000000000004,80.00000000000007,68.70825,0,0,0,0,0,0,,5.0,1,-99.25746,99.25746,1.202379,1.6722222222221983,0.3444444444444806,22.96000000000004,80.00000000000007,68.70825,791.6404378451407,2500,2500,2000.0,-95.78595976990796,15.025272281281437,3.5725057914524805,4.274187345485172,82.9054841813123,1.2314248299799366,311.2195666671771,0.9685927579246628,2501,2011,490,measure_failed=490,0,1,psrr_100hz_db,1.1976,1.2024,2.295,1.3694,23.11,160.0,81.0
ldo,SKY130-LDO,7,28,540345,GA,40,-99.52182,99.52182,0,1,1.201986,1.9861111111111696,0.411111111111214,22.85000000000004,130.0000000000001,51.25485,0,0,0,0,0,0,,65.0,1,-99.52182,99.52182,1.201986,1.9861111111111696,0.411111111111214,22.85000000000004,130.0000000000001,51.25485,794.4403238743544,2500,2500,2160.0,-63.79964220288115,10.11923118112274,2.8257881569804697,3.6243926883431,56.69345564247703,1.2889106892879203,294.98755360966044,0.8459080288189716,2501,2083,418,measure_failed=418,0,1,psrr_100hz_db,1.1976,1.2024,2.295,1.3694,23.11,160.0,81.0
ldo,SKY130-LDO,7,3,515345,GA,40,-103.2352,103.2352,0,1,1.202184,2.011111111111087,0.1638888888889757,22.370000000000072,100.00000000000009,27.963500000000003,0,0,0,0,0,0,,31.0,1,-103.2352,103.2352,1.202184,2.011111111111087,0.1638888888889757,22.370000000000072,100.00000000000009,27.963500000000003,800.1861207894981,2500,2500,2480.0,-94.24344741096438,3.4132257825642864,3.1023526024725143,2.4662683744536653,84.65175540621688,0.8482586485281126,252.50109483807188,0.4024530677709717,2501,2253,248,measure_failed=248,0,1,psrr_100hz_db,1.1976,1.2024,2.295,1.3694,23.11,160.0,81.0
ldo,SKY130-LDO,7,27,539345,GA,40,-98.82747,98.82747,0,1,1.20201,1.8816666666666824,0.4138888888893801,22.689999999999905,130.0000000000001,64.20540000000001,0,0,0,0,0,0,,18.0,1,-98.82747,98.82747,1.20201,1.8816666666666824,0.4138888888893801,22.689999999999905,130.0000000000001,64.20540000000001,803.2667072489858,2500,2500,2480.0,-95.84041375350138,9.729074399177316,3.9029959196188586,3.580755786657676,59.63279959830355,1.607164318271323,294.24323614408576,0.8667099887009226,2501,2044,457,measure_failed=457,0,1,psrr_100hz_db,1.1976,1.2024,2.295,1.3694,23.11,160.0,81.0
ldo,SKY130-LDO,7,12,524345,GA,40,-98.16377,98.16377,0,1,1.202219,1.7133333333333811,0.3916666666671356,22.45000000000003,100.00000000000009,79.48375000000001,0,0,0,0,0,0,,83.0,1,-98.16377,98.16377,1.202219,1.7133333333333811,0.3916666666671356,22.45000000000003,100.00000000000009,79.48375000000001,807.4232273846865,2500,2500,2480.0,-45.0320337815126,11.147546384058568,4.907707331089251,3.5808866347168244,71.62549347165127,1.7513785776818125,314.55676021520816,0.95335642463047,2501,2019,482,measure_failed=482,0,1,psrr_100hz_db,1.1976,1.2024,2.295,1.3694,23.11,160.0,81.0
ldo,SKY130-LDO,7,14,526345,GA,40,-101.8958,101.8958,0,1,1.202244,1.785555555555583,0.2444444444440722,20.15000000000003,100.00000000000009,30.453000000000003,0,0,0,0,0,0,,33.0,1,-101.8958,101.8958,1.202244,1.785555555555583,0.2444444444440722,20.15000000000003,100.00000000000009,30.453000000000003,810.844156652689,2500,2500,2480.0,-96.35273456182472,3.884951120476216,2.6269685496695545,1.105462762993774,81.1777822958215,1.1994798119800711,299.1419262703732,0.3862764448779635,2501,2059,442,measure_failed=442,0,1,psrr_100hz_db,1.1976,1.2024,2.295,1.3694,23.11,160.0,81.0
ldo,SKY130-LDO,7,24,536345,GA,40,-100.0938,100.0938,0,1,1.202031,1.5755555555555891,0.2388888888889737,21.25,100.00000000000009,77.20425,0,0,0,0,0,0,,80.0,1,-100.0938,100.0938,1.202031,1.5755555555555891,0.2388888888889737,21.25,100.00000000000009,77.20425,810.0844588615,2500,2500,2500.0,-63.8214875310124,3.317522464052184,7.103227088591856,7.948053927935036,83.49657265080465,1.7589397925153352,350.8602906907325,0.4891498016357815,2501,2025,476,measure_failed=476,0,1,psrr_100hz_db,1.1976,1.2024,2.295,1.3694,23.11,160.0,81.0
ldo,SKY130-LDO,7,11,523345,GA,40,-99.0451,99.0451,0,1,1.202058,2.045000000000025,0.4222222222220278,22.52000000000005,130.0000000000001,72.14384999999999,0,0,0,0,0,0,,34.0,1,-99.0451,99.0451,1.202058,2.045000000000025,0.4222222222220278,22.52000000000005,130.0000000000001,72.14384999999999,811.0574639812112,2500,2500,1440.0,-95.41670192276912,12.44062258161184,2.3696793080688208,13.97538174864508,56.86032499418113,1.1057914714930093,371.2379084614177,0.9912325823842096,2501,1947,554,measure_failed=554,0,1,psrr_100hz_db,1.1976,1.2024,2.295,1.3694,23.11,160.0,81.0
ldo,SKY130-LDO,7,0,512345,GA,40,-101.7945,101.7945,0,1,1.202132,1.807777777777828,0.1749999999997895,21.049999999999887,100.00000000000009,55.62975,0,0,0,0,0,0,,18.0,1,-101.7945,101.7945,1.202132,1.807777777777828,0.1749999999997895,21.049999999999887,100.00000000000009,55.62975,812.8183903321624,2500,2500,2480.0,-95.5414705842337,3.466457374918971,6.085295737452895,9.150630058039996,90.36270140332402,1.126550307170927,493.0386499916775,0.4974855196298908,2501,2280,221,measure_failed=221,0,1,psrr_100hz_db,1.1976,1.2024,2.295,1.3694,23.11,160.0,81.0
ldo,SKY130-LDO,7,20,532345,GA,40,-101.557,101.557,0,1,1.202171,1.8455555555555816,0.1638888888889757,19.71000000000004,80.00000000000007,50.28939999999999,0,0,0,0,0,0,,5.0,1,-101.557,101.557,1.202171,1.8455555555555816,0.1638888888889757,19.71000000000004,80.00000000000007,50.28939999999999,813.7603021152318,2500,2500,2440.0,-95.84730184473791,2.169915220697041,6.941486352306906,5.195845901042418,93.98339200013513,1.2650080277703124,484.9682253168777,0.366495657674229,2501,2244,257,measure_failed=257,0,1,psrr_100hz_db,1.1976,1.2024,2.295,1.3694,23.11,160.0,81.0
ldo,SKY130-LDO,7,10,522345,GA,40,-103.3445,103.3445,0,1,1.202144,1.8522222222223168,0.1388888888885652,21.709999999999877,80.00000000000007,56.725350000000006,0,0,0,0,0,0,,45.0,1,-103.3445,103.3445,1.202144,1.8522222222223168,0.1388888888885652,21.709999999999877,80.00000000000007,56.725350000000006,818.0496912524104,2500,2500,2000.0,-66.71097781912765,3.373191918673885,4.887342035161866,16.99797194081393,98.62504433828012,0.8279098521511339,418.2721047074038,0.4491524488328277,2501,2130,371,measure_failed=371,0,1,psrr_100hz_db,1.1976,1.2024,2.295,1.3694,23.11,160.0,81.0
ldo,SKY130-LDO,7,21,533345,GA,40,-99.95032,99.95032,0,1,1.202136,1.7794444444444817,0.3111111111108056,21.68999999999999,100.00000000000009,50.0691,0,0,0,0,0,0,,125.0,1,-99.95032,99.95032,1.202136,1.7794444444444817,0.3111111111108056,21.68999999999999,100.00000000000009,50.0691,822.6105877012014,2500,2500,2160.0,-27.711354461784715,8.042434740492839,3.146322165371772,5.734935594883697,70.9705140124587,1.1646411806225827,449.44695643492497,0.8041773799801193,2501,2174,327,measure_failed=327,0,1,psrr_100hz_db,1.1976,1.2024,2.295,1.3694,23.11,160.0,81.0
ldo,SKY130-LDO,7,23,535345,GA,40,-100.9627,100.9627,0,1,1.202078,2.022222222222271,0.3749999999999897,22.780000000000022,130.0000000000001,50.4836,0,0,0,0,0,0,,40.0,1,-100.9627,100.9627,1.202078,2.022222222222271,0.3749999999999897,22.780000000000022,130.0000000000001,50.4836,822.97428573668,2500,2500,1720.0,-97.37093659063626,5.941273033463191,2.685997425187579,8.814793550927964,58.679267885922656,1.197416020022774,316.7868911471321,0.6560498296579502,2501,2013,488,measure_failed=488,0,1,psrr_100hz_db,1.1976,1.2024,2.295,1.3694,23.11,160.0,81.0
ldo,SKY130-LDO,7,22,534345,GA,40,-97.83855,97.83855,0,1,1.202317,1.8783333333332533,0.4194444444444786,22.09,130.0000000000001,67.0848,0,0,0,0,0,0,,85.0,1,-97.83855,97.83855,1.202317,1.8783333333332533,0.4194444444444786,22.09,130.0000000000001,67.0848,824.6593430228531,2500,2500,2400.0,-45.16947095838335,19.276860116086173,2.6732711097194497,1.887151378167783,69.04911020673617,1.1910639508939225,338.7927995457276,1.1172424628086397,2501,2071,430,measure_failed=430,0,1,psrr_100hz_db,1.1976,1.2024,2.295,1.3694,23.11,160.0,81.0
ldo,SKY130-LDO,7,7,519345,GA,40,-100.8188,100.8188,0,1,1.2021,1.7794444444444817,0.3805555555550882,23.079999999999977,130.0000000000001,41.523,0,0,0,0,0,0,,19.0,1,-100.8188,100.8188,1.2021,1.7794444444444817,0.3805555555550882,23.079999999999977,130.0000000000001,41.523,829.1681114770472,2500,2500,2120.0,-96.44647059623848,5.716395648267921,2.896523870053431,1.5161094504137766,65.5449990735389,1.5637401795746324,190.6955448249585,0.5021002726655519,2501,2099,402,measure_failed=402,0,1,psrr_100hz_db,1.1976,1.2024,2.295,1.3694,23.11,160.0,81.0
ldo,SKY130-LDO,7,29,541345,GA,40,-101.9429,101.9429,0,1,1.201983,2.0822222222222693,0.1361111111116327,21.020000000000067,100.00000000000009,56.31005000000001,0,0,0,0,0,0,,7.0,1,-101.9429,101.9429,1.201983,2.0822222222222693,0.1361111111116327,21.020000000000067,100.00000000000009,56.31005000000001,834.2272461242974,2500,2500,2200.0,-90.85598351140456,2.9475276380448223,6.522830186313642,11.878254974380695,82.12618271111454,1.0293630379775869,499.7685234386704,0.47372186198435,2501,2335,166,measure_failed=166,0,1,psrr_100hz_db,1.1976,1.2024,2.295,1.3694,23.11,160.0,81.0
ldo,SKY130-LDO,7,1,513345,GA,40,-101.2045,101.2045,0,1,1.20237,1.907222222222233,0.305555555555707,22.279999999999955,100.00000000000009,62.75970000000001,0,0,0,0,0,0,,25.0,1,-101.2045,101.2045,1.20237,1.907222222222233,0.305555555555707,22.279999999999955,100.00000000000009,62.75970000000001,834.1279588378966,2500,2500,2080.0,-99.32229196678672,8.264808651800289,2.239547908562707,17.73446171016802,73.87061165996019,0.9136542632183328,386.9741685198008,0.7296938129546539,2501,2125,376,measure_failed=376,0,1,psrr_100hz_db,1.1976,1.2024,2.295,1.3694,23.11,160.0,81.0
ldo,SKY130-LDO,7,2,514345,GA,40,-99.64177,99.64177,0,1,1.202258,1.6077777777778746,0.2944444444448932,22.16999999999996,80.00000000000007,80.66405,0,0,0,0,0,0,,71.0,1,-99.64177,99.64177,1.202258,1.6077777777778746,0.2944444444448932,22.16999999999996,80.00000000000007,80.66405,834.3439936339855,2500,2500,2500.0,-63.29680568027212,8.799707206733805,4.820451680289531,10.586541532317645,84.3198180912013,1.4029104616874817,399.5260917727689,0.8356161982787168,2501,2058,443,measure_failed=443,0,1,psrr_100hz_db,1.1976,1.2024,2.295,1.3694,23.11,160.0,81.0
ldo,SKY130-LDO,7,5,517345,GA,40,-102.953,102.953,0,1,1.202029,2.032777777777698,0.1305555555559174,22.660000000000085,100.00000000000009,53.3045,0,0,0,0,0,0,,32.0,1,-102.953,102.953,1.202029,2.032777777777698,0.1305555555559174,22.660000000000085,100.00000000000009,53.3045,835.2835399210453,2500,2500,2440.0,-94.8289074489796,3.066586655027426,6.15745570564956,11.951253673113216,87.20883990720537,0.9493303809854704,302.58759956527973,0.4355460142790419,2501,2314,187,measure_failed=187,0,1,psrr_100hz_db,1.1976,1.2024,2.295,1.3694,23.11,160.0,81.0
ldo,SKY130-LDO,7,18,530345,GA,40,-99.63545,99.63545,0,1,1.202178,1.663333333333424,0.305555555555707,22.190000000000055,100.00000000000009,79.96125,0,0,0,0,0,0,,99.0,1,-99.63545,99.63545,1.202178,1.663333333333424,0.305555555555707,22.190000000000055,100.00000000000009,79.96125,837.6667503230274,2500,2500,2400.0,-48.09614718887555,7.668260470355084,5.02932170032271,10.068414218335809,77.67693134761993,1.4981141043214383,388.1145436747401,0.7956569110163106,2501,2067,434,measure_failed=434,0,1,psrr_100hz_db,1.1976,1.2024,2.295,1.3694,23.11,160.0,81.0
ldo,SKY130-LDO,7,17,529345,GA,40,-98.32142,98.32142,0,1,1.202192,1.7438888888888904,0.336111111111216,21.570000000000054,100.00000000000009,66.2814,0,0,0,0,0,0,,95.0,1,-98.32142,98.32142,1.202192,1.7438888888888904,0.336111111111216,21.570000000000054,100.00000000000009,66.2814,840.7226629965007,2500,2500,2440.0,-44.35350965386153,10.997764924920553,3.709417093754592,6.5062027833249045,72.735707257893,1.3032909799565937,495.2345991179273,1.0315199940055493,2501,2092,409,measure_failed=409,0,1,psrr_100hz_db,1.1976,1.2024,2.295,1.3694,23.11,160.0,81.0
ldo,SKY130-LDO,7,8,520345,GA,40,-100.8023,100.8023,0,1,1.202387,1.5144444444444478,0.2611111111112181,22.56999999999997,80.00000000000007,64.5864,0,0,0,0,0,0,,30.0,1,-100.8023,100.8023,1.202387,1.5144444444444478,0.2611111111112181,22.56999999999997,80.00000000000007,64.5864,840.9467090256512,2500,2500,1800.0,-88.43724200480192,9.515830465281413,4.075832193092637,7.7389992675506205,99.24833597936136,1.163438207716505,352.1058988303459,0.7601845757812766,2501,2127,374,measure_failed=374,0,1,psrr_100hz_db,1.1976,1.2024,2.295,1.3694,23.11,160.0,81.0
ldo,SKY130-LDO,7,25,537345,GA,40,-102.5436,102.5436,0,1,1.202083,1.982777777777741,0.138888888889182,22.740000000000045,100.00000000000009,51.9702,0,0,0,0,0,0,,6.0,1,-102.5436,102.5436,1.202083,1.982777777777741,0.138888888889182,22.740000000000045,100.00000000000009,51.9702,843.5052988566458,2500,2500,1960.0,-93.86306190276107,2.6355785802341285,7.186432210697409,8.197358062098616,90.65268469403834,1.0668654492023482,267.89007544986305,0.4047276630686026,2501,2241,260,measure_failed=260,0,1,psrr_100hz_db,1.1976,1.2024,2.295,1.3694,23.11,160.0,81.0
ldo,SKY130-LDO,7,26,538345,GA,40,-98.34142,98.34142,0,1,1.202232,2.0361111111111274,0.4166666666669293,21.72999999999997,130.0000000000001,76.59185,0,0,0,0,0,0,,24.0,1,-98.34142,98.34142,1.202232,2.0361111111111274,0.4166666666669293,21.72999999999997,130.0000000000001,76.59185,860.7898294255137,2500,2500,2360.0,-92.06447168067228,13.48249990707643,2.110198260428748,17.791637914029053,61.09546340591194,1.0095390329415448,492.5287696022533,1.1034633502654618,2501,2266,235,measure_failed=235,0,1,psrr_100hz_db,1.1976,1.2024,2.295,1.3694,23.11,160.0,81.0
ldo,SKY130-LDO,7,15,527345,GA,40,-98.85839,98.85839,0,1,1.202164,1.5205555555555497,0.2805555555552965,21.20000000000008,80.00000000000007,80.10979999999999,0,0,0,0,0,0,,49.0,1,-98.85839,98.85839,1.202164,1.5205555555555497,0.2805555555552965,21.20000000000008,80.00000000000007,80.10979999999999,863.8068096637726,2500,2500,2440.0,-57.27102899759905,6.430884066771985,6.511149417977048,6.764459942621908,86.10600023070215,1.7037893756993656,485.3614866998719,0.7862326588848629,2501,2323,178,measure_failed=178,0,1,psrr_100hz_db,1.1976,1.2024,2.295,1.3694,23.11,160.0,81.0
ldo,SKY130-LDO,7,6,518345,GA,40,-100.1658,100.1658,0,1,1.202377,1.4888888888888976,0.2638888888887674,22.380000000000013,80.00000000000007,80.7653,0,0,0,0,0,0,,40.0,1,-100.1658,100.1658,1.202377,1.4888888888888976,0.2638888888887674,22.380000000000013,80.00000000000007,80.7653,869.2483564466238,2500,2500,2480.0,-92.7133499259704,8.904413531289512,5.252530330063607,10.028108231628735,99.79092452047088,1.360019105747624,374.3247812080159,0.7913872631691311,2501,2169,332,measure_failed=332,0,1,psrr_100hz_db,1.1976,1.2024,2.295,1.3694,23.11,160.0,81.0
ldo,SKY130-LDO,7,16,528345,GA,40,-98.38411,98.38411,0,1,1.202361,1.628888888888976,0.3222222222222362,22.029999999999923,80.00000000000007,78.3846,0,0,0,0,0,0,,77.0,1,-98.38411,98.38411,1.202361,1.628888888888976,0.3222222222222362,22.029999999999923,80.00000000000007,78.3846,869.9080454111099,2500,2500,2360.0,-62.6983805782313,13.379316466142605,4.226384845594306,6.976089844859027,85.0414688319334,1.332692661017162,426.3685098348631,1.0620418609878213,2501,2088,413,measure_failed=413,0,1,psrr_100hz_db,1.1976,1.2024,2.295,1.3694,23.11,160.0,81.0
ldo,SKY130-LDO,7,10,522345,ACO,40,-95.87862,95.87862,0,1,1.202279,1.4355555555556343,0.2527777777779535,21.090000000000085,80.00000000000007,68.44,0,0,0,0,0,0,,172.0,1,-95.87862,95.87862,1.202279,1.4355555555556343,0.2527777777779535,21.090000000000085,80.00000000000007,68.44,963.304691836238,2500,2500,1680.0,-7.155806684673849,6.853714437811652,6.2620026003611935,3.586688810631272,100.0,1.6012929372965137,430.5988304287787,1.0692265963841467,2501,2221,280,measure_failed=280,0,1,psrr_100hz_db,1.1976,1.2024,2.295,1.3694,23.11,160.0,81.0
ldo,SKY130-LDO,7,27,539345,ACO,40,-96.39921,96.39921,0,1,1.202078,1.6833333333333822,0.3777777777775389,20.489999999999963,100.00000000000009,76.091,0,0,0,0,0,0,,18.0,1,-96.39921,96.39921,1.202078,1.6833333333333822,0.3777777777775389,20.489999999999963,100.00000000000009,76.091,964.7303487285972,2500,2500,1720.0,-88.68528354541816,5.630958113973245,5.627390959915454,5.176315475186628,69.1379151101849,2.0,500.0,0.8912018429807609,2501,2069,432,measure_failed=432,0,1,psrr_100hz_db,1.1976,1.2024,2.295,1.3694,23.11,160.0,81.0
ldo,SKY130-LDO,7,29,541345,ACO,40,-97.99179,97.99179,0,1,1.202332,1.4549999999999594,0.2694444444444827,21.479999999999936,80.00000000000007,76.08,0,0,0,0,0,0,,7.0,1,-97.99179,97.99179,1.202332,1.4549999999999594,0.2694444444444827,21.479999999999936,80.00000000000007,76.08,964.1401661336422,2500,2500,2480.0,-85.84813912164866,8.592013795117705,6.006572773910818,5.765496992042451,100.0,1.500632648066784,473.2556509313723,0.9248231252015444,2501,2154,347,measure_failed=347,0,1,psrr_100hz_db,1.1976,1.2024,2.295,1.3694,23.11,160.0,81.0
ldo,SKY130-LDO,7,9,521345,ACO,40,-96.37915,96.37915,0,1,1.202352,1.428333333333266,0.2833333333334626,22.340000000000032,80.00000000000007,74.23175,0,0,0,0,0,0,,9.0,1,-96.37915,96.37915,1.202352,1.428333333333266,0.2833333333334626,22.340000000000032,80.00000000000007,74.23175,964.6253372579812,2500,2500,1320.0,-87.50017773909563,4.758906023621431,6.43567383483388,5.492247216432298,100.0,1.7735320907202636,283.5076508713604,0.8882644867771368,2501,2175,326,measure_failed=326,0,1,psrr_100hz_db,1.1976,1.2024,2.295,1.3694,23.11,160.0,81.0
ldo,SKY130-LDO,7,0,512345,ACO,40,-95.48736,95.48736,0,1,1.202144,1.6094444444445275,0.305555555555707,20.410000000000004,100.00000000000009,68.47865,0,0,0,0,0,0,,18.0,1,-95.48736,95.48736,1.202144,1.6094444444445275,0.305555555555707,20.410000000000004,100.00000000000009,68.47865,971.6876104921104,2500,2500,2360.0,-83.55517906162466,6.994580167606801,5.600530716154573,3.147363385269234,77.71451726550558,1.8056331033154367,500.0,0.9549953783933728,2501,2202,299,measure_failed=299,0,1,psrr_100hz_db,1.1976,1.2024,2.295,1.3694,23.11,160.0,81.0
ldo,SKY130-LDO,7,7,519345,ACO,40,-95.52979,95.52979,0,1,1.202198,1.641111111111056,0.3138888888883548,22.41999999999999,100.00000000000009,56.26905,0,0,0,0,0,0,,19.0,1,-95.52979,95.52979,1.202198,1.641111111111056,0.3138888888883548,22.41999999999999,100.00000000000009,56.26905,977.4663137868048,2500,2500,2500.0,-84.94718264905963,7.443922711937145,4.391862585993736,2.878861259097574,78.86571590786545,1.5094262154521425,283.35023156503,1.131296017924265,2501,2195,306,measure_failed=306,0,1,psrr_100hz_db,1.1976,1.2024,2.295,1.3694,23.11,160.0,81.0
ldo,SKY130-LDO,7,24,536345,ACO,40,-98.94641,98.94641,0,1,1.202075,1.6449999999999951,0.2611111111106013,21.50000000000004,100.00000000000009,71.77085,0,0,0,0,0,0,,45.0,1,-98.94641,98.94641,1.202075,1.6449999999999951,0.2611111111106013,21.50000000000004,100.00000000000009,71.77085,982.9271692559124,2500,2500,2440.0,-57.44634505602241,3.562968763319076,6.310260582116186,7.821190930014379,79.74569924116368,1.6915779549450836,346.9214209340724,0.5809869452963399,2501,2249,252,measure_failed=252,0,1,psrr_100hz_db,1.1976,1.2024,2.295,1.3694,23.11,160.0,81.0
ldo,SKY130-LDO,7,13,525345,ACO,40,-96.44871,96.44871,0,1,1.201953,2.121666666666676,0.227777777777543,20.779999999999973,130.0000000000001,64.78450000000001,0,0,0,0,0,0,,5.0,1,-96.44871,96.44871,1.201953,2.121666666666676,0.227777777777543,20.779999999999973,130.0000000000001,64.78450000000001,982.909641817212,2500,2500,1520.0,-88.12621034413768,2.5287021592718686,5.069431018659652,11.423585627061554,64.07946495637026,1.4513972230445291,424.5432586059245,0.7038464731449899,2501,2212,289,measure_failed=289,0,1,psrr_100hz_db,1.1976,1.2024,2.295,1.3694,23.11,160.0,81.0
ldo,SKY130-LDO,7,15,527345,ACO,40,-97.67707,97.67707,0,1,1.201996,1.9572222222221904,0.2249999999999938,21.479999999999936,130.0000000000001,74.02755,0,0,0,0,0,0,,56.0,1,-97.67707,97.67707,1.201996,1.9572222222221904,0.2249999999999938,21.479999999999936,130.0000000000001,74.02755,988.6757099330424,2500,2500,2000.0,-56.54833226290516,3.550419718258836,4.920897729978718,15.394821283032575,68.72238403849576,1.3325930874159186,436.2391628469193,0.5600827756305425,2501,2110,391,measure_failed=391,0,1,psrr_100hz_db,1.1976,1.2024,2.295,1.3694,23.11,160.0,81.0
ldo,SKY130-LDO,7,18,530345,ACO,40,-96.20369,96.20369,0,1,1.202336,1.50555555555555,0.2944444444448932,21.519999999999914,80.00000000000007,72.47265,0,0,0,0,0,0,,42.0,1,-96.20369,96.20369,1.202336,1.50555555555555,0.2944444444448932,21.519999999999914,80.00000000000007,72.47265,990.1137189790606,2500,2500,1640.0,-54.27191827731092,9.24624622201316,5.586719672374046,3.408088390705917,92.81505958780792,1.6063548673095478,400.7020440675745,1.1556396956730624,2501,2193,308,measure_failed=308,0,1,psrr_100hz_db,1.1976,1.2024,2.295,1.3694,23.11,160.0,81.0
ldo,SKY130-LDO,7,17,529345,ACO,40,-95.94855,95.94855,0,1,1.202171,1.5050000000000403,0.2138888888891799,20.309999999999945,80.00000000000007,57.45550000000001,0,0,0,0,0,0,,67.0,1,-95.94855,95.94855,1.202171,1.5050000000000403,0.2138888888891799,20.309999999999945,80.00000000000007,57.45550000000001,990.7977708056568,2500,2500,2400.0,-54.23058319527811,3.390506336153821,6.508321579404063,3.5748407372243296,98.26312785914288,1.5839056673023764,387.1634228417031,0.7732360687504164,2501,2106,395,measure_failed=395,0,1,psrr_100hz_db,1.1976,1.2024,2.295,1.3694,23.11,160.0,81.0
ldo,SKY130-LDO,7,26,538345,ACO,40,-97.37766,97.37766,0,1,1.202177,1.5583333333333036,0.2527777777779535,21.970000000000063,80.00000000000007,59.20405,0,0,0,0,0,0,,24.0,1,-97.37766,97.37766,1.202177,1.5583333333333036,0.2527777777779535,21.970000000000063,80.00000000000007,59.20405,995.0944821983576,2500,2500,2200.0,-88.95688387354943,3.4694131253512785,5.826278885081064,3.793829941576252,87.51486069274625,1.7600475871151349,246.7622900489036,0.6232139149300393,2501,2076,425,measure_failed=425,0,1,psrr_100hz_db,1.1976,1.2024,2.295,1.3694,23.11,160.0,81.0
ldo,SKY130-LDO,7,8,520345,ACO,40,-98.46658,98.46658,0,1,1.202342,1.53222222222212,0.3416666666669314,19.82000000000004,80.00000000000007,61.72875,0,0,0,0,0,0,,30.0,1,-98.46658,98.46658,1.202342,1.53222222222212,0.3416666666669314,19.82000000000004,80.00000000000007,61.72875,996.4408330470324,2500,2500,2280.0,-89.4511656722689,4.523015935870398,5.024915890817411,2.6284901198959774,86.72303571051519,2.0,404.6346061977253,0.5608029725678638,2501,1994,507,measure_failed=507,0,1,psrr_100hz_db,1.1976,1.2024,2.295,1.3694,23.11,160.0,81.0
ldo,SKY130-LDO,7,19,531345,ACO,40,-97.65184,97.65184,0,1,1.201964,1.9299999999999875,0.3500000000001959,21.509999999999977,130.0000000000001,53.18445,0,0,0,0,0,0,,9.0,1,-97.65184,97.65184,1.201964,1.9299999999999875,0.3500000000001959,21.509999999999977,130.0000000000001,53.18445,995.9487004727124,2500,2500,2480.0,-88.61994893357343,7.443376629834621,3.109803649248704,7.005828663665288,59.55565026934196,1.2601170591979256,482.50601106149486,1.0151703382853274,2501,2057,444,measure_failed=444,0,1,psrr_100hz_db,1.1976,1.2024,2.295,1.3694,23.11,160.0,81.0
ldo,SKY130-LDO,7,16,528345,ACO,40,-93.48108,93.48108,0,1,1.202309,1.4438888888888988,0.2611111111106013,22.53999999999993,80.00000000000007,67.04549999999999,0,0,0,0,0,0,,177.0,1,-93.48108,93.48108,1.202309,1.4438888888888988,0.2611111111106013,22.53999999999993,80.00000000000007,67.04549999999999,998.0238263830544,2500,2500,1880.0,-6.856829841936774,7.362797017568057,5.937080879958732,3.275474741990265,100.0,1.5686102068807664,282.7247980091135,1.4680881243029371,2501,2267,234,measure_failed=234,0,1,psrr_100hz_db,1.1976,1.2024,2.295,1.3694,23.11,160.0,81.0
ldo,SKY130-LDO,7,2,514345,ACO,40,-94.91586,94.91586,0,1,1.20226,1.4372222222221638,0.2583333333330521,21.530000000000072,80.00000000000007,76.9038,0,0,0,0,0,0,,63.0,1,-94.91586,94.91586,1.20226,1.4372222222221638,0.2583333333330521,21.530000000000072,80.00000000000007,76.9038,998.4455543980002,2500,2500,2480.0,-54.915997024809926,7.147922815282391,6.5353268993245415,6.546255498969396,100.0,1.5296259239090717,453.29112333957136,1.2279535011276328,2501,2199,302,measure_failed=302,0,1,psrr_100hz_db,1.1976,1.2024,2.295,1.3694,23.11,160.0,81.0
ldo,SKY130-LDO,7,4,516345,ACO,40,-98.43804,98.43804,0,1,1.202249,1.7016666666666878,0.1944444444444847,18.840000000000003,80.00000000000007,56.0556,0,0,0,0,0,0,,80.0,1,-98.43804,98.43804,1.202249,1.7016666666666878,0.1944444444444847,18.840000000000003,80.00000000000007,56.0556,997.723624996841,2500,2500,2440.0,-52.91371912965186,1.8771291845733995,6.680639702597564,4.689782151446318,97.32561788171476,1.5634166524693154,466.3499235128141,0.4077002696111502,2501,2113,388,measure_failed=388,0,1,psrr_100hz_db,1.1976,1.2024,2.295,1.3694,23.11,160.0,81.0
ldo,SKY130-LDO,7,3,515345,ACO,40,-97.05765,97.05765,0,1,1.202253,1.4277777777777565,0.2555555555561196,20.98000000000009,80.00000000000007,72.72675,0,0,0,0,0,0,,31.0,1,-97.05765,97.05765,1.202253,1.4277777777777565,0.2555555555561196,20.98000000000009,80.00000000000007,72.72675,998.0412360727788,2500,2500,1200.0,-88.29586549419766,7.146900731947187,6.579149145025727,4.277307527927062,99.64618831649372,1.6043493512581253,490.51648240826216,0.9844560273646434,2501,2110,391,measure_failed=391,0,1,psrr_100hz_db,1.1976,1.2024,2.295,1.3694,23.11,160.0,81.0
ldo,SKY130-LDO,7,25,537345,ACO,40,-97.75158,97.75158,0,1,1.202161,1.8277777777777864,0.2916666666667271,19.090000000000035,100.00000000000009,73.7735,0,0,0,0,0,0,,6.0,1,-97.75158,97.75158,1.202161,1.8277777777777864,0.2916666666667271,19.090000000000035,100.00000000000009,73.7735,998.8763876780868,2500,2500,2400.0,-86.94358219287714,1.9941425130183985,5.564188164062668,8.107097239021058,74.09040414450244,2.0,426.8267086541191,0.4271899072371828,2501,2195,306,measure_failed=306,0,1,psrr_100hz_db,1.1976,1.2024,2.295,1.3694,23.11,160.0,81.0
ldo,SKY130-LDO,7,12,524345,ACO,40,-98.84767,98.84767,0,1,1.202349,1.4911111111110604,0.2611111111112181,21.650000000000013,80.00000000000007,64.0376,0,0,0,0,0,0,,41.0,1,-98.84767,98.84767,1.202349,1.4911111111110604,0.2611111111112181,21.650000000000013,80.00000000000007,64.0376,999.2454798519612,2500,2500,1840.0,-54.58088376950779,7.417195411231214,5.196826285540008,5.446063378131487,99.52212283991382,1.35829068118448,435.2650745161698,0.8400141227415028,2501,2206,295,measure_failed=295,0,1,psrr_100hz_db,1.1976,1.2024,2.295,1.3694,23.11,160.0,81.0
ldo,SKY130-LDO,7,6,518345,ACO,40,-96.25472,96.25472,0,1,1.202395,1.5016666666667344,0.302777777777541,20.15000000000003,80.00000000000007,50.3772,0,0,0,0,0,0,,40.0,1,-96.25472,96.25472,1.202395,1.5016666666667344,0.302777777777541,20.15000000000003,80.00000000000007,50.3772,1003.8842004910113,2500,2500,2040.0,-84.97756600040016,8.212228735234506,3.360881654743373,1.0,96.17814962779546,1.4310270969335694,340.18644333481103,0.7638591259037824,2501,2163,338,measure_failed=338,0,1,psrr_100hz_db,1.1976,1.2024,2.295,1.3694,23.11,160.0,81.0
ldo,SKY130-LDO,7,23,535345,ACO,40,-96.90435,96.90435,0,1,1.202259,1.587222222222283,0.305555555555707,20.739999999999995,80.00000000000007,62.05435,0,0,0,0,0,0,,40.0,1,-96.90435,96.90435,1.202259,1.587222222222283,0.305555555555707,20.739999999999995,80.00000000000007,62.05435,1006.0699517428876,2500,2500,2160.0,-89.73435883953582,6.913904673230048,5.120813934030408,3.576794087915094,84.84693855097882,1.5817810401185843,498.0480306266485,0.8612808466354582,2501,2120,381,measure_failed=381,0,1,psrr_100hz_db,1.1976,1.2024,2.295,1.3694,23.11,160.0,81.0
ldo,SKY130-LDO,7,28,540345,ACO,40,-91.88532,91.88532,0,1,1.202285,1.608888888888894,0.2611111111112181,21.119999999999905,80.00000000000007,66.57254999999999,0,0,0,0,0,0,,67.0,1,-91.88532,91.88532,1.202285,1.608888888888894,0.2611111111112181,21.119999999999905,80.00000000000007,66.57254999999999,1005.9410488009452,2500,2500,1920.0,-53.49157012605041,5.9694364453685855,5.235861291152481,6.374215038299511,85.18609379535643,1.5286596501821903,500.0,0.9128737030545544,2501,2126,375,measure_failed=375,0,1,psrr_100hz_db,1.1976,1.2024,2.295,1.3694,23.11,160.0,81.0
ldo,SKY130-LDO,7,1,513345,ACO,40,-95.04318,95.04318,0,1,1.202228,1.6316666666666486,0.3166666666665209,22.740000000000045,100.00000000000009,79.51100000000001,0,0,0,0,0,0,,25.0,1,-95.04318,95.04318,1.202228,1.6316666666666486,0.3166666666665209,22.740000000000045,100.00000000000009,79.51100000000001,1006.7066503837704,2500,2500,2400.0,-90.34260608243297,8.177366049544506,5.083377604024772,9.142349983113707,80.58139302872794,1.5070353505310268,328.7972754613188,1.195326044031921,2501,2216,285,measure_failed=285,0,1,psrr_100hz_db,1.1976,1.2024,2.295,1.3694,23.11,160.0,81.0
ldo,SKY130-LDO,7,14,526345,ACO,40,-92.4081,92.4081,0,1,1.202213,1.6022222222222826,0.305555555555707,18.790000000000084,100.00000000000009,45.29939999999999,0,0,0,0,0,0,,33.0,1,-92.4081,92.4081,1.202213,1.6022222222222826,0.305555555555707,18.790000000000084,100.00000000000009,45.29939999999999,1008.4510600194336,2500,2500,2440.0,-87.88277897158862,7.031341033923143,3.1157733780386887,1.0,81.32399869334503,1.486590486607029,500.0,1.3439268868656449,2501,2244,257,measure_failed=257,0,1,psrr_100hz_db,1.1976,1.2024,2.295,1.3694,23.11,160.0,81.0
ldo,SKY130-LDO,7,21,533345,ACO,40,-94.3097,94.3097,0,1,1.202356,1.5994444444444866,0.3472222222226467,21.999999999999883,80.00000000000007,71.89285,0,0,0,0,0,0,,146.0,1,-94.3097,94.3097,1.202356,1.5994444444444866,0.3472222222226467,21.999999999999883,80.00000000000007,71.89285,1008.5144078657032,2500,2500,2280.0,-22.449062062825146,11.189027949191134,4.713171447795076,2.776162443824095,84.51567019234051,1.5840906504673242,338.39795277278773,1.380866952399341,2501,2123,378,measure_failed=378,0,1,psrr_100hz_db,1.1976,1.2024,2.295,1.3694,23.11,160.0,81.0
ldo,SKY130-LDO,7,20,532345,ACO,40,-97.28805,97.28805,0,1,1.202369,1.6627777777777908,0.2861111111110118,22.41999999999999,80.00000000000007,48.771,0,0,0,0,0,0,,5.0,1,-97.28805,97.28805,1.202369,1.6627777777777908,0.2861111111110118,22.41999999999999,80.00000000000007,48.771,1008.9665220081806,2500,2500,1760.0,-87.37648758103239,6.1270798870495335,3.414891483667385,5.9867376905011,86.05384874368715,1.1545133358018145,339.8876876024264,0.9911759901137508,2501,2099,402,measure_failed=402,0,1,psrr_100hz_db,1.1976,1.2024,2.295,1.3694,23.11,160.0,81.0
ldo,SKY130-LDO,7,5,517345,ACO,40,-96.82299,96.82299,0,1,1.202188,1.5705555555556303,0.2666666666669334,19.71999999999998,80.00000000000007,61.79445,0,0,0,0,0,0,,32.0,1,-96.82299,96.82299,1.202188,1.5705555555556303,0.2666666666669334,19.71999999999998,80.00000000000007,61.79445,1009.617336705327,2500,2500,2040.0,-86.01891961584634,3.6674396596685312,5.817223177522878,4.227869816366591,85.66336422629605,1.784952518955355,500.0,0.6937721547813286,2501,2199,302,measure_failed=302,0,1,psrr_100hz_db,1.1976,1.2024,2.295,1.3694,23.11,160.0,81.0
ldo,SKY130-LDO,7,11,523345,ACO,40,-95.41147,95.41147,0,1,1.202134,1.5177777777777537,0.305555555555707,20.330000000000044,100.00000000000009,77.0004,0,0,0,0,0,0,,34.0,1,-95.41147,95.41147,1.202134,1.5177777777777537,0.305555555555707,20.330000000000044,100.00000000000009,77.0004,1011.3266356810929,2500,2500,2280.0,-86.0927043757503,7.189892547884943,6.408197636547868,3.139587740596028,82.55928439166497,1.9287531379599807,500.0,1.09000960470423,2501,2184,317,measure_failed=317,0,1,psrr_100hz_db,1.1976,1.2024,2.295,1.3694,23.11,160.0,81.0
ldo,SKY130-LDO,7,22,534345,ACO,40,-96.53287,96.53287,0,1,1.202311,1.4583333333333883,0.2638888888887674,21.079999999999927,80.00000000000007,68.27699999999999,0,0,0,0,0,0,,138.0,1,-96.53287,96.53287,1.202311,1.4583333333333883,0.2638888888887674,21.079999999999927,80.00000000000007,68.27699999999999,1012.1964947655796,2500,2500,2280.0,-19.487110382152864,6.754048573050155,5.996342983468329,4.952234581674951,100.0,1.5026576331317714,500.0,0.9454829538790416,2501,2293,208,measure_failed=208,0,1,psrr_100hz_db,1.1976,1.2024,2.295,1.3694,23.11,160.0,81.0
