case,case_name,dim,run,seed,algo,pop,best_fitness,PSRR_DB,penalty,is_feasible,VREF,TC,LOOP_GAIN_DB,PHASE_MARGIN_DEG,GAIN_MARGIN_DB,POWER_UW,viol_vref,viol_tc,viol_loop_gain,viol_phase_margin,viol_gain_margin,viol_power,first_feasible_eval,best_feasible_found,best_feasible_fitness,best_feasible_PSRR,best_feasible_VREF,best_feasible_TC,best_feasible_LOOP_GAIN_DB,best_feasible_PHASE_MARGIN_DEG,best_feasible_GAIN_MARGIN_DB,best_feasible_POWER_UW,runtime_sec,eval_budget,actual_evals,last_improvement_eval,convergence_auc,sim_evals_worker_cum,sim_ok_worker_cum,sim_failures_worker_cum,server_restarts_worker_cum,psrr_def,PSRR_WC_DB,PSRR_100HZ_DB,best_feasible_PSRR_WC_DB,best_feasible_PSRR_100HZ_DB,evaluator_recovers_timeouts,x_w_pdiff,x_r_wdiff,x_l_pdiff,x_r_ldiff,x_w_ncasc,x_r_wcasc,x_l_ncasc,x_r_lcasc,x_w_pmir,x_r_wmir,x_l_pmir,x_r_lmir,x_w_pass,x_l_pass,x_iss,x_vbnv,xf_w_pdiff,xf_r_wdiff,xf_l_pdiff,xf_r_ldiff,xf_w_ncasc,xf_r_wcasc,xf_l_ncasc,xf_r_lcasc,xf_w_pmir,xf_r_wmir,xf_l_pmir,xf_r_lmir,xf_w_pass,xf_l_pass,xf_iss,xf_vbnv,c_VREF_min,c_VREF_max,c_TC_max,c_LoopGain_min,c_PhaseMargin_min,c_GainMargin_min,c_Power_max
highdim,SKY130-BGR-highdim,16,0,312345,ABC,40,-42.21425,42.21425,0,1,1.219874,5.415363,51.3699,63.897000000000006,22.5171,26.93135,0,0,0,0,0,0,5887.0,1,-42.21425,42.21425,1.219874,5.415363,51.3699,63.897000000000006,22.5171,26.93135,23747.605044860396,220000,220000,114230.0,6.807289618670994,220001,161803,measure_failed=50284;no_convergence=7914,0,PSRR_worst_case_10Hz_10MHz,42.21425,42.58307,42.21425,42.58307,1,11.185,1.2039727618893257,0.98,1.1204446984016077,1.0,0.9178916172458312,0.36,0.5,15.605,1.502496447817112,0.785,1.2430197675969716,36.68,1.1749999999999998,2.937917017150093,1.3376394251772945,11.185,1.2039727618893257,0.98,1.1204446984016077,1.0,0.9178916172458312,0.36,0.5,15.605,1.502496447817112,0.785,1.2430197675969716,36.68,1.1749999999999998,2.937917017150093,1.3376394251772945,1.2184,1.2214,26.0,50.0,60.0,14.0,55.0
highdim,SKY130-BGR-highdim,16,1,313345,ABC,40,-44.43282,44.43282,0,1,1.221373,18.67248,51.6949,70.893,27.1406,31.30727,0,0,0,0,0,0,10107.0,1,-44.43282,44.43282,1.221373,18.67248,51.6949,70.893,27.1406,31.30727,24188.02861181088,220000,220000,164247.0,11.958085129386944,220001,163882,measure_failed=47513;no_convergence=8606,0,PSRR_worst_case_10Hz_10MHz,44.43282,52.5943,44.43282,52.5943,1,7.35,0.9553797276345962,1.055,0.9320643495394288,1.0,0.8217516858316786,0.27,0.5555555555555555,6.2700000000000005,1.5715647791649603,7.725,1.6853425099669646,32.835,0.185,4.437518809587377,1.084765499026242,7.35,0.9553797276345962,1.055,0.9320643495394288,1.0,0.8217516858316786,0.27,0.5555555555555555,6.2700000000000005,1.5715647791649603,7.725,1.6853425099669646,32.835,0.185,4.437518809587377,1.084765499026242,1.2184,1.2214,26.0,50.0,60.0,14.0,55.0
highdim,SKY130-BGR-highdim,16,2,314345,ABC,40,-39.31501,39.31501,0,1,1.218905,9.501822,62.9984,60.05,22.5043,50.272,0,0,0,0,0,0,23372.0,1,-39.31501,39.31501,1.218905,9.501822,62.9984,60.05,22.5043,50.272,24778.90507663228,220000,220000,128553.0,79.96888431278776,220001,167723,measure_failed=44291;no_convergence=7987,0,PSRR_worst_case_10Hz_10MHz,39.31501,39.31501,39.31501,39.31501,1,6.98,1.6444343229050236,0.99,1.0690778700832673,1.52,1.997300254086181,0.15,1.0,2.81,0.5992567646020341,5.29,1.1724824081560876,38.405,1.11,11.053538117527204,0.906294440082136,6.98,1.6444343229050236,0.99,1.0690778700832673,1.52,1.997300254086181,0.15,1.0,2.81,0.5992567646020341,5.29,1.1724824081560876,38.405,1.11,11.053538117527204,0.906294440082136,1.2184,1.2214,26.0,50.0,60.0,14.0,55.0
highdim,SKY130-BGR-highdim,16,3,315345,ABC,40,-32.93699,32.93699,0,1,1.219725,24.13361,50.9107,71.164,21.339,35.14743,0,0,0,0,0,0,20567.0,1,-32.93699,32.93699,1.219725,24.13361,50.9107,71.164,21.339,35.14743,28446.803262507543,220000,220000,46528.0,65.48075908226858,220001,163283,measure_failed=41428;no_convergence=15290,0,PSRR_worst_case_10Hz_10MHz,32.93699,32.93741,32.93699,32.93741,1,12.01,1.17892526448724,0.92,1.1387889183807556,9.88,0.5,0.2249999999999999,0.6666666666666667,40.0,1.5633790206194504,8.0,1.4110679945593532,39.59,0.4,5.791436949448824,0.9123444010042908,12.01,1.17892526448724,0.92,1.1387889183807556,9.88,0.5,0.2249999999999999,0.6666666666666667,40.0,1.5633790206194504,8.0,1.4110679945593532,39.59,0.4,5.791436949448824,0.9123444010042908,1.2184,1.2214,26.0,50.0,60.0,14.0,55.0
highdim,SKY130-BGR-highdim,16,4,316345,ABC,40,-51.16225,51.16225,0,1,1.219588,25.11529,50.4085,70.607,24.9516,26.33863,0,0,0,0,0,0,6749.0,1,-51.16225,51.16225,1.219588,25.11529,50.4085,70.607,24.9516,26.33863,24243.240788515657,220000,220000,40292.0,-8.149195137046073,220001,162255,measure_failed=43277;no_convergence=14469,0,PSRR_worst_case_10Hz_10MHz,51.16225,51.97632,51.16225,51.97632,1,8.725000000000001,1.0173820395431166,1.03,1.095128938873038,1.0,2.0,0.28,0.5357142857142857,1.0,0.8067114226669239,3.935,0.7139464343182211,8.0,2.46,2.7373310876353325,1.0694057206738337,8.725000000000001,1.0173820395431166,1.03,1.095128938873038,1.0,2.0,0.28,0.5357142857142857,1.0,0.8067114226669239,3.935,0.7139464343182211,8.0,2.46,2.7373310876353325,1.0694057206738337,1.2184,1.2214,26.0,50.0,60.0,14.0,55.0
highdim,SKY130-BGR-highdim,16,5,317345,ABC,40,-46.97758,46.97758,0,1,1.22004,14.22209,56.7594,60.011,17.4193,53.65373,0,0,0,0,0,0,93650.0,1,-46.97758,46.97758,1.22004,14.22209,56.7594,60.011,17.4193,53.65373,25419.53381774202,220000,220000,112549.0,387.2252668192083,220001,168128,measure_failed=38291;no_convergence=13582,0,PSRR_worst_case_10Hz_10MHz,46.97758,46.97758,46.97758,46.97758,1,6.985,1.1213034517156868,0.7150000000000001,0.9877892118023476,3.325,2.0,0.265,0.5660377358490566,2.295,0.8359153554143556,1.555,1.057592508286001,29.635,0.975,12.214553679665451,0.9,6.985,1.1213034517156868,0.7150000000000001,0.9877892118023476,3.325,2.0,0.265,0.5660377358490566,2.295,0.8359153554143556,1.555,1.057592508286001,29.635,0.975,12.214553679665451,0.9,1.2184,1.2214,26.0,50.0,60.0,14.0,55.0
highdim,SKY130-BGR-highdim,16,6,318345,ABC,40,-44.13199,44.13199,0,1,1.221191,25.92601,51.6144,72.915,30.582,32.54018,0,0,0,0,0,0,9863.0,1,-44.13199,44.13199,1.221191,25.92601,51.6144,72.915,30.582,32.54018,24619.35934444517,220000,220000,27086.0,18.62699959995272,220001,162523,measure_failed=45225;no_convergence=12253,0,PSRR_worst_case_10Hz_10MHz,44.13199,44.13199,44.13199,44.13199,1,9.44,1.0679403647728154,0.4,0.9686873058402892,1.0,1.4309120275533926,0.7050000000000001,0.7277846747056589,3.355,1.1346204129451771,3.36,1.3605823432917077,10.26,3.825,4.872260859627723,0.9625346335744908,9.44,1.0679403647728154,0.4,0.9686873058402892,1.0,1.4309120275533926,0.7050000000000001,0.7277846747056589,3.355,1.1346204129451771,3.36,1.3605823432917077,10.26,3.825,4.872260859627723,0.9625346335744908,1.2184,1.2214,26.0,50.0,60.0,14.0,55.0
highdim,SKY130-BGR-highdim,16,7,319345,ABC,40,-38.79344,38.79344,0,1,1.220663,15.21776,51.8061,80.7553,24.7189,29.32011,0,0,0,0,0,0,11214.0,1,-38.79344,38.79344,1.220663,15.21776,51.8061,80.7553,24.7189,29.32011,25913.17223472148,220000,220000,111505.0,36.82108080504342,220001,165446,measure_failed=45096;no_convergence=9459,0,PSRR_worst_case_10Hz_10MHz,38.79344,38.80004,38.79344,38.80004,1,8.205,1.2881622073922427,0.7250000000000001,0.9919931271302967,1.515,1.263844310630757,0.22,0.6818181818181818,1.02,0.8126828684151379,1.565,1.2592076434556383,19.665,1.92,3.758942736461244,1.2648768730909543,8.205,1.2881622073922427,0.7250000000000001,0.9919931271302967,1.515,1.263844310630757,0.22,0.6818181818181818,1.02,0.8126828684151379,1.565,1.2592076434556383,19.665,1.92,3.758942736461244,1.2648768730909543,1.2184,1.2214,26.0,50.0,60.0,14.0,55.0
highdim,SKY130-BGR-highdim,16,8,320345,ABC,40,-46.81368,46.81368,0,1,1.220963,23.29507,53.0305,65.095,17.3768,54.94716,0,0,0,0,0,0,4852.0,1,-46.81368,46.81368,1.220963,23.29507,53.0305,65.095,17.3768,54.94716,27505.234638089318,220000,220000,84615.0,-14.068676784267202,220001,158212,measure_failed=41030;no_convergence=20759,0,PSRR_worst_case_10Hz_10MHz,46.81368,46.81368,46.81368,46.81368,1,11.02,1.5010489481791565,0.29,1.01276344669736,5.255,1.5267484106924365,0.245,2.0,32.92,1.130946101913873,6.550000000000001,1.896523450663796,29.095,0.275,12.651482568606747,1.2023387424220695,11.02,1.5010489481791565,0.29,1.01276344669736,5.255,1.5267484106924365,0.245,2.0,32.92,1.130946101913873,6.550000000000001,1.896523450663796,29.095,0.275,12.651482568606747,1.2023387424220695,1.2184,1.2214,26.0,50.0,60.0,14.0,55.0
highdim,SKY130-BGR-highdim,16,9,321345,ABC,40,-49.38662,49.38662,0,1,1.221364,12.13249,51.5188,75.042,21.3641,43.36848,0,0,0,0,0,0,92702.0,1,-49.38662,49.38662,1.221364,12.13249,51.5188,75.042,21.3641,43.36848,24986.31326647103,220000,220000,107344.0,391.96290847210673,220001,149308,measure_failed=50096;no_convergence=20597,0,PSRR_worst_case_10Hz_10MHz,49.38662,49.38662,49.38662,49.38662,1,5.625,1.0579096982711893,0.3399999999999999,0.9843518266424416,1.42,0.902451138317194,0.195,0.9186488100550292,1.0,0.8601901731862603,1.38,1.035915537405064,17.345,1.815,8.62871863281321,0.9,5.625,1.0579096982711893,0.3399999999999999,0.9843518266424416,1.42,0.902451138317194,0.195,0.9186488100550292,1.0,0.8601901731862603,1.38,1.035915537405064,17.345,1.815,8.62871863281321,0.9,1.2184,1.2214,26.0,50.0,60.0,14.0,55.0
highdim,SKY130-BGR-highdim,16,10,322345,ABC,40,-52.39239,52.39239,0,1,1.219907,23.98096,52.1774,61.94799999999999,14.2427,46.33216,0,0,0,0,0,0,3592.0,1,-52.39239,52.39239,1.219907,23.98096,52.1774,61.94799999999999,14.2427,46.33216,23932.161280939355,220000,220000,210017.0,-22.18001648976814,220001,151269,measure_failed=49925;no_convergence=18807,0,PSRR_worst_case_10Hz_10MHz,52.39239,52.39239,52.39239,52.39239,1,7.605,2.0,0.965,1.2512512945377048,3.52,1.837495006902957,0.15,1.0,1.33,1.6495003027547517,0.615,1.906607066245823,10.555,1.405,9.674883228400484,1.0385661843822118,7.605,2.0,0.965,1.2512512945377048,3.52,1.837495006902957,0.15,1.0,1.33,1.6495003027547517,0.615,1.906607066245823,10.555,1.405,9.674883228400484,1.0385661843822118,1.2184,1.2214,26.0,50.0,60.0,14.0,55.0
highdim,SKY130-BGR-highdim,16,11,323345,ABC,40,-46.2911,46.2911,0,1,1.220164,25.95776,52.2972,69.742,27.4841,36.7835,0,0,0,0,0,0,3116.0,1,-46.2911,46.2911,1.220164,25.95776,52.2972,69.742,27.4841,36.7835,24297.067707236856,220000,220000,10840.0,-20.456034396658623,220001,163304,measure_failed=40484;no_convergence=16213,0,PSRR_worst_case_10Hz_10MHz,46.2911,46.2911,46.2911,46.2911,1,3.44,1.017057402339651,1.26,1.0243735055250194,1.13,2.0,0.15,1.2266929071048327,1.22,0.8698755115474506,2.935,0.8858473988167737,8.54,1.82,6.356862609572991,1.0343793547261106,3.44,1.017057402339651,1.26,1.0243735055250194,1.13,2.0,0.15,1.2266929071048327,1.22,0.8698755115474506,2.935,0.8858473988167737,8.54,1.82,6.356862609572991,1.0343793547261106,1.2184,1.2214,26.0,50.0,60.0,14.0,55.0
highdim,SKY130-BGR-highdim,16,12,324345,ABC,40,-36.09009,36.09009,0,1,1.220823,21.57015,50.1019,67.678,36.773,22.64899,0,0,0,0,0,0,14516.0,1,-36.09009,36.09009,1.220823,21.57015,50.1019,67.678,36.773,22.64899,23754.23407607153,220000,220000,16280.0,49.91424497922832,220001,159147,measure_failed=44022;no_convergence=16832,0,PSRR_worst_case_10Hz_10MHz,36.09009,65.27673,36.09009,65.27673,1,8.495000000000001,0.8027920213574412,1.05,0.8956897313280097,1.0,1.6042728946122695,0.315,0.6888201910609275,9.79,0.6567989750632217,4.87,0.7183775831799712,16.025,2.295,1.4410310066669088,1.1264716077713115,8.495000000000001,0.8027920213574412,1.05,0.8956897313280097,1.0,1.6042728946122695,0.315,0.6888201910609275,9.79,0.6567989750632217,4.87,0.7183775831799712,16.025,2.295,1.4410310066669088,1.1264716077713115,1.2184,1.2214,26.0,50.0,60.0,14.0,55.0
highdim,SKY130-BGR-highdim,16,13,325345,ABC,40,-50.27984,50.27984,0,1,1.2214,25.25666,55.6032,60.03,25.4267,39.59775,0,0,0,0,0,0,28716.0,1,-50.27984,50.27984,1.2214,25.25666,55.6032,60.03,25.4267,39.59775,28695.070352269337,220000,220000,123107.0,96.45790644771112,220001,169777,measure_failed=40884;no_convergence=9340,0,PSRR_worst_case_10Hz_10MHz,50.27984,50.27984,50.27984,50.27984,1,7.415,1.331259378380785,0.5,1.00362793798796,1.0,0.7791034269089333,0.38,0.5323307464542745,27.49,0.6605985270138661,1.405,1.017428185896558,34.335,0.77,7.317880666776265,0.9,7.415,1.331259378380785,0.5,1.00362793798796,1.0,0.7791034269089333,0.38,0.5323307464542745,27.49,0.6605985270138661,1.405,1.017428185896558,34.335,0.77,7.317880666776265,0.9,1.2184,1.2214,26.0,50.0,60.0,14.0,55.0
highdim,SKY130-BGR-highdim,16,14,326345,ABC,40,-43.94624,43.94624,0,1,1.220844,23.71434,52.7195,60.081,14.406,30.62875,0,0,0,0,0,0,12431.0,1,-43.94624,43.94624,1.220844,23.71434,52.7195,60.081,14.406,30.62875,24731.58788643964,220000,220000,103829.0,35.28191614123994,220001,159633,measure_failed=49145;no_convergence=11223,0,PSRR_worst_case_10Hz_10MHz,43.94624,43.94624,43.94624,43.94624,1,29.62,0.9429740040919068,0.405,0.9578211709492868,1.0,1.931904586400794,0.245,0.7269797294662922,1.925,1.3772013762291426,1.02,1.2347160800412982,60.685,0.345,4.2090189989496185,0.9886512633825684,29.62,0.9429740040919068,0.405,0.9578211709492868,1.0,1.931904586400794,0.245,0.7269797294662922,1.925,1.3772013762291426,1.02,1.2347160800412982,60.685,0.345,4.2090189989496185,0.9886512633825684,1.2184,1.2214,26.0,50.0,60.0,14.0,55.0
highdim,SKY130-BGR-highdim,16,15,327345,ABC,40,-41.25968,41.25968,0,1,1.219034,21.567,56.7375,63.758,22.3209,26.42225,0,0,0,0,0,0,14912.0,1,-41.25968,41.25968,1.219034,21.567,56.7375,63.758,22.3209,26.42225,24717.46206014417,220000,220000,199378.0,62.20925923789427,220001,154826,measure_failed=47460;no_convergence=17715,0,PSRR_worst_case_10Hz_10MHz,41.25968,41.41223,41.25968,41.41223,1,17.205000000000002,1.1141574811599342,0.7100000000000001,0.9987615182215768,1.6800000000000002,1.0896880415037786,0.275,0.6703180422935469,4.75,0.8678504558549672,2.365,1.0640824298938794,54.465,0.685,2.7703212339876244,0.9796940297236016,17.205000000000002,1.1141574811599342,0.7100000000000001,0.9987615182215768,1.6800000000000002,1.0896880415037786,0.275,0.6703180422935469,4.75,0.8678504558549672,2.365,1.0640824298938794,54.465,0.685,2.7703212339876244,0.9796940297236016,1.2184,1.2214,26.0,50.0,60.0,14.0,55.0
highdim,SKY130-BGR-highdim,16,16,328345,ABC,40,-38.74791,38.74791,0,1,1.221383,24.80546,55.2359,65.502,28.4424,25.81969,0,0,0,0,0,0,8737.0,1,-38.74791,38.74791,1.221383,24.80546,55.2359,65.502,28.4424,25.81969,24635.111121708527,220000,220000,94545.0,27.647407760214804,220001,162809,measure_failed=46344;no_convergence=10848,0,PSRR_worst_case_10Hz_10MHz,38.74791,43.79049,38.74791,43.79049,1,8.155000000000001,0.8125892576851653,1.085,0.925945838280744,2.0700000000000003,0.7505815518554756,0.15,1.9859439645940888,19.235,2.0,2.545,1.6586470122714048,27.045,0.325,2.533208935007485,0.9,8.155000000000001,0.8125892576851653,1.085,0.925945838280744,2.0700000000000003,0.7505815518554756,0.15,1.9859439645940888,19.235,2.0,2.545,1.6586470122714048,27.045,0.325,2.533208935007485,0.9,1.2184,1.2214,26.0,50.0,60.0,14.0,55.0
highdim,SKY130-BGR-highdim,16,17,329345,ABC,40,-47.43944,47.43944,0,1,1.218533,22.2125,54.0344,60.169,31.3985,43.18513,0,0,0,0,0,0,13758.0,1,-47.43944,47.43944,1.218533,22.2125,54.0344,60.169,31.3985,43.18513,24720.96233243309,220000,220000,56690.0,32.89064703921155,220001,165272,measure_failed=46128;no_convergence=8601,0,PSRR_worst_case_10Hz_10MHz,47.43944,47.4796,47.43944,47.4796,1,2.59,1.0173432793999218,0.86,0.9929314251001538,1.0,0.9158038003203054,0.22,0.6818181818181818,1.0,1.6370006082851758,3.615,1.5037567879972775,8.0,1.95,8.598814214905172,0.9,2.59,1.0173432793999218,0.86,0.9929314251001538,1.0,0.9158038003203054,0.22,0.6818181818181818,1.0,1.6370006082851758,3.615,1.5037567879972775,8.0,1.95,8.598814214905172,0.9,1.2184,1.2214,26.0,50.0,60.0,14.0,55.0
highdim,SKY130-BGR-highdim,16,18,330345,ABC,40,-38.98056,38.98056,0,1,1.22102,10.21501,57.6738,70.476,20.4922,38.66936,0,0,0,0,0,0,10413.0,1,-38.98056,38.98056,1.22102,10.21501,57.6738,70.476,20.4922,38.66936,26587.293290618807,220000,220000,202979.0,28.772943031627417,220001,162459,measure_failed=44818;no_convergence=12724,0,PSRR_worst_case_10Hz_10MHz,38.98056,38.98056,38.98056,38.98056,1,10.03,1.2793474600262744,0.63,0.9994352644008228,2.94,1.6957831463392317,0.215,0.6976744186046512,1.955,1.442609176752126,1.43,1.753394139876288,31.32,1.65,7.000617904140375,0.9298797190861072,10.03,1.2793474600262744,0.63,0.9994352644008228,2.94,1.6957831463392317,0.215,0.6976744186046512,1.955,1.442609176752126,1.43,1.753394139876288,31.32,1.65,7.000617904140375,0.9298797190861072,1.2184,1.2214,26.0,50.0,60.0,14.0,55.0
highdim,SKY130-BGR-highdim,16,19,331345,ABC,40,-42.4773,42.4773,0,1,1.219518,8.458384,54.4394,61.389,19.0691,43.06615,0,0,0,0,0,0,31957.0,1,-42.4773,42.4773,1.219518,8.458384,54.4394,61.389,19.0691,43.06615,24490.442069699988,220000,220000,142876.0,117.8216073108514,220001,160903,measure_failed=48272;no_convergence=10826,0,PSRR_worst_case_10Hz_10MHz,42.4773,50.21941,42.4773,50.21941,1,7.105,1.530273166990995,0.65,0.9105714463898724,1.0,2.0,0.25,0.6,1.505,0.7129003185783354,1.165,1.951709611771459,34.400000000000006,0.18,8.541962332392623,1.161967163032548,7.105,1.530273166990995,0.65,0.9105714463898724,1.0,2.0,0.25,0.6,1.505,0.7129003185783354,1.165,1.951709611771459,34.400000000000006,0.18,8.541962332392623,1.161967163032548,1.2184,1.2214,26.0,50.0,60.0,14.0,55.0
highdim,SKY130-BGR-highdim,16,20,332345,ABC,40,-51.64451,51.64451,0,1,1.221055,18.80143,53.5406,70.084,24.2142,26.31595,0,0,0,0,0,0,9950.0,1,-51.64451,51.64451,1.221055,18.80143,53.5406,70.084,24.2142,26.31595,25500.77548759989,220000,220000,91258.0,30.348324983177186,220001,161190,measure_failed=47058;no_convergence=11753,0,PSRR_worst_case_10Hz_10MHz,51.64451,52.19584,51.64451,52.19584,1,5.635,1.7717934924258214,0.935,1.23566577845334,1.0,0.955178053106579,0.195,1.155250250469318,5.295,0.5059584216814332,2.62,0.8192349656140919,16.745,1.35,2.7110513272163765,1.2767301046123998,5.635,1.7717934924258214,0.935,1.23566577845334,1.0,0.955178053106579,0.195,1.155250250469318,5.295,0.5059584216814332,2.62,0.8192349656140919,16.745,1.35,2.7110513272163765,1.2767301046123998,1.2184,1.2214,26.0,50.0,60.0,14.0,55.0
highdim,SKY130-BGR-highdim,16,21,333345,ABC,40,-41.64617,41.64617,0,1,1.219401,5.924419,52.8591,60.015,20.2946,34.57307,0,0,0,0,0,0,12262.0,1,-41.64617,41.64617,1.219401,5.924419,52.8591,60.015,20.2946,34.57307,24508.918146260083,220000,220000,13720.0,22.535030498320445,220001,160169,measure_failed=47755;no_convergence=12077,0,PSRR_worst_case_10Hz_10MHz,41.64617,64.63702,41.64617,64.63702,1,26.995,2.0,0.36,1.0892842813067396,4.315,1.2183801975576036,0.15,1.685940061550853,6.6450000000000005,0.5522223404866852,5.3500000000000005,1.1931765972702335,81.01,0.15,5.593074421309997,0.9914530778544538,26.995,2.0,0.36,1.0892842813067396,4.315,1.2183801975576036,0.15,1.685940061550853,6.6450000000000005,0.5522223404866852,5.3500000000000005,1.1931765972702335,81.01,0.15,5.593074421309997,0.9914530778544538,1.2184,1.2214,26.0,50.0,60.0,14.0,55.0
highdim,SKY130-BGR-highdim,16,22,334345,ABC,40,-48.35521,48.35521,0,1,1.221339,19.5017,54.368,60.081,27.5436,40.18667,0,0,0,0,0,0,73867.0,1,-48.35521,48.35521,1.221339,19.5017,54.368,60.081,27.5436,40.18667,25002.085356250405,220000,220000,149928.0,306.7660998125673,220001,161160,measure_failed=42563;no_convergence=16278,0,PSRR_worst_case_10Hz_10MHz,48.35521,48.54621,48.35521,48.54621,1,7.005,1.1054364764724989,0.65,0.9843830037007396,1.0,1.238906212018923,0.295,0.5084745762711864,16.6,1.747148774141401,2.725,1.9202796662809325,36.52,0.61,7.522840972718873,1.1003829820276774,7.005,1.1054364764724989,0.65,0.9843830037007396,1.0,1.238906212018923,0.295,0.5084745762711864,16.6,1.747148774141401,2.725,1.9202796662809325,36.52,0.61,7.522840972718873,1.1003829820276774,1.2184,1.2214,26.0,50.0,60.0,14.0,55.0
highdim,SKY130-BGR-highdim,16,23,335345,ABC,40,-42.29429,42.29429,0,1,1.219743,11.87036,53.9953,69.19,28.798,26.53061,0,0,0,0,0,0,11395.0,1,-42.29429,42.29429,1.219743,11.87036,53.9953,69.19,28.798,26.53061,27602.49026733078,220000,220000,70852.0,34.73220377676718,220001,158560,measure_failed=46425;no_convergence=15016,0,PSRR_worst_case_10Hz_10MHz,42.29429,56.59477,42.29429,56.59477,1,13.24,1.1675186781778786,0.54,1.1189595002533448,1.65,0.5,0.15,1.0,1.0,0.99464853711264,5.295000000000001,0.8194382560903924,20.67,2.42,2.801255360369801,0.9,13.24,1.1675186781778786,0.54,1.1189595002533448,1.65,0.5,0.15,1.0,1.0,0.99464853711264,5.295000000000001,0.8194382560903924,20.67,2.42,2.801255360369801,0.9,1.2184,1.2214,26.0,50.0,60.0,14.0,55.0
highdim,SKY130-BGR-highdim,16,24,336345,ABC,40,-29.05696,29.05696,0,1,1.219074,22.16287,58.5174,61.604,14.0106,38.86627,0,0,0,0,0,0,7000.0,1,-29.05696,29.05696,1.219074,22.16287,58.5174,61.604,14.0106,38.86627,23501.39854717627,220000,220000,16681.0,23.300304314490518,220001,159067,measure_failed=49714;no_convergence=11220,0,PSRR_worst_case_10Hz_10MHz,29.05696,29.05696,29.05696,29.05696,1,4.795,1.047983947114743,1.2049999999999998,0.8141710602590445,1.0,0.5,5.055000000000001,1.5239493782432576,9.055,1.232444497430834,1.5599999999999998,1.8759317935733228,46.81,1.36,7.091304585225913,0.9,4.795,1.047983947114743,1.2049999999999998,0.8141710602590445,1.0,0.5,5.055000000000001,1.5239493782432576,9.055,1.232444497430834,1.5599999999999998,1.8759317935733228,46.81,1.36,7.091304585225913,0.9,1.2184,1.2214,26.0,50.0,60.0,14.0,55.0
highdim,SKY130-BGR-highdim,16,25,337345,ABC,40,-45.12836,45.12836,0,1,1.220061,22.03566,54.9999,68.913,23.0284,30.08122,0,0,0,0,0,0,4359.0,1,-45.12836,45.12836,1.220061,22.03566,54.9999,68.913,23.0284,30.08122,24427.072634257376,220000,220000,73819.0,-11.25140245004295,220001,157173,measure_failed=50993;no_convergence=11835,0,PSRR_worst_case_10Hz_10MHz,45.12836,46.95188,45.12836,46.95188,1,27.015,0.9137229772597144,0.36,0.999364554784536,1.66,1.2367059846575297,0.49,0.5600676998566371,7.19,1.1270618332864033,1.65,0.976792170779067,43.645,1.665,4.029621169827409,1.1253729609802583,27.015,0.9137229772597144,0.36,0.999364554784536,1.66,1.2367059846575297,0.49,0.5600676998566371,7.19,1.1270618332864033,1.65,0.976792170779067,43.645,1.665,4.029621169827409,1.1253729609802583,1.2184,1.2214,26.0,50.0,60.0,14.0,55.0
highdim,SKY130-BGR-highdim,16,26,338345,ABC,40,-35.66615,35.66615,0,1,1.21951,21.36477,50.0041,60.55200000000001,15.0939,44.42917,0,0,0,0,0,0,54477.0,1,-35.66615,35.66615,1.21951,21.36477,50.0041,60.55200000000001,15.0939,44.42917,25103.92234069668,220000,220000,108550.0,226.78998148852943,220001,167304,measure_failed=41737;no_convergence=10960,0,PSRR_worst_case_10Hz_10MHz,35.66615,57.76554,35.66615,57.76554,1,10.18,2.0,1.405,1.0597280204200954,1.0,1.1396057959289998,0.15,1.4181138077491338,1.67,0.5198508125141795,1.68,1.6562469313597872,15.525,1.11,9.018247901826168,1.7,10.18,2.0,1.405,1.0597280204200954,1.0,1.1396057959289998,0.15,1.4181138077491338,1.67,0.5198508125141795,1.68,1.6562469313597872,15.525,1.11,9.018247901826168,1.7,1.2184,1.2214,26.0,50.0,60.0,14.0,55.0
highdim,SKY130-BGR-highdim,16,27,339345,ABC,40,-46.24753,46.24753,0,1,1.219988,19.21032,56.303,60.536,18.2898,35.17427,0,0,0,0,0,0,19745.0,1,-46.24753,46.24753,1.219988,19.21032,56.303,60.536,18.2898,35.17427,25733.313470933583,220000,220000,59255.0,69.55739440351095,220001,159366,measure_failed=42557;no_convergence=18078,0,PSRR_worst_case_10Hz_10MHz,46.24753,46.24753,46.24753,46.24753,1,12.955,0.8848080757082095,0.475,0.987863592889463,1.445,1.3745231883224058,0.31,0.5,1.0,0.9382193248647286,2.085,0.8427481260275081,38.635000000000005,0.8300000000000001,5.798407291609539,1.1472092917769845,12.955,0.8848080757082095,0.475,0.987863592889463,1.445,1.3745231883224058,0.31,0.5,1.0,0.9382193248647286,2.085,0.8427481260275081,38.635000000000005,0.8300000000000001,5.798407291609539,1.1472092917769845,1.2184,1.2214,26.0,50.0,60.0,14.0,55.0
highdim,SKY130-BGR-highdim,16,28,340345,ABC,40,-45.42645,45.42645,0,1,1.221288,24.11761,51.4372,64.884,18.8672,50.59499,0,0,0,0,0,0,41049.0,1,-45.42645,45.42645,1.221288,24.11761,51.4372,64.884,18.8672,50.59499,26414.26509541273,220000,220000,199220.0,151.1393851206551,220001,155978,measure_failed=49025;no_convergence=14998,0,PSRR_worst_case_10Hz_10MHz,45.42645,45.42645,45.42645,45.42645,1,14.675,1.3807807659007396,0.4649999999999999,1.0149032195015515,6.525,2.0,0.25,0.6,37.35,1.2002000580681846,7.430000000000001,1.8399608316196,26.29,0.2249999999999999,11.136216870867411,0.9867685234217548,14.675,1.3807807659007396,0.4649999999999999,1.0149032195015515,6.525,2.0,0.25,0.6,37.35,1.2002000580681846,7.430000000000001,1.8399608316196,26.29,0.2249999999999999,11.136216870867411,0.9867685234217548,1.2184,1.2214,26.0,50.0,60.0,14.0,55.0
highdim,SKY130-BGR-highdim,16,29,341345,ABC,40,-40.4342,40.4342,0,1,1.220807,20.0116,53.7235,60.584,21.6828,52.83299,0,0,0,0,0,0,19532.0,1,-40.4342,40.4342,1.220807,20.0116,53.7235,60.584,21.6828,52.83299,25013.88446244225,220000,220000,53567.0,63.56726512692557,220001,166132,measure_failed=42787;no_convergence=11082,0,PSRR_worst_case_10Hz_10MHz,40.4342,40.43628,40.4342,40.43628,1,3.78,1.156620854706657,0.8200000000000001,1.104283991998399,1.0,1.0029442140586091,0.475,0.5273158645624855,7.12,1.9221213835391988,0.95,1.4980580286056662,43.77,0.92,11.920385461295645,1.4928044991331473,3.78,1.156620854706657,0.8200000000000001,1.104283991998399,1.0,1.0029442140586091,0.475,0.5273158645624855,7.12,1.9221213835391988,0.95,1.4980580286056662,43.77,0.92,11.920385461295645,1.4928044991331473,1.2184,1.2214,26.0,50.0,60.0,14.0,55.0
highdim,SKY130-BGR-highdim,16,0,312345,ACO,40,-39.84891,39.84891,0,1,1.22059,18.84831,56.2117,66.01,20.8515,31.56791,0,0,0,0,0,0,11597.0,1,-39.84891,39.84891,1.22059,18.84831,56.2117,66.01,20.8515,31.56791,26212.37463537231,220000,220000,213760.0,27.9323393898154,220001,129510,measure_failed=90323;no_convergence=168,0,PSRR_worst_case_10Hz_10MHz,39.84891,40.17012,39.84891,40.17012,1,4.895,1.91153959400336,0.525,0.9459320631484888,1.455,2.0,0.975,1.864591065014232,6.495,0.5573235165095712,4.765000000000001,1.8650900647459183,12.57,1.7049999999999998,4.540502604638856,0.9195160700315248,4.895,1.91153959400336,0.525,0.9459320631484888,1.455,2.0,0.975,1.864591065014232,6.495,0.5573235165095712,4.765000000000001,1.8650900647459183,12.57,1.7049999999999998,4.540502604638856,0.9195160700315248,1.2184,1.2214,26.0,50.0,60.0,14.0,55.0
highdim,SKY130-BGR-highdim,16,1,313345,ACO,40,-35.88151,35.88151,0,1,1.219582,14.8486,55.5635,64.281,23.2169,51.16568,0,0,0,0,0,0,3211.0,1,-35.88151,35.88151,1.219582,14.8486,55.5635,64.281,23.2169,51.16568,24075.88846233487,220000,220000,201960.0,-6.986472265283014,220001,100145,measure_failed=119791;no_convergence=65,0,PSRR_worst_case_10Hz_10MHz,35.88151,35.88963,35.88151,35.88963,1,13.27,1.9982140396357555,0.15,1.0,3.17,2.0,1.335,0.5,9.135,0.5405832062000151,6.36,1.2791938697209893,46.06,1.345,11.356001764050486,0.919863630146159,13.27,1.9982140396357555,0.15,1.0,3.17,2.0,1.335,0.5,9.135,0.5405832062000151,6.36,1.2791938697209893,46.06,1.345,11.356001764050486,0.919863630146159,1.2184,1.2214,26.0,50.0,60.0,14.0,55.0
highdim,SKY130-BGR-highdim,16,2,314345,ACO,40,-37.68122,37.68122,0,1,1.219393,16.58053,54.9747,71.725,21.9226,44.18428,0,0,0,0,0,0,9217.0,1,-37.68122,37.68122,1.219393,16.58053,54.9747,71.725,21.9226,44.18428,30554.46674358286,220000,220000,181880.0,14.255391368256229,220001,146054,measure_failed=73808;no_convergence=139,0,PSRR_worst_case_10Hz_10MHz,37.68122,37.69778,37.68122,37.69778,1,8.15,2.0,0.43,0.9688748440066576,2.815,0.5,2.52,0.5,34.085,0.5452991559422009,7.880000000000001,1.980831160680244,50.35,0.32,8.932679136642495,0.9,8.15,2.0,0.43,0.9688748440066576,2.815,0.5,2.52,0.5,34.085,0.5452991559422009,7.880000000000001,1.980831160680244,50.35,0.32,8.932679136642495,0.9,1.2184,1.2214,26.0,50.0,60.0,14.0,55.0
highdim,SKY130-BGR-highdim,16,3,315345,ACO,40,-41.70138,41.70138,0,1,1.219232,22.61732,54.4615,65.976,20.7568,34.20742,0,0,0,0,0,0,7245.0,1,-41.70138,41.70138,1.219232,22.61732,54.4615,65.976,20.7568,34.20742,26070.92176687531,220000,220000,194040.0,8.162892530670597,220001,133451,measure_failed=86165;no_convergence=385,0,PSRR_worst_case_10Hz_10MHz,41.70138,44.5743,41.70138,44.5743,1,7.03,1.9781205909582709,0.51,1.006411466761206,1.5750000000000002,1.6435972786701727,0.92,0.5,3.72,0.6612056111630151,7.115,2.0,20.59,0.15,5.468769031416091,0.9144997261859212,7.03,1.9781205909582709,0.51,1.006411466761206,1.5750000000000002,1.6435972786701727,0.92,0.5,3.72,0.6612056111630151,7.115,2.0,20.59,0.15,5.468769031416091,0.9144997261859212,1.2184,1.2214,26.0,50.0,60.0,14.0,55.0
highdim,SKY130-BGR-highdim,16,4,316345,ACO,40,-45.10212,45.10212,0,1,1.218855,18.69116,55.7771,60.593,20.8108,46.30192,0,0,0,0,0,0,31496.0,1,-45.10212,45.10212,1.218855,18.69116,55.7771,60.593,20.8108,46.30192,26780.87501987815,220000,220000,153000.0,113.92729018115992,220001,130379,measure_failed=88851;no_convergence=771,0,PSRR_worst_case_10Hz_10MHz,45.10212,70.56918,45.10212,70.56918,1,7.195,1.9214540853474549,0.95,0.9428822061592772,1.0,1.577084846038663,0.15,1.0,7.19,0.5361819289339942,4.365,1.9134744073750836,26.025,0.15,9.67252639071218,0.9441359918590684,7.195,1.9214540853474549,0.95,0.9428822061592772,1.0,1.577084846038663,0.15,1.0,7.19,0.5361819289339942,4.365,1.9134744073750836,26.025,0.15,9.67252639071218,0.9441359918590684,1.2184,1.2214,26.0,50.0,60.0,14.0,55.0
highdim,SKY130-BGR-highdim,16,5,317345,ACO,40,-41.88214,41.88214,0,1,1.219922,19.05239,51.154,75.318,27.991,37.95755,0,0,0,0,0,0,2217.0,1,-41.88214,41.88214,1.219922,19.05239,51.154,75.318,27.991,37.95755,25694.601760011166,220000,220000,211200.0,-11.24333394909068,220001,136983,measure_failed=82906;no_convergence=112,0,PSRR_worst_case_10Hz_10MHz,41.88214,43.04627,41.88214,43.04627,1,7.115,2.0,0.375,1.005937343660003,2.28,2.0,0.15,2.0,3.76,0.5373607836876824,4.925000000000001,1.6929868379725874,8.655,3.37,6.76812705715507,0.9135803361268162,7.115,2.0,0.375,1.005937343660003,2.28,2.0,0.15,2.0,3.76,0.5373607836876824,4.925000000000001,1.6929868379725874,8.655,3.37,6.76812705715507,0.9135803361268162,1.2184,1.2214,26.0,50.0,60.0,14.0,55.0
highdim,SKY130-BGR-highdim,16,6,318345,ACO,40,-33.7351,33.7351,0,1,1.221332,21.40733,58.7162,75.573,27.2026,31.94813,0,0,0,0,0,0,1654.0,1,-33.7351,33.7351,1.221332,21.40733,58.7162,75.573,27.2026,31.94813,26604.647239282727,220000,220000,213880.0,-12.279596231971508,220001,139039,measure_failed=80872;no_convergence=90,0,PSRR_worst_case_10Hz_10MHz,33.7351,33.7351,33.7351,33.7351,1,7.08,1.9567608939657548,0.6950000000000001,1.006450145752235,1.205,1.2661439057184487,0.155,0.9677419354838708,1.0,0.6396864310210175,3.715,2.0,38.615,1.21,4.662852021559576,0.9,7.08,1.9567608939657548,0.6950000000000001,1.006450145752235,1.205,1.2661439057184487,0.155,0.9677419354838708,1.0,0.6396864310210175,3.715,2.0,38.615,1.21,4.662852021559576,0.9,1.2184,1.2214,26.0,50.0,60.0,14.0,55.0
highdim,SKY130-BGR-highdim,16,7,319345,ACO,40,-35.26925,35.26925,0,1,1.220497,9.881717,51.4679,69.188,22.9934,41.33191,0,0,0,0,0,0,1487.0,1,-35.26925,35.26925,1.220497,9.881717,51.4679,69.188,22.9934,41.33191,30521.882976843044,220000,220000,140440.0,-15.632974773141012,220001,147977,measure_failed=71958;no_convergence=66,0,PSRR_worst_case_10Hz_10MHz,35.26925,39.85337,35.26925,39.85337,1,7.195,1.6200511360512582,0.385,1.0020902923315058,1.0,1.063113438628879,1.525,0.5,6.5,1.0049589543107027,6.095000000000001,2.0,21.355,0.15,7.927781011571691,0.9214807915130552,7.195,1.6200511360512582,0.385,1.0020902923315058,1.0,1.063113438628879,1.525,0.5,6.5,1.0049589543107027,6.095000000000001,2.0,21.355,0.15,7.927781011571691,0.9214807915130552,1.2184,1.2214,26.0,50.0,60.0,14.0,55.0
highdim,SKY130-BGR-highdim,16,8,320345,ACO,40,-32.34556,32.34556,0,1,1.219205,7.665204,57.4933,70.545,29.5963,29.65108,0,0,0,0,0,0,7455.0,1,-32.34556,32.34556,1.219205,7.665204,57.4933,70.545,29.5963,29.65108,25997.21055438742,220000,220000,82000.0,18.91167564459384,220001,117465,measure_failed=102225;no_convergence=311,0,PSRR_worst_case_10Hz_10MHz,32.34556,36.73154,32.34556,36.73154,1,6.365,1.931595067475076,0.435,1.0208364179118885,1.0,1.3771599101489875,3.02,0.5,9.065,0.506236268442732,8.0,1.3186590702935015,25.74,2.07,3.890741087013248,0.9194429353558164,6.365,1.931595067475076,0.435,1.0208364179118885,1.0,1.3771599101489875,3.02,0.5,9.065,0.506236268442732,8.0,1.3186590702935015,25.74,2.07,3.890741087013248,0.9194429353558164,1.2184,1.2214,26.0,50.0,60.0,14.0,55.0
highdim,SKY130-BGR-highdim,16,9,321345,ACO,40,-40.10248,40.10248,0,1,1.220281,22.55814,53.9188,68.696,20.5736,49.35067,0,0,0,0,0,0,1664.0,1,-40.10248,40.10248,1.220281,22.55814,53.9188,68.696,20.5736,49.35067,28804.04005478695,220000,220000,216800.0,-11.478514763658016,220001,145449,measure_failed=74488;no_convergence=64,0,PSRR_worst_case_10Hz_10MHz,40.10248,40.10248,40.10248,40.10248,1,7.96,1.994903993639606,1.045,0.9465445583778834,1.845,1.9074055343194132,0.15,1.0,38.33,0.5,7.9,1.8891293313803712,39.53,0.3,10.716232046762665,1.009496926972922,7.96,1.994903993639606,1.045,0.9465445583778834,1.845,1.9074055343194132,0.15,1.0,38.33,0.5,7.9,1.8891293313803712,39.53,0.3,10.716232046762665,1.009496926972922,1.2184,1.2214,26.0,50.0,60.0,14.0,55.0
highdim,SKY130-BGR-highdim,16,10,322345,ACO,40,-40.10303,40.10303,0,1,1.218685,11.84088,50.4268,71.79,28.6991,34.97377,0,0,0,0,0,0,4556.0,1,-40.10303,40.10303,1.218685,11.84088,50.4268,71.79,28.6991,34.97377,26484.24268323742,220000,220000,204720.0,-0.4965765362683464,220001,144893,measure_failed=75028;no_convergence=80,0,PSRR_worst_case_10Hz_10MHz,40.10303,40.10303,40.10303,40.10303,1,7.555,1.9224183095226448,0.3299999999999999,0.9984649991377336,3.51,1.8317261182569875,0.15,1.0592264425718727,3.255,0.6223035858223633,4.315,1.8379730337611573,13.695,1.99,5.745394212234225,0.913769776038775,7.555,1.9224183095226448,0.3299999999999999,0.9984649991377336,3.51,1.8317261182569875,0.15,1.0592264425718727,3.255,0.6223035858223633,4.315,1.8379730337611573,13.695,1.99,5.745394212234225,0.913769776038775,1.2184,1.2214,26.0,50.0,60.0,14.0,55.0
highdim,SKY130-BGR-highdim,16,11,323345,ACO,40,-38.1732,38.1732,0,1,1.220859,21.28159,54.3527,63.64,19.7512,40.10717,0,0,0,0,0,0,19549.0,1,-38.1732,38.1732,1.220859,21.28159,54.3527,63.64,19.7512,40.10717,25204.2835984882,220000,220000,182200.0,68.23038187012213,220001,108531,measure_failed=108879;no_convergence=2591,0,PSRR_worst_case_10Hz_10MHz,38.1732,39.20324,38.1732,39.20324,1,7.285,1.65092683853348,0.49,0.9898015696157209,2.7350000000000003,1.905581895256281,0.615,2.0,22.59,0.5135328643019637,5.415,1.1760154173168968,25.795,1.225,7.501598257478728,0.9779708861443172,7.285,1.65092683853348,0.49,0.9898015696157209,2.7350000000000003,1.905581895256281,0.615,2.0,22.59,0.5135328643019637,5.415,1.1760154173168968,25.795,1.225,7.501598257478728,0.9779708861443172,1.2184,1.2214,26.0,50.0,60.0,14.0,55.0
highdim,SKY130-BGR-highdim,16,12,324345,ACO,40,-36.78849,36.78849,0,1,1.219423,19.48761,54.6279,75.677,26.1252,45.26026,0,0,0,0,0,0,22045.0,1,-36.78849,36.78849,1.219423,19.48761,54.6279,75.677,26.1252,45.26026,29115.63578226976,220000,220000,205520.0,78.53266293186901,220001,128980,measure_failed=90713;no_convergence=308,0,PSRR_worst_case_10Hz_10MHz,36.78849,37.57438,36.78849,37.57438,1,7.085,1.936304078751845,0.895,1.0043830058442142,1.4,2.0,0.15,1.6693184608468496,5.32,0.6228659030717311,3.56,1.8599319197114053,8.0,3.9,9.309944668674865,0.9,7.085,1.936304078751845,0.895,1.0043830058442142,1.4,2.0,0.15,1.6693184608468496,5.32,0.6228659030717311,3.56,1.8599319197114053,8.0,3.9,9.309944668674865,0.9,1.2184,1.2214,26.0,50.0,60.0,14.0,55.0
highdim,SKY130-BGR-highdim,16,13,325345,ACO,40,-23.01293,23.01293,0,1,1.220038,25.43388,57.9294,81.2466,28.7399,32.93357,0,0,0,0,0,0,5611.0,1,-23.01293,23.01293,1.220038,25.43388,57.9294,81.2466,28.7399,32.93357,24584.36152842641,220000,220000,101160.0,6.85284117539853,220001,103900,measure_failed=114667;no_convergence=1434,0,PSRR_worst_case_10Hz_10MHz,23.01293,54.41303,23.01293,54.41303,1,9.21,1.2622967227348392,1.14,0.9771654244414456,1.725,1.1950642456750635,0.15,1.0,1.0,0.7785179482079906,6.945,1.242386761070158,44.65,4.99,5.021109585168324,1.020758516686213,9.21,1.2622967227348392,1.14,0.9771654244414456,1.725,1.1950642456750635,0.15,1.0,1.0,0.7785179482079906,6.945,1.242386761070158,44.65,4.99,5.021109585168324,1.020758516686213,1.2184,1.2214,26.0,50.0,60.0,14.0,55.0
highdim,SKY130-BGR-highdim,16,14,326345,ACO,40,-35.94342,35.94342,0,1,1.220138,11.77214,52.5592,79.445,23.1479,36.97081,0,0,0,0,0,0,20312.0,1,-35.94342,35.94342,1.220138,11.77214,52.5592,79.445,23.1479,36.97081,24720.318057540804,220000,220000,217880.0,66.675513462618,220001,119233,measure_failed=100567;no_convergence=201,0,PSRR_worst_case_10Hz_10MHz,35.94342,35.94342,35.94342,35.94342,1,5.3100000000000005,2.0,1.12,0.945288438586837,1.925,1.5931343368947035,1.315,0.7542638009485525,1.465,0.5236756457962529,2.47,1.9536417826479655,8.0,2.775,6.422812834711329,0.905787163269112,5.3100000000000005,2.0,1.12,0.945288438586837,1.925,1.5931343368947035,1.315,0.7542638009485525,1.465,0.5236756457962529,2.47,1.9536417826479655,8.0,2.775,6.422812834711329,0.905787163269112,1.2184,1.2214,26.0,50.0,60.0,14.0,55.0
highdim,SKY130-BGR-highdim,16,15,327345,ACO,40,-28.97496,28.97496,0,1,1.21941,23.91122,51.7884,60.482,29.9374,29.7787,0,0,0,0,0,0,2133.0,1,-28.97496,28.97496,1.21941,23.91122,51.7884,60.482,29.9374,29.7787,22427.715244935825,220000,220000,140600.0,-10.96868928576948,220001,86428,measure_failed=132519;no_convergence=1054,0,PSRR_worst_case_10Hz_10MHz,28.97496,39.14962,28.97496,39.14962,1,12.06,0.99997085775158,0.15,1.0,1.0,1.257069441594223,8.0,0.7962598811511374,2.39,1.7074700906983735,6.590000000000001,1.316198387961238,25.435,3.43,3.933095857081285,0.9077246941904143,12.06,0.99997085775158,0.15,1.0,1.0,1.257069441594223,8.0,0.7962598811511374,2.39,1.7074700906983735,6.590000000000001,1.316198387961238,25.435,3.43,3.933095857081285,0.9077246941904143,1.2184,1.2214,26.0,50.0,60.0,14.0,55.0
highdim,SKY130-BGR-highdim,16,16,328345,ACO,40,-33.47228,33.47228,0,1,1.219338,15.37844,50.184,72.711,32.9994,28.81598,0,0,0,0,0,0,7307.0,1,-33.47228,33.47228,1.219338,15.37844,50.184,72.711,32.9994,28.81598,26640.02590543218,220000,220000,180600.0,13.677985052432067,220001,126934,measure_failed=92601;no_convergence=466,0,PSRR_worst_case_10Hz_10MHz,33.47228,39.11874,33.47228,39.11874,1,11.98,1.526137316783647,0.36,1.006655518530926,2.315,2.0,0.285,1.289707721400452,3.545,1.1223843077618925,6.62,2.0,14.82,4.835000000000001,3.600601941825835,0.9177156058391008,11.98,1.526137316783647,0.36,1.006655518530926,2.315,2.0,0.285,1.289707721400452,3.545,1.1223843077618925,6.62,2.0,14.82,4.835000000000001,3.600601941825835,0.9177156058391008,1.2184,1.2214,26.0,50.0,60.0,14.0,55.0
highdim,SKY130-BGR-highdim,16,17,329345,ACO,40,-42.74176,42.74176,0,1,1.221119,12.66102,58.9912,60.510000000000005,21.5676,41.64998,0,0,0,0,0,0,17782.0,1,-42.74176,42.74176,1.221119,12.66102,58.9912,60.510000000000005,21.5676,41.64998,30177.30009446852,220000,220000,217880.0,65.95584925856255,220001,140106,measure_failed=79674;no_convergence=221,0,PSRR_worst_case_10Hz_10MHz,42.74176,42.74176,42.74176,42.74176,1,6.42,1.9057738331219207,0.885,1.0122261245666289,3.375,1.984843083561429,0.16,1.0367489225275792,4.03,0.5065071518326895,4.760000000000001,1.4569882301332675,9.615,1.065,8.03477725756339,0.9,6.42,1.9057738331219207,0.885,1.0122261245666289,3.375,1.984843083561429,0.16,1.0367489225275792,4.03,0.5065071518326895,4.760000000000001,1.4569882301332675,9.615,1.065,8.03477725756339,0.9,1.2184,1.2214,26.0,50.0,60.0,14.0,55.0
highdim,SKY130-BGR-highdim,16,18,330345,ACO,40,-44.70565,44.70565,0,1,1.220758,17.18753,56.3257,65.384,20.456,43.64667,0,0,0,0,0,0,2648.0,1,-44.70565,44.70565,1.220758,17.18753,56.3257,65.384,20.456,43.64667,30362.55011019297,220000,220000,201960.0,-15.658194050768415,220001,164077,measure_failed=55872;no_convergence=52,0,PSRR_worst_case_10Hz_10MHz,44.70565,48.62252,44.70565,48.62252,1,13.78,1.8093494235041456,0.49,1.0187938605964282,4.13,1.4109174324319247,0.245,1.0582804116359437,6.07,0.7967626936741575,7.73,1.9765681768558057,41.445,0.15,8.728152519213118,0.916862962190305,13.78,1.8093494235041456,0.49,1.0187938605964282,4.13,1.4109174324319247,0.245,1.0582804116359437,6.07,0.7967626936741575,7.73,1.9765681768558057,41.445,0.15,8.728152519213118,0.916862962190305,1.2184,1.2214,26.0,50.0,60.0,14.0,55.0
highdim,SKY130-BGR-highdim,16,19,331345,ACO,40,-49.08733,49.08733,0,1,1.219931,19.14664,60.0025,65.766,20.7885,41.911,0,0,0,0,0,0,7576.0,1,-49.08733,49.08733,1.219931,19.14664,60.0025,65.766,20.7885,41.911,27477.10051485524,220000,220000,206480.0,0.2740232276055886,220001,145675,measure_failed=74187;no_convergence=139,0,PSRR_worst_case_10Hz_10MHz,49.08733,52.92419,49.08733,52.92419,1,6.2700000000000005,1.896599232531956,0.3349999999999999,0.991992995313863,1.605,1.441823740896473,0.185,2.0,3.08,0.7022584502274071,6.485,2.0,27.255,0.195,8.136425439634495,0.9359601219444788,6.2700000000000005,1.896599232531956,0.3349999999999999,0.991992995313863,1.605,1.441823740896473,0.185,2.0,3.08,0.7022584502274071,6.485,2.0,27.255,0.195,8.136425439634495,0.9359601219444788,1.2184,1.2214,26.0,50.0,60.0,14.0,55.0
highdim,SKY130-BGR-highdim,16,20,332345,ACO,40,-42.46078,42.46078,0,1,1.220442,7.230366,50.9216,80.9736,28.5592,34.60136,0,0,0,0,0,0,9416.0,1,-42.46078,42.46078,1.220442,7.230366,50.9216,80.9736,28.5592,34.60136,27029.96761789732,220000,220000,212120.0,17.824654953204327,220001,138178,measure_failed=81754;no_convergence=69,0,PSRR_worst_case_10Hz_10MHz,42.46078,42.63996,42.46078,42.63996,1,5.955,2.0,0.32,0.993033349494266,2.33,1.8968185807506768,0.15,1.7297415240035212,3.265,0.5,2.715,1.7290619032353942,10.77,2.755,5.596189026579412,0.9,5.955,2.0,0.32,0.993033349494266,2.33,1.8968185807506768,0.15,1.7297415240035212,3.265,0.5,2.715,1.7290619032353942,10.77,2.755,5.596189026579412,0.9,1.2184,1.2214,26.0,50.0,60.0,14.0,55.0
highdim,SKY130-BGR-highdim,16,21,333345,ACO,40,-38.09178,38.09178,0,1,1.219441,22.14129,59.9342,66.597,26.9522,34.60972,0,0,0,0,0,0,23420.0,1,-38.09178,38.09178,1.219441,22.14129,59.9342,66.597,26.9522,34.60972,25345.499594541267,220000,220000,65240.0,76.00293091345871,220001,117923,measure_failed=101142;no_convergence=936,0,PSRR_worst_case_10Hz_10MHz,38.09178,39.56438,38.09178,39.56438,1,7.765000000000001,1.670711301093044,0.35,1.0360373552119788,1.86,0.8531437396928286,0.7250000000000001,1.0194907452107542,8.415,0.5004813442718207,4.880000000000001,1.0161742392650663,33.415,1.245,5.609169885737787,1.1385091244271546,7.765000000000001,1.670711301093044,0.35,1.0360373552119788,1.86,0.8531437396928286,0.7250000000000001,1.0194907452107542,8.415,0.5004813442718207,4.880000000000001,1.0161742392650663,33.415,1.245,5.609169885737787,1.1385091244271546,1.2184,1.2214,26.0,50.0,60.0,14.0,55.0
highdim,SKY130-BGR-highdim,16,22,334345,ACO,40,-28.61324,28.61324,0,1,1.21895,17.29258,50.8297,74.654,34.9982,25.12667,0,0,0,0,0,0,6463.0,1,-28.61324,28.61324,1.21895,17.29258,50.8297,74.654,34.9982,25.12667,28229.320528432727,220000,220000,142040.0,10.84581269373952,220001,126284,measure_failed=91879;no_convergence=1838,0,PSRR_worst_case_10Hz_10MHz,28.61324,33.50321,28.61324,33.50321,1,12.045,1.242375970922919,0.275,1.0382394513021485,2.2,2.0,1.765,0.7703724000311822,1.0,1.6010378133232552,7.945,1.434685015159681,20.82,5.680000000000001,2.323906278458575,0.9100642544274608,12.045,1.242375970922919,0.275,1.0382394513021485,2.2,2.0,1.765,0.7703724000311822,1.0,1.6010378133232552,7.945,1.434685015159681,20.82,5.680000000000001,2.323906278458575,0.9100642544274608,1.2184,1.2214,26.0,50.0,60.0,14.0,55.0
highdim,SKY130-BGR-highdim,16,23,335345,ACO,40,-48.01581,48.01581,0,1,1.219608,23.48991,54.844,63.482,20.6863,53.3297,0,0,0,0,0,0,12656.0,1,-48.01581,48.01581,1.219608,23.48991,54.844,63.482,20.6863,53.3297,29603.508773855865,220000,220000,206840.0,26.666861028209205,220001,156158,measure_failed=63590;no_convergence=253,0,PSRR_worst_case_10Hz_10MHz,48.01581,51.47195,48.01581,51.47195,1,6.07,1.9709027397217505,0.95,1.005776907317529,1.0,1.4737231069264936,0.3299999999999999,0.9000335953535372,18.825,0.505773884431069,5.510000000000001,1.420466837535702,36.34,0.375,12.106051329149372,1.088048023285688,6.07,1.9709027397217505,0.95,1.005776907317529,1.0,1.4737231069264936,0.3299999999999999,0.9000335953535372,18.825,0.505773884431069,5.510000000000001,1.420466837535702,36.34,0.375,12.106051329149372,1.088048023285688,1.2184,1.2214,26.0,50.0,60.0,14.0,55.0
highdim,SKY130-BGR-highdim,16,24,336345,ACO,40,-43.21036,43.21036,0,1,1.22135,25.25769,50.9755,61.408,19.0514,54.47009,0,0,0,0,0,0,2874.0,1,-43.21036,43.21036,1.22135,25.25769,50.9755,61.408,19.0514,54.47009,30723.468860339373,220000,220000,211800.0,-19.257436852599334,220001,160787,measure_failed=59091;no_convergence=123,0,PSRR_worst_case_10Hz_10MHz,43.21036,50.4846,43.21036,50.4846,1,9.34,1.9726878354201889,0.985,0.9619493554979016,1.0,0.8493115068930699,0.76,1.0458354060543906,14.54,0.557132548183874,5.8950000000000005,1.9502827551486528,40.26,0.15,12.47939721222761,0.9501400452409337,9.34,1.9726878354201889,0.985,0.9619493554979016,1.0,0.8493115068930699,0.76,1.0458354060543906,14.54,0.557132548183874,5.8950000000000005,1.9502827551486528,40.26,0.15,12.47939721222761,0.9501400452409337,1.2184,1.2214,26.0,50.0,60.0,14.0,55.0
highdim,SKY130-BGR-highdim,16,25,337345,ACO,40,-38.93256,38.93256,0,1,1.220082,17.24176,51.4595,79.548,22.1332,48.18641,0,0,0,0,0,0,9036.0,1,-38.93256,38.93256,1.220082,17.24176,51.4595,79.548,22.1332,48.18641,25874.190995655958,220000,220000,166800.0,14.457667258010268,220001,135318,measure_failed=84601;no_convergence=82,0,PSRR_worst_case_10Hz_10MHz,38.93256,38.93256,38.93256,38.93256,1,7.88,1.9396986527242757,0.4549999999999999,0.9706284673374368,1.465,0.8430971686148141,0.7250000000000001,2.0,1.775,0.5,3.01,1.8967621672840849,8.0,4.325,10.318469681048436,0.9,7.88,1.9396986527242757,0.4549999999999999,0.9706284673374368,1.465,0.8430971686148141,0.7250000000000001,2.0,1.775,0.5,3.01,1.8967621672840849,8.0,4.325,10.318469681048436,0.9,1.2184,1.2214,26.0,50.0,60.0,14.0,55.0
highdim,SKY130-BGR-highdim,16,26,338345,ACO,40,-37.69563,37.69563,0,1,1.218912,22.46912,53.5482,61.781000000000006,21.3828,32.77049,0,0,0,0,0,0,21147.0,1,-37.69563,37.69563,1.218912,22.46912,53.5482,61.781000000000006,21.3828,32.77049,26678.205576641485,220000,220000,187960.0,75.52433582775375,220001,128265,measure_failed=91284;no_convergence=452,0,PSRR_worst_case_10Hz_10MHz,37.69563,43.49096,37.69563,43.49096,1,11.01,2.0,0.97,0.968160145640395,1.0,1.036595220062678,0.29,0.7050990325301917,4.62,0.5169646464757415,4.91,2.0,45.75,0.15,4.973175674111396,0.9,11.01,2.0,0.97,0.968160145640395,1.0,1.036595220062678,0.29,0.7050990325301917,4.62,0.5169646464757415,4.91,2.0,45.75,0.15,4.973175674111396,0.9,1.2184,1.2214,26.0,50.0,60.0,14.0,55.0
highdim,SKY130-BGR-highdim,16,27,339345,ACO,40,-39.63912,39.63912,0,1,1.218977,13.43402,55.3255,71.978,25.7645,38.25092,0,0,0,0,0,0,28562.0,1,-39.63912,39.63912,1.218977,13.43402,55.3255,71.978,25.7645,38.25092,28521.921666976064,220000,220000,219720.0,100.85222818561812,220001,137253,measure_failed=82472;no_convergence=276,0,PSRR_worst_case_10Hz_10MHz,39.63912,43.21082,39.63912,43.21082,1,7.08,1.99227829467146,0.415,1.00013664774493,3.955,2.0,0.15,1.5101444992089372,2.345,0.5975383650565232,3.835,1.9180251114383124,12.87,2.0500000000000003,6.87996553928368,0.908232377241301,7.08,1.99227829467146,0.415,1.00013664774493,3.955,2.0,0.15,1.5101444992089372,2.345,0.5975383650565232,3.835,1.9180251114383124,12.87,2.0500000000000003,6.87996553928368,0.908232377241301,1.2184,1.2214,26.0,50.0,60.0,14.0,55.0
highdim,SKY130-BGR-highdim,16,28,340345,ACO,40,-27.34628,27.34628,0,1,1.218705,8.563486,51.5382,82.8978,23.1281,33.16727,0,0,0,0,0,0,5081.0,1,-27.34628,27.34628,1.218705,8.563486,51.5382,82.8978,23.1281,33.16727,22438.062706684694,220000,220000,35080.0,0.0405654028882005,220001,74300,measure_failed=144969;no_convergence=732,0,PSRR_worst_case_10Hz_10MHz,27.34628,34.79991,27.34628,34.79991,1,22.395,1.496714675989082,0.15,1.0,3.065,1.5427783992735238,1.44,0.5,1.0,1.6705596273809462,0.945,1.8127814474035373,54.615,2.33,5.117088346598937,0.9010651187833808,22.395,1.496714675989082,0.15,1.0,3.065,1.5427783992735238,1.44,0.5,1.0,1.6705596273809462,0.945,1.8127814474035373,54.615,2.33,5.117088346598937,0.9010651187833808,1.2184,1.2214,26.0,50.0,60.0,14.0,55.0
highdim,SKY130-BGR-highdim,16,29,341345,ACO,40,-35.13649,35.13649,0,1,1.219217,25.67967,59.4831,68.885,28.1476,32.78056,0,0,0,0,0,0,12232.0,1,-35.13649,35.13649,1.219217,25.67967,59.4831,68.885,28.1476,32.78056,24871.67153212987,220000,220000,210760.0,46.38415726446256,220001,101128,measure_failed=118811;no_convergence=62,0,PSRR_worst_case_10Hz_10MHz,35.13649,35.13649,35.13649,35.13649,1,5.595,1.7724409492899094,1.13,0.9190412267036832,1.235,1.7347565376363918,0.2,0.8128581588607381,4.285,0.5,7.56,1.5807029948565408,28.975,0.99,4.97653400841363,0.9132882632291428,5.595,1.7724409492899094,1.13,0.9190412267036832,1.235,1.7347565376363918,0.2,0.8128581588607381,4.285,0.5,7.56,1.5807029948565408,28.975,0.99,4.97653400841363,0.9132882632291428,1.2184,1.2214,26.0,50.0,60.0,14.0,55.0
highdim,SKY130-BGR-highdim,16,0,312345,FA,40,982.84554,17.15446,1,0,1.2184,6031.453,50.0,83.0653,34.1596,23.95814,0,1,0,0,0,0,,0,,,,,,,,,3721.177510499954,220000,220000,20157.0,986.3739375672224,220001,219272,measure_failed=436;no_convergence=293,0,PSRR_worst_case_10Hz_10MHz,17.15446,30.12893,,,1,5.0600000000000005,1.5375546020379949,2.355,1.4211805704053049,15.065,0.6537889741364822,0.15,1.0,18.76,0.5866873378092287,4.33,0.5764072040756807,91.155,5.095000000000001,1.923258244563184,1.4987378549488333,,,,,,,,,,,,,,,,,1.2184,1.2214,26.0,50.0,60.0,14.0,55.0
highdim,SKY130-BGR-highdim,16,1,313345,FA,40,980.45867,19.54133,1,0,1.2184,24.98557,33.1671,84.9559,22.5193,39.49312,0,0,1,0,0,0,,0,,,,,,,,,2270.200549488887,220000,220000,14611.0,997.2311235861528,220001,218877,measure_failed=1123;no_convergence=1,0,PSRR_worst_case_10Hz_10MHz,19.54133,36.86932,,,1,37.06,0.7570417984765577,1.345,0.6232663157715902,27.515,0.8243053829219332,0.1649999999999999,0.9090909090909092,13.045,0.9641547192777672,0.3299999999999999,1.3759072216713475,28.445,7.99,7.31874360576035,1.423851107427589,,,,,,,,,,,,,,,,,1.2184,1.2214,26.0,50.0,60.0,14.0,55.0
highdim,SKY130-BGR-highdim,16,2,314345,FA,40,-20.17896,20.17896,0,1,1.2184,24.37374,53.0057,62.057,25.2267,37.88451,0,0,0,0,0,0,1185.0,1,-20.17896,20.17896,1.2184,24.37374,53.0057,62.057,25.2267,37.88451,2738.413496291265,220000,220000,14603.0,-11.7678339502225,220001,219492,measure_failed=493;no_convergence=16,0,PSRR_worst_case_10Hz_10MHz,20.17896,28.4634,20.17896,28.4634,1,15.935,1.645265335873754,0.855,1.306164749448889,11.87,0.6906399196792589,1.73,1.9517547954141388,11.025,1.6473616062791907,7.855,1.7323572690717892,72.08,6.840000000000001,6.759173740569615,0.9567468916411792,15.935,1.645265335873754,0.855,1.306164749448889,11.87,0.6906399196792589,1.73,1.9517547954141388,11.025,1.6473616062791907,7.855,1.7323572690717892,72.08,6.840000000000001,6.759173740569615,0.9567468916411792,1.2184,1.2214,26.0,50.0,60.0,14.0,55.0
highdim,SKY130-BGR-highdim,16,3,315345,FA,40,-12.63115,12.63115,0,1,1.220152,21.70122,50.0,78.712,31.2413,27.9155,0,0,0,0,0,0,717.0,1,-12.63115,12.63115,1.220152,21.70122,50.0,78.712,31.2413,27.9155,2498.2825670987368,220000,220000,15379.0,-9.11820821951168,220001,219560,measure_failed=440;no_convergence=1,0,PSRR_worst_case_10Hz_10MHz,12.63115,32.47584,12.63115,32.47584,1,25.83,0.935116678546268,1.825,0.8497880453961322,30.535,0.6179029369542273,0.15,1.0,29.89,1.1381201412698434,2.22,1.398171255821078,91.495,4.675000000000001,3.2768533663554367,1.644636722460067,25.83,0.935116678546268,1.825,0.8497880453961322,30.535,0.6179029369542273,0.15,1.0,29.89,1.1381201412698434,2.22,1.398171255821078,91.495,4.675000000000001,3.2768533663554367,1.644636722460067,1.2184,1.2214,26.0,50.0,60.0,14.0,55.0
highdim,SKY130-BGR-highdim,16,4,316345,FA,40,974.36679,25.63321,1,0,1.218659,5967.422,55.2318,65.048,15.9659,46.20173,0,1,0,0,0,0,,0,,,,,,,,,3574.538770256564,220000,220000,22508.0,981.1694266665075,220001,219281,measure_failed=531;no_convergence=189,0,PSRR_worst_case_10Hz_10MHz,25.63321,26.16105,,,1,5.0,1.9629611419645172,2.915,1.877160408338957,1.0,1.7133042527783044,3.62,1.923791793720125,18.33,1.2260066795113131,3.66,1.1071211149594105,46.99,3.34,9.643825030708816,0.9247466468597336,,,,,,,,,,,,,,,,,1.2184,1.2214,26.0,50.0,60.0,14.0,55.0
highdim,SKY130-BGR-highdim,16,5,317345,FA,40,979.42979,20.57021,1,0,1.2184,25.62228,41.8613,79.957,40.2953,23.01476,0,0,1,0,0,0,,0,,,,,,,,,2331.7191592529416,220000,220000,15651.0,986.1885682093736,220001,219122,measure_failed=852;no_convergence=27,0,PSRR_worst_case_10Hz_10MHz,20.57021,36.50698,,,1,4.220000000000001,0.9985851031512286,4.655,0.9061236904325674,1.0,0.8303672764183647,0.5650000000000001,1.6127356111909776,12.225,1.1981917808193978,6.115,1.381235572193992,66.725,4.680000000000001,1.5958322661492996,1.541238715941628,,,,,,,,,,,,,,,,,1.2184,1.2214,26.0,50.0,60.0,14.0,55.0
highdim,SKY130-BGR-highdim,16,6,318345,FA,40,977.94737,22.05263,1,0,1.2184,117.173,50.0,85.2698,34.9191,30.75143,0,1,0,0,0,0,,0,,,,,,,,,2618.681409034878,220000,220000,13683.0,984.7593177959944,220001,219200,measure_failed=771;no_convergence=30,0,PSRR_worst_case_10Hz_10MHz,22.05263,42.25347,,,1,2.265,1.8280623883837324,3.825,1.3112112427223823,1.69,1.1786557503132855,0.985,0.7832165388636391,31.24,0.7233616804891577,3.98,1.002463291488222,70.1,5.455,4.282259961604241,1.0667939385706748,,,,,,,,,,,,,,,,,1.2184,1.2214,26.0,50.0,60.0,14.0,55.0
highdim,SKY130-BGR-highdim,16,7,319345,FA,40,983.77164,16.22836,1,0,1.2184,5244.599,50.0,82.8896,27.6266,30.48739,0,1,0,0,0,0,,0,,,,,,,,,2404.75501973182,220000,220000,14707.0,990.5980753472504,220001,219283,measure_failed=707;no_convergence=11,0,PSRR_worst_case_10Hz_10MHz,16.22836,43.49032,,,1,24.045,1.712948977120212,1.76,1.1539584689372409,23.965,0.5541971155410237,0.15,1.0,36.22,0.5666488366854805,3.755,1.004843269550461,75.34,7.74,4.190800560936181,1.4998209273183176,,,,,,,,,,,,,,,,,1.2184,1.2214,26.0,50.0,60.0,14.0,55.0
highdim,SKY130-BGR-highdim,16,8,320345,FA,40,-20.22083,20.22083,0,1,1.2184,25.9655,50.0,86.6329,36.8399,25.78577,0,0,0,0,0,0,2611.0,1,-20.22083,20.22083,1.2184,25.9655,50.0,86.6329,36.8399,25.78577,2434.1281944084917,220000,220000,14976.0,-5.110512429715591,220001,219178,measure_failed=795;no_convergence=28,0,PSRR_worst_case_10Hz_10MHz,20.22083,33.04586,20.22083,33.04586,1,2.995,1.0651315320713193,5.260000000000001,0.8192690542481293,2.3200000000000003,0.997146183810402,4.62,1.2950898445014478,4.445,1.0877212467345097,6.305000000000001,1.6222858912295868,85.92,6.720000000000001,2.5580907285603147,1.0402054974571122,2.995,1.0651315320713193,5.260000000000001,0.8192690542481293,2.3200000000000003,0.997146183810402,4.62,1.2950898445014478,4.445,1.0877212467345097,6.305000000000001,1.6222858912295868,85.92,6.720000000000001,2.5580907285603147,1.0402054974571122,1.2184,1.2214,26.0,50.0,60.0,14.0,55.0
highdim,SKY130-BGR-highdim,16,9,321345,FA,40,976.67289,23.32711,1,0,1.218401,6231.982,50.1021,83.7468,31.9717,28.37225,0,1,0,0,0,0,,0,,,,,,,,,1956.30887586996,220000,220000,14406.0,980.0882894408612,220001,218936,measure_failed=1062;no_convergence=3,0,PSRR_worst_case_10Hz_10MHz,23.32711,39.74538,,,1,4.505,1.4479807748350977,2.25,1.0406094111606523,1.0,0.828161228259139,2.86,1.913476145568511,34.075,1.7290308745787073,1.355,1.9521543881560783,52.145,7.03,3.4565795616436064,1.1057019855204184,,,,,,,,,,,,,,,,,1.2184,1.2214,26.0,50.0,60.0,14.0,55.0
highdim,SKY130-BGR-highdim,16,10,322345,FA,40,978.42774,21.57226,1,0,1.218401,25.99035,46.0842,85.7715,25.5032,35.41709,0,0,1,0,0,0,,0,,,,,,,,,3319.4635348599404,220000,220000,22048.0,980.1950592312576,220001,219426,measure_failed=573;no_convergence=2,0,PSRR_worst_case_10Hz_10MHz,21.57226,30.11852,,,1,10.495,1.1790895803307453,2.265,0.7482469329637034,1.0,0.5061407305277094,4.375,1.501964775844357,14.865,0.8436853119944996,1.2049999999999998,1.693487427837233,45.905,7.920000000000001,5.902925161052985,1.4101593112870554,,,,,,,,,,,,,,,,,1.2184,1.2214,26.0,50.0,60.0,14.0,55.0
highdim,SKY130-BGR-highdim,16,11,323345,FA,40,976.38653,23.61347,1,0,1.218401,4685.988,50.4046,82.3006,21.7034,53.44895,0,1,0,0,0,0,,0,,,,,,,,,2856.0684322863817,220000,220000,15787.0,979.829252836513,220001,219330,measure_failed=665;no_convergence=6,0,PSRR_worst_case_10Hz_10MHz,23.61347,23.61347,,,1,6.63,0.7486040212205262,1.4549999999999998,0.6517667885348034,12.8,1.0172658778186892,0.1649999999999999,1.5697603576643278,16.895,0.8636041875383694,0.73,1.332957105284324,87.505,3.09,12.16280503256339,1.1778435812648829,,,,,,,,,,,,,,,,,1.2184,1.2214,26.0,50.0,60.0,14.0,55.0
highdim,SKY130-BGR-highdim,16,12,324345,FA,40,1987.02582,12.97418,2,0,1.096705,25.99522,7.56873,107.6271,40.0961,21.20888,1,0,1,0,0,0,,0,,,,,,,,,2244.530536893755,220000,220000,17750.0,1988.7705789488807,220001,217570,measure_failed=2426;no_convergence=5,0,PSRR_worst_case_10Hz_10MHz,12.97418,12.97418,,,1,5.23,1.2842492313861402,0.15,1.0,33.315,0.9844239570586976,0.15,1.0,35.08,0.7331973698518061,5.3950000000000005,1.6826881046298874,32.93,6.65,2.379221292771456,1.3953484814523467,,,,,,,,,,,,,,,,,1.2184,1.2214,26.0,50.0,60.0,14.0,55.0
highdim,SKY130-BGR-highdim,16,13,325345,FA,40,975.03909,24.96091,1,0,1.2184,5981.042,50.8589,83.7226,22.4413,44.39918,0,1,0,0,0,0,,0,,,,,,,,,3376.512431498617,220000,220000,24524.0,981.8487354735134,220001,219104,measure_failed=885;no_convergence=12,0,PSRR_worst_case_10Hz_10MHz,24.96091,26.57533,,,1,4.995,1.8273768094698064,3.185,1.234444646461179,1.0,1.6771008701559142,3.855,0.7681720480604913,2.21,1.0288515129928544,1.06,1.5728033244447035,42.76,4.355,9.021239356527303,0.9446326220891468,,,,,,,,,,,,,,,,,1.2184,1.2214,26.0,50.0,60.0,14.0,55.0
highdim,SKY130-BGR-highdim,16,14,326345,FA,40,-19.59531,19.59531,0,1,1.2184,22.35918,50.0,64.18,30.8501,33.14668,0,0,0,0,0,0,1307.0,1,-19.59531,19.59531,1.2184,22.35918,50.0,64.18,30.8501,33.14668,2571.889175508172,220000,220000,14852.0,-4.470223830074226,220001,219310,measure_failed=667;no_convergence=24,0,PSRR_worst_case_10Hz_10MHz,19.59531,51.2034,19.59531,51.2034,1,20.105,0.9062602491688316,1.025,0.964851956749259,36.16,0.9851909523247584,0.235,0.6382978723404256,12.77,1.760422212594302,8.0,1.6221127798048822,76.06,7.45,5.114125309749726,1.1052429352144648,20.105,0.9062602491688316,1.025,0.964851956749259,36.16,0.9851909523247584,0.235,0.6382978723404256,12.77,1.760422212594302,8.0,1.6221127798048822,76.06,7.45,5.114125309749726,1.1052429352144648,1.2184,1.2214,26.0,50.0,60.0,14.0,55.0
highdim,SKY130-BGR-highdim,16,15,327345,FA,40,-22.31573,22.31573,0,1,1.2184,20.96639,50.0,62.43300000000001,26.2867,42.74514,0,0,0,0,0,0,1192.0,1,-22.31573,22.31573,1.2184,20.96639,50.0,62.43300000000001,26.2867,42.74514,2631.2658688798547,220000,220000,13838.0,-10.536002034941063,220001,219192,measure_failed=806;no_convergence=3,0,PSRR_worst_case_10Hz_10MHz,22.31573,41.81085,22.31573,41.81085,1,25.53,1.505784005489732,0.555,1.0975676696910786,4.305,0.6259778179861724,0.61,0.5726868936542314,20.29,1.3900139560700695,7.855,1.8673932370727104,42.065,7.715000000000001,8.447457968984846,1.0012973553436295,25.53,1.505784005489732,0.555,1.0975676696910786,4.305,0.6259778179861724,0.61,0.5726868936542314,20.29,1.3900139560700695,7.855,1.8673932370727104,42.065,7.715000000000001,8.447457968984846,1.0012973553436295,1.2184,1.2214,26.0,50.0,60.0,14.0,55.0
highdim,SKY130-BGR-highdim,16,16,328345,FA,40,981.23066,18.76934,1,0,1.2184,25.93565,42.7459,67.429,38.7063,21.69027,0,0,1,0,0,0,,0,,,,,,,,,2054.1661942917854,220000,220000,12880.0,991.4145907054508,220001,219453,measure_failed=534;no_convergence=14,0,PSRR_worst_case_10Hz_10MHz,18.76934,36.53042,,,1,11.115,0.9697848011490284,4.035,0.9690142832704012,9.395,1.5420757326808576,1.06,0.767890134991039,23.245,1.883852124358792,6.9750000000000005,1.832657018586857,75.485,6.430000000000001,1.1360940863021791,0.9153283827756769,,,,,,,,,,,,,,,,,1.2184,1.2214,26.0,50.0,60.0,14.0,55.0
highdim,SKY130-BGR-highdim,16,17,329345,FA,40,979.10944,20.89056,1,0,1.2184,161.2099,50.3313,85.2326,24.7165,53.22686,0,1,0,0,0,0,,0,,,,,,,,,3072.796201778576,220000,220000,20891.0,982.4960466464596,220001,219267,measure_failed=703;no_convergence=31,0,PSRR_worst_case_10Hz_10MHz,20.89056,30.72318,,,1,1.845,1.1544675154715538,1.665,1.0078450152932286,1.0,1.2171155497877575,6.265000000000001,1.6745038092087887,8.225000000000001,1.1412660906849472,2.43,1.3170468866148963,72.72,7.500000000000001,12.086448258607986,1.2931281088514566,,,,,,,,,,,,,,,,,1.2184,1.2214,26.0,50.0,60.0,14.0,55.0
highdim,SKY130-BGR-highdim,16,18,330345,FA,40,975.36155,24.63845,1,0,1.218402,234.3706,50.2197,81.4252,18.8309,48.86156,0,1,0,0,0,0,,0,,,,,,,,,4064.122508749366,220000,220000,20713.0,978.7577802351828,220001,219270,measure_failed=728;no_convergence=3,0,PSRR_worst_case_10Hz_10MHz,24.63845,24.88891,,,1,14.585,1.302136497274332,0.53,0.8739049934478754,4.5,1.7133908511139135,4.735,0.6783334866838676,28.475,0.5841515335863432,0.7200000000000001,1.3109151251012343,45.71,7.460000000000001,10.571085960915156,0.9472045556070467,,,,,,,,,,,,,,,,,1.2184,1.2214,26.0,50.0,60.0,14.0,55.0
highdim,SKY130-BGR-highdim,16,19,331345,FA,40,-24.88724,24.88724,0,1,1.2214,21.90234,50.7642,82.277,21.1136,36.71291,0,0,0,0,0,0,2542.0,1,-24.88724,24.88724,1.2214,21.90234,50.7642,82.277,21.1136,36.71291,2629.829006318003,220000,220000,16649.0,-4.694875812640052,220001,219299,measure_failed=693;no_convergence=9,0,PSRR_worst_case_10Hz_10MHz,24.88724,34.06643,24.88724,34.06643,1,32.545,1.4410874785739145,0.2249999999999999,1.0185312182474835,1.915,1.5277803347319527,1.48,1.8620338770641145,9.335,1.3025239227776757,0.8250000000000001,1.584947935338532,43.375,4.705,6.3174654349933,1.12126870091402,32.545,1.4410874785739145,0.2249999999999999,1.0185312182474835,1.915,1.5277803347319527,1.48,1.8620338770641145,9.335,1.3025239227776757,0.8250000000000001,1.584947935338532,43.375,4.705,6.3174654349933,1.12126870091402,1.2184,1.2214,26.0,50.0,60.0,14.0,55.0
highdim,SKY130-BGR-highdim,16,20,332345,FA,40,2979.94838,20.05162,3,0,1.218406,412.4166,44.7579,72.716,24.0921,107.5345,0,1,1,0,0,1,,0,,,,,,,,,3245.6606108974665,220000,220000,14777.0,2981.701181105549,220001,218690,measure_failed=1310;no_convergence=1,0,PSRR_worst_case_10Hz_10MHz,20.05162,29.22121,,,1,4.805,1.6503786544237895,3.6,1.3820798798806997,1.0,0.9466674316912064,0.15,1.1111040783176458,21.59,1.0122311147255498,7.655,1.288140267451504,74.205,5.455,30.94295059999645,1.2979591975891709,,,,,,,,,,,,,,,,,1.2184,1.2214,26.0,50.0,60.0,14.0,55.0
highdim,SKY130-BGR-highdim,16,21,333345,FA,40,-22.67453,22.67453,0,1,1.221318,20.71284,54.9278,75.476,28.4586,29.29666,0,0,0,0,0,0,1137.0,1,-22.67453,22.67453,1.221318,20.71284,54.9278,75.476,28.4586,29.29666,4215.906334573403,220000,220000,22722.0,-15.902615243932926,220001,219430,measure_failed=560;no_convergence=11,0,PSRR_worst_case_10Hz_10MHz,22.67453,43.5148,22.67453,43.5148,1,28.64,1.2808568617911515,0.56,1.0766160512017966,2.2750000000000004,0.5724424586174195,0.68,1.03713538642164,33.28,1.118967786730546,1.76,1.1819608299079964,52.935,4.28,3.7431125029474512,0.9743400512177788,28.64,1.2808568617911515,0.56,1.0766160512017966,2.2750000000000004,0.5724424586174195,0.68,1.03713538642164,33.28,1.118967786730546,1.76,1.1819608299079964,52.935,4.28,3.7431125029474512,0.9743400512177788,1.2184,1.2214,26.0,50.0,60.0,14.0,55.0
highdim,SKY130-BGR-highdim,16,22,334345,FA,40,972.39529,27.60471,1,0,1.2184,25.95058,35.1029,84.4026,36.8685,33.76966,0,0,1,0,0,0,,0,,,,,,,,,2301.2162595316768,220000,220000,15344.0,977.5617333017424,220001,219078,measure_failed=921;no_convergence=2,0,PSRR_worst_case_10Hz_10MHz,27.60471,64.39973,,,1,2.225,1.9200036279760704,4.515000000000001,0.8806271106380582,1.0,0.7150012279754784,0.1699999999999999,0.8823529411764707,35.21,0.5623888819067593,5.165,1.862248435567657,17.185000000000002,5.08,5.3314448193954105,1.4671470700937432,,,,,,,,,,,,,,,,,1.2184,1.2214,26.0,50.0,60.0,14.0,55.0
highdim,SKY130-BGR-highdim,16,23,335345,FA,40,-18.82677,18.82677,0,1,1.2184,25.47305,50.0,86.7818,32.2374,25.25044,0,0,0,0,0,0,1226.0,1,-18.82677,18.82677,1.2184,25.47305,50.0,86.7818,32.2374,25.25044,2560.151695240289,220000,220000,15401.0,-10.365913190987238,220001,219095,measure_failed=904;no_convergence=2,0,PSRR_worst_case_10Hz_10MHz,18.82677,36.16943,18.82677,36.16943,1,25.74,1.1526416253255638,1.09,0.9037510596188432,6.26,1.3814211410208288,1.3,0.6253325183179915,15.235,0.8851836142039783,2.255,1.388515108528827,94.665,8.0,2.3722689921636,1.2140793977497806,25.74,1.1526416253255638,1.09,0.9037510596188432,6.26,1.3814211410208288,1.3,0.6253325183179915,15.235,0.8851836142039783,2.255,1.388515108528827,94.665,8.0,2.3722689921636,1.2140793977497806,1.2184,1.2214,26.0,50.0,60.0,14.0,55.0
highdim,SKY130-BGR-highdim,16,24,336345,FA,40,-30.76039,30.76039,0,1,1.2214,21.49049,50.5308,84.311,32.6223,28.107,0,0,0,0,0,0,1818.0,1,-30.76039,30.76039,1.2214,21.49049,50.5308,84.311,32.6223,28.107,2723.7279741056263,220000,220000,16549.0,-18.83199640730185,220001,219035,measure_failed=965;no_convergence=1,0,PSRR_worst_case_10Hz_10MHz,30.76039,34.07164,30.76039,34.07164,1,13.495,1.5183873587132817,0.21,1.007633918321302,2.885,0.6914727463748046,0.36,1.7078005696484375,2.365,0.8941999022559293,3.93,1.6142950677561254,26.975,4.925000000000001,3.329758866933484,1.0166635881159816,13.495,1.5183873587132817,0.21,1.007633918321302,2.885,0.6914727463748046,0.36,1.7078005696484375,2.365,0.8941999022559293,3.93,1.6142950677561254,26.975,4.925000000000001,3.329758866933484,1.0166635881159816,1.2184,1.2214,26.0,50.0,60.0,14.0,55.0
highdim,SKY130-BGR-highdim,16,25,337345,FA,40,-20.71864,20.71864,0,1,1.2184,22.62779,50.0123,82.2678,24.5025,28.94481,0,0,0,0,0,0,465.0,1,-20.71864,20.71864,1.2184,22.62779,50.0123,82.2678,24.5025,28.94481,2454.4104052335024,220000,220000,16071.0,-15.577848614061883,220001,218899,measure_failed=1091;no_convergence=11,0,PSRR_worst_case_10Hz_10MHz,20.71864,33.8573,20.71864,33.8573,1,38.715,1.4059822213190047,0.21,1.00633913896943,1.0,0.7678223636334972,7.4,1.3245947686390844,24.02,0.6539139718587271,2.505,1.0883979163205746,62.66,5.44,3.655037322085297,1.174044487685457,38.715,1.4059822213190047,0.21,1.00633913896943,1.0,0.7678223636334972,7.4,1.3245947686390844,24.02,0.6539139718587271,2.505,1.0883979163205746,62.66,5.44,3.655037322085297,1.174044487685457,1.2184,1.2214,26.0,50.0,60.0,14.0,55.0
highdim,SKY130-BGR-highdim,16,26,338345,FA,40,-22.96791,22.96791,0,1,1.2184,25.57253,50.129,84.8041,25.2231,30.94564,0,0,0,0,0,0,3595.0,1,-22.96791,22.96791,1.2184,25.57253,50.129,84.8041,25.2231,30.94564,2262.904851457104,220000,220000,14359.0,-4.471410291549056,220001,219270,measure_failed=729;no_convergence=2,0,PSRR_worst_case_10Hz_10MHz,22.96791,25.40528,22.96791,25.40528,1,3.795,1.4168465514622364,1.34,0.735322646005688,1.0,1.3972844488692902,7.970000000000001,1.5260825916980327,27.055,0.6877215807042775,0.8500000000000001,1.7453058843143243,60.23,6.250000000000001,4.34990619151649,1.041396022823497,3.795,1.4168465514622364,1.34,0.735322646005688,1.0,1.3972844488692902,7.970000000000001,1.5260825916980327,27.055,0.6877215807042775,0.8500000000000001,1.7453058843143243,60.23,6.250000000000001,4.34990619151649,1.041396022823497,1.2184,1.2214,26.0,50.0,60.0,14.0,55.0
highdim,SKY130-BGR-highdim,16,27,339345,FA,40,-22.28858,22.28858,0,1,1.218405,8.645182,50.755,85.5175,23.8373,50.4157,0,0,0,0,0,0,3398.0,1,-22.28858,22.28858,1.218405,8.645182,50.755,85.5175,23.8373,50.4157,4656.686920339242,220000,220000,13981.0,-3.8066500113636943,220001,218985,measure_failed=1015;no_convergence=1,0,PSRR_worst_case_10Hz_10MHz,22.28858,33.3285,22.28858,33.3285,1,5.0,1.9864427120668384,1.6,0.9815143087261318,27.895,1.4612240953343596,0.8200000000000001,0.703284757323075,4.95,0.7141057929856154,0.755,1.8049654095468035,51.915,7.365,11.110597162155209,0.9041982924342844,5.0,1.9864427120668384,1.6,0.9815143087261318,27.895,1.4612240953343596,0.8200000000000001,0.703284757323075,4.95,0.7141057929856154,0.755,1.8049654095468035,51.915,7.365,11.110597162155209,0.9041982924342844,1.2184,1.2214,26.0,50.0,60.0,14.0,55.0
highdim,SKY130-BGR-highdim,16,28,340345,FA,40,974.72796,25.27204,1,0,1.2184,6190.559,50.8979,86.1511,32.1561,27.15185,0,1,0,0,0,0,,0,,,,,,,,,2919.975455153733,220000,220000,16832.0,979.8574904403656,220001,219022,measure_failed=965;no_convergence=14,0,PSRR_worst_case_10Hz_10MHz,25.27204,42.5838,,,1,4.385,1.79250179168516,1.375,1.087146276281444,1.0,0.5913198054427394,1.525,1.6584394634889594,9.11,1.0963746307195157,2.295,1.6468627562810316,37.655,7.275,3.033163746319384,1.1221027373428334,,,,,,,,,,,,,,,,,1.2184,1.2214,26.0,50.0,60.0,14.0,55.0
highdim,SKY130-BGR-highdim,16,29,341345,FA,40,-20.70281,20.70281,0,1,1.2184,24.32898,50.1599,73.646,30.1344,30.66176,0,0,0,0,0,0,1055.0,1,-20.70281,20.70281,1.2184,24.32898,50.1599,73.646,30.1344,30.66176,2866.4484552666545,220000,220000,14670.0,-12.29190942681785,220001,219047,measure_failed=832;no_convergence=122,0,PSRR_worst_case_10Hz_10MHz,20.70281,36.97029,20.70281,36.97029,1,10.795,0.9399474592180568,0.645,0.919688697123673,3.48,1.7739624763521848,1.43,1.4440343974453,33.72,1.039321432456588,4.82,1.248026482578175,86.92,5.825,4.251020767866811,1.0261539839860931,10.795,0.9399474592180568,0.645,0.919688697123673,3.48,1.7739624763521848,1.43,1.4440343974453,33.72,1.039321432456588,4.82,1.248026482578175,86.92,5.825,4.251020767866811,1.0261539839860931,1.2184,1.2214,26.0,50.0,60.0,14.0,55.0
highdim,SKY130-BGR-highdim,16,0,312345,GA,40,-37.29649,37.29649,0,1,1.2214,25.0036,55.0485,60.011,28.8721,32.53061,0,0,0,0,0,0,2716.0,1,-37.29649,37.29649,1.2214,25.0036,55.0485,60.011,28.8721,32.53061,23049.4279450085,220000,220000,184600.0,-17.321110666405303,220001,198024,measure_failed=21947;no_convergence=30,0,PSRR_worst_case_10Hz_10MHz,37.29649,37.29649,37.29649,37.29649,1,3.985,0.8708930869571634,1.59,0.8132546266243236,1.0,1.6622436378554926,0.37,0.6765179325159736,6.01,1.2190209469539504,1.54,1.3952931673519893,29.66,0.525,4.863710417387873,1.4313252990452467,3.985,0.8708930869571634,1.59,0.8132546266243236,1.0,1.6622436378554926,0.37,0.6765179325159736,6.01,1.2190209469539504,1.54,1.3952931673519893,29.66,0.525,4.863710417387873,1.4313252990452467,1.2184,1.2214,26.0,50.0,60.0,14.0,55.0
highdim,SKY130-BGR-highdim,16,1,313345,GA,40,-38.59704,38.59704,0,1,1.21918,25.95883,51.2601,67.552,18.8787,40.76042,0,0,0,0,0,0,7106.0,1,-38.59704,38.59704,1.21918,25.95883,51.2601,67.552,18.8787,40.76042,23289.144701544195,220000,220000,212640.0,-1.1213487731762444,220001,197241,measure_failed=22758;no_convergence=2,0,PSRR_worst_case_10Hz_10MHz,38.59704,38.59704,38.59704,38.59704,1,4.635,1.7578269612985882,0.8500000000000001,1.222576622753136,7.0,0.5000036740706281,0.15,1.6731817514397187,1.88,0.8650679762276376,1.02,1.1070585390637917,81.73,0.22,7.745419763001414,1.370233078537415,4.635,1.7578269612985882,0.8500000000000001,1.222576622753136,7.0,0.5000036740706281,0.15,1.6731817514397187,1.88,0.8650679762276376,1.02,1.1070585390637917,81.73,0.22,7.745419763001414,1.370233078537415,1.2184,1.2214,26.0,50.0,60.0,14.0,55.0
highdim,SKY130-BGR-highdim,16,2,314345,GA,40,-35.7079,35.7079,0,1,1.2214,25.98111,54.0569,60.031000000000006,33.4439,25.23062,0,0,0,0,0,0,710.0,1,-35.7079,35.7079,1.2214,25.98111,54.0569,60.031000000000006,33.4439,25.23062,28354.66219720989,220000,220000,176920.0,-29.91338564813931,220001,199016,measure_failed=20980;no_convergence=5,0,PSRR_worst_case_10Hz_10MHz,35.7079,35.7079,35.7079,35.7079,1,7.045,0.9163488766230568,1.155,0.8756450769153337,1.465,0.6624987863297678,0.15,1.8048784245815637,4.655,1.818080603089252,2.515,1.8641701884147528,32.02,0.88,2.3294374738300143,0.9000000010750921,7.045,0.9163488766230568,1.155,0.8756450769153337,1.465,0.6624987863297678,0.15,1.8048784245815637,4.655,1.818080603089252,2.515,1.8641701884147528,32.02,0.88,2.3294374738300143,0.9000000010750921,1.2184,1.2214,26.0,50.0,60.0,14.0,55.0
highdim,SKY130-BGR-highdim,16,3,315345,GA,40,969.0072,30.9928,1,0,1.221386,3754.077,51.0994,64.862,27.0797,38.01398,0,1,0,0,0,0,,0,,,,,,,,,23873.658579828218,220000,220000,206560.0,971.8460138246082,220001,198243,measure_failed=21755;no_convergence=3,0,PSRR_worst_case_10Hz_10MHz,30.9928,30.9928,,,1,12.795,0.8790276017019872,1.46,0.6476328867239001,1.0,0.8962169593322905,0.15,1.6733112136228458,27.775,0.8812470646754961,0.735,1.6093557355712231,97.15,0.195,6.7657116515433104,0.9000000002767987,,,,,,,,,,,,,,,,,1.2184,1.2214,26.0,50.0,60.0,14.0,55.0
highdim,SKY130-BGR-highdim,16,4,316345,GA,40,-49.4943,49.4943,0,1,1.221237,25.796,55.1901,60.419,18.278,26.32309,0,0,0,0,0,0,710.0,1,-49.4943,49.4943,1.221237,25.796,55.1901,60.419,18.278,26.32309,23176.647070830688,220000,220000,207520.0,-42.98733202212283,220001,198323,measure_failed=21674;no_convergence=4,0,PSRR_worst_case_10Hz_10MHz,49.4943,49.4943,49.4943,49.4943,1,6.32,1.0784679270825028,1.02,0.9840377316217463,1.0,0.5000000008258215,0.32,1.8778717863811447,1.735,0.9969862714187596,1.39,1.096148476277182,23.325000000000003,0.47,2.71022443089739,0.9000000000053853,6.32,1.0784679270825028,1.02,0.9840377316217463,1.0,0.5000000008258215,0.32,1.8778717863811447,1.735,0.9969862714187596,1.39,1.096148476277182,23.325000000000003,0.47,2.71022443089739,0.9000000000053853,1.2184,1.2214,26.0,50.0,60.0,14.0,55.0
highdim,SKY130-BGR-highdim,16,5,317345,GA,40,959.88555,40.11445,1,0,1.221277,5372.329,54.1066,66.667,21.1413,25.8264,0,1,0,0,0,0,,0,,,,,,,,,22309.66813875921,220000,220000,211040.0,965.6270189130586,220001,193347,measure_failed=26648;no_convergence=6,0,PSRR_worst_case_10Hz_10MHz,40.11445,40.11445,,,1,8.445,0.5405925318102919,1.3199999999999998,0.7000230450852952,1.0,0.975358693413646,0.15,1.8103704611485496,1.0,1.4354345378398077,0.99,1.2393242864195428,33.595,0.4,2.5369441817032192,0.9000000041090356,,,,,,,,,,,,,,,,,1.2184,1.2214,26.0,50.0,60.0,14.0,55.0
highdim,SKY130-BGR-highdim,16,6,318345,GA,40,-52.07185,52.07185,0,1,1.218718,25.99851,51.9964,65.943,29.4657,33.34356,0,0,0,0,0,0,2651.0,1,-52.07185,52.07185,1.218718,25.99851,51.9964,65.943,29.4657,33.34356,18499.58180137724,220000,220000,219040.0,-32.70630388719948,220001,198103,measure_failed=21891;no_convergence=7,0,PSRR_worst_case_10Hz_10MHz,52.07185,53.77604,52.07185,53.77604,1,6.95,1.220936501627095,0.495,1.0174972082377167,1.0,0.9599964281895268,0.525,1.062042984075199,11.055,0.5863018056180386,4.075,0.796438796807816,12.115,2.34,5.179235800144053,1.1708627252546162,6.95,1.220936501627095,0.495,1.0174972082377167,1.0,0.9599964281895268,0.525,1.062042984075199,11.055,0.5863018056180386,4.075,0.796438796807816,12.115,2.34,5.179235800144053,1.1708627252546162,1.2184,1.2214,26.0,50.0,60.0,14.0,55.0
highdim,SKY130-BGR-highdim,16,7,319345,GA,40,967.13998,32.86002,1,0,1.218454,25.85492,42.5675,67.079,32.6459,22.63219,0,0,1,0,0,0,,0,,,,,,,,,23855.08973377943,220000,220000,218960.0,973.2805638031252,220001,203247,measure_failed=16751;no_convergence=3,0,PSRR_worst_case_10Hz_10MHz,32.86002,35.52204,,,1,6.33,0.855309662632914,2.495,0.7890848761200506,1.0,0.5000000051545509,0.3,0.5000001277376893,40.0,1.3284487107474148,2.125,1.6139903736449983,8.0,1.92,1.463274986099498,1.336217202978159,,,,,,,,,,,,,,,,,1.2184,1.2214,26.0,50.0,60.0,14.0,55.0
highdim,SKY130-BGR-highdim,16,8,320345,GA,40,-47.41982,47.41982,0,1,1.219167,15.89262,50.268,60.037000000000006,16.6479,29.55208,0,0,0,0,0,0,4985.0,1,-47.41982,47.41982,1.219167,15.89262,50.268,60.037000000000006,16.6479,29.55208,25651.551882358268,220000,220000,219920.0,-19.30763441077005,220001,201117,measure_failed=18876;no_convergence=8,0,PSRR_worst_case_10Hz_10MHz,47.41982,47.41982,47.41982,47.41982,1,7.0,1.2256731500100604,1.04,0.9138432504797908,1.0,1.9611395013151045,0.255,0.5935032839437916,2.305,0.8025181509719921,0.8500000000000001,1.3377608289835252,27.06,0.185,3.853875894676437,1.352569530652394,7.0,1.2256731500100604,1.04,0.9138432504797908,1.0,1.9611395013151045,0.255,0.5935032839437916,2.305,0.8025181509719921,0.8500000000000001,1.3377608289835252,27.06,0.185,3.853875894676437,1.352569530652394,1.2184,1.2214,26.0,50.0,60.0,14.0,55.0
highdim,SKY130-BGR-highdim,16,9,321345,GA,40,948.83983,51.16017,1,0,1.218857,3335.638,50.4176,71.015,35.32,23.03415,0,1,0,0,0,0,,0,,,,,,,,,24483.12367170677,220000,220000,217560.0,968.9046914213474,220001,198770,measure_failed=21225;no_convergence=6,0,PSRR_worst_case_10Hz_10MHz,51.16017,69.73715,,,1,10.07,0.5091787864405238,0.73,0.6619465707641468,1.0,1.9667017388254349,0.2249999999999999,0.6666666666666667,4.54,0.8167053262464328,1.89,1.5768197999085527,17.86,0.745,1.5965805654522809,0.9000000010623197,,,,,,,,,,,,,,,,,1.2184,1.2214,26.0,50.0,60.0,14.0,55.0
highdim,SKY130-BGR-highdim,16,10,322345,GA,40,961.99783,38.00217,1,0,1.271765,25.94819,51.587,60.006,14.6277,53.06879,1,0,0,0,0,0,,0,,,,,,,,,19628.10630763136,220000,220000,215840.0,964.7440793435084,220001,201259,measure_failed=12361;no_convergence=6381,0,PSRR_worst_case_10Hz_10MHz,38.00217,38.00217,,,1,6.61,1.267967156782314,2.015,1.4609060436197097,1.0,1.999999997364672,0.905,1.6383067320774958,2.42,0.8007815687121415,4.3500000000000005,0.6480662985977267,8.015,3.19,11.409545245477862,0.942469758886578,,,,,,,,,,,,,,,,,1.2184,1.2214,26.0,50.0,60.0,14.0,55.0
highdim,SKY130-BGR-highdim,16,11,323345,GA,40,960.65821,39.34179,1,0,1.221388,5985.841,50.8135,60.022000000000006,14.02,42.23048,0,1,0,0,0,0,,0,,,,,,,,,14716.043302832171,220000,220000,192120.0,964.5931857845718,220001,196427,measure_failed=23550;no_convergence=24,0,PSRR_worst_case_10Hz_10MHz,39.34179,39.34182,,,1,7.0,1.4219975718944902,1.945,1.3690175062414294,1.015,1.950197089618732,0.15,1.0,1.645,1.7373789050765742,2.01,1.4092457323792615,11.255,2.285,8.233903035126525,1.2921542623347817,,,,,,,,,,,,,,,,,1.2184,1.2214,26.0,50.0,60.0,14.0,55.0
highdim,SKY130-BGR-highdim,16,12,324345,GA,40,-57.85176,57.85176,0,1,1.220296,24.71333,53.0441,61.877,20.9834,25.13398,0,0,0,0,0,0,80612.0,1,-57.85176,57.85176,1.220296,24.71333,53.0441,61.877,20.9834,25.13398,26113.3092573639,220000,220000,209320.0,314.0970366163722,220001,200526,measure_failed=19474;no_convergence=1,0,PSRR_worst_case_10Hz_10MHz,57.85176,61.76658,57.85176,61.76658,1,8.84,1.8867322801431623,0.4,1.12977662020054,2.16,1.397346682651314,0.15,1.4278340833471324,2.81,0.5000000001071916,2.49,1.0260541433595889,25.65,0.28,2.3075640591129813,1.2243289154988184,8.84,1.8867322801431623,0.4,1.12977662020054,2.16,1.397346682651314,0.15,1.4278340833471324,2.81,0.5000000001071916,2.49,1.0260541433595889,25.65,0.28,2.3075640591129813,1.2243289154988184,1.2184,1.2214,26.0,50.0,60.0,14.0,55.0
highdim,SKY130-BGR-highdim,16,13,325345,GA,40,-49.15527,49.15527,0,1,1.219108,25.66705,52.3543,60.0,19.108,43.71097,0,0,0,0,0,0,566.0,1,-49.15527,49.15527,1.219108,25.66705,52.3543,60.0,19.108,43.71097,22563.272468252108,220000,220000,182000.0,-43.48723753140924,220001,198851,measure_failed=21146;no_convergence=4,0,PSRR_worst_case_10Hz_10MHz,49.15527,49.15528,49.15527,49.15528,1,7.1000000000000005,1.207827233320624,0.64,0.975847288610405,1.005,1.0163621969112833,0.26,0.5769230769230769,8.254999999999999,0.8349332878374892,0.8500000000000001,1.1387919632516836,40.88,0.515,8.77231795265602,1.2350449747221608,7.1000000000000005,1.207827233320624,0.64,0.975847288610405,1.005,1.0163621969112833,0.26,0.5769230769230769,8.254999999999999,0.8349332878374892,0.8500000000000001,1.1387919632516836,40.88,0.515,8.77231795265602,1.2350449747221608,1.2184,1.2214,26.0,50.0,60.0,14.0,55.0
highdim,SKY130-BGR-highdim,16,14,326345,GA,40,-50.31788,50.31788,0,1,1.221104,24.91536,54.7362,60.026,19.0426,52.91642,0,0,0,0,0,0,1094.0,1,-50.31788,50.31788,1.221104,24.91536,54.7362,60.026,19.0426,52.91642,21372.75717928261,220000,220000,219160.0,-41.313109701782736,220001,195585,measure_failed=24415;no_convergence=1,0,PSRR_worst_case_10Hz_10MHz,50.31788,50.31788,50.31788,50.31788,1,4.805,1.3170251230690335,0.365,1.0326710424767704,8.205,0.5290720691894397,0.15,1.1983169455907128,2.265,0.6174102679975545,1.43,0.9151589573077732,39.855,0.52,11.94541417575905,1.0841187009702469,4.805,1.3170251230690335,0.365,1.0326710424767704,8.205,0.5290720691894397,0.15,1.1983169455907128,2.265,0.6174102679975545,1.43,0.9151589573077732,39.855,0.52,11.94541417575905,1.0841187009702469,1.2184,1.2214,26.0,50.0,60.0,14.0,55.0
highdim,SKY130-BGR-highdim,16,15,327345,GA,40,-33.73181,33.73181,0,1,1.22139,20.96965,55.5491,60.006,28.9918,24.75139,0,0,0,0,0,0,39282.0,1,-33.73181,33.73181,1.22139,20.96965,55.5491,60.006,28.9918,24.75139,23200.67902461998,220000,220000,151840.0,149.14063598466356,220001,203168,measure_failed=16828;no_convergence=5,0,PSRR_worst_case_10Hz_10MHz,33.73181,33.73181,33.73181,33.73181,1,6.865,0.919841276513007,1.725,0.8837642473869824,1.0,1.0008960681054238,0.15,1.905843667315174,6.885,1.2822621033045525,2.365,1.4037333878696543,33.55,0.785,2.1630351720402587,1.3745368797066793,6.865,0.919841276513007,1.725,0.8837642473869824,1.0,1.0008960681054238,0.15,1.905843667315174,6.885,1.2822621042949454,2.365,1.4037333878696543,33.55,0.785,2.1630351720402587,1.3745368797066793,1.2184,1.2214,26.0,50.0,60.0,14.0,55.0
highdim,SKY130-BGR-highdim,16,16,328345,GA,40,-38.50081,38.50081,0,1,1.221396,18.0221,50.5841,60.009,35.4213,25.9178,0,0,0,0,0,0,460.0,1,-38.50081,38.50081,1.221396,18.0221,50.5841,60.009,35.4213,25.9178,20575.286139581352,220000,220000,186600.0,-31.427704636430168,220001,200617,measure_failed=19373;no_convergence=11,0,PSRR_worst_case_10Hz_10MHz,38.50081,44.03055,38.50081,44.03055,1,7.715,1.0573375110039331,0.56,1.0127529479512385,1.0,0.8363620485039371,0.785,0.6550015019691546,4.005,1.645785153291965,4.565,1.4550063085619118,21.07,1.965,2.5690091659421146,1.2190067143607397,7.715,1.0573375110039331,0.56,1.0127529479512385,1.0,0.8363620485039371,0.785,0.6550015019691546,4.005,1.645785153291965,4.565,1.4550063085619118,21.07,1.965,2.5690091659421146,1.2190067143607397,1.2184,1.2214,26.0,50.0,60.0,14.0,55.0
highdim,SKY130-BGR-highdim,16,17,329345,GA,40,-47.91023,47.91023,0,1,1.221395,25.46517,51.3425,64.685,33.9162,28.12576,0,0,0,0,0,0,3549.0,1,-47.91023,47.91023,1.221395,25.46517,51.3425,64.685,33.9162,28.12576,23780.37550321035,220000,220000,218280.0,-25.30755471845554,220001,197472,measure_failed=22365;no_convergence=164,0,PSRR_worst_case_10Hz_10MHz,47.91023,49.38692,47.91023,49.38692,1,5.165,0.9482767178574468,0.77,1.0000155761410658,1.005,0.7933223252513327,0.15,1.719075014094102,8.895,0.7857842152650502,4.115,0.7847693539698429,8.795,2.555,3.336740500563571,1.08175594407814,5.165,0.9482767178574468,0.77,1.0000155761410658,1.005,0.7933223252513327,0.15,1.719075014094102,8.895,0.7857842152650502,4.115,0.7847693539698429,8.795,2.555,3.336740500563571,1.08175594407814,1.2184,1.2214,26.0,50.0,60.0,14.0,55.0
highdim,SKY130-BGR-highdim,16,18,330345,GA,40,-50.35854,50.35854,0,1,1.220491,25.98557,50.2246,60.068,18.0068,50.75055,0,0,0,0,0,0,10173.0,1,-50.35854,50.35854,1.220491,25.98557,50.2246,60.068,18.0068,50.75055,23330.105658655983,220000,220000,219240.0,2.8008360534593324,220001,199911,measure_failed=20080;no_convergence=10,0,PSRR_worst_case_10Hz_10MHz,50.35854,50.35854,50.35854,50.35854,1,11.25,1.263966750064947,0.22,0.9948514257586196,6.93,1.3355854770604083,0.265,0.6826470823500386,11.975,0.6331729133751953,0.875,0.9857718783977092,28.515,0.8250000000000001,11.20113015503395,0.9000000005450945,11.25,1.263966750064947,0.22,0.9948514257586196,6.93,1.3355854770604083,0.265,0.6826470823500386,11.975,0.6331729133751953,0.875,0.9857718783977092,28.515,0.8250000000000001,11.20113015503395,0.9000000005450945,1.2184,1.2214,26.0,50.0,60.0,14.0,55.0
highdim,SKY130-BGR-highdim,16,19,331345,GA,40,-46.61367,46.61367,0,1,1.221399,19.49578,53.9278,62.415000000000006,26.3926,30.13996,0,0,0,0,0,0,290.0,1,-46.61367,46.61367,1.221399,19.49578,53.9278,62.415000000000006,26.3926,30.13996,22065.773182326928,220000,220000,217560.0,-36.948147249237486,220001,198298,measure_failed=21698;no_convergence=5,0,PSRR_worst_case_10Hz_10MHz,46.61367,46.6724,46.61367,46.6724,1,6.8,1.436164535083247,1.105,1.065322090921215,1.175,1.9764430215297195,0.25,1.0381150405652304,6.525,0.7963667375856107,3.67,1.197817319560216,11.685,1.62,4.035266286920949,1.2532661329266483,6.8,1.436164535083247,1.105,1.065322090921215,1.175,1.9764430215297195,0.25,1.0381150405652304,6.525,0.7963667375856107,3.67,1.197817319560216,11.685,1.62,4.035266286920949,1.2532661329266483,1.2184,1.2214,26.0,50.0,60.0,14.0,55.0
highdim,SKY130-BGR-highdim,16,20,332345,GA,40,1964.56942,35.43058,2,0,1.220961,280.9461,24.281,85.5761,25.47,31.20089,0,1,1,0,0,0,,0,,,,,,,,,17061.467433065176,220000,220000,204200.0,1968.693502032168,220001,208419,measure_failed=11567;no_convergence=15,0,PSRR_worst_case_10Hz_10MHz,35.43058,35.43058,,,1,5.825,0.8583830045105643,2.465,0.7354332445244242,1.0,1.6977168719801885,0.2249999999999999,1.1231619067096987,9.83,1.710143076721007,0.21,1.3308336731901689,8.05,2.775,4.4097738768645405,1.1636524535424435,,,,,,,,,,,,,,,,,1.2184,1.2214,26.0,50.0,60.0,14.0,55.0
highdim,SKY130-BGR-highdim,16,21,333345,GA,40,955.04499,44.95501,1,0,1.220959,5806.702,54.1067,60.004000000000005,16.3288,41.55901,0,1,0,0,0,0,,0,,,,,,,,,16638.772259222344,220000,220000,197040.0,958.3297651100006,220001,192548,measure_failed=27445;no_convergence=8,0,PSRR_worst_case_10Hz_10MHz,44.95501,44.95501,,,1,7.095,1.8494169385764916,1.83,1.479645736996188,1.005,1.9996806744979383,0.15,1.002673714415769,1.26,1.567805395573581,3.445,1.6892163283116846,8.05,3.02,8.006486018314776,1.070726424102702,,,,,,,,,,,,,,,,,1.2184,1.2214,26.0,50.0,60.0,14.0,55.0
highdim,SKY130-BGR-highdim,16,22,334345,GA,40,962.66086,37.33914,1,0,1.221355,6090.942,54.5776,67.337,14.0021,28.39574,0,1,0,0,0,0,,0,,,,,,,,,18543.857857478783,220000,220000,216840.0,965.0712908254582,220001,192155,measure_failed=27832;no_convergence=14,0,PSRR_worst_case_10Hz_10MHz,37.33914,37.33914,,,1,6.05,1.749292923471384,1.925,1.4842467386367812,1.25,0.8273288799465306,0.15,1.6740787307004923,1.0,1.2691852160906945,1.84,1.13446741505964,20.21,1.415,3.429617529195591,1.38177004503278,,,,,,,,,,,,,,,,,1.2184,1.2214,26.0,50.0,60.0,14.0,55.0
highdim,SKY130-BGR-highdim,16,23,335345,GA,40,956.60628,43.39372,1,0,1.219976,6135.736,51.7643,60.003,14.4144,37.52415,0,1,0,0,0,0,,0,,,,,,,,,18389.08927900344,220000,220000,212120.0,961.182028124378,220001,199064,measure_failed=20934;no_convergence=3,0,PSRR_worst_case_10Hz_10MHz,43.39372,43.39372,,,1,8.52,1.953718519379064,1.83,1.382887527644671,2.01,1.566902703714344,0.3,0.8365522827256728,8.86,0.9938112716244456,1.925,1.3931621713236382,8.0,2.415,6.616645468368738,1.107392647235678,,,,,,,,,,,,,,,,,1.2184,1.2214,26.0,50.0,60.0,14.0,55.0
highdim,SKY130-BGR-highdim,16,24,336345,GA,40,-47.12695,47.12695,0,1,1.221395,23.31165,50.8817,60.196,14.4745,49.7306,0,0,0,0,0,0,12012.0,1,-47.12695,47.12695,1.221395,23.31165,50.8817,60.196,14.4745,49.7306,21036.85200368985,220000,220000,219800.0,12.566153449561144,220001,199971,measure_failed=19988;no_convergence=42,0,PSRR_worst_case_10Hz_10MHz,47.12695,47.12716,47.12695,47.12716,1,6.99,1.1101386160352704,0.575,1.0227392268684354,1.0,1.2988253850929998,0.8,1.9999999111703757,8.0,0.8782341115367266,0.775,0.9802701198792088,36.0,0.945,10.836430327573972,0.900958138363462,6.99,1.1101386160352704,0.575,1.0227392268684354,1.0,1.2988253850929998,0.8,1.9999999111703757,8.0,0.8782341115367266,0.775,0.9802701198792088,36.0,0.945,10.836430327573972,0.900958138363462,1.2184,1.2214,26.0,50.0,60.0,14.0,55.0
highdim,SKY130-BGR-highdim,16,25,337345,GA,40,-46.46568,46.46568,0,1,1.221111,21.63951,56.0108,60.016000000000005,29.9062,26.85037,0,0,0,0,0,0,2826.0,1,-46.46568,46.46568,1.221111,21.63951,56.0108,60.016000000000005,29.9062,26.85037,22047.6668499019,220000,220000,175480.0,-30.605575219887363,220001,198706,measure_failed=21272;no_convergence=23,0,PSRR_worst_case_10Hz_10MHz,46.46568,46.46568,46.46568,46.46568,1,6.54,0.7545680882534372,0.985,0.8895464174465731,1.0,1.1729957957887502,0.155,1.9844883015301356,3.16,1.022486298592367,2.22,1.017304764209997,21.700000000000003,0.785,2.895321856912133,1.314327518342069,6.54,0.7545680882534372,0.985,0.8895464174465731,1.0,1.1729957957887502,0.155,1.9844883015301356,3.16,1.022486298592367,2.22,1.017304764209997,21.700000000000003,0.785,2.895321856912133,1.314327518342069,1.2184,1.2214,26.0,50.0,60.0,14.0,55.0
highdim,SKY130-BGR-highdim,16,26,338345,GA,40,960.20964,39.79036,1,0,1.42934,25.9624,55.7076,60.003,17.628,53.3909,1,0,0,0,0,0,,0,,,,,,,,,21307.19410547614,220000,220000,185360.0,973.6226815029612,220001,213173,measure_failed=6822;no_convergence=6,0,PSRR_worst_case_10Hz_10MHz,39.79036,39.79049,,,1,1.985,1.530244871183575,2.48,1.2181214178593385,1.0,1.9999999580927323,0.15,1.9999982403078165,1.0,1.180662182564168,2.68,1.6826500609883654,16.68,0.76,9.665412355649464,1.2710406649379056,,,,,,,,,,,,,,,,,1.2184,1.2214,26.0,50.0,60.0,14.0,55.0
highdim,SKY130-BGR-highdim,16,27,339345,GA,40,-26.39894,26.39894,0,1,1.221385,20.01206,56.0202,62.525000000000006,14.001,26.15663,0,0,0,0,0,0,112366.0,1,-26.39894,26.39894,1.221385,20.01206,56.0202,62.525000000000006,14.001,26.15663,24610.515881694853,220000,220000,207240.0,483.270966438302,220001,191116,measure_failed=28858;no_convergence=27,0,PSRR_worst_case_10Hz_10MHz,26.39894,26.39894,26.39894,26.39894,1,22.81,1.7784612009114755,0.78,1.309846163824106,6.93,0.6468140865293348,0.15,1.6592940289940146,4.305,1.7445919109727357,1.215,1.4374784507591265,100.0,0.47,2.6500292047643548,1.3651845108555716,22.81,1.7784612009114755,0.78,1.309846163824106,6.93,0.6468140865293348,0.15,1.6592940289940146,4.305,1.7445919109727357,1.215,1.4374784507591265,100.0,0.47,2.6500292047643548,1.3651845108555716,1.2184,1.2214,26.0,50.0,60.0,14.0,55.0
highdim,SKY130-BGR-highdim,16,28,340345,GA,40,-23.86225,23.86225,0,1,1.218467,25.99391,50.0,85.3949,33.5011,28.69688,0,0,0,0,0,0,3268.0,1,-23.86225,23.86225,1.218467,25.99391,50.0,85.3949,33.5011,28.69688,21035.981463897973,220000,220000,214120.0,-6.886437860717548,220001,197277,measure_failed=22721;no_convergence=3,0,PSRR_worst_case_10Hz_10MHz,23.86225,38.23283,23.86225,38.23283,1,5.995,1.077515936955091,5.035,0.6610930898021818,1.225,1.9999999934702752,0.2249999999999999,0.7523101360530771,6.3100000000000005,0.7454923581590909,3.02,1.813780029714933,27.12,4.44,3.568656164883689,1.025910459822489,5.995,1.077515936955091,5.035,0.6610930898021818,1.225,1.9999999934702752,0.2249999999999999,0.7523101360530771,6.3100000000000005,0.7454923581590909,3.02,1.813780029714933,27.12,4.44,3.568656164883689,1.025910459822489,1.2184,1.2214,26.0,50.0,60.0,14.0,55.0
highdim,SKY130-BGR-highdim,16,29,341345,GA,40,-37.10019,37.10019,0,1,1.218419,25.99991,57.9995,60.145,21.1232,47.75225,0,0,0,0,0,0,961.0,1,-37.10019,37.10019,1.218419,25.99991,57.9995,60.145,21.1232,47.75225,18516.3045131471,220000,220000,122280.0,-28.230140974052155,220001,200187,measure_failed=19807;no_convergence=7,0,PSRR_worst_case_10Hz_10MHz,37.10019,37.10019,37.10019,37.10019,1,6.57,1.713822024294316,0.88,1.141099256145936,1.41,0.5000000002307362,0.15,1.0402386615170234,13.37,0.7815019556504725,2.015,1.241353494950889,58.73,0.79,10.183820194108035,1.524198139406952,6.57,1.713822024294316,0.88,1.141099256145936,1.41,0.5000000002307362,0.15,1.0402386615170234,13.37,0.7815019556504725,2.015,1.241353494950889,58.73,0.79,10.183820194108035,1.524198139406952,1.2184,1.2214,26.0,50.0,60.0,14.0,55.0
highdim,SKY130-BGR-highdim,16,0,312345,GWO,40,-49.52014,49.52014,0,1,1.219821,9.882225,54.5178,62.997,16.0677,34.42212,0,0,0,0,0,0,32181.0,1,-49.52014,49.52014,1.219821,9.882225,54.5178,62.997,16.0677,34.42212,28517.811570929363,220000,220000,209720.0,115.5720482761058,220001,126377,measure_failed=91709;no_convergence=1915,0,PSRR_worst_case_10Hz_10MHz,49.52014,50.21331,49.52014,50.21331,1,12.715,1.3978773591837603,0.38,1.0714498794735283,1.38,0.9748504479201252,0.18,1.147770364227093,1.08,1.9139778315205824,0.7000000000000001,1.466825858907279,38.83,0.55,5.538817052838954,0.9619452623188796,12.715,1.3978773591837603,0.38,1.0714498794735283,1.38,0.9748504479201252,0.18,1.147770364227093,1.08,1.9139778315205824,0.7000000000000001,1.466825858907279,38.83,0.55,5.538817052838954,0.9619452623188796,1.2184,1.2214,26.0,50.0,60.0,14.0,55.0
highdim,SKY130-BGR-highdim,16,1,313345,GWO,40,-45.12431,45.12431,0,1,1.22077,15.32068,51.5274,65.053,19.3423,41.7865,0,0,0,0,0,0,3805.0,1,-45.12431,45.12431,1.22077,15.32068,51.5274,65.053,19.3423,41.7865,29711.214403433725,220000,220000,133880.0,-7.927668465529384,220001,134651,measure_failed=83300;no_convergence=2050,0,PSRR_worst_case_10Hz_10MHz,45.12431,45.12431,45.12431,45.12431,1,5.13,1.3862548786628404,0.37,1.0595279334879757,1.135,1.123325975572108,0.175,0.8571428571428572,1.1,1.2874121102225409,0.99,1.2931174410794757,23.885,0.765,8.085385608118125,1.3094533596196107,5.13,1.3862548786628404,0.37,1.0595279334879757,1.135,1.123325975572108,0.175,0.8571428571428572,1.1,1.2874121102225409,0.99,1.2931174410794757,23.885,0.765,8.085385608118125,1.3094533596196107,1.2184,1.2214,26.0,50.0,60.0,14.0,55.0
highdim,SKY130-BGR-highdim,16,2,314345,GWO,40,-45.75756,45.75756,0,1,1.218779,15.0026,53.0534,61.514,16.5535,44.87969,0,0,0,0,0,0,24130.0,1,-45.75756,45.75756,1.218779,15.0026,53.0534,61.514,16.5535,44.87969,29121.75787960738,220000,220000,175920.0,80.38445143934744,220001,129304,measure_failed=88542;no_convergence=2155,0,PSRR_worst_case_10Hz_10MHz,45.75756,45.75756,45.75756,45.75756,1,5.295,1.5761125937865854,0.43,1.055014027508232,1.965,0.5500240992770569,0.155,0.9677419354838708,1.39,0.6673404006932261,0.975,1.1636500004042547,22.66,0.325,9.181698438940026,1.023089291182513,5.295,1.5761125937865854,0.43,1.055014027508232,1.965,0.5500240992770569,0.155,0.9677419354838708,1.39,0.6673404006932261,0.975,1.1636500004042547,22.66,0.325,9.181698438940026,1.023089291182513,1.2184,1.2214,26.0,50.0,60.0,14.0,55.0
highdim,SKY130-BGR-highdim,16,3,315345,GWO,40,-57.87298,57.87298,0,1,1.219813,17.73744,50.9352,68.291,19.0394,31.28405,0,0,0,0,0,0,73310.0,1,-57.87298,57.87298,1.219813,17.73744,50.9352,68.291,19.0394,31.28405,31719.71659941785,220000,220000,220000.0,302.7158895409935,220001,126710,measure_failed=91361;no_convergence=1930,0,PSRR_worst_case_10Hz_10MHz,57.87298,57.88043,57.87298,57.88043,1,5.035,1.263928570216687,0.385,1.0398472413791884,2.25,0.7000381901613449,0.1649999999999999,1.8057241502680057,1.215,0.989089924633042,0.64,1.0924856273112693,16.145,0.55,4.449732711289884,1.3275283101229831,5.035,1.263928570216687,0.385,1.0398472413791884,2.25,0.7000381901613449,0.1649999999999999,1.8057241502680057,1.215,0.989089924633042,0.64,1.0924856273112693,16.145,0.55,4.449732711289884,1.3275283101229831,1.2184,1.2214,26.0,50.0,60.0,14.0,55.0
highdim,SKY130-BGR-highdim,16,4,316345,GWO,40,-53.77309,53.77309,0,1,1.22008,19.36286,51.6724,61.785,18.5457,28.78333,0,0,0,0,0,0,39994.0,1,-53.77309,53.77309,1.22008,19.36286,51.6724,61.785,18.5457,28.78333,28819.8917778004,220000,220000,213760.0,152.82972246073848,220001,127046,measure_failed=90908;no_convergence=2047,0,PSRR_worst_case_10Hz_10MHz,53.77309,54.24558,53.77309,54.24558,1,6.595,1.396418742303326,0.425,1.0942550027796043,4.33,0.5518556130101495,0.2249999999999999,1.0091135938883051,1.715,1.5574074629700931,0.68,1.258139169996931,21.96,0.43,3.577898554883093,1.0072770849256252,6.595,1.396418742303326,0.425,1.0942550027796043,4.33,0.5518556130101495,0.2249999999999999,1.0091135938883051,1.715,1.5574074629700931,0.68,1.258139169996931,21.96,0.43,3.577898554883093,1.0072770849256252,1.2184,1.2214,26.0,50.0,60.0,14.0,55.0
highdim,SKY130-BGR-highdim,16,5,317345,GWO,40,-44.27276,44.27276,0,1,1.218706,1.904653,54.8412,67.228,22.4973,31.69598,0,0,0,0,0,0,22311.0,1,-44.27276,44.27276,1.218706,1.904653,54.8412,67.228,22.4973,31.69598,27899.132799828425,220000,220000,173400.0,74.80677104513653,220001,129076,measure_failed=88958;no_convergence=1967,0,PSRR_worst_case_10Hz_10MHz,44.27276,44.27276,44.27276,44.27276,1,5.97,1.1919806870505507,0.365,0.9844553339395224,1.12,0.6817332345341797,0.395,1.4504172590854554,2.075,1.121289114787509,0.95,1.3247544480707096,20.02,0.665,4.605753511491405,0.9778340566256172,5.97,1.1919806870505507,0.365,0.9844553339395224,1.12,0.6817332345341797,0.395,1.4504172590854554,2.075,1.121289114787509,0.95,1.3247544480707096,20.02,0.665,4.605753511491405,0.9778340566256172,1.2184,1.2214,26.0,50.0,60.0,14.0,55.0
highdim,SKY130-BGR-highdim,16,6,318345,GWO,40,-46.13914,46.13914,0,1,1.219278,25.09185,55.1326,63.401,17.213,33.49035,0,0,0,0,0,0,68728.0,1,-46.13914,46.13914,1.219278,25.09185,55.1326,63.401,17.213,33.49035,27703.44173437357,220000,220000,167640.0,288.2949340299502,220001,127749,measure_failed=90558;no_convergence=1694,0,PSRR_worst_case_10Hz_10MHz,46.13914,47.93305,46.13914,47.93305,1,6.1000000000000005,1.6355303863507356,0.425,1.0868382527353946,1.0,0.9038651865785232,0.92,0.6993334800915169,1.0,2.0,0.655,1.6703572671788187,18.54,0.685,5.222202285250144,1.0978856219238573,6.1000000000000005,1.6355303863507356,0.425,1.0868382527353946,1.0,0.9038651865785232,0.92,0.6993334800915169,1.0,2.0,0.655,1.6703572671788187,18.54,0.685,5.222202285250144,1.0978856219238573,1.2184,1.2214,26.0,50.0,60.0,14.0,55.0
highdim,SKY130-BGR-highdim,16,7,319345,GWO,40,-46.40885,46.40885,0,1,1.220291,8.914913,55.2757,66.866,18.6585,38.61724,0,0,0,0,0,0,32271.0,1,-46.40885,46.40885,1.220291,8.914913,55.2757,66.866,18.6585,38.61724,28122.79961224832,220000,220000,171880.0,115.97633826491824,220001,129617,measure_failed=88762;no_convergence=1622,0,PSRR_worst_case_10Hz_10MHz,46.40885,46.40885,46.40885,46.40885,1,7.2,1.4506942275330752,0.54,1.0801944451862884,2.295,0.6839449902992166,0.195,0.7692307692307692,1.73,0.9980264375010228,1.06,1.2307179696097486,29.45,0.8250000000000001,6.990482297413948,1.0670060604494396,7.2,1.4506942275330752,0.54,1.0801944451862884,2.295,0.6839449902992166,0.195,0.7692307692307692,1.73,0.9980264375010228,1.06,1.2307179696097486,29.45,0.8250000000000001,6.990482297413948,1.0670060604494396,1.2184,1.2214,26.0,50.0,60.0,14.0,55.0
highdim,SKY130-BGR-highdim,16,8,320345,GWO,40,-52.50005,52.50005,0,1,1.219454,17.69297,55.2584,61.237,15.8258,37.28043,0,0,0,0,0,0,70887.0,1,-52.50005,52.50005,1.219454,17.69297,55.2584,61.237,15.8258,37.28043,30826.092748012397,220000,220000,207160.0,290.86814531411505,220001,127465,measure_failed=90986;no_convergence=1550,0,PSRR_worst_case_10Hz_10MHz,52.50005,52.50005,52.50005,52.50005,1,6.785,1.1561291081865253,0.4449999999999999,1.0217606608746708,2.335,0.9761910829884032,0.32,2.0,1.25,1.1429727075469265,0.8400000000000001,1.165733009061595,23.25,0.61,6.535924474801703,1.105759469444276,6.785,1.1561291081865253,0.4449999999999999,1.0217606608746708,2.335,0.9761910829884032,0.32,2.0,1.25,1.1429727075469265,0.8400000000000001,1.165733009061595,23.25,0.61,6.535924474801703,1.105759469444276,1.2184,1.2214,26.0,50.0,60.0,14.0,55.0
highdim,SKY130-BGR-highdim,16,9,321345,GWO,40,-52.44396,52.44396,0,1,1.220351,17.1436,51.3686,69.877,24.4611,34.70049,0,0,0,0,0,0,42146.0,1,-52.44396,52.44396,1.220351,17.1436,51.3686,69.877,24.4611,34.70049,28309.36924173869,220000,220000,199040.0,159.15584659712093,220001,129159,measure_failed=89139;no_convergence=1703,0,PSRR_worst_case_10Hz_10MHz,52.44396,55.53909,52.44396,55.53909,1,5.265,1.0996140581788796,0.365,0.9826290090769932,1.16,0.7754318595191899,0.185,1.880291441057085,3.365,0.9847349740611704,0.945,1.1463025646987488,14.34,1.07,5.630443029028526,1.1642659279799907,5.265,1.0996140581788796,0.365,0.9826290090769932,1.16,0.7754318595191899,0.185,1.880291441057085,3.365,0.9847349740611704,0.945,1.1463025646987488,14.34,1.07,5.630443029028526,1.1642659279799907,1.2184,1.2214,26.0,50.0,60.0,14.0,55.0
highdim,SKY130-BGR-highdim,16,10,322345,GWO,40,-53.59798,53.59798,0,1,1.218997,20.99093,53.3471,63.971,27.4293,37.35691,0,0,0,0,0,0,59735.0,1,-53.59798,53.59798,1.218997,20.99093,53.3471,63.971,27.4293,37.35691,27126.77636601962,220000,220000,196160.0,242.80459672713283,220001,127121,measure_failed=90859;no_convergence=2021,0,PSRR_worst_case_10Hz_10MHz,53.59798,87.54229,53.59798,87.54229,1,2.49,0.948701712555394,0.385,1.0041250384331513,1.92,0.5,0.495,0.6527290386169194,1.16,0.9178309270604365,1.69,0.9046643039039196,8.865,0.995,6.568859078856782,0.9768739339576422,2.49,0.948701712555394,0.385,1.0041250384331513,1.92,0.5,0.495,0.6527290386169194,1.16,0.9178309270604365,1.69,0.9046643039039196,8.865,0.995,6.568859078856782,0.9768739339576422,1.2184,1.2214,26.0,50.0,60.0,14.0,55.0
highdim,SKY130-BGR-highdim,16,11,323345,GWO,40,-59.49401,59.49401,0,1,1.218505,11.60886,53.4728,63.265,15.6796,40.70624,0,0,0,0,0,0,76268.0,1,-59.49401,59.49401,1.218505,11.60886,53.4728,63.265,15.6796,40.70624,27946.054146373644,220000,220000,218040.0,313.1794685600162,220001,127656,measure_failed=90563;no_convergence=1782,0,PSRR_worst_case_10Hz_10MHz,59.49401,59.50979,59.49401,59.50979,1,6.065,1.998306013703954,0.4399999999999999,1.1050451594066828,1.73,0.575699738936541,0.275,0.845612155675302,1.09,1.0064845883781992,0.61,1.694274543355349,26.94,0.245,7.735177977531656,1.2366257039916622,6.065,1.998306013703954,0.4399999999999999,1.1050451594066828,1.73,0.575699738936541,0.275,0.845612155675302,1.09,1.0064845883781992,0.61,1.694274543355349,26.94,0.245,7.735177977531656,1.2366257039916622,1.2184,1.2214,26.0,50.0,60.0,14.0,55.0
highdim,SKY130-BGR-highdim,16,12,324345,GWO,40,-54.6089,54.6089,0,1,1.220392,21.12088,53.2886,64.642,18.8859,38.14699,0,0,0,0,0,0,10659.0,1,-54.6089,54.6089,1.220392,21.12088,53.2886,64.642,18.8859,38.14699,28326.63169422373,220000,220000,192320.0,15.58631696591916,220001,127049,measure_failed=91309;no_convergence=1643,0,PSRR_worst_case_10Hz_10MHz,54.6089,54.6089,54.6089,54.6089,1,5.565,1.4634533301720112,0.4399999999999999,1.0991380654658114,1.095,0.6246240732194358,0.295,0.5195211620019112,1.275,1.7078486890569646,0.77,1.4364254825632494,18.865,0.855,6.826289694508076,0.9,5.565,1.4634533301720112,0.4399999999999999,1.0991380654658114,1.095,0.6246240732194358,0.295,0.5195211620019112,1.275,1.7078486890569646,0.77,1.4364254825632494,18.865,0.855,6.826289694508076,0.9,1.2184,1.2214,26.0,50.0,60.0,14.0,55.0
highdim,SKY130-BGR-highdim,16,13,325345,GWO,40,-56.13946,56.13946,0,1,1.221091,16.98928,55.9952,67.829,22.2458,54.45882,0,0,0,0,0,0,51174.0,1,-56.13946,56.13946,1.221091,16.98928,55.9952,67.829,22.2458,54.45882,30978.09300222993,220000,220000,210840.0,200.8713325025591,220001,122211,measure_failed=95488;no_convergence=2302,0,PSRR_worst_case_10Hz_10MHz,56.13946,58.75837,56.13946,58.75837,1,5.255,1.2874640744675323,0.405,1.0804983142362958,1.33,0.990618308281982,0.61,1.23866565941679,10.945,1.5380707410743266,6.555000000000001,1.57349579260177,25.695,0.54,12.481382722082708,0.9396932130968012,5.255,1.2874640744675323,0.405,1.0804983142362958,1.33,0.990618308281982,0.61,1.23866565941679,10.945,1.5380707410743266,6.555000000000001,1.57349579260177,25.695,0.54,12.481382722082708,0.9396932130968012,1.2184,1.2214,26.0,50.0,60.0,14.0,55.0
highdim,SKY130-BGR-highdim,16,14,326345,GWO,40,-77.11004,77.11004,0,1,1.221018,12.39403,52.2894,62.681,23.2471,41.58425,0,0,0,0,0,0,50085.0,1,-77.11004,77.11004,1.221018,12.39403,52.2894,62.681,23.2471,41.58425,28458.99646621384,220000,220000,219520.0,199.09641610710733,220001,127837,measure_failed=90123;no_convergence=2041,0,PSRR_worst_case_10Hz_10MHz,77.11004,77.61358,77.11004,77.61358,1,5.39,1.0631414581776235,0.36,0.92656013178136,1.67,1.012838320828198,0.215,0.9169127047166578,17.09,0.9765646265177496,1.845,1.404676719756237,12.615,0.1699999999999999,8.010197395168413,0.9600572470475738,5.39,1.0631414581776235,0.36,0.92656013178136,1.67,1.012838320828198,0.215,0.9169127047166578,17.09,0.9765646265177496,1.845,1.404676719756237,12.615,0.1699999999999999,8.010197395168413,0.9600572470475738,1.2184,1.2214,26.0,50.0,60.0,14.0,55.0
highdim,SKY130-BGR-highdim,16,15,327345,GWO,40,-47.07084,47.07084,0,1,1.220099,9.77566,51.0487,65.966,19.0565,34.64057,0,0,0,0,0,0,451.0,1,-47.07084,47.07084,1.220099,9.77566,51.0487,65.966,19.0565,34.64057,27880.04946636781,220000,220000,191160.0,-30.098758927540587,220001,127626,measure_failed=90685;no_convergence=1690,0,PSRR_worst_case_10Hz_10MHz,47.07084,47.07084,47.07084,47.07084,1,5.7,1.2146486729036237,0.405,1.0445818060880026,1.85,1.1498056640578111,0.15,1.0,1.195,1.2881057623681973,0.765,1.1505933389700589,15.82,0.74,5.612172677427599,0.9605025746557178,5.7,1.2146486729036237,0.405,1.0445818060880026,1.85,1.1498056640578111,0.15,1.0,1.195,1.2881057623681973,0.765,1.1505933389700589,15.82,0.74,5.612172677427599,0.9605025746557178,1.2184,1.2214,26.0,50.0,60.0,14.0,55.0
highdim,SKY130-BGR-highdim,16,16,328345,GWO,40,-53.92827,53.92827,0,1,1.219163,11.51809,50.6962,65.791,17.0802,41.20371,0,0,0,0,0,0,73296.0,1,-53.92827,53.92827,1.219163,11.51809,50.6962,65.791,17.0802,41.20371,28121.850705692545,220000,220000,165200.0,301.7316198929313,220001,129620,measure_failed=88657;no_convergence=1724,0,PSRR_worst_case_10Hz_10MHz,53.92827,56.99933,53.92827,56.99933,1,7.42,1.2264143117566,0.365,0.9392356060389564,1.225,0.6083039812978183,0.37,1.7650626427637948,1.045,0.5667900281061854,0.8150000000000001,1.2513958324605043,29.595,0.24,7.900164481812997,1.102743064754763,7.42,1.2264143117566,0.365,0.9392356060389564,1.225,0.6083039812978183,0.37,1.7650626427637948,1.045,0.5667900281061854,0.8150000000000001,1.2513958324605043,29.595,0.24,7.900164481812997,1.102743064754763,1.2184,1.2214,26.0,50.0,60.0,14.0,55.0
highdim,SKY130-BGR-highdim,16,17,329345,GWO,40,-58.71874,58.71874,0,1,1.219194,25.55091,50.2556,63.417,21.8968,48.51038,0,0,0,0,0,0,9121.0,1,-58.71874,58.71874,1.219194,25.55091,50.2556,63.417,21.8968,48.51038,27774.67836684175,220000,220000,201680.0,24.86894181175596,220001,128827,measure_failed=89060;no_convergence=2114,0,PSRR_worst_case_10Hz_10MHz,58.71874,70.33968,58.71874,70.33968,1,2.69,0.9650494459645736,0.41,0.892519914845713,1.475,0.5346962623889562,0.365,0.6457308543104016,1.17,0.5533805983172045,1.395,0.9415546812127784,11.95,0.25,10.437336645246278,1.08563834880502,2.69,0.9650494459645736,0.41,0.892519914845713,1.475,0.5346962623889562,0.365,0.6457308543104016,1.17,0.5533805983172045,1.395,0.9415546812127784,11.95,0.25,10.437336645246278,1.08563834880502,1.2184,1.2214,26.0,50.0,60.0,14.0,55.0
highdim,SKY130-BGR-highdim,16,18,330345,GWO,40,-56.50725,56.50725,0,1,1.218534,14.3839,55.1366,62.143,15.5892,45.66897,0,0,0,0,0,0,22646.0,1,-56.50725,56.50725,1.218534,14.3839,55.1366,62.143,15.5892,45.66897,30835.504951795563,220000,220000,177600.0,66.0827261488234,220001,129778,measure_failed=88509;no_convergence=1714,0,PSRR_worst_case_10Hz_10MHz,56.50725,56.50725,56.50725,56.50725,1,5.38,1.8013659572013463,0.425,1.1126509381470158,2.9000000000000004,0.5262463624199977,0.485,0.6592455078750517,1.085,1.0495510066195288,0.65,1.471087538920112,29.315,0.415,9.45881036197966,1.1206088316448886,5.38,1.8013659572013463,0.425,1.1126509381470158,2.9000000000000004,0.5262463624199977,0.485,0.6592455078750517,1.085,1.0495510066195288,0.65,1.471087538920112,29.315,0.415,9.45881036197966,1.1206088316448886,1.2184,1.2214,26.0,50.0,60.0,14.0,55.0
highdim,SKY130-BGR-highdim,16,19,331345,GWO,40,-47.39507,47.39507,0,1,1.218724,10.463,50.3488,77.85,27.0455,32.42358,0,0,0,0,0,0,7275.0,1,-47.39507,47.39507,1.218724,10.463,50.3488,77.85,27.0455,32.42358,27932.670944703743,220000,220000,168040.0,-1.0612254636157388,220001,126675,measure_failed=91323;no_convergence=2003,0,PSRR_worst_case_10Hz_10MHz,47.39507,59.80656,47.39507,59.80656,1,4.6,1.0606110418519956,0.3349999999999999,0.9414532135098164,1.07,1.0892163524528298,0.24,1.2326125150796825,2.5250000000000004,0.8722224813040255,0.94,1.2617586945387622,11.32,1.4449999999999998,4.859272897904826,0.9323948309552604,4.6,1.0606110418519956,0.3349999999999999,0.9414532135098164,1.07,1.0892163524528298,0.24,1.2326125150796825,2.5250000000000004,0.8722224813040255,0.94,1.2617586945387622,11.32,1.4449999999999998,4.859272897904826,0.9323948309552604,1.2184,1.2214,26.0,50.0,60.0,14.0,55.0
highdim,SKY130-BGR-highdim,16,20,332345,GWO,40,-61.02371,61.02371,0,1,1.221016,22.97639,51.4952,63.391000000000005,15.8092,36.25,0,0,0,0,0,0,37145.0,1,-61.02371,61.02371,1.221016,22.97639,51.4952,63.391000000000005,15.8092,36.25,28874.752854075283,220000,220000,212320.0,136.5631998787722,220001,129327,measure_failed=88964;no_convergence=1710,0,PSRR_worst_case_10Hz_10MHz,61.02371,61.02371,61.02371,61.02371,1,6.48,1.30658091921197,0.355,0.9839550641305164,1.07,1.7377570963502096,0.15,1.6722254002755712,1.045,1.419334676559916,0.49,1.454030879650276,18.58,0.31,6.159229195263272,1.0131425161941765,6.48,1.30658091921197,0.355,0.9839550641305164,1.07,1.7377570963502096,0.15,1.6722254002755712,1.045,1.419334676559916,0.49,1.454030879650276,18.58,0.31,6.159229195263272,1.0131425161941765,1.2184,1.2214,26.0,50.0,60.0,14.0,55.0
highdim,SKY130-BGR-highdim,16,21,333345,GWO,40,-55.95669,55.95669,0,1,1.218447,13.97706,50.7492,62.822,19.863,34.90587,0,0,0,0,0,0,24791.0,1,-55.95669,55.95669,1.218447,13.97706,50.7492,62.822,19.863,34.90587,28107.53280335851,220000,220000,194000.0,80.51446661807552,220001,126600,measure_failed=91444;no_convergence=1957,0,PSRR_worst_case_10Hz_10MHz,55.95669,59.3785,55.95669,59.3785,1,5.04,1.3232407858750688,0.41,1.0996661977567468,1.725,0.6322423997949852,0.155,0.9677419354838708,1.375,1.5106614006136645,0.8450000000000001,1.174547566019443,14.1,0.795,5.723686593622816,1.1009622435143225,5.04,1.3232407858750688,0.41,1.0996661977567468,1.725,0.6322423997949852,0.155,0.9677419354838708,1.375,1.5106614006136645,0.8450000000000001,1.174547566019443,14.1,0.795,5.723686593622816,1.1009622435143225,1.2184,1.2214,26.0,50.0,60.0,14.0,55.0
highdim,SKY130-BGR-highdim,16,22,334345,GWO,40,-51.36598,51.36598,0,1,1.218938,18.33688,50.9948,65.952,18.6726,40.42555,0,0,0,0,0,0,20263.0,1,-51.36598,51.36598,1.218938,18.33688,50.9948,65.952,18.6726,40.42555,26656.11123551056,220000,220000,173960.0,57.586847715666885,220001,105188,measure_failed=113266;no_convergence=1547,0,PSRR_worst_case_10Hz_10MHz,51.36598,55.44229,51.36598,55.44229,1,10.855,1.5437771002724354,0.15,1.0,2.335,0.9410523754828536,0.43,1.2917277108619578,1.655,0.5531227005073455,1.21,1.213133986970164,32.82,0.285,7.632871799720003,1.070042817355768,10.855,1.5437771002724354,0.15,1.0,2.335,0.9410523754828536,0.43,1.2917277108619578,1.655,0.5531227005073455,1.21,1.213133986970164,32.82,0.285,7.632871799720003,1.070042817355768,1.2184,1.2214,26.0,50.0,60.0,14.0,55.0
highdim,SKY130-BGR-highdim,16,23,335345,GWO,40,-55.95636,55.95636,0,1,1.219546,20.63361,53.998,61.871,26.0011,28.62061,0,0,0,0,0,0,50697.0,1,-55.95636,55.95636,1.219546,20.63361,53.998,61.871,26.0011,28.62061,30287.479546040297,220000,220000,192680.0,200.08444608830945,220001,128229,measure_failed=90072;no_convergence=1700,0,PSRR_worst_case_10Hz_10MHz,55.95636,68.12995,55.95636,68.12995,1,6.555,1.3286070136339758,0.3299999999999999,0.9505740039978928,1.01,0.5497523799626785,0.415,1.3728025864759992,4.23,0.8861764878648279,1.44,1.631349153294674,22.700000000000003,0.27,3.526920570142833,1.3202631366287083,6.555,1.3286070136339758,0.3299999999999999,0.9505740039978928,1.01,0.5497523799626785,0.415,1.3728025864759992,4.23,0.8861764878648279,1.44,1.631349153294674,22.700000000000003,0.27,3.526920570142833,1.3202631366287083,1.2184,1.2214,26.0,50.0,60.0,14.0,55.0
highdim,SKY130-BGR-highdim,16,24,336345,GWO,40,-69.95928,69.95928,0,1,1.219725,20.79455,55.3113,63.845,27.4363,29.43702,0,0,0,0,0,0,31296.0,1,-69.95928,69.95928,1.219725,20.79455,55.3113,63.845,27.4363,29.43702,27397.02224661224,220000,220000,218320.0,107.8900223691926,220001,121417,measure_failed=96593;no_convergence=1991,0,PSRR_worst_case_10Hz_10MHz,69.95928,82.29855,69.95928,82.29855,1,7.79,1.1826813668265956,0.3,0.9750224573538012,1.235,1.527680118467055,0.2299999999999999,1.1804880095839616,1.5550000000000002,1.4419869355643595,1.53,1.714189605099795,17.245,0.775,3.809746033383538,1.0469359401666989,7.79,1.1826813668265956,0.3,0.9750224573538012,1.235,1.527680118467055,0.2299999999999999,1.1804880095839616,1.5550000000000002,1.4419869355643595,1.53,1.714189605099795,17.245,0.775,3.809746033383538,1.0469359401666989,1.2184,1.2214,26.0,50.0,60.0,14.0,55.0
highdim,SKY130-BGR-highdim,16,25,337345,GWO,40,-45.95195,45.95195,0,1,1.21974,17.6441,53.7876,67.993,18.61,42.30243,0,0,0,0,0,0,31877.0,1,-45.95195,45.95195,1.21974,17.6441,53.7876,67.993,18.61,42.30243,28048.83553205803,220000,220000,168960.0,114.41845711453236,220001,129622,measure_failed=88594;no_convergence=1785,0,PSRR_worst_case_10Hz_10MHz,45.95195,47.28957,45.95195,47.28957,1,5.57,1.755177661522394,0.3349999999999999,1.0345821762579377,1.375,0.6520562971174194,0.16,1.7325261298757777,1.31,0.601712007337057,0.8500000000000001,1.3295837042060823,30.94,0.3349999999999999,8.275519091270008,1.2752846143859615,5.57,1.755177661522394,0.3349999999999999,1.0345821762579377,1.375,0.6520562971174194,0.16,1.7325261298757777,1.31,0.601712007337057,0.8500000000000001,1.3295837042060823,30.94,0.3349999999999999,8.275519091270008,1.2752846143859615,1.2184,1.2214,26.0,50.0,60.0,14.0,55.0
highdim,SKY130-BGR-highdim,16,26,338345,GWO,40,-54.25505,54.25505,0,1,1.218889,15.63769,50.4291,71.592,19.3071,37.86386,0,0,0,0,0,0,31337.0,1,-54.25505,54.25505,1.218889,15.63769,50.4291,71.592,19.3071,37.86386,28495.701854679734,220000,220000,206480.0,110.59772488793132,220001,127564,measure_failed=90614;no_convergence=1823,0,PSRR_worst_case_10Hz_10MHz,54.25505,54.25505,54.25505,54.25505,1,5.8,1.0252440594537042,0.365,0.9588578782719884,3.23,1.149899422436542,0.3349999999999999,0.9013719165300456,1.155,0.6582047783362907,0.755,1.0047662262143096,13.055,0.975,6.745849336152166,0.953294740697921,5.8,1.0252440594537042,0.365,0.9588578782719884,3.23,1.149899422436542,0.3349999999999999,0.9013719165300456,1.155,0.6582047783362907,0.755,1.0047662262143096,13.055,0.975,6.745849336152166,0.953294740697921,1.2184,1.2214,26.0,50.0,60.0,14.0,55.0
highdim,SKY130-BGR-highdim,16,27,339345,GWO,40,-46.15974,46.15974,0,1,1.219955,16.56296,53.4531,67.726,17.3695,38.39276,0,0,0,0,0,0,13276.0,1,-46.15974,46.15974,1.219955,16.56296,53.4531,67.726,17.3695,38.39276,28757.337627775967,220000,220000,114400.0,42.00956567245759,220001,127339,measure_failed=90521;no_convergence=2141,0,PSRR_worst_case_10Hz_10MHz,46.15974,46.15974,46.15974,46.15974,1,8.41,1.5017402468923429,0.38,1.0944695920244871,1.88,1.2099346878191144,0.255,1.5149955171150973,1.635,1.4485936554452603,0.635,1.343188493288311,25.195,0.925,6.9166415942304775,0.9552366950867868,8.41,1.5017402468923429,0.38,1.0944695920244871,1.88,1.2099346878191144,0.255,1.5149955171150973,1.635,1.4485936554452603,0.635,1.343188493288311,25.195,0.925,6.9166415942304775,0.9552366950867868,1.2184,1.2214,26.0,50.0,60.0,14.0,55.0
highdim,SKY130-BGR-highdim,16,28,340345,GWO,40,-52.49724,52.49724,0,1,1.219984,24.46132,52.7978,61.187,14.9417,42.46713,0,0,0,0,0,0,7186.0,1,-52.49724,52.49724,1.219984,24.46132,52.7978,61.187,14.9417,42.46713,29366.69106189534,220000,220000,193000.0,-0.1644718263264906,220001,125159,measure_failed=92207;no_convergence=2635,0,PSRR_worst_case_10Hz_10MHz,52.49724,52.49724,52.49724,52.49724,1,8.795,1.2834276536889664,0.435,1.0363361314907718,2.7350000000000003,1.4678428317019296,0.325,0.8677901403931156,1.525,0.7225071470657838,0.65,1.0516939939207235,31.05,0.4549999999999999,8.330228680165066,0.9224168008349914,8.795,1.2834276536889664,0.435,1.0363361314907718,2.7350000000000003,1.4678428317019296,0.325,0.8677901403931156,1.525,0.7225071470657838,0.65,1.0516939939207235,31.05,0.4549999999999999,8.330228680165066,0.9224168008349914,1.2184,1.2214,26.0,50.0,60.0,14.0,55.0
highdim,SKY130-BGR-highdim,16,29,341345,GWO,40,-51.69384,51.69384,0,1,1.22066,21.89576,54.5563,65.951,18.864,37.20285,0,0,0,0,0,0,16509.0,1,-51.69384,51.69384,1.22066,21.89576,54.5563,65.951,18.864,37.20285,27974.880505455654,220000,220000,166560.0,46.521329941452,220001,130347,measure_failed=87968;no_convergence=1686,0,PSRR_worst_case_10Hz_10MHz,51.69384,51.69384,51.69384,51.69384,1,4.775,1.702483587036659,0.39,1.0558217290530048,1.39,0.6334336901135642,0.315,1.0547863264417807,1.085,0.7804950043309652,0.93,1.3218703553005715,25.755,0.32,6.494124027979997,1.3314885277531272,4.775,1.702483587036659,0.39,1.0558217290530048,1.39,0.6334336901135642,0.315,1.0547863264417807,1.085,0.7804950043309652,0.93,1.3218703553005715,25.755,0.32,6.494124027979997,1.3314885277531272,1.2184,1.2214,26.0,50.0,60.0,14.0,55.0
highdim,SKY130-BGR-highdim,16,0,312345,PSO,40,-37.91695,37.91695,0,1,1.2214,25.99104,60.3952,60.002,24.5768,33.32932,0,0,0,0,0,0,1811.0,1,-37.91695,37.91695,1.2214,25.99104,60.3952,60.002,24.5768,33.32932,36476.6460823603,220000,220000,219954.0,-22.392654052768417,220001,212867,measure_failed=7093;no_convergence=41,0,PSRR_worst_case_10Hz_10MHz,37.91695,37.91695,37.91695,37.91695,1,14.405,1.2375252692742105,0.56,1.113803345942718,1.0,1.000989854650795,0.15,1.6733136433888265,7.0,1.5386421936910937,2.38,1.3257637662424897,51.765,1.62,5.141706127753532,1.188381296784678,14.405,1.2375252692742105,0.56,1.113803345942718,1.0,1.000989854650795,0.15,1.6733136433888265,7.0,1.5386421936910937,2.38,1.3257637662424897,51.765,1.62,5.141706127753532,1.188381296784678,1.2184,1.2214,26.0,50.0,60.0,14.0,55.0
highdim,SKY130-BGR-highdim,16,1,313345,PSO,40,-61.66688,61.66688,0,1,1.221396,24.52732,54.4239,60.0,20.1689,33.43934,0,0,0,0,0,0,1511.0,1,-61.66688,61.66688,1.221396,24.52732,54.4239,60.0,20.1689,33.43934,42953.367106769234,220000,220000,219361.0,-45.77492288496766,220001,216591,measure_failed=3408;no_convergence=2,0,PSRR_worst_case_10Hz_10MHz,61.66688,76.3118,61.66688,76.3118,1,7.92,1.634285933327653,0.475,1.055002254978306,3.255,2.0,0.15,1.0,10.255,0.6622579724658432,4.065,1.1637487210431892,12.81,0.435,5.179506224407827,1.0088806600014073,7.92,1.634285933327653,0.475,1.055002254978306,3.255,2.0,0.15,1.0,10.255,0.6622579724658432,4.065,1.1637487210431892,12.81,0.435,5.179506224407827,1.0088806600014073,1.2184,1.2214,26.0,50.0,60.0,14.0,55.0
highdim,SKY130-BGR-highdim,16,2,314345,PSO,40,961.31557,38.68443,1,0,1.221399,5371.751,50.1824,78.735,26.19,32.41283,0,1,0,0,0,0,,0,,,,,,,,,41365.112590255216,220000,220000,173983.0,965.2707528410584,220001,209196,measure_failed=10801;no_convergence=4,0,PSRR_worst_case_10Hz_10MHz,38.68443,38.68443,,,1,8.45,0.7466139744833175,1.61,0.5,1.0,0.5512965553103645,0.15,1.0,2.655,0.5,0.405,1.8180253440691256,46.785,0.25,4.821537596438279,0.900955445927419,,,,,,,,,,,,,,,,,1.2184,1.2214,26.0,50.0,60.0,14.0,55.0
highdim,SKY130-BGR-highdim,16,3,315345,PSO,40,-44.95581,44.95581,0,1,1.2214,25.996,52.0132,68.386,17.5469,54.88227,0,0,0,0,0,0,89816.0,1,-44.95581,44.95581,1.2214,25.996,52.0132,68.386,17.5469,54.88227,32074.93460452743,220000,220000,198078.0,368.1281086939713,220001,208305,measure_failed=11694;no_convergence=2,0,PSRR_worst_case_10Hz_10MHz,44.95581,44.95582,44.95581,44.95582,1,4.98,1.1847742439826785,1.12,0.820658835407709,2.37,0.5,1.14,2.0,2.385,1.1373404809792014,1.125,1.9557399074759183,8.0,1.95,12.626896965717773,1.1160113706323311,4.98,1.1847742439826785,1.12,0.820658835407709,2.37,0.5,1.14,2.0,2.385,1.1373404809792014,1.125,1.9557399074759183,8.0,1.95,12.626896965717773,1.1160113706323311,1.2184,1.2214,26.0,50.0,60.0,14.0,55.0
highdim,SKY130-BGR-highdim,16,4,316345,PSO,40,-49.63272,49.63272,0,1,1.2214,25.996,50.3683,60.002,30.9164,36.13415,0,0,0,0,0,0,452.0,1,-49.63272,49.63272,1.2214,25.996,50.3683,60.002,30.9164,36.13415,35791.30150382966,220000,220000,168714.0,-43.09394620905777,220001,216306,measure_failed=3404;no_convergence=291,0,PSRR_worst_case_10Hz_10MHz,49.63272,51.44209,49.63272,51.44209,1,7.305,0.9540094733044768,0.4,1.0014409648830391,1.0,1.1397856589479265,1.0,0.5,6.735,1.4365104722230804,3.505,1.2691892429442655,8.54,3.49,6.117839139784455,0.9050207794607298,7.305,0.9540094733044768,0.4,1.0014409648830391,1.0,1.1397856589479265,1.0,0.5,6.735,1.4365104722230804,3.505,1.2691892429442655,8.54,3.49,6.117839139784455,0.9050207794607298,1.2184,1.2214,26.0,50.0,60.0,14.0,55.0
highdim,SKY130-BGR-highdim,16,5,317345,PSO,40,-32.24534,32.24534,0,1,1.218484,25.9836,50.692,68.312,23.9014,54.99463,0,0,0,0,0,0,11055.0,1,-32.24534,32.24534,1.218484,25.9836,50.692,68.312,23.9014,54.99463,34913.026529770344,220000,220000,219909.0,24.90388375948982,220001,187709,measure_failed=32278;no_convergence=14,0,PSRR_worst_case_10Hz_10MHz,32.24534,41.39566,32.24534,41.39566,1,16.895,1.1525001400426549,0.605,0.907665990973321,1.0,2.0,0.255,0.5882352941176471,40.0,0.9871625587951444,6.800000000000001,1.7223636072598845,100.0,0.185,12.695420315247103,1.14911841590527,16.895,1.1525001400426549,0.605,0.907665990973321,1.0,2.0,0.255,0.5882352941176471,40.0,0.9871625587951444,6.800000000000001,1.7223636072598845,100.0,0.185,12.695420315247103,1.14911841590527,1.2184,1.2214,26.0,50.0,60.0,14.0,55.0
highdim,SKY130-BGR-highdim,16,6,318345,PSO,40,-51.22,51.22,0,1,1.221366,20.45896,50.048,60.0,17.717,53.92543,0,0,0,0,0,0,749.0,1,-51.22,51.22,1.221366,20.45896,50.048,60.0,17.717,53.92543,40150.60381839797,220000,220000,219690.0,-40.73059627414215,220001,210516,measure_failed=9480;no_convergence=5,0,PSRR_worst_case_10Hz_10MHz,51.22,51.22,51.22,51.22,1,6.95,1.4877256253971949,0.64,0.9855287714045028,1.595,0.5192691088056985,0.25,0.7504023496522099,13.53,0.5087158085271338,0.7250000000000001,1.028863069991543,42.02,0.4,12.292409714480758,0.9000054365717554,6.95,1.4877256253971949,0.64,0.9855287714045028,1.595,0.5192691088056985,0.25,0.7504023496522099,13.53,0.5087158085271338,0.7250000000000001,1.028863069991543,42.02,0.4,12.292409714480758,0.9000054365717554,1.2184,1.2214,26.0,50.0,60.0,14.0,55.0
highdim,SKY130-BGR-highdim,16,7,319345,PSO,40,-65.40956,65.40956,0,1,1.21853,4.17791,51.7145,62.972,19.8717,45.4174,0,0,0,0,0,0,817.0,1,-65.40956,65.40956,1.21853,4.17791,51.7145,62.972,19.8717,45.4174,31679.72889867984,220000,220000,219599.0,-51.56911065616776,220001,215694,measure_failed=4304;no_convergence=3,0,PSRR_worst_case_10Hz_10MHz,65.40956,65.40979,65.40956,65.40979,1,6.965,1.776425094879127,0.15,1.0,1.0,0.5479765429543006,0.5,1.2996681744653211,1.0,0.7604703072801232,1.44,1.761959821266941,23.68,0.245,9.37076025958376,0.9000000001143436,6.965,1.776425094879127,0.15,1.0,1.0,0.5479765429543006,0.5,1.2996681744653211,1.0,0.7604703072801232,1.44,1.761959821266941,23.68,0.245,9.37076025958376,0.9000000001143436,1.2184,1.2214,26.0,50.0,60.0,14.0,55.0
highdim,SKY130-BGR-highdim,16,8,320345,PSO,40,-53.76882,53.76882,0,1,1.221399,22.91957,54.0762,70.462,25.1743,28.72291,0,0,0,0,0,0,437.0,1,-53.76882,53.76882,1.221399,22.91957,54.0762,70.462,25.1743,28.72291,37423.25689844042,220000,220000,214660.0,-40.95823336168574,220001,203726,measure_failed=16265;no_convergence=10,0,PSRR_worst_case_10Hz_10MHz,53.76882,55.07721,53.76882,55.07721,1,4.975,0.9392209605798152,1.085,0.8894904582034524,1.0,0.5,0.3,0.5,40.0,0.9360652622282288,2.4,1.1364409039845955,15.475,0.205,3.5405080603208305,0.9,4.975,0.9392209605798152,1.085,0.8894904582034524,1.0,0.5,0.3,0.5,40.0,0.9360652622282288,2.4,1.1364409039845955,15.475,0.205,3.5405080603208305,0.9,1.2184,1.2214,26.0,50.0,60.0,14.0,55.0
highdim,SKY130-BGR-highdim,16,9,321345,PSO,40,-28.83927,28.83927,0,1,1.219814,25.99999,50.0014,76.776,26.444,43.64316,0,0,0,0,0,0,1306.0,1,-28.83927,28.83927,1.219814,25.99999,50.0014,76.776,26.444,43.64316,31753.06749489531,220000,220000,193173.0,-20.281519272860333,220001,218705,measure_failed=1293;no_convergence=3,0,PSRR_worst_case_10Hz_10MHz,28.83927,28.83927,28.83927,28.83927,1,6.99,1.3044585839701892,2.105,0.7357126358664212,1.0,1.114936094445355,7.99,0.5,33.435,0.7126663529127101,2.0,1.962842720433584,10.045,4.73,8.743864927869396,0.9,6.99,1.3044585839701892,2.105,0.7357126358664212,1.0,1.114936094445355,7.99,0.5,33.435,0.7126663529127101,2.0,1.962842720433584,10.045,4.73,8.743864927869396,0.9,1.2184,1.2214,26.0,50.0,60.0,14.0,55.0
highdim,SKY130-BGR-highdim,16,10,322345,PSO,40,942.33782,57.66218,1,0,1.2184,6047.601,52.2845,61.98,14.0,23.41597,0,1,0,0,0,0,,0,,,,,,,,,26000.09519930929,220000,220000,210980.0,948.0153406026052,220001,211637,measure_failed=7960;no_convergence=404,0,PSRR_worst_case_10Hz_10MHz,57.66218,76.05789,,,1,4.91,1.4650895023095467,1.635,1.2364527573019155,1.0,0.5,0.43,0.5,1.0,1.01541713633371,1.93,0.956271824479766,12.015,0.895,1.7348993335296263,0.9098360271467558,,,,,,,,,,,,,,,,,1.2184,1.2214,26.0,50.0,60.0,14.0,55.0
highdim,SKY130-BGR-highdim,16,11,323345,PSO,40,-48.26963,48.26963,0,1,1.2214,25.996,57.3823,60.002,27.0934,26.53232,0,0,0,0,0,0,52.0,1,-48.26963,48.26963,1.2214,25.996,57.3823,60.002,27.0934,26.53232,38248.98880394362,220000,220000,140452.0,-39.74263788006992,220001,210496,measure_failed=9500;no_convergence=5,0,PSRR_worst_case_10Hz_10MHz,48.26963,49.31633,48.26963,49.31633,1,5.7700000000000005,1.2695161686911824,1.065,0.9321022068388648,1.0,2.0,0.15,1.9999995637123464,4.255,1.0143345023708434,3.05,1.5172116009236498,22.07,0.6900000000000001,2.781393399179512,0.9,5.7700000000000005,1.2695161686911824,1.065,0.9321022068388648,1.0,2.0,0.15,1.9999995637123464,4.255,1.0143345023708434,3.05,1.5172116009236498,22.07,0.6900000000000001,2.781393399179512,0.9,1.2184,1.2214,26.0,50.0,60.0,14.0,55.0
highdim,SKY130-BGR-highdim,16,12,324345,PSO,40,972.17393,27.82607,1,0,1.2184,23.93104,31.1131,88.2017,50.32,21.29353,0,0,1,0,0,0,,0,,,,,,,,,34850.656889619306,220000,220000,209019.0,977.7291389114848,220001,213915,measure_failed=6085;no_convergence=1,0,PSRR_worst_case_10Hz_10MHz,27.82607,27.82733,,,1,1.0,1.0187623813164444,4.275,0.8407891610768143,1.0,0.5,0.15,1.0,4.93,1.5465638159064556,5.340000000000001,1.8369310062164963,18.495,8.0,1.0,0.9004921400682968,,,,,,,,,,,,,,,,,1.2184,1.2214,26.0,50.0,60.0,14.0,55.0
highdim,SKY130-BGR-highdim,16,13,325345,PSO,40,-44.92288,44.92288,0,1,1.219765,25.67807,56.0236,60.001000000000005,15.3472,54.99254,0,0,0,0,0,0,1161.0,1,-44.92288,44.92288,1.219765,25.67807,56.0236,60.001000000000005,15.3472,54.99254,34520.15973943472,220000,220000,219871.0,-32.7714828409561,220001,196903,measure_failed=23098,0,PSRR_worst_case_10Hz_10MHz,44.92288,44.92306,44.92288,44.92306,1,6.9350000000000005,1.6601140307217537,0.92,1.0551255852622077,1.855,1.4255911726620478,0.26,2.0,2.435,0.934756434656402,0.985,1.652999788203296,35.19,0.7000000000000001,12.682252201539566,1.4671039228726188,6.9350000000000005,1.6601140307217537,0.92,1.0551255852622077,1.855,1.4255911726620478,0.26,2.0,2.435,0.934756434656402,0.985,1.652999788203296,35.19,0.7000000000000001,12.682252201539566,1.4671039228726188,1.2184,1.2214,26.0,50.0,60.0,14.0,55.0
highdim,SKY130-BGR-highdim,16,14,326345,PSO,40,-56.78208,56.78208,0,1,1.22132,25.97785,53.8837,60.003,27.3479,23.89396,0,0,0,0,0,0,1668.0,1,-56.78208,56.78208,1.22132,25.97785,53.8837,60.003,27.3479,23.89396,31375.647985972464,220000,220000,219937.0,-38.69322494244292,220001,204566,measure_failed=15196;no_convergence=239,0,PSRR_worst_case_10Hz_10MHz,56.78208,72.28719,56.78208,72.28719,1,8.415,0.784006740831777,1.09,0.8683668068440329,1.0,2.0,0.295,0.5928386595457786,1.515,1.4272678651872197,1.845,1.2117833003595548,15.305,0.805,1.8665758808933453,0.9,8.415,0.784006740831777,1.09,0.8683668068440329,1.0,2.0,0.295,0.5928386595457786,1.515,1.4272678651872197,1.845,1.2117833003595548,15.305,0.805,1.8665758808933453,0.9,1.2184,1.2214,26.0,50.0,60.0,14.0,55.0
highdim,SKY130-BGR-highdim,16,15,327345,PSO,40,-22.57857,22.57857,0,1,1.2184,25.9854,50.0001,85.1162,44.2253,21.29755,0,0,0,0,0,0,1149.0,1,-22.57857,22.57857,1.2184,25.9854,50.0001,85.1162,44.2253,21.29755,40944.4942330271,220000,220000,201132.0,-13.683808714675978,220001,91135,measure_failed=17252;no_convergence=111614,0,PSRR_worst_case_10Hz_10MHz,22.57857,40.59984,22.57857,40.59984,1,8.01,0.7281716651593718,0.9,0.9016143094688288,1.0,0.552584003652506,0.28,1.9999061233417856,3.02,1.2756898971392971,8.0,1.046167642354756,67.5,8.0,1.0,0.9,8.01,0.7281716651593718,0.9,0.9016143094688288,1.0,0.552584003652506,0.28,1.9999061233417856,3.02,1.2756898971392971,8.0,1.046167642354756,67.5,8.0,1.0,0.9,1.2184,1.2214,26.0,50.0,60.0,14.0,55.0
highdim,SKY130-BGR-highdim,16,16,328345,PSO,40,-41.65935,41.65935,0,1,1.221264,13.91008,53.9379,60.0,20.8195,54.99999,0,0,0,0,0,0,1373.0,1,-41.65935,41.65935,1.221264,13.91008,53.9379,60.0,20.8195,54.99999,37497.7116933763,220000,220000,189892.0,-31.37695241557916,220001,209727,measure_failed=10267;no_convergence=7,0,PSRR_worst_case_10Hz_10MHz,41.65935,51.08974,41.65935,51.08974,1,15.865,1.9997964126911203,0.37,1.1600014415988962,1.0,1.211014238187131,1.01,0.5,26.13,1.4088971676087911,4.175000000000001,2.0,100.0,0.375,12.666235142458186,0.9000004090300437,15.865,1.9997964126911203,0.37,1.1600014415988962,1.0,1.211014238187131,1.01,0.5,26.13,1.4088971676087911,4.175000000000001,2.0,100.0,0.375,12.666235142458186,0.9000004090300437,1.2184,1.2214,26.0,50.0,60.0,14.0,55.0
highdim,SKY130-BGR-highdim,16,17,329345,PSO,40,952.52218,47.47782,1,0,1.220242,6274.16,51.7303,60.0,18.775,37.26682,0,1,0,0,0,0,,0,,,,,,,,,28521.206717902794,220000,220000,219913.0,957.8807093943584,220001,202684,measure_failed=14844;no_convergence=2473,0,PSRR_worst_case_10Hz_10MHz,47.47782,70.87287,,,1,4.84,1.5876433973423432,1.685,1.3761235151569198,1.0,0.5125797010908862,0.38,0.9918221077032596,40.0,0.7393455085784125,5.335000000000001,0.7528826600593722,8.0,1.18,6.523332347729712,1.350771539911378,,,,,,,,,,,,,,,,,1.2184,1.2214,26.0,50.0,60.0,14.0,55.0
highdim,SKY130-BGR-highdim,16,18,330345,PSO,40,-48.75943,48.75943,0,1,1.221188,25.15186,51.7104,60.11,14.6771,54.98329,0,0,0,0,0,0,2173.0,1,-48.75943,48.75943,1.221188,25.15186,51.7104,60.11,14.6771,54.98329,36701.52014611475,220000,220000,219965.0,-32.15322794546793,220001,201358,measure_failed=18635;no_convergence=8,0,PSRR_worst_case_10Hz_10MHz,48.75943,48.75943,48.75943,48.75943,1,7.63,1.446984056460858,1.025,1.0589179631691503,7.775,2.0,0.15,1.0,1.0,1.0364725591759063,0.775,1.4956181635593324,8.0,1.38,12.664028471816025,1.0073561367814778,7.63,1.446984056460858,1.025,1.0589179631691503,7.775,2.0,0.15,1.0,1.0,1.0364725591759063,0.775,1.4956181635593324,8.0,1.38,12.664028471816025,1.0073561367814778,1.2184,1.2214,26.0,50.0,60.0,14.0,55.0
highdim,SKY130-BGR-highdim,16,19,331345,PSO,40,-29.63221,29.63221,0,1,1.2184,25.99534,51.409,76.088,22.4032,54.90211,0,0,0,0,0,0,1425.0,1,-29.63221,29.63221,1.2184,25.99534,51.409,76.088,22.4032,54.90211,32952.38341289945,220000,220000,173136.0,-22.67948378340356,220001,216867,measure_failed=3099;no_convergence=35,0,PSRR_worst_case_10Hz_10MHz,29.63221,32.8698,29.63221,32.8698,1,7.945,1.4783545416649102,0.605,1.0480757169268364,1.0,0.5509924861825781,0.5,0.5,16.67,0.5732551077041484,4.315,0.927230166626593,13.805,8.0,12.670108937572074,0.9,7.945,1.4783545416649102,0.605,1.0480757169268364,1.0,0.5509924861825781,0.5,0.5,16.67,0.5732551077041484,4.315,0.927230166626593,13.805,8.0,12.670108937572074,0.9,1.2184,1.2214,26.0,50.0,60.0,14.0,55.0
highdim,SKY130-BGR-highdim,16,20,332345,PSO,40,955.58911,44.41089,1,0,1.2214,6216.371,50.0442,60.003,15.0734,54.99997,0,1,0,0,0,0,,0,,,,,,,,,23714.01269480586,220000,220000,172864.0,964.8253710232318,220001,209734,measure_failed=10200;no_convergence=67,0,PSRR_worst_case_10Hz_10MHz,44.41089,44.41089,,,1,6.11,1.556065287632577,1.805,1.3246545072386888,1.0,2.0,0.375,1.1292162406907147,6.7,1.6887015616687913,1.36,1.618530007775398,8.53,2.445,12.667980480453332,1.1450959213816885,,,,,,,,,,,,,,,,,1.2184,1.2214,26.0,50.0,60.0,14.0,55.0
highdim,SKY130-BGR-highdim,16,21,333345,PSO,40,-62.80057,62.80057,0,1,1.218456,25.95933,52.319,66.073,26.5327,32.36486,0,0,0,0,0,0,1930.0,1,-62.80057,62.80057,1.218456,25.95933,52.319,66.073,26.5327,32.36486,31363.917708266526,220000,220000,219908.0,-48.049637928422406,220001,191488,measure_failed=28415;no_convergence=98,0,PSRR_worst_case_10Hz_10MHz,62.80057,79.88939,62.80057,79.88939,1,5.065,1.7070272935013877,0.655,1.2703114161200264,1.0,0.5000000000121069,0.15,1.6172738903063817,1.0,1.0962790444720223,3.7,1.0342338226991417,8.0,2.36,4.842915012361598,1.1175061136595448,5.065,1.7070272935013877,0.655,1.2703114161200264,1.0,0.5000000000121069,0.15,1.6172738903063817,1.0,1.0962790444720223,3.7,1.0342338226991417,8.0,2.36,4.842915012361598,1.1175061136595448,1.2184,1.2214,26.0,50.0,60.0,14.0,55.0
highdim,SKY130-BGR-highdim,16,22,334345,PSO,40,944.78852,55.21148,1,0,1.220648,5054.693,58.9513,60.0,14.2852,35.06132,0,1,0,0,0,0,,0,,,,,,,,,36168.18853929639,220000,220000,153022.0,949.0493279709908,220001,200067,measure_failed=19898;no_convergence=36,0,PSRR_worst_case_10Hz_10MHz,55.21148,58.89113,,,1,20.27,1.9366535995380851,0.515,1.280647377773234,1.15,0.8701634183249956,0.425,0.5001405871008241,2.955,1.2219785246435435,1.735,1.202987355130549,43.965,1.135,5.751681154340715,0.9,,,,,,,,,,,,,,,,,1.2184,1.2214,26.0,50.0,60.0,14.0,55.0
highdim,SKY130-BGR-highdim,16,23,335345,PSO,40,-48.40971,48.40971,0,1,1.2184,25.99534,54.6724,65.913,24.5405,43.70803,0,0,0,0,0,0,1355.0,1,-48.40971,48.40971,1.2184,25.99534,54.6724,65.913,24.5405,43.70803,30479.58193018101,220000,220000,215822.0,-38.45145072130556,220001,213953,measure_failed=6045;no_convergence=3,0,PSRR_worst_case_10Hz_10MHz,48.40971,48.40971,48.40971,48.40971,1,6.305,1.5218099897588129,0.31,0.9733744364979904,1.0,2.0,0.75,2.0,4.285,0.7413531320899038,5.050000000000001,1.612747191255938,8.0,2.945,8.782460598387942,0.9,6.305,1.5218099897588129,0.31,0.9733744364979904,1.0,2.0,0.75,2.0,4.285,0.7413531320899038,5.050000000000001,1.612747191255938,8.0,2.945,8.782460598387942,0.9,1.2184,1.2214,26.0,50.0,60.0,14.0,55.0
highdim,SKY130-BGR-highdim,16,24,336345,PSO,40,972.11709,27.88291,1,0,1.218401,6316.748,50.19,77.026,23.7997,54.99887,0,1,0,0,0,0,,0,,,,,,,,,23321.871915791184,220000,220000,219810.0,979.5658580612412,220001,211032,measure_failed=8950;no_convergence=19,0,PSRR_worst_case_10Hz_10MHz,27.88291,29.41837,,,1,5.0,1.9995903683719771,2.0,1.7125590088219151,1.0,0.5001337369476162,0.15,1.9999294994366303,19.66,0.5178173969622796,6.460000000000001,0.5900224280273787,15.84,8.0,12.703468912873156,0.9000001198750885,,,,,,,,,,,,,,,,,1.2184,1.2214,26.0,50.0,60.0,14.0,55.0
highdim,SKY130-BGR-highdim,16,25,337345,PSO,40,-59.90555,59.90555,0,1,1.220374,20.56995,52.9001,60.32299999999999,21.0757,30.3977,0,0,0,0,0,0,1281.0,1,-59.90555,59.90555,1.220374,20.56995,52.9001,60.32299999999999,21.0757,30.3977,31562.44959364645,220000,220000,218374.0,-43.45334633316515,220001,213764,measure_failed=6233;no_convergence=4,0,PSRR_worst_case_10Hz_10MHz,59.90555,66.36565,59.90555,66.36565,1,12.04,1.2919138738637963,0.49,1.027524318431792,1.0,1.870179314140897,1.1849999999999998,0.8791060984536025,6.465,0.8075858583022745,1.855,1.1122917892889392,14.065,1.23,4.136296367549785,1.225979926280376,12.04,1.2919138738637963,0.49,1.027524318431792,1.0,1.870179314140897,1.1849999999999998,0.8791060984536025,6.465,0.8075858583022745,1.855,1.1122917892889392,14.065,1.23,4.136296367549785,1.225979926280376,1.2184,1.2214,26.0,50.0,60.0,14.0,55.0
highdim,SKY130-BGR-highdim,16,26,338345,PSO,40,-35.35512,35.35512,0,1,1.2214,25.996,52.6832,60.001000000000005,22.4035,54.99986,0,0,0,0,0,0,3384.0,1,-35.35512,35.35512,1.2214,25.996,52.6832,60.001000000000005,22.4035,54.99986,27609.49478808418,220000,220000,216988.0,-8.919299988327221,220001,199191,measure_failed=20685;no_convergence=125,0,PSRR_worst_case_10Hz_10MHz,35.35512,35.35512,35.35512,35.35512,1,6.795,1.6605246514579373,0.885,1.3047466383046311,1.0,0.5,0.3399999999999999,2.0,8.39,1.2114829492536268,3.445,1.3523616245305785,23.435,2.95,12.667174680305914,1.324155640380873,6.795,1.6605246514579373,0.885,1.3047466383046311,1.0,0.5,0.3399999999999999,2.0,8.39,1.2114829492536268,3.445,1.3523616245305785,23.435,2.95,12.667174680305914,1.324155640380873,1.2184,1.2214,26.0,50.0,60.0,14.0,55.0
highdim,SKY130-BGR-highdim,16,27,339345,PSO,40,-27.13529,27.13529,0,1,1.218653,25.99989,52.3394,60.011,14.7533,40.54399,0,0,0,0,0,0,1411.0,1,-27.13529,27.13529,1.218653,25.99989,52.3394,60.011,14.7533,40.54399,35990.69526034221,220000,220000,204383.0,-18.054589918476903,220001,213693,measure_failed=6294;no_convergence=14,0,PSRR_worst_case_10Hz_10MHz,27.13529,27.13529,27.13529,27.13529,1,31.425,2.0,0.78,1.3769101859895987,1.0,0.6885612685605182,0.36,2.0,7.585,1.89214106498652,1.725,2.0,58.985,2.365,7.67902420938851,1.5474891542014404,31.425,2.0,0.78,1.3769101859895987,1.0,0.6885612685605182,0.36,2.0,7.585,1.89214106498652,1.725,2.0,58.985,2.365,7.67902420938851,1.5474891542014404,1.2184,1.2214,26.0,50.0,60.0,14.0,55.0
highdim,SKY130-BGR-highdim,16,28,340345,PSO,40,974.17216,25.82784,1,0,1.218496,6191.245,50.0078,64.07,22.8935,27.99459,0,1,0,0,0,0,,0,,,,,,,,,33318.26346802525,220000,220000,204550.0,976.0670023016014,220001,40805,measure_failed=2950;no_convergence=176246,0,PSRR_worst_case_10Hz_10MHz,25.82784,32.74014,,,1,4.99,1.362888464890026,2.0,1.2257042406566134,1.0,0.5,8.0,2.0,39.975,1.5159501473137111,2.865,1.3951888400876853,19.41,5.825,3.3291123985002926,0.9,,,,,,,,,,,,,,,,,1.2184,1.2214,26.0,50.0,60.0,14.0,55.0
highdim,SKY130-BGR-highdim,16,29,341345,PSO,40,-65.15739,65.15739,0,1,1.219488,25.62924,50.2241,67.797,29.7643,33.33897,0,0,0,0,0,0,17433.0,1,-65.15739,65.15739,1.219488,25.62924,50.2241,67.797,29.7643,33.33897,33547.40112078935,220000,220000,214963.0,27.067300574045788,220001,198174,measure_failed=21818;no_convergence=9,0,PSRR_worst_case_10Hz_10MHz,65.15739,73.06572,65.15739,73.06572,1,5.485,1.2876879428891774,0.285,0.9948810984928432,1.0,2.0,0.15,2.0,12.3,0.756403203003151,2.005,1.0843373041053614,8.0,1.91,5.168854225822997,0.9,5.485,1.2876879428891774,0.285,0.9948810984928432,1.0,2.0,0.15,2.0,12.3,0.756403203003151,2.005,1.0843373041053614,8.0,1.91,5.168854225822997,0.9,1.2184,1.2214,26.0,50.0,60.0,14.0,55.0
