case,case_name,dim,run,seed,algo,pop,best_fitness,PSRR_DB,penalty,is_feasible,VOUT_V,LOADREG_MV_MA,LINEREG_MV_V,IQ_UA,DROPOUT_MV,AREA_UM2,viol_vout,viol_loadreg,viol_linereg,viol_iq,viol_dropout,viol_area,PEAKING_DB,first_feasible_eval,best_feasible_found,best_feasible_fitness,best_feasible_PSRR,best_feasible_VOUT_V,best_feasible_LOADREG_MV_MA,best_feasible_LINEREG_MV_V,best_feasible_IQ_UA,best_feasible_DROPOUT_MV,best_feasible_AREA_UM2,runtime_sec,eval_budget,actual_evals,last_improvement_eval,convergence_auc,x_w1,x_w3,x_w5,x_wpass,x_l_all,x_rdiv,x_cc,sim_evals_worker_cum,sim_ok_worker_cum,sim_failures_worker_cum,sim_failure_kinds_worker_cum,server_restarts_worker_cum,evaluator_recovers_timeouts,objective_def,c_Vout_min,c_Vout_max,c_LoadReg_max,c_LineReg_max,c_Iq_max,c_Dropout_max,c_Area_max
ldo,SKY130-LDO,7,2,514345,ABC,40,-103.4543,103.4543,0,1,1.202394,2.014444444444393,0.2194444444442785,23.00999999999996,100.00000000000009,51.43255,0,0,0,0,0,0,,492.0,1,-103.4543,103.4543,1.202394,2.014444444444393,0.2194444444442785,23.00999999999996,100.00000000000009,51.43255,48577.2876419127,150000,150000,64757.0,-98.17356886385907,4.314478973313244,2.1067462679982816,20.0,80.44502547480273,0.7429121732968759,293.79309665313644,0.485618401556655,150001,118768,31233,measure_failed=31232;timeout=1,1,1,psrr_100hz_db,1.1976,1.2024,2.295,1.3694,23.11,160.0,81.0
ldo,SKY130-LDO,7,0,512345,ABC,40,-103.6534,103.6534,0,1,1.2021,1.8883333333332943,0.1277777777777514,22.749999999999982,80.00000000000007,59.0902,0,0,0,0,0,0,,18.0,1,-103.6534,103.6534,1.2021,1.8883333333332943,0.1277777777777514,22.749999999999982,80.00000000000007,59.0902,48935.45279186219,150000,150000,54425.0,-103.33804114550765,3.1680458709882307,5.3321112268054005,18.503759369534013,98.682480769303,0.820481528609263,304.4989397127151,0.4242325785622985,150001,119402,30599,measure_failed=30598;timeout=1,1,1,psrr_100hz_db,1.1976,1.2024,2.295,1.3694,23.11,160.0,81.0
ldo,SKY130-LDO,7,24,536345,ABC,40,-103.7494,103.7494,0,1,1.202188,2.1638888888888785,0.1361111111110159,23.05999999999988,100.00000000000009,18.0044,0,0,0,0,0,0,,148.0,1,-103.7494,103.7494,1.202188,2.1638888888888785,0.1361111111110159,23.05999999999988,100.00000000000009,18.0044,48938.38654354215,150000,150000,137417.0,-101.78178617380784,2.386817188154991,1.2848166499405695,1.0,80.49077025772421,0.6364620795243507,177.7973551543658,0.3094437025603495,150001,120044,29957,measure_failed=29957,0,1,psrr_100hz_db,1.1976,1.2024,2.295,1.3694,23.11,160.0,81.0
ldo,SKY130-LDO,7,7,519345,ABC,40,-103.8873,103.8873,0,1,1.202271,2.0955555555554923,0.1305555555559174,22.190000000000055,80.00000000000007,52.14585,0,0,0,0,0,0,,19.0,1,-103.8873,103.8873,1.202271,2.0955555555554923,0.1305555555559174,22.190000000000055,80.00000000000007,52.14585,49116.23557491228,150000,150000,63960.0,-103.5381398482323,2.544482752828431,3.988111322057693,19.083189880779997,94.85514908881198,0.7405146256126706,337.9452903009844,0.3899770009811726,150001,119587,30414,measure_failed=30414,0,1,psrr_100hz_db,1.1976,1.2024,2.295,1.3694,23.11,160.0,81.0
ldo,SKY130-LDO,7,29,541345,ABC,40,-103.9631,103.9631,0,1,1.202362,2.0366666666666373,0.1361111111116327,22.789999999999964,80.00000000000007,29.8254,0,0,0,0,0,0,,7.0,1,-103.9631,103.9631,1.202362,2.0366666666666373,0.1361111111116327,22.789999999999964,80.00000000000007,29.8254,49120.3261876218,150000,150000,33986.0,-103.47028759051726,2.782957106071104,3.370894556555375,4.362113511300594,99.99418407814942,0.7051060271996904,263.1916046810713,0.3856248996537492,150001,119088,30913,measure_failed=30913,0,1,psrr_100hz_db,1.1976,1.2024,2.295,1.3694,23.11,160.0,81.0
ldo,SKY130-LDO,7,12,524345,ABC,40,-103.7239,103.7239,0,1,1.202233,2.0333333333333314,0.1250000000002021,22.27000000000001,80.00000000000007,60.43625,0,0,0,0,0,0,,147.0,1,-103.7239,103.7239,1.202233,2.0333333333333314,0.1250000000002021,22.27000000000001,80.00000000000007,60.43625,49129.82992447913,150000,150000,52734.0,-101.45576364119094,2.367054229291579,5.509682739485372,20.0,100.0,0.8158038369239496,327.0967044351493,0.3763373901271758,150001,119807,30194,measure_failed=30194,0,1,psrr_100hz_db,1.1976,1.2024,2.295,1.3694,23.11,160.0,81.0
ldo,SKY130-LDO,7,17,529345,ABC,40,-103.7406,103.7406,0,1,1.202338,2.0288888888888823,0.1361111111116327,21.320000000000014,80.00000000000007,51.10300000000001,0,0,0,0,0,0,,601.0,1,-103.7406,103.7406,1.202338,2.0288888888888823,0.1361111111116327,21.320000000000014,80.00000000000007,51.10300000000001,49148.08399225399,150000,150000,48492.0,-98.38345381395877,2.983516559716437,3.5904012033921178,19.398368997488088,99.98312325443132,0.6952859902687271,461.3576066586506,0.4265980686066127,150001,117713,32288,measure_failed=32288,0,1,psrr_100hz_db,1.1976,1.2024,2.295,1.3694,23.11,160.0,81.0
ldo,SKY130-LDO,7,27,539345,ABC,40,-103.6454,103.6454,0,1,1.202396,1.9994444444445163,0.1444444444442805,21.119999999999905,80.00000000000007,45.83800000000001,0,0,0,0,0,0,,18.0,1,-103.6454,103.6454,1.202396,1.9994444444445163,0.1444444444442805,21.119999999999905,80.00000000000007,45.83800000000001,49182.70797180757,150000,150000,138388.0,-103.31001938196256,3.1934436371901804,3.115100976669579,16.36532488001369,100.0,0.6797507826424806,500.0,0.442064135609175,150001,116750,33251,measure_failed=33250;timeout=1,1,1,psrr_100hz_db,1.1976,1.2024,2.295,1.3694,23.11,160.0,81.0
ldo,SKY130-LDO,7,15,527345,ABC,40,-103.6702,103.6702,0,1,1.202212,1.9022222222222744,0.1305555555553006,19.949999999999918,80.00000000000007,23.60225,0,0,0,0,0,0,,59.0,1,-103.6702,103.6702,1.202212,1.9022222222222744,0.1305555555553006,19.949999999999918,80.00000000000007,23.60225,49188.57267283276,150000,150000,32552.0,-101.64754048206989,3.036507664752156,2.2919824772472155,1.0,99.58120363646424,0.6831838248339832,353.34459539345266,0.3432228135661159,150001,119057,30944,measure_failed=30944,0,1,psrr_100hz_db,1.1976,1.2024,2.295,1.3694,23.11,160.0,81.0
ldo,SKY130-LDO,7,28,540345,ABC,40,-103.7,103.7,0,1,1.20238,2.0933333333333297,0.1333333333334667,20.990000000000027,80.00000000000007,53.026250000000005,0,0,0,0,0,0,,194.0,1,-103.7,103.7,1.20238,2.0933333333333297,0.1333333333334667,20.990000000000027,80.00000000000007,53.026250000000005,49275.59792662412,150000,150000,106903.0,-101.62653979719866,2.396876806715677,3.9628612837012382,19.863021906601357,100.0,0.7257742447504727,499.0112302243766,0.3920475601225446,150001,119930,30071,measure_failed=30071,0,1,psrr_100hz_db,1.1976,1.2024,2.295,1.3694,23.11,160.0,81.0
ldo,SKY130-LDO,7,20,532345,ABC,40,-103.6526,103.6526,0,1,1.202231,2.0300000000000256,0.1250000000002021,22.649999999999928,80.00000000000007,54.80460000000001,0,0,0,0,0,0,,5.0,1,-103.6526,103.6526,1.202231,2.0300000000000256,0.1250000000002021,22.649999999999928,80.00000000000007,54.80460000000001,49279.59934093058,150000,150000,7560.0,-103.42128849272328,2.3617110620060555,5.459797576430594,16.598784487660527,100.0,0.8156471376480707,293.8377485909317,0.3775911683703419,150001,118595,31406,measure_failed=31405;timeout=1,1,1,psrr_100hz_db,1.1976,1.2024,2.295,1.3694,23.11,160.0,81.0
ldo,SKY130-LDO,7,9,521345,ABC,40,-103.8619,103.8619,0,1,1.202358,2.0588888888888817,0.1361111111110159,21.650000000000013,80.00000000000007,50.73855,0,0,0,0,0,0,,9.0,1,-103.8619,103.8619,1.202358,2.0588888888888817,0.1361111111110159,21.650000000000013,80.00000000000007,50.73855,49331.77352574468,150000,150000,95531.0,-103.29065367032447,2.9557998347285017,3.411343893986912,19.72167609422941,98.2773317243901,0.6876663677135219,407.6516553321445,0.4191720405588343,150001,118016,31985,measure_failed=31985,0,1,psrr_100hz_db,1.1976,1.2024,2.295,1.3694,23.11,160.0,81.0
ldo,SKY130-LDO,7,6,518345,ABC,40,-103.6464,103.6464,0,1,1.202173,1.8938888888888863,0.1333333333334667,21.919999999999927,80.00000000000007,56.5242,0,0,0,0,0,0,,40.0,1,-103.6464,103.6464,1.202173,1.8938888888888863,0.1333333333334667,21.919999999999927,80.00000000000007,56.5242,49406.30019392073,150000,150000,30467.0,-103.28286196097972,3.225483047029542,4.446987775504107,19.46934807042642,100.0,0.767110606041971,384.998843677044,0.4342348498256885,150001,118471,31530,measure_failed=31530,0,1,psrr_100hz_db,1.1976,1.2024,2.295,1.3694,23.11,160.0,81.0
ldo,SKY130-LDO,7,18,530345,ABC,40,-103.7399,103.7399,0,1,1.202242,1.974444444444476,0.1305555555559174,22.15000000000008,80.00000000000007,43.140150000000006,0,0,0,0,0,0,,334.0,1,-103.7399,103.7399,1.202242,1.974444444444476,0.1305555555559174,22.15000000000008,80.00000000000007,43.140150000000006,49465.04090717062,150000,150000,39128.0,-101.61892376782512,3.0602370397131646,3.903552707219844,12.645964758191653,99.34627736100572,0.7210291994405068,346.526864026413,0.424021581354053,150001,118159,31842,measure_failed=31842,0,1,psrr_100hz_db,1.1976,1.2024,2.295,1.3694,23.11,160.0,81.0
ldo,SKY130-LDO,7,25,537345,ABC,40,-103.9158,103.9158,0,1,1.20225,2.004999999999985,0.1277777777777514,23.019999999999897,80.00000000000007,51.06645,0,0,0,0,0,0,,6.0,1,-103.9158,103.9158,1.20225,2.004999999999985,0.1277777777777514,23.019999999999897,80.00000000000007,51.06645,49494.57144992426,150000,150000,143350.0,-103.628181050307,2.738253588053904,4.268586536644327,17.526035350815445,100.0,0.7359351194629085,276.6925000861722,0.3988895571078861,150001,118325,31676,measure_failed=31676,0,1,psrr_100hz_db,1.1976,1.2024,2.295,1.3694,23.11,160.0,81.0
ldo,SKY130-LDO,7,22,534345,ABC,40,-103.9736,103.9736,0,1,1.202329,2.0716666666667183,0.1305555555553006,22.88000000000008,80.00000000000007,54.3407,0,0,0,0,0,0,,84.0,1,-103.9736,103.9736,1.202329,2.0716666666667183,0.1305555555553006,22.88000000000008,80.00000000000007,54.3407,49515.25962319225,150000,150000,149361.0,-102.01496414102762,2.4009373938373977,4.215523219552719,20.0,99.667765712436,0.7423357218261886,280.4960170636643,0.376463951488947,150001,118534,31467,measure_failed=31467,0,1,psrr_100hz_db,1.1976,1.2024,2.295,1.3694,23.11,160.0,81.0
ldo,SKY130-LDO,7,26,538345,ABC,40,-103.8765,103.8765,0,1,1.20235,2.0100000000000677,0.1388888888885652,22.50999999999989,80.00000000000007,42.648300000000006,0,0,0,0,0,0,,24.0,1,-103.8765,103.8765,1.20235,2.0100000000000677,0.1388888888885652,22.50999999999989,80.00000000000007,42.648300000000006,49518.39931305125,150000,150000,18130.0,-103.62011643487624,3.066923561921679,3.400754977653011,13.568421688096851,100.0,0.6921750617636822,313.7867738338642,0.4204838268547348,150001,118894,31107,measure_failed=31107,0,1,psrr_100hz_db,1.1976,1.2024,2.295,1.3694,23.11,160.0,81.0
ldo,SKY130-LDO,7,14,526345,ABC,40,-103.7321,103.7321,0,1,1.202301,1.9700000000000275,0.1527777777781619,22.32999999999988,80.00000000000007,49.12615,0,0,0,0,0,0,,33.0,1,-103.7321,103.7321,1.202301,1.9700000000000275,0.1527777777781619,22.32999999999988,80.00000000000007,49.12615,49535.715176187456,150000,150000,96804.0,-103.34442711261408,3.4508969561169387,3.304303070459921,16.926322957236895,93.86584828357972,0.7396019959028685,340.6305074205349,0.4408419116161413,150001,117791,32210,measure_failed=32210,0,1,psrr_100hz_db,1.1976,1.2024,2.295,1.3694,23.11,160.0,81.0
ldo,SKY130-LDO,7,3,515345,ABC,40,-103.978,103.978,0,1,1.202229,1.9799999999999447,0.1277777777777514,22.56999999999997,80.00000000000007,51.772000000000006,0,0,0,0,0,0,,31.0,1,-103.978,103.978,1.202229,1.9799999999999447,0.1277777777777514,22.56999999999997,80.00000000000007,51.772000000000006,49540.46522916109,150000,150000,122439.0,-103.30882951189676,2.981222577413223,4.162283617981859,18.21831934323044,100.0,0.7263611645681952,312.72988460769386,0.4097697376250129,150001,118319,31682,measure_failed=31682,0,1,psrr_100hz_db,1.1976,1.2024,2.295,1.3694,23.11,160.0,81.0
ldo,SKY130-LDO,7,4,516345,ABC,40,-103.6054,103.6054,0,1,1.202097,1.8816666666666824,0.1333333333334667,22.839999999999883,80.00000000000007,53.895,0,0,0,0,0,0,,66.0,1,-103.6054,103.6054,1.202097,1.8816666666666824,0.1333333333334667,22.839999999999883,80.00000000000007,53.895,49553.36075100303,150000,150000,39359.0,-101.6529799382996,3.2924752130878123,5.038857359467047,15.19292399116058,95.82106127926708,0.8423876968765753,297.4735457896647,0.4287812438240075,150001,118190,31811,measure_failed=31811,0,1,psrr_100hz_db,1.1976,1.2024,2.295,1.3694,23.11,160.0,81.0
ldo,SKY130-LDO,7,23,535345,ABC,40,-103.4125,103.4125,0,1,1.202227,1.9394444444443948,0.1333333333328499,21.170000000000044,80.00000000000007,54.6828,0,0,0,0,0,0,,40.0,1,-103.4125,103.4125,1.202227,1.9394444444443948,0.1333333333328499,21.170000000000044,80.00000000000007,54.6828,49624.642437350005,150000,150000,112750.0,-103.00342604787366,3.1483034384112614,4.030762328620027,20.0,99.99985291764308,0.7322990398738398,500.0,0.4475285132582469,150001,117311,32690,measure_failed=32690,0,1,psrr_100hz_db,1.1976,1.2024,2.295,1.3694,23.11,160.0,81.0
ldo,SKY130-LDO,7,21,533345,ABC,40,-103.8284,103.8284,0,1,1.202216,2.1422222222222675,0.1416666666667313,22.759999999999923,100.00000000000009,32.75150000000001,0,0,0,0,0,0,,196.0,1,-103.8284,103.8284,1.202216,2.1422222222222675,0.1416666666667313,22.759999999999923,100.00000000000009,32.75150000000001,49640.95377627015,150000,150000,147922.0,-101.50878495049966,3.0726911962452643,2.865738069920396,8.337126325347425,85.11074414398136,0.7002787832512287,286.9568471409146,0.4188757302963695,150001,117071,32930,measure_failed=32930,0,1,psrr_100hz_db,1.1976,1.2024,2.295,1.3694,23.11,160.0,81.0
ldo,SKY130-LDO,7,1,513345,ABC,40,-103.4514,103.4514,0,1,1.202371,2.0072222222222718,0.1416666666667313,21.049999999999887,80.00000000000007,39.09145,0,0,0,0,0,0,,25.0,1,-103.4514,103.4514,1.202371,2.0072222222222718,0.1416666666667313,21.049999999999887,80.00000000000007,39.09145,49664.30017920584,150000,150000,33754.0,-103.33952988559923,3.1173824003315165,3.245945072491856,11.224700000476552,100.0,0.6860293715496005,500.0,0.4457151042418599,150001,117874,32127,measure_failed=32127,0,1,psrr_100hz_db,1.1976,1.2024,2.295,1.3694,23.11,160.0,81.0
ldo,SKY130-LDO,7,8,520345,ABC,40,-103.885,103.885,0,1,1.20215,1.9994444444445163,0.1277777777777514,22.93,80.00000000000007,50.18755,0,0,0,0,0,0,,30.0,1,-103.885,103.885,1.20215,1.9994444444445163,0.1277777777777514,22.93,80.00000000000007,50.18755,49703.47780004889,150000,150000,48576.0,-103.3766774441163,3.0345325619781605,4.138733313709359,16.995507760087886,94.49264301954815,0.7426990195758675,286.3443186383964,0.4145957632895913,150001,118466,31535,measure_failed=31535,0,1,psrr_100hz_db,1.1976,1.2024,2.295,1.3694,23.11,160.0,81.0
ldo,SKY130-LDO,7,5,517345,ABC,40,-103.5802,103.5802,0,1,1.20227,1.8638888888888872,0.1499999999999958,22.12000000000004,80.00000000000007,42.92835,0,0,0,0,0,0,,32.0,1,-103.5802,103.5802,1.20227,1.8638888888888872,0.1499999999999958,22.12000000000004,80.00000000000007,42.92835,49704.742316205055,150000,150000,94322.0,-103.26605552167015,3.506799824167936,4.059357294051389,10.000292169019412,100.0,0.793302533169561,356.5437992173927,0.4413025366625445,150001,120100,29901,measure_failed=29901,0,1,psrr_100hz_db,1.1976,1.2024,2.295,1.3694,23.11,160.0,81.0
ldo,SKY130-LDO,7,10,522345,ABC,40,-103.6814,103.6814,0,1,1.202113,2.091666666666677,0.1333333333334667,22.50999999999989,100.00000000000009,52.456500000000005,0,0,0,0,0,0,,114.0,1,-103.6814,103.6814,1.202113,2.091666666666677,0.1333333333334667,22.50999999999989,100.00000000000009,52.456500000000005,49716.25625900552,150000,150000,138454.0,-101.69355444076297,3.0359061008995054,3.746178055052528,19.51937017618987,86.70911855790617,0.749747902267935,320.47041538742627,0.4256672231013221,150001,119058,30943,measure_failed=30943,0,1,psrr_100hz_db,1.1976,1.2024,2.295,1.3694,23.11,160.0,81.0
ldo,SKY130-LDO,7,16,528345,ABC,40,-103.7804,103.7804,0,1,1.202194,2.032222222222188,0.1277777777777514,22.93999999999994,80.00000000000007,35.4975,0,0,0,0,0,0,,106.0,1,-103.7804,103.7804,1.202194,2.032222222222188,0.1277777777777514,22.93999999999994,80.00000000000007,35.4975,49724.58674125373,150000,150000,149932.0,-101.42858499213328,2.7817881924428334,4.033133628236969,7.354274599774027,94.95218856496577,0.7493332424856417,268.0223526921913,0.3975655649795286,150001,117907,32094,measure_failed=32094,0,1,psrr_100hz_db,1.1976,1.2024,2.295,1.3694,23.11,160.0,81.0
ldo,SKY130-LDO,7,19,531345,ABC,40,-103.6104,103.6104,0,1,1.202231,1.9922222222221484,0.1250000000002021,21.36999999999994,80.00000000000007,32.3356,0,0,0,0,0,0,,9.0,1,-103.6104,103.6104,1.202231,1.9922222222221484,0.1250000000002021,21.36999999999994,80.00000000000007,32.3356,49729.07552997768,150000,150000,76134.0,-103.24863047230316,2.6309232668722435,4.218328453775156,4.554061355279932,100.0,0.7620887009412142,372.6828954151132,0.3867054370863348,150001,119931,30070,measure_failed=30070,0,1,psrr_100hz_db,1.1976,1.2024,2.295,1.3694,23.11,160.0,81.0
ldo,SKY130-LDO,7,11,523345,ABC,40,-104.0442,104.0442,0,1,1.202386,1.9238888888888852,0.1555555555557111,23.100000000000072,80.00000000000007,46.49625,0,0,0,0,0,0,,34.0,1,-104.0442,104.0442,1.202386,1.9238888888888852,0.1555555555557111,23.100000000000072,80.00000000000007,46.49625,49752.55361880362,150000,150000,80538.0,-103.42376531210208,3.492715367070949,3.233129620848388,15.14672784782856,99.97745233395982,0.7189130554020049,278.40485950490995,0.42672266825232,150001,118195,31806,measure_failed=31806,0,1,psrr_100hz_db,1.1976,1.2024,2.295,1.3694,23.11,160.0,81.0
ldo,SKY130-LDO,7,13,525345,ABC,40,-103.9293,103.9293,0,1,1.202171,1.921111111111213,0.1250000000002021,22.93999999999994,80.00000000000007,37.935,0,0,0,0,0,0,,5.0,1,-103.9293,103.9293,1.202171,1.921111111111213,0.1250000000002021,22.93999999999994,80.00000000000007,37.935,49948.84666901827,150000,150000,128604.0,-103.09545915756104,3.094043473619501,4.303501946147898,7.887523644664069,100.0,0.7511983211484154,275.4366009634919,0.4067229161486089,150001,119009,30992,measure_failed=30992,0,1,psrr_100hz_db,1.1976,1.2024,2.295,1.3694,23.11,160.0,81.0
ldo,SKY130-LDO,7,21,533345,GWO,40,-103.0101,103.0101,0,1,1.202055,1.8938888888888863,0.1277777777777514,22.869999999999923,100.00000000000009,31.395450000000004,0,0,0,0,0,0,,60.0,1,-103.0101,103.0101,1.202055,1.8938888888888863,0.1277777777777514,22.869999999999923,100.00000000000009,31.395450000000004,57632.21963223442,150000,150000,114200.0,-99.02964182054548,2.6756722725696966,4.58086428266541,1.3621286780132822,95.58357690704086,0.9894200904822826,180.16500583824003,0.3138380218276539,150001,137182,12819,measure_failed=12818;timeout=1,1,1,psrr_100hz_db,1.1976,1.2024,2.295,1.3694,23.11,160.0,81.0
ldo,SKY130-LDO,7,17,529345,GWO,40,-102.7985,102.7985,0,1,1.202125,1.9255555555555384,0.1305555555553006,21.36999999999994,80.00000000000007,34.00515,0,0,0,0,0,0,,116.0,1,-102.7985,102.7985,1.202125,1.9255555555555384,0.1305555555553006,21.36999999999994,80.00000000000007,34.00515,57847.99010354653,150000,150000,124160.0,-99.68978602617352,2.4560868565365563,5.2489233427546464,2.025043162713552,98.26535268708432,0.9915584255215684,252.61927019283084,0.3308045036769786,150001,139193,10808,measure_failed=10807;timeout=1,1,1,psrr_100hz_db,1.1976,1.2024,2.295,1.3694,23.11,160.0,81.0
ldo,SKY130-LDO,7,1,513345,GWO,40,-102.6862,102.6862,0,1,1.202257,1.9183333333332933,0.1472222222224466,22.24999999999992,80.00000000000007,30.2115,0,0,0,0,0,0,,25.0,1,-102.6862,102.6862,1.202257,1.9183333333332933,0.1472222222224466,22.24999999999992,80.00000000000007,30.2115,58226.30573642999,150000,150000,127320.0,-100.91132134927564,2.0224078393838467,4.026251910686286,1.226477842607171,99.6294286875738,1.050653998977071,178.28778939975396,0.2689166141879926,150001,137267,12734,measure_failed=12733;timeout=1,1,1,psrr_100hz_db,1.1976,1.2024,2.295,1.3694,23.11,160.0,81.0
ldo,SKY130-LDO,7,18,530345,GWO,40,-103.3973,103.3973,0,1,1.202056,1.8566666666666425,0.1361111111110159,23.04,100.00000000000009,33.6359,0,0,0,0,0,0,,106.0,1,-103.3973,103.3973,1.202056,1.8566666666666425,0.1361111111110159,23.04,100.00000000000009,33.6359,58231.35992526636,150000,150000,148080.0,-99.00903631060874,3.217418303485001,4.722124704138023,2.7083266601462554,95.0785232409609,0.9079193628184096,218.5435453308966,0.3786419788641586,150001,137744,12257,measure_failed=12256;timeout=1,1,1,psrr_100hz_db,1.1976,1.2024,2.295,1.3694,23.11,160.0,81.0
ldo,SKY130-LDO,7,4,516345,GWO,40,-102.7735,102.7735,0,1,1.202145,1.9088888888888855,0.1388888888885652,22.52000000000005,80.00000000000007,38.25025,0,0,0,0,0,0,,42.0,1,-102.7735,102.7735,1.202145,1.9088888888888855,0.1388888888885652,22.52000000000005,80.00000000000007,38.25025,58354.39248549566,150000,150000,131280.0,-99.40540310505403,2.4042430801028645,5.92995780551555,2.86431884712394,97.45633046670702,1.0539935018717808,215.1594877303453,0.3318846755454849,150001,137924,12077,measure_failed=12076;timeout=1,1,1,psrr_100hz_db,1.1976,1.2024,2.295,1.3694,23.11,160.0,81.0
ldo,SKY130-LDO,7,23,535345,GWO,40,-103.1595,103.1595,0,1,1.202165,2.015555555555536,0.1333333333334667,23.00999999999996,80.00000000000007,42.54525,0,0,0,0,0,0,,40.0,1,-103.1595,103.1595,1.202165,2.015555555555536,0.1333333333334667,23.00999999999996,80.00000000000007,42.54525,58465.3201478757,150000,150000,149880.0,-101.5618747193648,2.6224934214319657,6.686133208118664,5.021291406346061,95.50010676771002,0.9845793579309796,239.8166848947418,0.3738821742703006,150001,137224,12777,measure_failed=12776;timeout=1,1,1,psrr_100hz_db,1.1976,1.2024,2.295,1.3694,23.11,160.0,81.0
ldo,SKY130-LDO,7,7,519345,GWO,40,-103.0181,103.0181,0,1,1.202177,2.009444444444434,0.1305555555553006,22.85999999999998,80.00000000000007,35.71215,0,0,0,0,0,0,,19.0,1,-103.0181,103.0181,1.202177,2.009444444444434,0.1305555555553006,22.85999999999998,80.00000000000007,35.71215,58488.06143750623,150000,150000,144280.0,-100.88268852269016,2.281559335841852,5.4376921227873725,3.5159452625245278,96.51794718911763,0.9448296300831548,216.33111449924613,0.3378487294768719,150001,137823,12178,measure_failed=12177;timeout=1,1,1,psrr_100hz_db,1.1976,1.2024,2.295,1.3694,23.11,160.0,81.0
ldo,SKY130-LDO,7,26,538345,GWO,40,-102.8926,102.8926,0,1,1.201991,1.9049999999999467,0.1277777777777514,21.989999999999945,100.00000000000009,32.24825,0,0,0,0,0,0,,24.0,1,-102.8926,102.8926,1.201991,1.9049999999999467,0.1277777777777514,21.989999999999945,100.00000000000009,32.24825,58572.64358454198,150000,150000,150000.0,-101.03304166027772,2.9276513276435865,4.780282114751354,1.524693957288023,91.85629732886493,1.0018316669213343,218.1935325592424,0.3408287812157244,150001,136424,13577,measure_failed=13577,0,1,psrr_100hz_db,1.1976,1.2024,2.295,1.3694,23.11,160.0,81.0
ldo,SKY130-LDO,7,16,528345,GWO,40,-103.09,103.09,0,1,1.202253,1.9705555555555367,0.1388888888885652,22.30000000000005,80.00000000000007,29.0457,0,0,0,0,0,0,,43.0,1,-103.09,103.09,1.202253,1.9705555555555367,0.1388888888885652,22.30000000000005,80.00000000000007,29.0457,58631.20856074244,150000,150000,142960.0,-99.01598557647053,2.1223220929918933,3.935523293435074,1.3071407928202436,99.43200571748214,0.959980156629848,185.78109625503131,0.2776097162421072,150001,137588,12413,measure_failed=12412;timeout=1,1,1,psrr_100hz_db,1.1976,1.2024,2.295,1.3694,23.11,160.0,81.0
ldo,SKY130-LDO,7,5,517345,GWO,40,-103.1817,103.1817,0,1,1.202117,1.8955555555555392,0.1333333333334667,23.05999999999988,80.00000000000007,39.6203,0,0,0,0,0,0,,32.0,1,-103.1817,103.1817,1.202117,1.8955555555555392,0.1333333333334667,23.05999999999988,80.00000000000007,39.6203,58654.67920527607,150000,150000,147840.0,-100.46490006566712,3.11734887947175,6.096356189026145,3.544825778496353,97.46872213340524,0.9823357172810612,226.78843060367112,0.3863455912077088,150001,136838,13163,measure_failed=13162;timeout=1,1,1,psrr_100hz_db,1.1976,1.2024,2.295,1.3694,23.11,160.0,81.0
ldo,SKY130-LDO,7,9,521345,GWO,40,-102.8196,102.8196,0,1,1.202054,1.877777777777744,0.1250000000002021,22.41000000000005,80.00000000000007,35.90429999999999,0,0,0,0,0,0,,9.0,1,-102.8196,102.8196,1.202054,1.877777777777744,0.1250000000002021,22.41000000000005,80.00000000000007,35.90429999999999,58691.165408320725,150000,150000,126960.0,-100.50778970013134,2.946278440821417,5.664547361056898,1.9971464508778665,97.25717416285649,1.0065129203947305,216.7385776904094,0.3559962886059853,150001,137361,12640,measure_failed=12640,0,1,psrr_100hz_db,1.1976,1.2024,2.295,1.3694,23.11,160.0,81.0
ldo,SKY130-LDO,7,15,527345,GWO,40,-102.9356,102.9356,0,1,1.202085,2.044999999999902,0.1305555555559174,21.549999999999955,100.00000000000009,32.86485,0,0,0,0,0,0,,44.0,1,-102.9356,102.9356,1.202085,2.044999999999902,0.1305555555559174,21.549999999999955,100.00000000000009,32.86485,58714.35170201212,150000,150000,140680.0,-99.30941236711578,2.343426675399132,4.803766050247776,3.0360360290765187,89.40991960698625,0.9553751088827144,269.6218050651812,0.3412782638660208,150001,137634,12367,measure_failed=12367,0,1,psrr_100hz_db,1.1976,1.2024,2.295,1.3694,23.11,160.0,81.0
ldo,SKY130-LDO,7,27,539345,GWO,40,-102.7884,102.7884,0,1,1.202219,2.106666666666676,0.1388888888885652,21.399999999999977,100.00000000000009,49.1137,0,0,0,0,0,0,,18.0,1,-102.7884,102.7884,1.202219,2.106666666666676,0.1388888888885652,21.399999999999977,100.00000000000009,49.1137,58726.17510894686,150000,150000,149960.0,-100.72602381325876,2.387773987906144,6.733050233016386,8.553623404561597,92.87074997984249,0.9938568683272692,374.6399890662368,0.3849323119928319,150001,138036,11965,measure_failed=11964;timeout=1,1,1,psrr_100hz_db,1.1976,1.2024,2.295,1.3694,23.11,160.0,81.0
ldo,SKY130-LDO,7,12,524345,GWO,40,-103.0866,103.0866,0,1,1.202068,1.8927777777777437,0.1166666666663207,21.559999999999896,80.00000000000007,33.4113,0,0,0,0,0,0,,57.0,1,-103.0866,103.0866,1.202068,1.8927777777777437,0.1166666666663207,21.559999999999896,80.00000000000007,33.4113,58732.08159113675,150000,150000,117760.0,-98.94742374759164,2.8879419819532,4.902636323808028,3.567806021326819,100.0,0.8104970845060325,329.5601793017117,0.3988841613488387,150001,137850,12151,measure_failed=12151,0,1,psrr_100hz_db,1.1976,1.2024,2.295,1.3694,23.11,160.0,81.0
ldo,SKY130-LDO,7,14,526345,GWO,40,-103.2116,103.2116,0,1,1.202024,1.9622222222222725,0.1305555555553006,21.980000000000004,100.00000000000009,26.51715,0,0,0,0,0,0,,33.0,1,-103.2116,103.2116,1.202024,1.9622222222222725,0.1305555555553006,21.980000000000004,100.00000000000009,26.51715,58812.07882355526,150000,150000,132560.0,-100.75092017776784,3.010192669111428,3.37849541854828,1.193724969750229,88.79581585357387,0.8712455723762664,216.2207978416584,0.3384535596723125,150001,137450,12551,measure_failed=12550;timeout=1,1,1,psrr_100hz_db,1.1976,1.2024,2.295,1.3694,23.11,160.0,81.0
ldo,SKY130-LDO,7,22,534345,GWO,40,-102.6434,102.6434,0,1,1.202265,1.978888888888925,0.138888888889182,19.46999999999995,80.00000000000007,29.86875000000001,0,0,0,0,0,0,,101.0,1,-102.6434,102.6434,1.202265,1.978888888888925,0.138888888889182,19.46999999999995,80.00000000000007,29.86875000000001,58860.92331631854,150000,150000,126160.0,-99.01219311805411,2.069526975804811,4.142476596929155,1.4129771466543035,100.0,0.9738899914516712,333.703716744586,0.2893716550188995,150001,136759,13242,measure_failed=13242,0,1,psrr_100hz_db,1.1976,1.2024,2.295,1.3694,23.11,160.0,81.0
ldo,SKY130-LDO,7,6,518345,GWO,40,-102.2058,102.2058,0,1,1.20221,1.8916666666666,0.1472222222224466,22.0699999999999,80.00000000000007,35.58624999999999,0,0,0,0,0,0,,40.0,1,-102.2058,102.2058,1.20221,1.8916666666666,0.1472222222224466,22.0699999999999,80.00000000000007,35.58624999999999,58896.67020915821,150000,150000,113880.0,-99.89957987666584,2.1339479337489835,5.285128091105867,2.157316739699827,100.0,1.0773017464166583,209.37672600881012,0.3134684079762899,150001,137367,12634,measure_failed=12634,0,1,psrr_100hz_db,1.1976,1.2024,2.295,1.3694,23.11,160.0,81.0
ldo,SKY130-LDO,7,2,514345,GWO,40,-102.5088,102.5088,0,1,1.202003,1.8811111111110492,0.1333333333334667,19.549999999999905,100.00000000000009,32.00625,0,0,0,0,0,0,,156.0,1,-102.5088,102.5088,1.202003,1.8811111111110492,0.1333333333334667,19.549999999999905,100.00000000000009,32.00625,58947.00112782419,150000,150000,147920.0,-99.05777070720472,2.828612865857794,4.812311539526943,1.5124118493499576,95.0334786482055,0.9722938285453232,391.5919910235136,0.3564166218866929,150001,136566,13435,measure_failed=13435,0,1,psrr_100hz_db,1.1976,1.2024,2.295,1.3694,23.11,160.0,81.0
ldo,SKY130-LDO,7,25,537345,GWO,40,-102.9479,102.9479,0,1,1.202026,1.8905555555555804,0.1249999999995853,22.45999999999997,100.00000000000009,34.9376,0,0,0,0,0,0,,6.0,1,-102.9479,102.9479,1.202026,1.8905555555555804,0.1249999999995853,22.45999999999997,100.00000000000009,34.9376,59128.27758930251,150000,150000,134720.0,-100.42150823792156,2.925130962815819,5.496120154467744,2.313069159561722,96.2244385612118,0.952548403687222,225.5075098540917,0.3641119944739983,150001,136735,13266,measure_failed=13266,0,1,psrr_100hz_db,1.1976,1.2024,2.295,1.3694,23.11,160.0,81.0
ldo,SKY130-LDO,7,0,512345,GWO,40,-103.2659,103.2659,0,1,1.202237,2.039999999999943,0.138888888889182,22.649999999999928,100.00000000000009,28.791600000000003,0,0,0,0,0,0,,18.0,1,-103.2659,103.2659,1.202237,2.039999999999943,0.138888888889182,22.649999999999928,100.00000000000009,28.791600000000003,59176.44231788069,150000,150000,137960.0,-100.78661714028097,2.1189019496802217,3.942286387144353,1.8849442184105911,95.01728092143064,0.915576746041124,192.73699894726917,0.2955852206159339,150001,137332,12669,measure_failed=12669,0,1,psrr_100hz_db,1.1976,1.2024,2.295,1.3694,23.11,160.0,81.0
ldo,SKY130-LDO,7,11,523345,GWO,40,-103.2841,103.2841,0,1,1.202224,2.014444444444393,0.1305555555559174,21.61000000000003,80.00000000000007,38.8411,0,0,0,0,0,0,,34.0,1,-103.2841,103.2841,1.202224,2.014444444444393,0.1305555555559174,21.61000000000003,80.00000000000007,38.8411,59197.39319275692,150000,150000,146200.0,-100.4817471620144,2.3209583277317054,5.939312085193476,4.867997061002497,99.62870083968728,0.9118825003003956,320.63391628036635,0.3568487063481095,150001,137589,12412,measure_failed=12412,0,1,psrr_100hz_db,1.1976,1.2024,2.295,1.3694,23.11,160.0,81.0
ldo,SKY130-LDO,7,13,525345,GWO,40,-103.3722,103.3722,0,1,1.202067,2.0161111111110457,0.1277777777777514,21.980000000000004,100.00000000000009,28.326600000000003,0,0,0,0,0,0,,5.0,1,-103.3722,103.3722,1.202067,2.0161111111110457,0.1277777777777514,21.980000000000004,100.00000000000009,28.326600000000003,59205.038662053645,150000,150000,135840.0,-101.21487027116846,3.0138961137390843,3.648348772994525,2.775849781890926,88.77948551928945,0.7970554377805064,278.2352235990207,0.3907213661110721,150001,138017,11984,measure_failed=11984,0,1,psrr_100hz_db,1.1976,1.2024,2.295,1.3694,23.11,160.0,81.0
ldo,SKY130-LDO,7,8,520345,GWO,40,-102.8954,102.8954,0,1,1.202211,1.9311111111111303,0.1416666666667313,23.049999999999937,80.00000000000007,36.922700000000006,0,0,0,0,0,0,,30.0,1,-102.8954,102.8954,1.202211,1.9311111111111303,0.1416666666667313,23.049999999999937,80.00000000000007,36.922700000000006,59225.34017075598,150000,150000,147200.0,-101.03903881125872,2.1561416273357765,5.568323154606812,2.7088973196839903,98.66814262492976,1.0601667917470408,187.8911991866397,0.3069029676011865,150001,136971,13030,measure_failed=13030,0,1,psrr_100hz_db,1.1976,1.2024,2.295,1.3694,23.11,160.0,81.0
ldo,SKY130-LDO,7,29,541345,GWO,40,-102.5428,102.5428,0,1,1.202025,1.9622222222221493,0.1249999999995853,20.15000000000003,100.00000000000009,31.91625,0,0,0,0,0,0,,7.0,1,-102.5428,102.5428,1.202025,1.9622222222221493,0.1249999999995853,20.15000000000003,100.00000000000009,31.91625,59232.47939969599,150000,150000,139680.0,-100.82847246201642,2.6160690258276804,4.784458219343057,2.222900744813176,91.49878644559408,0.9438205014273356,372.49824239242633,0.3607234258899747,150001,137222,12779,measure_failed=12779,0,1,psrr_100hz_db,1.1976,1.2024,2.295,1.3694,23.11,160.0,81.0
ldo,SKY130-LDO,7,20,532345,GWO,40,-103.0693,103.0693,0,1,1.202189,1.7805555555556247,0.1583333333332604,22.670000000000027,80.00000000000007,38.55585000000001,0,0,0,0,0,0,,5.0,1,-103.0693,103.0693,1.202189,1.7805555555556247,0.1583333333332604,22.670000000000027,80.00000000000007,38.55585000000001,59286.393365789205,150000,150000,149880.0,-100.33071804355365,3.491797153114632,5.018612095361667,3.178001975142722,98.05687808703192,1.0185404694876947,242.24036055154437,0.3992087243269733,150001,138265,11736,measure_failed=11736,0,1,psrr_100hz_db,1.1976,1.2024,2.295,1.3694,23.11,160.0,81.0
ldo,SKY130-LDO,7,3,515345,GWO,40,-102.6803,102.6803,0,1,1.202249,2.019999999999985,0.1305555555553006,20.08999999999995,80.00000000000007,36.654250000000005,0,0,0,0,0,0,,31.0,1,-102.6803,102.6803,1.202249,2.019999999999985,0.1305555555553006,20.08999999999995,80.00000000000007,36.654250000000005,59341.59524093196,150000,150000,137480.0,-100.71773599970663,2.175478603298666,5.59107119732024,3.94040560139696,99.99785885898513,0.9260376080791468,449.9163867686101,0.3557192982989375,150001,137423,12578,measure_failed=12578,0,1,psrr_100hz_db,1.1976,1.2024,2.295,1.3694,23.11,160.0,81.0
ldo,SKY130-LDO,7,28,540345,GWO,40,-102.8484,102.8484,0,1,1.202045,1.8827777777778256,0.1361111111116327,22.839999999999883,100.00000000000009,36.8711,0,0,0,0,0,0,,42.0,1,-102.8484,102.8484,1.202045,1.8827777777778256,0.1361111111116327,22.839999999999883,100.00000000000009,36.8711,59397.64784628898,150000,150000,149280.0,-99.30956473716492,2.6684777468853844,5.654016694027699,2.453447456523843,93.45100214998612,1.060404327965463,203.0122157987024,0.3447102078979236,150001,137045,12956,measure_failed=12956,0,1,psrr_100hz_db,1.1976,1.2024,2.295,1.3694,23.11,160.0,81.0
ldo,SKY130-LDO,7,19,531345,GWO,40,-103.2878,103.2878,0,1,1.202067,1.871111111111132,0.1250000000002021,22.740000000000045,80.00000000000007,33.7086,0,0,0,0,0,0,,9.0,1,-103.2878,103.2878,1.202067,1.871111111111132,0.1250000000002021,22.740000000000045,80.00000000000007,33.7086,59434.80113855004,150000,150000,150000.0,-100.67458516783444,2.6906235988609075,5.267138407669537,1.960606807652211,99.79298662569089,0.945123770262461,202.7514551357747,0.3326160543598357,150001,138071,11930,measure_failed=11930,0,1,psrr_100hz_db,1.1976,1.2024,2.295,1.3694,23.11,160.0,81.0
ldo,SKY130-LDO,7,10,522345,GWO,40,-103.1204,103.1204,0,1,1.20215,2.0933333333333297,0.1361111111110159,22.359999999999918,100.00000000000009,32.1231,0,0,0,0,0,0,,41.0,1,-103.1204,103.1204,1.20215,2.0933333333333297,0.1361111111110159,22.359999999999918,100.00000000000009,32.1231,59464.63576170802,150000,150000,149960.0,-99.38458310392068,2.1746055175786654,4.561148137451506,3.0430713432791783,88.96829415033085,0.9606477541156536,222.40634560170545,0.3204222358440483,150001,137694,12307,measure_failed=12307,0,1,psrr_100hz_db,1.1976,1.2024,2.295,1.3694,23.11,160.0,81.0
ldo,SKY130-LDO,7,24,536345,GWO,40,-102.511,102.511,0,1,1.202032,1.9872222222221896,0.1388888888885652,21.36999999999994,100.00000000000009,40.2448,0,0,0,0,0,0,,123.0,1,-102.511,102.511,1.202032,1.9872222222221896,0.1388888888885652,21.36999999999994,100.00000000000009,40.2448,59656.96803993359,150000,150000,149880.0,-99.18706667244447,2.664758968558624,6.015099744761933,4.134799520016919,87.18006495181841,1.0599608871006192,323.47561365027565,0.3878264674820175,150001,137485,12516,measure_failed=12516,0,1,psrr_100hz_db,1.1976,1.2024,2.295,1.3694,23.11,160.0,81.0
ldo,SKY130-LDO,7,20,532345,FA,40,-100.5233,100.5233,0,1,1.202344,1.5450000000000803,0.2638888888887674,21.77999999999989,80.00000000000007,75.67625,0,0,0,0,0,0,,5.0,1,-100.5233,100.5233,1.202344,1.5450000000000803,0.2638888888887674,21.77999999999989,80.00000000000007,75.67625,5410.600135050714,150000,150000,11211.0,-100.36271697924656,6.454840510878072,4.979084777138779,11.488765025798308,94.91722121406995,1.3403056605578103,443.6850725646483,0.7011074806566003,150001,146874,3127,measure_failed=3127,0,1,psrr_100hz_db,1.1976,1.2024,2.295,1.3694,23.11,160.0,81.0
ldo,SKY130-LDO,7,28,540345,FA,40,-101.5858,101.5858,0,1,1.202268,1.570555555555507,0.2694444444444827,23.05999999999988,80.00000000000007,46.3423,0,0,0,0,0,0,,201.0,1,-101.5858,101.5858,1.202268,1.570555555555507,0.2694444444444827,23.05999999999988,80.00000000000007,46.3423,5448.735486015677,150000,150000,11563.0,-99.66658048946996,7.007986105234942,3.662574278985647,1.9648839416979973,88.16862145302196,1.3091640718651645,225.87109761377903,0.5542526684655851,150001,147644,2357,measure_failed=2357,0,1,psrr_100hz_db,1.1976,1.2024,2.295,1.3694,23.11,160.0,81.0
ldo,SKY130-LDO,7,6,518345,FA,40,-100.262,100.262,0,1,1.202233,1.7872222222222365,0.3444444444444806,21.519999999999914,100.00000000000009,68.84450000000001,0,0,0,0,0,0,,40.0,1,-100.262,100.262,1.202233,1.7872222222222365,0.3444444444444806,21.519999999999914,100.00000000000009,68.84450000000001,5556.167171236128,150000,150000,11823.0,-100.01275699837998,4.760595593077095,4.348875777535135,9.93431429900302,71.71349113016305,1.522839348015671,431.6160129744818,0.6233083566906018,150001,147752,2249,measure_failed=2249,0,1,psrr_100hz_db,1.1976,1.2024,2.295,1.3694,23.11,160.0,81.0
ldo,SKY130-LDO,7,13,525345,FA,40,-100.7942,100.7942,0,1,1.20235,1.5811111111110578,0.2777777777777472,22.93999999999994,80.00000000000007,59.21965,0,0,0,0,0,0,,5.0,1,-100.7942,100.7942,1.20235,1.5811111111110578,0.2777777777777472,22.93999999999994,80.00000000000007,59.21965,5616.920660857111,150000,150000,12998.0,-100.65217573237152,10.080459061453915,3.7173949517633034,5.848062840580623,90.95566891025622,1.1581332401023414,313.87854476522256,0.764709293180481,150001,146870,3131,measure_failed=3131,0,1,psrr_100hz_db,1.1976,1.2024,2.295,1.3694,23.11,160.0,81.0
ldo,SKY130-LDO,7,11,523345,FA,40,-100.8584,100.8584,0,1,1.202284,1.5683333333333445,0.2694444444444827,22.52999999999999,80.00000000000007,66.39814999999999,0,0,0,0,0,0,,34.0,1,-100.8584,100.8584,1.202284,1.5683333333333445,0.2694444444444827,22.52999999999999,80.00000000000007,66.39814999999999,5654.415408272296,150000,150000,11963.0,-100.4742835920906,6.781004251604161,4.935068720919688,7.5941109662515505,89.92721878172351,1.3691242955074487,337.3673705670606,0.6722789920928982,150001,147457,2544,measure_failed=2544,0,1,psrr_100hz_db,1.1976,1.2024,2.295,1.3694,23.11,160.0,81.0
ldo,SKY130-LDO,7,2,514345,FA,40,-101.4585,101.4585,0,1,1.201829,2.197777777777817,0.1722222222222403,21.119999999999905,130.0000000000001,57.17645,0,0,0,0,0,0,,95.0,1,-101.4585,101.4585,1.201829,2.197777777777817,0.1722222222222403,21.119999999999905,130.0000000000001,57.17645,5689.853477735072,150000,150000,12254.0,-99.46537419476132,3.1499190727749733,4.570353057869664,13.482846352703207,64.51572697177448,1.119335893896105,491.26449702849936,0.5052375246284173,150001,147147,2854,measure_failed=2854,0,1,psrr_100hz_db,1.1976,1.2024,2.295,1.3694,23.11,160.0,81.0
ldo,SKY130-LDO,7,25,537345,FA,40,-100.8324,100.8324,0,1,1.201953,2.094444444444473,0.3194444444440701,22.029999999999923,130.0000000000001,71.36895,0,0,0,0,0,0,,6.0,1,-100.8324,100.8324,1.201953,2.094444444444473,0.3194444444440701,22.029999999999923,130.0000000000001,71.36895,5695.369850598276,150000,150000,12264.0,-100.60646160964406,4.041373369489599,3.654502443367849,15.296975560229734,57.375711827847546,1.36684858924505,374.9571398195415,0.5693824715044018,150001,147821,2180,measure_failed=2180,0,1,psrr_100hz_db,1.1976,1.2024,2.295,1.3694,23.11,160.0,81.0
ldo,SKY130-LDO,7,0,512345,FA,40,-100.0142,100.0142,0,1,1.202338,1.528888888888814,0.2722222222220319,22.059999999999963,80.00000000000007,69.25115,0,0,0,0,0,0,,18.0,1,-100.0142,100.0142,1.202338,1.528888888888814,0.2722222222220319,22.059999999999963,80.00000000000007,69.25115,5713.031430657953,150000,150000,11916.0,-99.6274710653071,8.581655188597436,4.929571899617237,6.805465932564962,94.6515387266974,1.3550615480278776,400.06649565332856,0.7927488471846863,150001,147388,2613,measure_failed=2613,0,1,psrr_100hz_db,1.1976,1.2024,2.295,1.3694,23.11,160.0,81.0
ldo,SKY130-LDO,7,3,515345,FA,40,-101.4433,101.4433,0,1,1.202339,1.512222222222285,0.2472222222222382,22.53999999999993,80.00000000000007,68.3326,0,0,0,0,0,0,,31.0,1,-101.4433,101.4433,1.202339,1.512222222222285,0.2472222222222382,22.53999999999993,80.00000000000007,68.3326,5714.254676029086,150000,150000,12131.0,-101.09379808405389,6.745346577864128,4.646802803357276,10.26264045145017,98.9631807457007,1.2336618128744952,347.54865388784555,0.6450892483548789,150001,147259,2742,measure_failed=2742,0,1,psrr_100hz_db,1.1976,1.2024,2.295,1.3694,23.11,160.0,81.0
ldo,SKY130-LDO,7,23,535345,FA,40,-100.4811,100.4811,0,1,1.202356,1.6005555555556297,0.2833333333334626,22.689999999999905,80.00000000000007,77.5773,0,0,0,0,0,0,,40.0,1,-100.4811,100.4811,1.202356,1.6005555555556297,0.2833333333334626,22.689999999999905,80.00000000000007,77.5773,5746.599353406578,150000,150000,13182.0,-100.32568663137756,10.61035957362258,3.5744332086771387,14.194199556939918,89.59058143291342,1.132380783506082,350.0993319258146,0.8152066623972719,150001,146515,3486,measure_failed=3486,0,1,psrr_100hz_db,1.1976,1.2024,2.295,1.3694,23.11,160.0,81.0
ldo,SKY130-LDO,7,1,513345,FA,40,-101.294,101.294,0,1,1.202358,1.761666666666686,0.3250000000004022,22.359999999999918,100.00000000000009,62.40630000000001,0,0,0,0,0,0,,25.0,1,-101.294,101.294,1.202358,1.761666666666686,0.3250000000004022,22.359999999999918,100.00000000000009,62.40630000000001,5772.476218312979,150000,150000,12017.0,-101.1563154656031,5.257784536669865,3.6027188852530085,10.820327600225356,77.46244735366429,1.2918076001358387,352.6138213284109,0.599667397810272,150001,147636,2365,measure_failed=2365,0,1,psrr_100hz_db,1.1976,1.2024,2.295,1.3694,23.11,160.0,81.0
ldo,SKY130-LDO,7,22,534345,FA,40,-100.6607,100.6607,0,1,1.202358,1.7344444444443594,0.3194444444446869,20.789999999999917,100.00000000000009,40.246,0,0,0,0,0,0,,182.0,1,-100.6607,100.6607,1.202358,1.7344444444443594,0.3194444444446869,20.789999999999917,100.00000000000009,40.246,5783.488654434681,150000,150000,11610.0,-98.84188930906204,5.756910695032958,2.960131344630072,2.868956869707048,79.08316373219661,1.226069077658973,440.06219646775287,0.6179153788473885,150001,146941,3060,measure_failed=3060,0,1,psrr_100hz_db,1.1976,1.2024,2.295,1.3694,23.11,160.0,81.0
ldo,SKY130-LDO,7,8,520345,FA,40,-101.4721,101.4721,0,1,1.202104,1.6805555555555862,0.1638888888889757,20.620000000000054,80.00000000000007,61.3749,0,0,0,0,0,0,,30.0,1,-101.4721,101.4721,1.202104,1.6805555555555862,0.1638888888889757,20.620000000000054,80.00000000000007,61.3749,5798.617813512683,150000,150000,11714.0,-101.15782109744065,2.518638386088313,8.101507316003046,6.3879742414435965,98.448579750831,1.370370129531716,394.50479463003467,0.3954214108177478,150001,147182,2819,measure_failed=2819,0,1,psrr_100hz_db,1.1976,1.2024,2.295,1.3694,23.11,160.0,81.0
ldo,SKY130-LDO,7,24,536345,FA,40,-100.664,100.664,0,1,1.202343,1.5211111111110596,0.2888888888885611,22.45000000000003,80.00000000000007,77.38635,0,0,0,0,0,0,,105.0,1,-100.664,100.664,1.202343,1.5211111111110596,0.2888888888885611,22.45000000000003,80.00000000000007,77.38635,5820.393792349845,150000,150000,12413.0,-98.83461732791552,5.559432962674899,5.865557685445566,8.518192546219016,93.07333191095178,1.5902733015169666,327.6175506971492,0.6191176689788386,150001,147317,2684,measure_failed=2684,0,1,psrr_100hz_db,1.1976,1.2024,2.295,1.3694,23.11,160.0,81.0
ldo,SKY130-LDO,7,9,521345,FA,40,-100.3454,100.3454,0,1,1.202043,1.5544444444444878,0.2666666666663166,22.749999999999982,100.00000000000009,80.3397,0,0,0,0,0,0,,9.0,1,-100.3454,100.3454,1.202043,1.5544444444444878,0.2666666666663166,22.749999999999982,100.00000000000009,80.3397,5886.451141957194,150000,150000,11202.0,-100.18347366662444,3.41604575431896,6.888265834138796,7.44995799914265,81.0710202133696,1.921376371196543,235.08974518635097,0.4618262431001159,150001,146818,3183,measure_failed=3183,0,1,psrr_100hz_db,1.1976,1.2024,2.295,1.3694,23.11,160.0,81.0
ldo,SKY130-LDO,7,18,530345,FA,40,-98.97429,98.97429,0,1,1.202108,1.7666666666666448,0.3916666666671356,22.27000000000001,130.0000000000001,63.08655,0,0,0,0,0,0,,174.0,1,-98.97429,98.97429,1.202108,1.7666666666666448,0.3916666666671356,22.27000000000001,130.0000000000001,63.08655,5909.064704347402,150000,150000,14650.0,-97.18610859959064,9.256112293717674,4.110610984152996,2.3074008144151423,66.43567875261526,1.694300592425615,277.8277872653523,0.7829211746112956,150001,146417,3584,measure_failed=3584,0,1,psrr_100hz_db,1.1976,1.2024,2.295,1.3694,23.11,160.0,81.0
ldo,SKY130-LDO,7,5,517345,FA,40,-101.21,101.21,0,1,1.202303,1.684444444444402,0.2833333333334626,22.10999999999988,80.00000000000007,74.46679999999999,0,0,0,0,0,0,,32.0,1,-101.21,101.21,1.202303,1.684444444444402,0.2833333333334626,22.10999999999988,80.00000000000007,74.46679999999999,5989.817247945815,150000,150000,12810.0,-100.90773144457629,6.231851156212358,3.566946490649204,16.83965654796257,82.71270741520124,1.1654489813507802,402.7016146699213,0.6595727167005309,150001,146820,3181,measure_failed=3181,0,1,psrr_100hz_db,1.1976,1.2024,2.295,1.3694,23.11,160.0,81.0
ldo,SKY130-LDO,7,15,527345,FA,40,-101.2862,101.2862,0,1,1.2024,1.5633333333333856,0.2611111111112181,21.860000000000063,80.00000000000007,62.07239999999999,0,0,0,0,0,0,,191.0,1,-101.2862,101.2862,1.2024,1.5633333333333856,0.2611111111112181,21.860000000000063,80.00000000000007,62.07239999999999,6006.974166054279,150000,150000,12719.0,-99.42364396145972,6.236347679354802,4.072218779083306,9.78830816591736,96.3143580086739,1.1874197938499702,427.22534227228624,0.6473161608037891,150001,147117,2884,measure_failed=2884,0,1,psrr_100hz_db,1.1976,1.2024,2.295,1.3694,23.11,160.0,81.0
ldo,SKY130-LDO,7,29,541345,FA,40,-101.2261,101.2261,0,1,1.202372,1.7216666666667693,0.2916666666667271,21.76999999999995,100.00000000000009,46.83725,0,0,0,0,0,0,,7.0,1,-101.2261,101.2261,1.202372,1.7216666666667693,0.2916666666667271,21.76999999999995,100.00000000000009,46.83725,6027.205073561519,150000,150000,13726.0,-100.9242860818072,6.178557104358201,3.063255447339216,6.435795534881191,82.27460489339597,1.0999881748977869,424.4788570366456,0.6514554299918128,150001,147145,2856,measure_failed=2856,0,1,psrr_100hz_db,1.1976,1.2024,2.295,1.3694,23.11,160.0,81.0
ldo,SKY130-LDO,7,21,533345,FA,40,-98.23602,98.23602,0,1,1.202201,1.593888888888895,0.3277777777779515,20.309999999999945,100.00000000000009,67.37775,0,0,0,0,0,0,,69.0,1,-98.23602,98.23602,1.202201,1.593888888888895,0.3277777777779515,20.309999999999945,100.00000000000009,67.37775,6101.221126686782,150000,150000,13319.0,-96.37346745144968,6.321655058547423,5.501491611668871,3.2036528657385808,79.5707746564265,1.844944793061824,489.50338383726086,0.7621183240261534,150001,146186,3815,measure_failed=3815,0,1,psrr_100hz_db,1.1976,1.2024,2.295,1.3694,23.11,160.0,81.0
ldo,SKY130-LDO,7,10,522345,FA,40,-99.18847,99.18847,0,1,1.202323,1.745555555555543,0.3416666666663145,22.53999999999993,100.00000000000009,67.63170000000001,0,0,0,0,0,0,,209.0,1,-99.18847,99.18847,1.202323,1.745555555555543,0.3416666666663145,22.53999999999993,100.00000000000009,67.63170000000001,6133.602765142918,150000,150000,15697.0,-97.38138352362348,14.030984130737936,3.1178412620269094,7.441365167454922,77.1114611539743,1.141929782519478,365.5411116009183,0.990385608335914,150001,146553,3448,measure_failed=3448,0,1,psrr_100hz_db,1.1976,1.2024,2.295,1.3694,23.11,160.0,81.0
ldo,SKY130-LDO,7,27,539345,FA,40,-99.35041,99.35041,0,1,1.202334,1.4516666666666536,0.2694444444444827,20.84999999999999,80.00000000000007,64.92045,0,0,0,0,0,0,,18.0,1,-99.35041,99.35041,1.202334,1.4516666666666536,0.2694444444444827,20.84999999999999,80.00000000000007,64.92045,6146.652193389833,150000,150000,15453.0,-99.2158986532577,7.265280361330623,5.674036265593559,2.6318432887501806,99.60483978151156,1.60722105645628,416.95942576363706,0.7211206118498126,150001,146237,3764,measure_failed=3764,0,1,psrr_100hz_db,1.1976,1.2024,2.295,1.3694,23.11,160.0,81.0
ldo,SKY130-LDO,7,26,538345,FA,40,-98.59423,98.59423,0,1,1.202181,1.9777777777777816,0.4166666666669293,22.619999999999887,130.0000000000001,69.792,0,0,0,0,0,0,,24.0,1,-98.59423,98.59423,1.202181,1.9777777777777816,0.4166666666669293,22.619999999999887,130.0000000000001,69.792,6177.418417081237,150000,150000,16331.0,-98.4370609845732,15.617464219103317,2.4678666637824827,9.53936990933704,61.9527787941558,1.09273021777917,361.8459834484548,1.0829556111161962,150001,145931,4070,measure_failed=4070,0,1,psrr_100hz_db,1.1976,1.2024,2.295,1.3694,23.11,160.0,81.0
ldo,SKY130-LDO,7,16,528345,FA,40,-98.12041,98.12041,0,1,1.202047,1.8061111111110515,0.3694444444442744,21.46000000000005,130.0000000000001,71.4126,0,0,0,0,0,0,,192.0,1,-98.12041,98.12041,1.202047,1.8061111111110515,0.3694444444442744,21.46000000000005,130.0000000000001,71.4126,6205.487668920308,150000,150000,15521.0,-96.2594448282322,7.945004683249348,4.769000760246841,5.501409387773801,64.4260781015039,1.69694050598735,446.8977939066535,0.9086322356502832,150001,146459,3542,measure_failed=3542,0,1,psrr_100hz_db,1.1976,1.2024,2.295,1.3694,23.11,160.0,81.0
ldo,SKY130-LDO,7,14,526345,FA,40,-99.86618,99.86618,0,1,1.202321,1.7999999999999496,0.336111111111216,22.32999999999988,100.00000000000009,64.59775,0,0,0,0,0,0,,33.0,1,-99.86618,99.86618,1.202321,1.7999999999999496,0.336111111111216,22.32999999999988,100.00000000000009,64.59775,6229.849597651511,150000,150000,14222.0,-99.68507829818864,11.696077331020884,2.651745695384513,11.329375594291289,74.62422906334682,1.0397952167870352,390.8160725273775,0.8982979409640733,150001,146980,3021,measure_failed=3021,0,1,psrr_100hz_db,1.1976,1.2024,2.295,1.3694,23.11,160.0,81.0
ldo,SKY130-LDO,7,7,519345,FA,40,-99.56717,99.56717,0,1,1.202053,1.763333333333339,0.2833333333334626,19.86999999999996,100.00000000000009,60.5555,0,0,0,0,0,0,,19.0,1,-99.56717,99.56717,1.202053,1.763333333333339,0.2833333333334626,19.86999999999996,100.00000000000009,60.5555,6291.24456718564,150000,150000,16492.0,-99.35264652964354,2.979681462339656,5.260638829533959,5.233488448456816,71.318849360836,1.8509899630372897,420.2895296524807,0.457938141946056,150001,145179,4822,measure_failed=4822,0,1,psrr_100hz_db,1.1976,1.2024,2.295,1.3694,23.11,160.0,81.0
ldo,SKY130-LDO,7,19,531345,FA,40,-97.18354,97.18354,0,1,1.202345,2.14499999999994,0.4499999999999876,22.9099999999999,130.0000000000001,57.13535,0,0,0,0,0,0,,9.0,1,-97.18354,97.18354,1.202345,2.14499999999994,0.4499999999999876,22.9099999999999,130.0000000000001,57.13535,6319.28171537444,150000,150000,18680.0,-96.7341565392436,19.364948938270047,1.8596086255490585,4.270600981693234,61.36737596628669,0.9389208140625558,319.59191981326,1.2931358514916165,150001,149990,11,measure_failed=11,0,1,psrr_100hz_db,1.1976,1.2024,2.295,1.3694,23.11,160.0,81.0
ldo,SKY130-LDO,7,4,516345,FA,40,-87.5439,87.5439,0,1,1.202274,1.829999999999949,0.3555555555552945,22.97999999999992,100.00000000000009,64.71165,0,0,0,0,0,0,,48.0,1,-87.5439,87.5439,1.202274,1.829999999999949,0.3555555555552945,22.97999999999992,100.00000000000009,64.71165,6342.065219629556,150000,150000,17951.0,-85.38704637120912,13.219985757091818,2.7085142070903165,9.086588764234314,71.19574156326557,1.0824977077729785,323.440829324075,3.722513654933263,150001,149997,4,measure_failed=4,0,1,psrr_100hz_db,1.1976,1.2024,2.295,1.3694,23.11,160.0,81.0
ldo,SKY130-LDO,7,12,524345,FA,40,-99.59053,99.59053,0,1,1.202233,1.533333333333263,0.2805555555552965,21.509999999999977,80.00000000000007,68.38575,0,0,0,0,0,0,,118.0,1,-99.59053,99.59053,1.202233,1.533333333333263,0.2805555555552965,21.509999999999977,80.00000000000007,68.38575,6362.992852609605,150000,150000,15982.0,-97.75498441236276,6.72173395519872,5.797113378775844,4.809113008097744,88.61659378017859,1.5923913859958034,412.08512502722544,0.7312280627151861,150001,145707,4294,measure_failed=4294,0,1,psrr_100hz_db,1.1976,1.2024,2.295,1.3694,23.11,160.0,81.0
ldo,SKY130-LDO,7,17,529345,FA,40,906.43082,93.56918,1,0,1.202262,2.124999999999982,0.6277777777779432,22.359999999999918,130.0000000000001,138.7686,0,0,0,0,0,1,,,0,inf,,,,,,,,6409.993183735758,150000,150000,17543.0,906.5516548540324,37.89915726674999,3.2569351235385247,5.001892293288946,57.40850691134932,1.411088326884746,400.3813324313823,2.124301401162986,150001,147097,2904,measure_failed=2904,0,1,psrr_100hz_db,1.1976,1.2024,2.295,1.3694,23.11,160.0,81.0
ldo,SKY130-LDO,7,5,517345,PSO,40,-102.3727,102.3727,0,1,1.202324,1.797777777777787,0.1750000000004063,21.3399999999999,80.00000000000007,74.46885,0,0,0,0,0,0,,32.0,1,-102.3727,102.3727,1.202324,1.797777777777787,0.1750000000004063,21.3399999999999,80.00000000000007,74.46885,14623.088569007814,150000,150000,18835.0,-102.24607132620882,3.7120776285106687,5.582951480137214,20.0,100.0,1.0152788614040364,500.0,0.4978882266336605,150001,129149,20852,measure_failed=20852,0,1,psrr_100hz_db,1.1976,1.2024,2.295,1.3694,23.11,160.0,81.0
ldo,SKY130-LDO,7,9,521345,PSO,40,-100.2734,100.2734,0,1,1.2024,1.508888888888856,0.2611111111106013,21.46000000000005,80.00000000000007,80.7708,0,0,0,0,0,0,,9.0,1,-100.2734,100.2734,1.2024,1.508888888888856,0.2611111111106013,21.46000000000005,80.00000000000007,80.7708,17872.999658100307,150000,150000,21881.0,-100.17088969946468,6.156924859395453,5.368892141070254,12.3064419574569,100.0,1.382126226729746,500.0,0.7080722398308494,150001,120307,29694,measure_failed=29694,0,1,psrr_100hz_db,1.1976,1.2024,2.295,1.3694,23.11,160.0,81.0
ldo,SKY130-LDO,7,10,522345,PSO,40,-100.8204,100.8204,0,1,1.202398,1.6461111111111382,0.2833333333334626,21.509999999999977,80.00000000000007,80.81195000000001,0,0,0,0,0,0,,49.0,1,-100.8204,100.8204,1.202398,1.6461111111111382,0.2833333333334626,21.509999999999977,80.00000000000007,80.81195000000001,33272.3545415625,150000,150000,105318.0,-98.69219264615096,5.806817587242569,3.8662078875685375,18.2382435521213,88.46683197405316,1.2110836443573996,500.0,0.672638872231545,150001,100591,49410,measure_failed=49410,0,1,psrr_100hz_db,1.1976,1.2024,2.295,1.3694,23.11,160.0,81.0
ldo,SKY130-LDO,7,17,529345,PSO,40,-103.1783,103.1783,0,1,1.202312,1.804444444444522,0.1694444444440742,23.100000000000072,80.00000000000007,30.70815,0,0,0,0,0,0,,82.0,1,-103.1783,103.1783,1.202312,1.804444444444522,0.1694444444440742,23.100000000000072,80.00000000000007,30.70815,37132.87032837421,150000,150000,86282.0,-101.23424590373936,3.4406829163857866,3.373192935666573,1.0004754437041958,100.0,1.0032216556547833,170.54268479486342,0.3243069181625623,150001,114139,35862,measure_failed=35861;timeout=1,1,1,psrr_100hz_db,1.1976,1.2024,2.295,1.3694,23.11,160.0,81.0
ldo,SKY130-LDO,7,18,530345,PSO,40,-101.5034,101.5034,0,1,1.202398,2.174444444444429,0.3222222222222362,21.320000000000014,130.0000000000001,40.7079,0,0,0,0,0,0,,65.0,1,-101.5034,101.5034,1.202398,2.174444444444429,0.3222222222222362,21.320000000000014,130.0000000000001,40.7079,37346.50120052695,150000,150000,146808.0,-99.47255200661336,4.62977030571379,2.022143540665498,9.991040736709303,65.04998355825317,0.9294502595993872,499.987505683361,0.5974164840114821,150001,96710,53291,measure_failed=53291,0,1,psrr_100hz_db,1.1976,1.2024,2.295,1.3694,23.11,160.0,81.0
ldo,SKY130-LDO,7,14,526345,PSO,40,-101.4939,101.4939,0,1,1.202318,1.6749999999999945,0.302777777777541,23.100000000000072,100.00000000000009,53.97855,0,0,0,0,0,0,,33.0,1,-101.4939,101.4939,1.202318,1.6749999999999945,0.302777777777541,23.100000000000072,100.00000000000009,53.97855,38092.43372234702,150000,150000,19448.0,-101.32261127197516,4.470678273358449,4.4938409880489445,4.866080449075251,82.33495392528718,1.5031813605500846,242.6622457567176,0.500695392038041,150001,124838,25163,measure_failed=25163,0,1,psrr_100hz_db,1.1976,1.2024,2.295,1.3694,23.11,160.0,81.0
ldo,SKY130-LDO,7,27,539345,PSO,40,-100.2766,100.2766,0,1,1.20217,1.6038888888889355,0.3499999999995791,23.100000000000072,100.00000000000009,53.33655,0,0,0,0,0,0,,18.0,1,-100.2766,100.2766,1.20217,1.6038888888889355,0.3499999999995791,23.100000000000072,100.00000000000009,53.33655,38197.172843165696,150000,150000,21957.0,-100.1860100001,6.999026585816337,3.5365557396160296,1.0,76.42880240902946,1.8159974371952727,169.46653519193106,0.4962743423654784,150001,121747,28254,measure_failed=28253;timeout=1,1,1,psrr_100hz_db,1.1976,1.2024,2.295,1.3694,23.11,160.0,81.0
ldo,SKY130-LDO,7,22,534345,PSO,40,-101.588,101.588,0,1,1.202291,1.6033333333334256,0.2888888888885611,23.100000000000072,80.00000000000007,47.1717,0,0,0,0,0,0,,500.0,1,-101.588,101.588,1.202291,1.6033333333334256,0.2888888888885611,23.100000000000072,80.00000000000007,47.1717,38489.90100869536,150000,150000,128459.0,-99.51420398032651,6.471677732761972,3.779871060900808,2.5853870879374985,86.01327372679631,1.3340744793440578,235.786966932054,0.5570204143754026,150001,94827,55174,measure_failed=55173;timeout=1,1,1,psrr_100hz_db,1.1976,1.2024,2.295,1.3694,23.11,160.0,81.0
ldo,SKY130-LDO,7,19,531345,PSO,40,-101.6962,101.6962,0,1,1.202337,1.5622222222222426,0.2999999999999917,23.089999999999915,80.00000000000007,42.02015,0,0,0,0,0,0,,9.0,1,-101.6962,101.6962,1.202337,1.5622222222222426,0.2999999999999917,23.089999999999915,80.00000000000007,42.02015,38753.87076725066,150000,150000,149316.0,-101.18926026680178,6.340452319789631,2.9006728973221887,1.0,88.30437817237203,1.4037469841816566,178.43068829208823,0.4477049965979232,150001,90621,59380,measure_failed=59379;timeout=1,1,1,psrr_100hz_db,1.1976,1.2024,2.295,1.3694,23.11,160.0,81.0
ldo,SKY130-LDO,7,25,537345,PSO,40,-102.5749,102.5749,0,1,1.202217,2.0611111111110443,0.2277777777781598,23.100000000000072,100.00000000000009,67.3959,0,0,0,0,0,0,,6.0,1,-102.5749,102.5749,1.202217,2.0611111111110443,0.2277777777781598,23.100000000000072,100.00000000000009,67.3959,39004.6865286082,150000,150000,31943.0,-102.40882959453064,3.924994512165751,3.523692216953357,19.937747157833755,73.14939286612136,1.0302290593475691,289.9486346024097,0.4927150071212532,150001,127353,22648,measure_failed=22648,0,1,psrr_100hz_db,1.1976,1.2024,2.295,1.3694,23.11,160.0,81.0
ldo,SKY130-LDO,7,3,515345,PSO,40,-102.8079,102.8079,0,1,1.202021,1.9311111111111303,0.1333333333334667,23.100000000000072,100.00000000000009,70.247,0,0,0,0,0,0,,31.0,1,-102.8079,102.8079,1.202021,1.9311111111111303,0.1333333333334667,23.100000000000072,100.00000000000009,70.247,39017.82982446253,150000,150000,12915.0,-102.6839338563924,2.8962751967531637,7.873431593931723,15.549778914365762,91.060157435084,1.076067839214047,270.9346232702502,0.419716712514217,150001,124479,25522,measure_failed=25522,0,1,psrr_100hz_db,1.1976,1.2024,2.295,1.3694,23.11,160.0,81.0
ldo,SKY130-LDO,7,23,535345,PSO,40,-102.0805,102.0805,0,1,1.202362,1.8466666666666012,0.2999999999999917,23.100000000000072,100.00000000000009,62.908350000000006,0,0,0,0,0,0,,40.0,1,-102.0805,102.0805,1.202362,1.8466666666666012,0.2999999999999917,23.100000000000072,100.00000000000009,62.908350000000006,39145.34623813629,150000,150000,43760.0,-101.95662335835571,6.806598944147062,2.4325889543901136,17.591717734550123,75.96344046219309,0.959184070737468,303.40064124401584,0.6257804307523599,150001,120353,29648,measure_failed=29648,0,1,psrr_100hz_db,1.1976,1.2024,2.295,1.3694,23.11,160.0,81.0
ldo,SKY130-LDO,7,29,541345,PSO,40,-102.3985,102.3985,0,1,1.202392,1.9661111111112115,0.2805555555552965,23.100000000000072,100.00000000000009,42.285,0,0,0,0,0,0,,7.0,1,-102.3985,102.3985,1.202392,1.9661111111112115,0.2805555555552965,23.100000000000072,100.00000000000009,42.285,39447.533682614565,150000,150000,149929.0,-101.86236548900328,6.719140510439793,2.0373903335650065,9.767641663776107,74.41977966993733,0.8388018044852262,296.85547074599015,0.6082978472261804,150001,98347,51654,measure_failed=51654,0,1,psrr_100hz_db,1.1976,1.2024,2.295,1.3694,23.11,160.0,81.0
ldo,SKY130-LDO,7,8,520345,PSO,40,-103.757,103.757,0,1,1.202245,2.0361111111111274,0.1277777777777514,23.100000000000072,80.00000000000007,44.733,0,0,0,0,0,0,,30.0,1,-103.757,103.757,1.202245,2.0361111111111274,0.1277777777777514,23.100000000000072,80.00000000000007,44.733,39540.75497469306,150000,150000,85458.0,-103.51305129627532,2.281944589768935,5.670919877413869,9.537660123578334,100.0,0.8508013742915501,250.4792080845126,0.3557233738447928,150001,111478,38523,measure_failed=38523,0,1,psrr_100hz_db,1.1976,1.2024,2.295,1.3694,23.11,160.0,81.0
ldo,SKY130-LDO,7,12,524345,PSO,40,-102.0975,102.0975,0,1,1.202399,1.840555555555623,0.3222222222216194,23.100000000000072,100.00000000000009,41.8969,0,0,0,0,0,0,,60.0,1,-102.0975,102.0975,1.202399,1.840555555555623,0.3222222222216194,23.100000000000072,100.00000000000009,41.8969,39586.64237444103,150000,150000,146898.0,-99.66206083557223,6.097056821125615,2.495020984921396,6.2494149310676,75.51013849783577,1.03122493649562,288.1606356583452,0.5884399891427274,150001,94583,55418,measure_failed=55418,0,1,psrr_100hz_db,1.1976,1.2024,2.295,1.3694,23.11,160.0,81.0
ldo,SKY130-LDO,7,28,540345,PSO,40,-101.9689,101.9689,0,1,1.202307,1.5633333333333856,0.2388888888889737,23.100000000000072,80.00000000000007,54.98325000000001,0,0,0,0,0,0,,220.0,1,-101.9689,101.9689,1.202307,1.5633333333333856,0.2388888888889737,23.100000000000072,80.00000000000007,54.98325000000001,39604.26485776901,150000,150000,143237.0,-99.99107942466284,6.975446576546675,3.678840862846753,7.977226937352259,93.31522098636464,1.100311191525332,297.67962059731445,0.6210467464792939,150001,98687,51314,measure_failed=51314,0,1,psrr_100hz_db,1.1976,1.2024,2.295,1.3694,23.11,160.0,81.0
ldo,SKY130-LDO,7,2,514345,PSO,40,-101.1492,101.1492,0,1,1.202122,1.8849999999999885,0.3361111111105992,23.100000000000072,130.0000000000001,62.09649999999999,0,0,0,0,0,0,,43.0,1,-101.1492,101.1492,1.202122,1.8849999999999885,0.3361111111105992,23.100000000000072,130.0000000000001,62.09649999999999,39665.52586273849,150000,150000,55208.0,-99.26818252598352,6.0893489147849,3.1733784637399447,11.9080903412005,65.29380251607893,1.2364751363483395,297.4484005746156,0.6474242074772076,150001,102905,47096,measure_failed=47096,0,1,psrr_100hz_db,1.1976,1.2024,2.295,1.3694,23.11,160.0,81.0
ldo,SKY130-LDO,7,6,518345,PSO,40,-101.8991,101.8991,0,1,1.202373,1.7405555555555847,0.3111111111108056,23.100000000000072,100.00000000000009,47.18475000000001,0,0,0,0,0,0,,40.0,1,-101.8991,101.8991,1.202373,1.7405555555555847,0.3111111111108056,23.100000000000072,100.00000000000009,47.18475000000001,39667.61601237953,150000,150000,127912.0,-101.22841861549078,5.640098904357453,3.259105149387078,5.770470969799602,79.84685867411665,1.1983527161262733,278.060211592568,0.5679814086950244,150001,91086,58915,measure_failed=58915,0,1,psrr_100hz_db,1.1976,1.2024,2.295,1.3694,23.11,160.0,81.0
ldo,SKY130-LDO,7,24,536345,PSO,40,-101.9977,101.9977,0,1,1.202384,1.6238888888888938,0.275000000000198,23.100000000000072,80.00000000000007,52.539950000000005,0,0,0,0,0,0,,62.0,1,-101.9977,101.9977,1.202384,1.6238888888888938,0.275000000000198,23.100000000000072,80.00000000000007,52.539950000000005,39685.2912048921,150000,150000,149861.0,-99.99593957103048,6.147943487215161,3.6223066648187214,7.0626439541018495,89.88689373262632,1.1608015419076192,289.32109225980224,0.5873679099320303,150001,86665,63336,measure_failed=63336,0,1,psrr_100hz_db,1.1976,1.2024,2.295,1.3694,23.11,160.0,81.0
ldo,SKY130-LDO,7,7,519345,PSO,40,-103.3379,103.3379,0,1,1.202059,1.97222222222219,0.1249999999995853,23.100000000000072,100.00000000000009,46.2825,0,0,0,0,0,0,,19.0,1,-103.3379,103.3379,1.202059,1.97222222222219,0.1249999999995853,23.100000000000072,100.00000000000009,46.2825,39764.79493997991,150000,150000,149943.0,-102.87725251398344,3.024520278138005,6.494167098042414,7.829557712826923,93.4076167981236,0.9307317882087972,261.6913906862541,0.409604085905569,150001,106063,43938,measure_failed=43938,0,1,psrr_100hz_db,1.1976,1.2024,2.295,1.3694,23.11,160.0,81.0
ldo,SKY130-LDO,7,1,513345,PSO,40,-101.6345,101.6345,0,1,1.20224,1.9716666666665568,0.3500000000001959,23.079999999999977,130.0000000000001,60.29285,0,0,0,0,0,0,,25.0,1,-101.6345,101.6345,1.20224,1.9716666666665568,0.3500000000001959,23.079999999999977,130.0000000000001,60.29285,39791.18917790055,150000,150000,144499.0,-101.18488580477204,6.019371902834345,2.3985563022525693,15.541675483155611,64.91262843225742,1.0565999083572797,302.98678718460945,0.6275470734084104,150001,88719,61282,measure_failed=61282,0,1,psrr_100hz_db,1.1976,1.2024,2.295,1.3694,23.11,160.0,81.0
ldo,SKY130-LDO,7,20,532345,PSO,40,-101.8548,101.8548,0,1,1.202207,2.047222222222188,0.3166666666671376,23.100000000000072,130.0000000000001,53.808150000000005,0,0,0,0,0,0,,5.0,1,-101.8548,101.8548,1.202207,2.047222222222188,0.3166666666671376,23.100000000000072,130.0000000000001,53.808150000000005,39913.961094766855,150000,150000,143941.0,-101.54647596233974,4.4367963028481565,2.9803170332930806,11.606362331099254,64.54512385706022,1.1605143829599047,285.40883335551285,0.540435284271519,150001,97402,52599,measure_failed=52599,0,1,psrr_100hz_db,1.1976,1.2024,2.295,1.3694,23.11,160.0,81.0
ldo,SKY130-LDO,7,13,525345,PSO,40,-101.1088,101.1088,0,1,1.202157,1.7072222222221562,0.305555555555707,23.100000000000072,100.00000000000009,48.97835,0,0,0,0,0,0,,5.0,1,-101.1088,101.1088,1.202157,1.7072222222221562,0.305555555555707,23.100000000000072,100.00000000000009,48.97835,39992.957569524646,150000,150000,65528.0,-100.8944937386916,6.685491423605713,3.74376336122012,3.756426933615866,74.97559397043239,1.3323142903068674,261.14023310403275,0.6250263405126493,150001,111464,38537,measure_failed=38537,0,1,psrr_100hz_db,1.1976,1.2024,2.295,1.3694,23.11,160.0,81.0
ldo,SKY130-LDO,7,11,523345,PSO,40,-101.943,101.943,0,1,1.20237,1.725555555555585,0.2972222222224425,23.100000000000072,80.00000000000007,66.50515,0,0,0,0,0,0,,34.0,1,-101.943,101.943,1.20237,1.725555555555585,0.2972222222224425,23.100000000000072,80.00000000000007,66.50515,40098.92347268015,150000,150000,82266.0,-101.60559527203516,5.8089423121928006,3.352042847376123,14.232998999147195,81.52322540779038,1.158211914860169,298.9000261609902,0.5892448090580351,150001,101715,48286,measure_failed=48286,0,1,psrr_100hz_db,1.1976,1.2024,2.295,1.3694,23.11,160.0,81.0
ldo,SKY130-LDO,7,21,533345,PSO,40,-102.1058,102.1058,0,1,1.202367,1.6127777777778332,0.2638888888887674,23.100000000000072,80.00000000000007,50.20085,0,0,0,0,0,0,,66.0,1,-102.1058,102.1058,1.202367,1.6127777777778332,0.2638888888887674,23.100000000000072,80.00000000000007,50.20085,40190.88837238401,150000,150000,126919.0,-99.99130658954392,6.791518488207407,3.281207160623772,7.161537823683529,91.15262201063264,1.0598962723455874,295.139458076709,0.6080854188657342,150001,92883,57118,measure_failed=57118,0,1,psrr_100hz_db,1.1976,1.2024,2.295,1.3694,23.11,160.0,81.0
ldo,SKY130-LDO,7,16,528345,PSO,40,-101.6656,101.6656,0,1,1.202376,1.761666666666686,0.3388888888893821,23.100000000000072,100.00000000000009,49.41985,0,0,0,0,0,0,,78.0,1,-101.6656,101.6656,1.202376,1.761666666666686,0.3388888888893821,23.100000000000072,100.00000000000009,49.41985,40191.282193504274,150000,150000,136783.0,-99.63942530806872,4.979331256678462,3.489427059578681,5.620061181722913,76.78353013776405,1.3443070493646825,263.9867564074811,0.539308857900126,150001,89236,60765,measure_failed=60765,0,1,psrr_100hz_db,1.1976,1.2024,2.295,1.3694,23.11,160.0,81.0
ldo,SKY130-LDO,7,26,538345,PSO,40,-102.1499,102.1499,0,1,1.202388,1.6138888888889764,0.2638888888887674,23.100000000000072,80.00000000000007,49.6155,0,0,0,0,0,0,,24.0,1,-102.1499,102.1499,1.202388,1.6138888888889764,0.2638888888887674,23.100000000000072,80.00000000000007,49.6155,40198.28773264587,150000,150000,131594.0,-101.7296301915346,6.788540278888135,3.2288037693744,7.04117306360856,91.93151902384903,1.0487054778131486,294.9184996484998,0.6054514982592355,150001,91352,58649,measure_failed=58649,0,1,psrr_100hz_db,1.1976,1.2024,2.295,1.3694,23.11,160.0,81.0
ldo,SKY130-LDO,7,15,527345,PSO,40,-101.3907,101.3907,0,1,1.202364,1.4761111111110607,0.2666666666663166,23.100000000000072,80.00000000000007,71.29214999999999,0,0,0,0,0,0,,88.0,1,-101.3907,101.3907,1.202364,1.4761111111110607,0.2666666666663166,23.100000000000072,80.00000000000007,71.29214999999999,40227.40396947414,150000,150000,17894.0,-99.5220838052587,4.493977115671812,6.21397913687197,6.722158403953889,99.95712945503016,1.6163785423798938,252.95292887095175,0.5073259164010498,150001,125937,24064,measure_failed=24064,0,1,psrr_100hz_db,1.1976,1.2024,2.295,1.3694,23.11,160.0,81.0
ldo,SKY130-LDO,7,4,516345,PSO,40,-101.9366,101.9366,0,1,1.20231,1.6205555555554647,0.2694444444444827,23.100000000000072,80.00000000000007,46.30575,0,0,0,0,0,0,,52.0,1,-101.9366,101.9366,1.20231,1.6205555555554647,0.2694444444444827,23.100000000000072,80.00000000000007,46.30575,40279.20890112966,150000,150000,147650.0,-99.71764246471643,6.704380137530391,3.414040334291557,4.6050736032854,87.83152670270628,1.1239247812257775,279.50673299931753,0.6001018920523983,150001,94662,55339,measure_failed=55339,0,1,psrr_100hz_db,1.1976,1.2024,2.295,1.3694,23.11,160.0,81.0
ldo,SKY130-LDO,7,0,512345,PSO,40,-101.797,101.797,0,1,1.202347,1.6716666666666886,0.2916666666667271,23.100000000000072,80.00000000000007,55.12445,0,0,0,0,0,0,,18.0,1,-101.797,101.797,1.202347,1.6716666666666886,0.2916666666667271,23.100000000000072,80.00000000000007,55.12445,40345.16935745627,150000,150000,148983.0,-101.12960741684944,5.8763931791771125,3.733012246572033,7.5994653870141775,84.10252517554177,1.2341906994641725,287.3987575730489,0.5863294979562863,150001,85969,64032,measure_failed=64032,0,1,psrr_100hz_db,1.1976,1.2024,2.295,1.3694,23.11,160.0,81.0
ldo,SKY130-LDO,7,13,525345,GA,40,-99.28356,99.28356,0,1,1.202381,1.6727777777777082,0.3388888888887653,23.05999999999988,80.00000000000007,69.38069999999999,0,0,0,0,0,0,,5.0,1,-99.28356,99.28356,1.202381,1.6727777777777082,0.3388888888887653,23.05999999999988,80.00000000000007,69.38069999999999,35985.47679832578,150000,150000,137960.0,-99.20706018086788,15.267622087321296,3.5725057914524805,4.299981193054421,82.96211479393513,1.2314248299799366,303.9906340325328,0.968351707730761,150001,101379,48622,measure_failed=48622,0,1,psrr_100hz_db,1.1976,1.2024,2.295,1.3694,23.11,160.0,81.0
ldo,SKY130-LDO,7,4,516345,GA,40,-101.9338,101.9338,0,1,1.202375,1.8344444444445207,0.3138888888883548,22.82999999999994,100.00000000000009,61.4139,0,0,0,0,0,0,,143.0,1,-101.9338,101.9338,1.202375,1.8344444444445207,0.3138888888883548,22.82999999999994,100.00000000000009,61.4139,37551.45486006513,150000,150000,132440.0,-99.84492611797413,6.200645101483932,2.606885760005089,15.511174935697008,75.50130285200083,1.0292394701591507,324.5310616400084,0.614110901011677,150001,102648,47353,measure_failed=47353,0,1,psrr_100hz_db,1.1976,1.2024,2.295,1.3694,23.11,160.0,81.0
ldo,SKY130-LDO,7,14,526345,GA,40,-102.9608,102.9608,0,1,1.202115,1.9877777777776997,0.1638888888889757,20.719999999999896,100.00000000000009,23.91675,0,0,0,0,0,0,,33.0,1,-102.9608,102.9608,1.202115,1.9877777777776997,0.1638888888889757,20.719999999999896,100.00000000000009,23.91675,37571.075223356485,150000,150000,149240.0,-102.50862883695892,3.44685395175905,2.3497963757967915,1.105462762993774,81.70280040382457,0.8472841401226108,287.4217998742246,0.3699564644166903,150001,100741,49260,measure_failed=49260,0,1,psrr_100hz_db,1.1976,1.2024,2.295,1.3694,23.11,160.0,81.0
ldo,SKY130-LDO,7,5,517345,GA,40,-103.6502,103.6502,0,1,1.202084,1.92055555555558,0.1222222222220361,22.21999999999988,80.00000000000007,48.29415,0,0,0,0,0,0,,32.0,1,-103.6502,103.6502,1.202084,1.92055555555558,0.1222222222220361,22.21999999999988,80.00000000000007,48.29415,37796.6608036682,150000,150000,148560.0,-103.16522960836404,3.066586655027426,4.890263948194921,13.610754800968214,97.6825613495697,0.7775078461880337,343.25876633116206,0.422806658159933,150001,102535,47466,measure_failed=47466,0,1,psrr_100hz_db,1.1976,1.2024,2.295,1.3694,23.11,160.0,81.0
ldo,SKY130-LDO,7,25,537345,GA,40,-103.5018,103.5018,0,1,1.202165,1.9938888888889248,0.1250000000002021,22.969999999999978,80.00000000000007,49.9994,0,0,0,0,0,0,,6.0,1,-103.5018,103.5018,1.202165,1.9938888888889248,0.1250000000002021,22.969999999999978,80.00000000000007,49.9994,37876.76293401048,150000,150000,129000.0,-103.17474515580103,2.6355785802341285,6.726166737514221,9.984267493029307,98.6116706729324,0.9078815129452348,267.94719170137625,0.3844463390272117,150001,102574,47427,measure_failed=47427,0,1,psrr_100hz_db,1.1976,1.2024,2.295,1.3694,23.11,160.0,81.0
ldo,SKY130-LDO,7,3,515345,GA,40,-103.7492,103.7492,0,1,1.202211,1.981666666666721,0.1555555555557111,22.96000000000004,100.00000000000009,26.44485,0,0,0,0,0,0,,31.0,1,-103.7492,103.7492,1.202211,1.981666666666721,0.1555555555557111,22.96000000000004,100.00000000000009,26.44485,37934.99951447174,150000,150000,119400.0,-103.55798140914273,3.4132257825642864,2.766716537948029,2.466268666212515,88.11901817703213,0.7665745679473758,230.47794981933512,0.3924081956568498,150001,103002,46999,measure_failed=46999,0,1,psrr_100hz_db,1.1976,1.2024,2.295,1.3694,23.11,160.0,81.0
ldo,SKY130-LDO,7,23,535345,GA,40,-102.1266,102.1266,0,1,1.202373,2.176666666666716,0.3138888888883548,21.959999999999905,130.0000000000001,38.754000000000005,0,0,0,0,0,0,,40.0,1,-102.1266,102.1266,1.202373,2.176666666666716,0.3138888888883548,21.959999999999905,130.0000000000001,38.754000000000005,37997.02669204772,150000,150000,149200.0,-101.37896171584477,4.686581732346489,1.8352958286854848,10.15741433818126,64.93062548677102,0.870000017440703,395.7456982892601,0.5634970881843873,150001,102577,47424,measure_failed=47424,0,1,psrr_100hz_db,1.1976,1.2024,2.295,1.3694,23.11,160.0,81.0
ldo,SKY130-LDO,7,19,531345,GA,40,-102.8077,102.8077,0,1,1.202317,2.07833333333333,0.2361111111114244,23.089999999999915,100.00000000000009,28.34850000000001,0,0,0,0,0,0,,9.0,1,-102.8077,102.8077,1.202317,2.07833333333333,0.2361111111114244,23.089999999999915,100.00000000000009,28.34850000000001,38009.91524232924,150000,150000,72480.0,-102.62583988019918,3.928042852603828,2.496961151281242,2.407213281202517,74.19967028771264,0.9739796849843168,217.1604984867368,0.4233438566544596,150001,100846,49155,measure_failed=49155,0,1,psrr_100hz_db,1.1976,1.2024,2.295,1.3694,23.11,160.0,81.0
ldo,SKY130-LDO,7,0,512345,GA,40,-103.2125,103.2125,0,1,1.202226,1.8533333333333364,0.1527777777775451,22.359999999999918,80.00000000000007,63.15405,0,0,0,0,0,0,,18.0,1,-103.2125,103.2125,1.202226,1.8533333333333364,0.1527777777775451,22.359999999999918,80.00000000000007,63.15405,38779.60602167994,150000,150000,123880.0,-102.64649646667644,3.466457374918971,5.767133741715841,16.33889041439113,98.84548408272614,0.9462321416277444,343.7506215711847,0.4450814274200594,150001,104525,45476,measure_failed=45476,0,1,psrr_100hz_db,1.1976,1.2024,2.295,1.3694,23.11,160.0,81.0
ldo,SKY130-LDO,7,8,520345,GA,40,-101.259,101.259,0,1,1.202398,1.5238888888888555,0.2611111111112181,22.93999999999994,80.00000000000007,63.38184999999999,0,0,0,0,0,0,,30.0,1,-101.259,101.259,1.202398,1.5238888888888555,0.2611111111112181,22.93999999999994,80.00000000000007,63.38184999999999,39054.29893280938,150000,150000,141760.0,-100.7651491880279,9.53458640402568,3.81288732684068,8.313374201603095,99.01381128516672,1.120864514242881,319.42211659155214,0.7245492940007789,150001,101941,48060,measure_failed=48060,0,1,psrr_100hz_db,1.1976,1.2024,2.295,1.3694,23.11,160.0,81.0
ldo,SKY130-LDO,7,9,521345,GA,40,-103.3362,103.3362,0,1,1.202155,1.8594444444444385,0.1361111111110159,20.810000000000013,80.00000000000007,30.2409,0,0,0,0,0,0,,9.0,1,-103.3362,103.3362,1.202155,1.8594444444444385,0.1361111111110159,20.810000000000013,80.00000000000007,30.2409,39062.607431061566,150000,150000,96760.0,-103.03985200171334,3.2305350657650465,3.910660712996388,2.220752476392924,99.26909016044416,0.8203941622670214,359.3018985416925,0.3894484239901203,150001,101179,48822,measure_failed=48822,0,1,psrr_100hz_db,1.1976,1.2024,2.295,1.3694,23.11,160.0,81.0
ldo,SKY130-LDO,7,6,518345,GA,40,-101.5687,101.5687,0,1,1.202319,1.5583333333333036,0.2555555555555028,22.839999999999883,80.00000000000007,70.07504999999999,0,0,0,0,0,0,,40.0,1,-101.5687,101.5687,1.202319,1.5583333333333036,0.2555555555555028,22.839999999999883,80.00000000000007,70.07504999999999,39212.07877201587,150000,150000,113880.0,-100.94887848862328,7.83339352727517,3.749622005608358,13.656542715314606,93.61350901175116,1.1123349511008276,328.7710819813643,0.6743740877173254,150001,102528,47473,measure_failed=47473,0,1,psrr_100hz_db,1.1976,1.2024,2.295,1.3694,23.11,160.0,81.0
ldo,SKY130-LDO,7,1,513345,GA,40,-102.2194,102.2194,0,1,1.202381,1.9594444444444763,0.2833333333334626,22.749999999999982,100.00000000000009,56.71815000000001,0,0,0,0,0,0,,25.0,1,-102.2194,102.2194,1.202381,1.9594444444444763,0.2833333333334626,22.749999999999982,100.00000000000009,56.71815000000001,39282.82201074064,150000,150000,133200.0,-101.76498275295168,6.624276551044055,2.0763239816494887,17.988158595547926,73.85433786205662,0.8567385605801892,329.6783634319036,0.6210434047886267,150001,104603,45398,measure_failed=45398,0,1,psrr_100hz_db,1.1976,1.2024,2.295,1.3694,23.11,160.0,81.0
ldo,SKY130-LDO,7,7,519345,GA,40,-100.8255,100.8255,0,1,1.2021,1.7799999999999914,0.3805555555557049,23.03000000000005,130.0000000000001,41.5185,0,0,0,0,0,0,,19.0,1,-100.8255,100.8255,1.2021,1.7799999999999914,0.3805555555557049,23.03000000000005,130.0000000000001,41.5185,39377.54437944293,150000,150000,73080.0,-100.73752540563603,5.716395648267921,2.896523870053431,1.5161094504137766,65.51523521789284,1.5637401795746324,192.15651008384657,0.5021001898313996,150001,105119,44882,measure_failed=44882,0,1,psrr_100hz_db,1.1976,1.2024,2.295,1.3694,23.11,160.0,81.0
ldo,SKY130-LDO,7,16,528345,GA,40,-99.90242,99.90242,0,1,1.202391,1.6650000000000769,0.3138888888889716,22.99000000000008,80.00000000000007,75.2925,0,0,0,0,0,0,,77.0,1,-99.90242,99.90242,1.202391,1.6650000000000769,0.3138888888889716,22.99000000000008,80.00000000000007,75.2925,39393.82584927976,150000,150000,127960.0,-97.4233259091394,13.880634065657546,3.304552195877599,10.610570724832924,85.02360031589573,1.1263725028142542,324.8120984032334,0.912673966569206,150001,102240,47761,measure_failed=47761,0,1,psrr_100hz_db,1.1976,1.2024,2.295,1.3694,23.11,160.0,81.0
ldo,SKY130-LDO,7,28,540345,GA,40,-101.9596,101.9596,0,1,1.202332,1.9166666666666403,0.302777777777541,22.660000000000085,100.00000000000009,34.5006,0,0,0,0,0,0,,65.0,1,-101.9596,101.9596,1.202332,1.9166666666666403,0.302777777777541,22.660000000000085,100.00000000000009,34.5006,39415.48703865707,150000,150000,147760.0,-98.71340284378564,7.21794850530045,2.0569919690339065,3.643395611641437,72.37792104224255,0.9170299349139802,302.07921946860256,0.6193672297912026,150001,102012,47989,measure_failed=47989,0,1,psrr_100hz_db,1.1976,1.2024,2.295,1.3694,23.11,160.0,81.0
ldo,SKY130-LDO,7,15,527345,GA,40,-101.9392,101.9392,0,1,1.20238,1.6294444444444858,0.2638888888887674,22.740000000000045,80.00000000000007,55.56635,0,0,0,0,0,0,,49.0,1,-101.9392,101.9392,1.20238,1.6294444444444858,0.2638888888887674,22.740000000000045,80.00000000000007,55.56635,39638.31226266548,150000,150000,131960.0,-99.5263573578824,6.861690725551971,3.1852365842545574,10.152149353147982,90.4052154800979,1.0407495449409394,331.3953294311089,0.6287896777543023,150001,103712,46289,measure_failed=46289,0,1,psrr_100hz_db,1.1976,1.2024,2.295,1.3694,23.11,160.0,81.0
ldo,SKY130-LDO,7,27,539345,GA,40,-100.7345,100.7345,0,1,1.202368,1.5911111111110987,0.2861111111110118,23.05999999999988,80.00000000000007,55.86574999999999,0,0,0,0,0,0,,18.0,1,-100.7345,100.7345,1.202368,1.5911111111110987,0.2861111111110118,23.05999999999988,80.00000000000007,55.86574999999999,39711.351419817656,150000,150000,144120.0,-100.10971561563744,10.750730461591262,3.5732680377359958,3.624129823790063,90.02732802960003,1.1818130156186453,284.64467774799283,0.7559902691446523,150001,102136,47865,measure_failed=47865,0,1,psrr_100hz_db,1.1976,1.2024,2.295,1.3694,23.11,160.0,81.0
ldo,SKY130-LDO,7,26,538345,GA,40,-100.4316,100.4316,0,1,1.202366,2.1899999999999387,0.3666666666667251,23.019999999999897,130.0000000000001,64.30685,0,0,0,0,0,0,,24.0,1,-100.4316,100.4316,1.202366,2.1899999999999387,0.3666666666667251,23.019999999999897,130.0000000000001,64.30685,39846.07962757349,150000,150000,148920.0,-99.56095699984668,13.546633559655383,1.7069797484744509,17.580372911277063,63.20419086515255,0.8342708316907005,316.9523317466005,0.868442182642928,150001,103241,46760,measure_failed=46760,0,1,psrr_100hz_db,1.1976,1.2024,2.295,1.3694,23.11,160.0,81.0
ldo,SKY130-LDO,7,2,514345,GA,40,-101.7557,101.7557,0,1,1.202387,1.611111111111057,0.2638888888887674,22.41999999999999,80.00000000000007,65.68675,0,0,0,0,0,0,,71.0,1,-101.7557,101.7557,1.202387,1.611111111111057,0.2638888888887674,22.41999999999999,80.00000000000007,65.68675,40096.39966835454,150000,150000,146560.0,-98.86223147280982,6.398354324069039,3.521800106955697,13.672412481129433,91.92706474119656,1.0992602554666693,364.5540620997067,0.6273902127323683,150001,103526,46475,measure_failed=46475,0,1,psrr_100hz_db,1.1976,1.2024,2.295,1.3694,23.11,160.0,81.0
ldo,SKY130-LDO,7,12,524345,GA,40,-100.221,100.221,0,1,1.202352,1.621666666666731,0.2972222222218257,22.710000000000004,80.00000000000007,59.30385,0,0,0,0,0,0,,83.0,1,-100.221,100.221,1.202352,1.621666666666731,0.2972222222218257,22.710000000000004,80.00000000000007,59.30385,40153.0315130949,150000,150000,144760.0,-97.93221441602944,11.396965225153153,3.541335763897612,4.908845004237263,87.09854446924108,1.1672419544400705,332.98532480300923,0.8345025841559282,150001,102755,47246,measure_failed=47246,0,1,psrr_100hz_db,1.1976,1.2024,2.295,1.3694,23.11,160.0,81.0
ldo,SKY130-LDO,7,20,532345,GA,40,-103.03,103.03,0,1,1.202293,2.057222222222229,0.1361111111116327,20.95999999999999,80.00000000000007,41.2997,0,0,0,0,0,0,,5.0,1,-103.03,103.03,1.202293,2.057222222222229,0.1361111111116327,20.95999999999999,80.00000000000007,41.2997,40216.17050627619,150000,150000,144760.0,-102.54442718258122,2.169915220697041,6.198137026353982,5.619351649040103,99.98810170980056,0.9388095675626872,381.22562415300536,0.3541311223271948,150001,100728,49273,measure_failed=49273,0,1,psrr_100hz_db,1.1976,1.2024,2.295,1.3694,23.11,160.0,81.0
ldo,SKY130-LDO,7,11,523345,GA,40,-101.9882,101.9882,0,1,1.202384,2.044444444444516,0.2749999999995812,21.72000000000003,100.00000000000009,44.221900000000005,0,0,0,0,0,0,,34.0,1,-101.9882,101.9882,1.202384,2.044444444444516,0.2749999999995812,21.72000000000003,100.00000000000009,44.221900000000005,40243.78909469396,150000,150000,138240.0,-101.43719123760826,6.134035407835507,1.793110971023272,13.364839864037942,71.92531829850533,0.784279627871478,446.1886634761784,0.6330405447470496,150001,103342,46659,measure_failed=46659,0,1,psrr_100hz_db,1.1976,1.2024,2.295,1.3694,23.11,160.0,81.0
ldo,SKY130-LDO,7,22,534345,GA,40,-100.6565,100.6565,0,1,1.202318,1.7477777777778294,0.3222222222222362,22.93,100.00000000000009,48.849,0,0,0,0,0,0,,85.0,1,-100.6565,100.6565,1.202318,1.7477777777778294,0.3222222222222362,22.93,100.00000000000009,48.849,40268.9202446416,150000,150000,131360.0,-98.03939458739724,11.04892121607618,2.711828365531786,3.640656327268105,77.41880373062972,1.0689919487633404,294.9465648526263,0.775437809723413,150001,101721,48280,measure_failed=48280,0,1,psrr_100hz_db,1.1976,1.2024,2.295,1.3694,23.11,160.0,81.0
ldo,SKY130-LDO,7,18,530345,GA,40,-101.4571,101.4571,0,1,1.20235,1.5144444444444478,0.2444444444440722,22.49000000000001,80.00000000000007,65.41125,0,0,0,0,0,0,,99.0,1,-101.4571,101.4571,1.20235,1.5144444444444478,0.2444444444440722,22.49000000000001,80.00000000000007,65.41125,40415.52926877886,150000,150000,140760.0,-99.00878092370615,7.723286637922291,3.956966506747712,10.97059896663728,99.34430785337592,1.1151814118326675,360.9037415174009,0.6798096723926755,150001,103403,46598,measure_failed=46598,0,1,psrr_100hz_db,1.1976,1.2024,2.295,1.3694,23.11,160.0,81.0
ldo,SKY130-LDO,7,24,536345,GA,40,-103.3906,103.3906,0,1,1.202307,1.8499999999999075,0.1722222222222403,21.84999999999991,80.00000000000007,41.42325,0,0,0,0,0,0,,80.0,1,-103.3906,103.3906,1.202307,1.8499999999999075,0.1722222222222403,21.84999999999991,80.00000000000007,41.42325,40455.6068873629,150000,150000,105200.0,-101.0758512760085,3.634077595222319,4.001643792313761,8.433820080223938,99.38549179615576,0.8251335678194883,385.0314873101867,0.4516993085827197,150001,104249,45752,measure_failed=45752,0,1,psrr_100hz_db,1.1976,1.2024,2.295,1.3694,23.11,160.0,81.0
ldo,SKY130-LDO,7,21,533345,GA,40,-100.9792,100.9792,0,1,1.202325,1.8522222222221931,0.3249999999997854,22.42999999999993,100.00000000000009,52.56565,0,0,0,0,0,0,,125.0,1,-100.9792,100.9792,1.202325,1.8522222222221931,0.3249999999997854,22.42999999999993,100.00000000000009,52.56565,40505.60116136447,150000,150000,144120.0,-98.76862918219454,8.378258778060461,2.413339682956847,10.138577393870492,72.7014557521872,0.9946765686057696,367.7699512866009,0.7410018241790068,150001,103135,46866,measure_failed=46866,0,1,psrr_100hz_db,1.1976,1.2024,2.295,1.3694,23.11,160.0,81.0
ldo,SKY130-LDO,7,29,541345,GA,40,-103.0871,103.0871,0,1,1.202094,1.9488888888888023,0.1222222222226528,21.189999999999923,80.00000000000007,58.6284,0,0,0,0,0,0,,7.0,1,-103.0871,103.0871,1.202094,1.9488888888888023,0.1222222222226528,21.189999999999923,80.00000000000007,58.6284,40638.34440783411,150000,150000,146680.0,-102.80057213631424,2.9475276380448223,6.328502134520644,16.3587386297885,98.5590880553678,0.8558293372376644,491.31463673925015,0.4388973975677108,150001,107452,42549,measure_failed=42549,0,1,psrr_100hz_db,1.1976,1.2024,2.295,1.3694,23.11,160.0,81.0
ldo,SKY130-LDO,7,17,529345,GA,40,-100.5021,100.5021,0,1,1.202386,1.5861111111110169,0.2833333333334626,22.810000000000063,80.00000000000007,65.80045000000001,0,0,0,0,0,0,,95.0,1,-100.5021,100.5021,1.202386,1.5861111111110169,0.2833333333334626,22.810000000000063,80.00000000000007,65.80045000000001,40763.21386591345,150000,150000,150000.0,-98.34191807185384,11.11847709965492,3.5915830260305737,8.310528039993187,91.83348508216034,1.1309754428858847,334.1760075267732,0.8161451694521922,150001,102524,47477,measure_failed=47477,0,1,psrr_100hz_db,1.1976,1.2024,2.295,1.3694,23.11,160.0,81.0
ldo,SKY130-LDO,7,10,522345,GA,40,-103.6947,103.6947,0,1,1.202297,1.9227777777777424,0.1472222222224466,21.84999999999991,80.00000000000007,51.68865,0,0,0,0,0,0,,45.0,1,-103.6947,103.6947,1.202297,1.9227777777777424,0.1472222222224466,21.84999999999991,80.00000000000007,51.68865,41093.82611483336,150000,150000,144800.0,-101.66759555000368,3.3731919186739225,3.6194280216704495,18.049659081179485,99.1507561798534,0.7347234748939665,393.1431711919198,0.4409380107758052,150001,103806,46195,measure_failed=46195,0,1,psrr_100hz_db,1.1976,1.2024,2.295,1.3694,23.11,160.0,81.0
ldo,SKY130-LDO,7,25,537345,ACO,40,-102.2377,102.2377,0,1,1.202398,1.537222222222202,0.2472222222222382,23.100000000000072,80.00000000000007,78.7205,0,0,0,0,0,0,,6.0,1,-102.2377,102.2377,1.202398,1.537222222222202,0.2472222222222382,23.100000000000072,80.00000000000007,78.7205,64418.30091243982,150000,150000,149800.0,-101.25399948322988,6.880211951662204,3.609804218209801,19.71107718810676,99.98939940558432,1.052944702521463,305.79444845600506,0.6089070404805532,150001,103504,46497,measure_failed=46496;timeout=1,1,1,psrr_100hz_db,1.1976,1.2024,2.295,1.3694,23.11,160.0,81.0
ldo,SKY130-LDO,7,7,519345,ACO,40,-103.9742,103.9742,0,1,1.202395,1.952222222222232,0.1527777777775451,23.089999999999915,80.00000000000007,31.81140000000001,0,0,0,0,0,0,,19.0,1,-103.9742,103.9742,1.202395,1.952222222222232,0.1527777777775451,23.089999999999915,80.00000000000007,31.81140000000001,64886.98557481915,150000,150000,136480.0,-102.5976175345169,3.4109564644567167,2.89284526130358,5.97548693667758,99.10110699045195,0.6890011767668628,267.46540946311666,0.4181587420476866,150001,110710,39291,measure_failed=39290;timeout=1,1,1,psrr_100hz_db,1.1976,1.2024,2.295,1.3694,23.11,160.0,81.0
ldo,SKY130-LDO,7,8,520345,ACO,40,-103.9829,103.9829,0,1,1.202284,1.94666666666664,0.1416666666667313,22.780000000000022,80.00000000000007,44.967000000000006,0,0,0,0,0,0,,30.0,1,-103.9829,103.9829,1.202284,1.94666666666664,0.1416666666667313,22.780000000000022,80.00000000000007,44.967000000000006,65643.48960064352,150000,150000,148400.0,-102.50447258765055,3.257115943548365,3.581193880218776,14.09220077369668,98.89865558464032,0.7200017701069578,297.07297216865265,0.4200901050046782,150001,104409,45592,measure_failed=45591;timeout=1,1,1,psrr_100hz_db,1.1976,1.2024,2.295,1.3694,23.11,160.0,81.0
ldo,SKY130-LDO,7,11,523345,ACO,40,-102.2242,102.2242,0,1,1.202397,1.5355555555555491,0.2472222222222382,23.100000000000072,80.00000000000007,80.0943,0,0,0,0,0,0,,34.0,1,-102.2242,102.2242,1.202397,1.5355555555555491,0.2472222222222382,23.100000000000072,80.00000000000007,80.0943,65675.12040133029,150000,150000,86080.0,-101.18977872735816,6.770383438729795,3.688168377882013,19.96062991425042,99.9697374220308,1.0705661629860703,305.5089654821184,0.6059995907525947,150001,105921,44080,measure_failed=44079;timeout=1,1,1,psrr_100hz_db,1.1976,1.2024,2.295,1.3694,23.11,160.0,81.0
ldo,SKY130-LDO,7,3,515345,ACO,40,-103.8746,103.8746,0,1,1.202186,1.9349999999999457,0.1277777777777514,22.52999999999999,80.00000000000007,55.5594,0,0,0,0,0,0,,31.0,1,-103.8746,103.8746,1.202186,1.9349999999999457,0.1277777777777514,22.52999999999999,80.00000000000007,55.5594,65679.8394248262,150000,150000,142400.0,-102.53855260938408,3.0912121080664554,4.315439804335068,20.0,100.0,0.7408457734365358,319.2116901376071,0.4183764121958129,150001,108379,41622,measure_failed=41621;timeout=1,1,1,psrr_100hz_db,1.1976,1.2024,2.295,1.3694,23.11,160.0,81.0
ldo,SKY130-LDO,7,15,527345,ACO,40,-103.8004,103.8004,0,1,1.202211,1.9499999999999456,0.1277777777777514,22.82999999999994,80.00000000000007,54.7558,0,0,0,0,0,0,,56.0,1,-103.8004,103.8004,1.202211,1.9499999999999456,0.1277777777777514,22.82999999999994,80.00000000000007,54.7558,65682.09373199195,150000,150000,125640.0,-100.80706601617344,3.073211600530503,4.154638007989806,20.0,100.0,0.727978317614995,295.2267156295912,0.4224324013489435,150001,106066,43935,measure_failed=43934;timeout=1,1,1,psrr_100hz_db,1.1976,1.2024,2.295,1.3694,23.11,160.0,81.0
ldo,SKY130-LDO,7,17,529345,ACO,40,-103.9599,103.9599,0,1,1.202293,1.9777777777777816,0.1361111111116327,22.85999999999998,80.00000000000007,52.72335,0,0,0,0,0,0,,67.0,1,-103.9599,103.9599,1.202293,1.9777777777777816,0.1361111111116327,22.85999999999998,80.00000000000007,52.72335,65692.34333588183,150000,150000,128240.0,-101.2631747841319,3.1064094401499536,3.654562963728071,20.0,99.9454677420767,0.707380875562656,292.09946052328814,0.4152732672330877,150001,111222,38779,measure_failed=38778;timeout=1,1,1,psrr_100hz_db,1.1976,1.2024,2.295,1.3694,23.11,160.0,81.0
ldo,SKY130-LDO,7,2,514345,ACO,40,-102.2437,102.2437,0,1,1.2024,1.538333333333222,0.2472222222222382,23.100000000000072,80.00000000000007,79.0125,0,0,0,0,0,0,,63.0,1,-102.2437,102.2437,1.2024,1.538333333333222,0.2472222222222382,23.100000000000072,80.00000000000007,79.0125,65710.49752703309,150000,150000,134400.0,-99.75771397122648,6.914504674651671,3.580296122331034,19.98763153793562,99.9615157087572,1.0511519515358456,305.8832748704773,0.6097608153901776,150001,103081,46920,measure_failed=46919;timeout=1,1,1,psrr_100hz_db,1.1976,1.2024,2.295,1.3694,23.11,160.0,81.0
ldo,SKY130-LDO,7,24,536345,ACO,40,-103.9922,103.9922,0,1,1.202311,1.9899999999999856,0.138888888889182,22.700000000000063,80.00000000000007,44.544,0,0,0,0,0,0,,45.0,1,-103.9922,103.9922,1.202311,1.9899999999999856,0.138888888889182,22.700000000000063,80.00000000000007,44.544,65802.355269216,150000,150000,137440.0,-101.40815036996912,3.130740175689447,3.453615682705088,14.63986569868926,98.8582946140925,0.701801450407469,300.7352840430447,0.4169990010881592,150001,107579,42422,measure_failed=42421;timeout=1,1,1,psrr_100hz_db,1.1976,1.2024,2.295,1.3694,23.11,160.0,81.0
ldo,SKY130-LDO,7,13,525345,ACO,40,-102.2438,102.2438,0,1,1.2024,1.538333333333222,0.2472222222222382,23.100000000000072,80.00000000000007,78.762,0,0,0,0,0,0,,5.0,1,-102.2438,102.2438,1.2024,1.538333333333222,0.2472222222222382,23.100000000000072,80.00000000000007,78.762,65914.99210119992,150000,150000,144560.0,-101.2250879199528,6.914718501777776,3.5804459025770017,19.86915052654372,99.96807714490384,1.0513110300233228,305.8612803107476,0.6097362183913609,150001,100984,49017,measure_failed=49016;timeout=1,1,1,psrr_100hz_db,1.1976,1.2024,2.295,1.3694,23.11,160.0,81.0
ldo,SKY130-LDO,7,29,541345,ACO,40,-102.2364,102.2364,0,1,1.202399,1.536666666666569,0.244444444444689,23.100000000000072,80.00000000000007,79.39275,0,0,0,0,0,0,,7.0,1,-102.2364,102.2364,1.202399,1.536666666666569,0.244444444444689,23.100000000000072,80.00000000000007,79.39275,66043.29295221716,150000,150000,148080.0,-101.37620103467356,6.836122234650048,3.63460501963101,19.90644207895142,99.9827987472232,1.0592955405251818,305.67280057724133,0.6075347823249687,150001,102904,47097,measure_failed=47097,0,1,psrr_100hz_db,1.1976,1.2024,2.295,1.3694,23.11,160.0,81.0
ldo,SKY130-LDO,7,26,538345,ACO,40,-102.2164,102.2164,0,1,1.202399,1.5355555555555491,0.2472222222222382,23.100000000000072,80.00000000000007,80.7288,0,0,0,0,0,0,,24.0,1,-102.2164,102.2164,1.202399,1.5355555555555491,0.2472222222222382,23.100000000000072,80.00000000000007,80.7288,66104.11726116389,150000,150000,149800.0,-101.36921260995072,6.694454134135076,3.7409852934532326,19.99328589114357,99.99951176997762,1.081223479374826,305.28962810929124,0.6038268479348012,150001,101725,48276,measure_failed=48276,0,1,psrr_100hz_db,1.1976,1.2024,2.295,1.3694,23.11,160.0,81.0
ldo,SKY130-LDO,7,4,516345,ACO,40,-103.8797,103.8797,0,1,1.202266,1.9505555555555787,0.1444444444442805,22.77000000000008,80.00000000000007,52.0284,0,0,0,0,0,0,,80.0,1,-103.8797,103.8797,1.202266,1.9505555555555787,0.1444444444442805,22.77000000000008,80.00000000000007,52.0284,66217.74568300694,150000,150000,141400.0,-101.1776062424083,3.326967775143542,3.5849230306624675,18.632998156487407,96.51637204742714,0.7346535701331782,302.31652512247365,0.4281050943300379,150001,110164,39837,measure_failed=39837,0,1,psrr_100hz_db,1.1976,1.2024,2.295,1.3694,23.11,160.0,81.0
ldo,SKY130-LDO,7,19,531345,ACO,40,-102.2395,102.2395,0,1,1.202398,1.537222222222202,0.244444444444689,23.100000000000072,80.00000000000007,78.02100000000002,0,0,0,0,0,0,,9.0,1,-102.2395,102.2395,1.202398,1.537222222222202,0.244444444444689,23.100000000000072,80.00000000000007,78.02100000000002,66306.73171820492,150000,150000,137600.0,-101.62452298068652,6.930015939952283,3.5849631075598585,19.496761739924324,100.0,1.0479238141166876,305.8411023191322,0.6103709553810907,150001,98523,51478,measure_failed=51478,0,1,psrr_100hz_db,1.1976,1.2024,2.295,1.3694,23.11,160.0,81.0
ldo,SKY130-LDO,7,27,539345,ACO,40,-103.6507,103.6507,0,1,1.202153,1.8638888888888872,0.1361111111110159,22.53999999999993,80.00000000000007,50.8068,0,0,0,0,0,0,,18.0,1,-103.6507,103.6507,1.202153,1.8638888888888872,0.1361111111110159,22.53999999999993,80.00000000000007,50.8068,66322.80049747974,150000,150000,147080.0,-101.84963464033092,3.2892838655970804,4.695227151828843,14.53370231030322,100.0,0.7934654128218951,319.6566761759301,0.4286676935723479,150001,104726,45275,measure_failed=45275,0,1,psrr_100hz_db,1.1976,1.2024,2.295,1.3694,23.11,160.0,81.0
ldo,SKY130-LDO,7,5,517345,ACO,40,-102.2392,102.2392,0,1,1.202398,1.537222222222202,0.244444444444689,23.100000000000072,80.00000000000007,79.00425000000001,0,0,0,0,0,0,,32.0,1,-102.2392,102.2392,1.202398,1.537222222222202,0.244444444444689,23.100000000000072,80.00000000000007,79.00425000000001,66369.22607968748,150000,150000,147680.0,-101.26744252018348,6.928588079440856,3.583351379678955,19.96368745782357,99.97400728720136,1.048001335673994,305.925499162943,0.6104538589366594,150001,106534,43467,measure_failed=43467,0,1,psrr_100hz_db,1.1976,1.2024,2.295,1.3694,23.11,160.0,81.0
ldo,SKY130-LDO,7,1,513345,ACO,40,-102.2438,102.2438,0,1,1.2024,1.538333333333222,0.2472222222222382,23.100000000000072,80.00000000000007,78.6465,0,0,0,0,0,0,,25.0,1,-102.2438,102.2438,1.2024,1.538333333333222,0.2472222222222382,23.100000000000072,80.00000000000007,78.6465,66385.64999321103,150000,150000,132440.0,-101.59934787548583,6.916550394470439,3.579642509801543,19.81598896925912,99.97198882089728,1.048550709406554,305.8522727568473,0.6097332278193579,150001,102482,47519,measure_failed=47519,0,1,psrr_100hz_db,1.1976,1.2024,2.295,1.3694,23.11,160.0,81.0
ldo,SKY130-LDO,7,9,521345,ACO,40,-102.2439,102.2439,0,1,1.2024,1.538333333333222,0.2472222222222382,23.100000000000072,80.00000000000007,78.3015,0,0,0,0,0,0,,9.0,1,-102.2439,102.2439,1.2024,1.538333333333222,0.2472222222222382,23.100000000000072,80.00000000000007,78.3015,66454.91364950687,150000,150000,147760.0,-101.42235345698973,6.916240059045548,3.578519106479201,19.6484041130674,99.98118418369344,1.050039967282472,305.82723916383503,0.6097037636007071,150001,100173,49828,measure_failed=49828,0,1,psrr_100hz_db,1.1976,1.2024,2.295,1.3694,23.11,160.0,81.0
ldo,SKY130-LDO,7,0,512345,ACO,40,-102.2364,102.2364,0,1,1.202399,1.536666666666569,0.244444444444689,23.100000000000072,80.00000000000007,79.37155,0,0,0,0,0,0,,18.0,1,-102.2364,102.2364,1.202399,1.536666666666569,0.244444444444689,23.100000000000072,80.00000000000007,79.37155,66490.3905807361,150000,150000,127200.0,-101.26094298241988,6.8337835715235045,3.636823732481784,19.89453866324322,99.98529680691392,1.0602075051746729,305.6707640806428,0.6075345190618617,150001,100237,49764,measure_failed=49764,0,1,psrr_100hz_db,1.1976,1.2024,2.295,1.3694,23.11,160.0,81.0
ldo,SKY130-LDO,7,20,532345,ACO,40,-102.2293,102.2293,0,1,1.202398,1.5355555555555491,0.2472222222222382,23.100000000000072,80.00000000000007,79.9011,0,0,0,0,0,0,,5.0,1,-102.2293,102.2293,1.202398,1.5355555555555491,0.2472222222222382,23.100000000000072,80.00000000000007,79.9011,66534.85530706495,150000,150000,146680.0,-101.40634697624652,6.803425895566585,3.665275713594376,20.0,100.0,1.0653820663883635,305.61457660299646,0.6068818393045043,150001,100757,49244,measure_failed=49244,0,1,psrr_100hz_db,1.1976,1.2024,2.295,1.3694,23.11,160.0,81.0
ldo,SKY130-LDO,7,16,528345,ACO,40,-102.2385,102.2385,0,1,1.2024,1.538333333333222,0.2472222222222382,23.100000000000072,80.00000000000007,79.1619,0,0,0,0,0,0,,177.0,1,-102.2385,102.2385,1.2024,1.538333333333222,0.2472222222222382,23.100000000000072,80.00000000000007,79.1619,66546.9542920366,150000,150000,137920.0,-99.78945109630732,6.82448572952258,3.6310853147785793,19.81350134672968,99.93080557598503,1.058309667899356,305.6266368960075,0.6071179021540429,150001,100568,49433,measure_failed=49433,0,1,psrr_100hz_db,1.1976,1.2024,2.295,1.3694,23.11,160.0,81.0
ldo,SKY130-LDO,7,28,540345,ACO,40,-102.2131,102.2131,0,1,1.202396,1.5355555555555491,0.244444444444689,23.079999999999977,80.00000000000007,78.4728,0,0,0,0,0,0,,67.0,1,-102.2131,102.2131,1.202396,1.5355555555555491,0.244444444444689,23.079999999999977,80.00000000000007,78.4728,66599.68624718487,150000,150000,144160.0,-99.73602812038746,6.851315520314152,3.6388941210280152,19.45220028821766,100.0,1.0624471929472643,307.81625386323054,0.6095336407719941,150001,102034,47967,measure_failed=47967,0,1,psrr_100hz_db,1.1976,1.2024,2.295,1.3694,23.11,160.0,81.0
ldo,SKY130-LDO,7,22,534345,ACO,40,-102.2263,102.2263,0,1,1.2024,1.537777777777712,0.2444444444440722,23.100000000000072,80.00000000000007,75.87055000000001,0,0,0,0,0,0,,138.0,1,-102.2263,102.2263,1.2024,1.537777777777712,0.2444444444440722,23.100000000000072,80.00000000000007,75.87055000000001,66620.48482494801,150000,150000,148440.0,-99.81839948306325,6.830500286301958,3.6318430416639904,18.257072112750976,99.9626295679764,1.0621613597672266,305.393127403862,0.6078323058426565,150001,104276,45725,measure_failed=45725,0,1,psrr_100hz_db,1.1976,1.2024,2.295,1.3694,23.11,160.0,81.0
ldo,SKY130-LDO,7,23,535345,ACO,40,-102.2387,102.2387,0,1,1.202398,1.537222222222202,0.2472222222222382,23.100000000000072,80.00000000000007,79.0159,0,0,0,0,0,0,,40.0,1,-102.2387,102.2387,1.202398,1.537222222222202,0.2472222222222382,23.100000000000072,80.00000000000007,79.0159,66631.36572939903,150000,150000,120560.0,-101.42810776708512,6.88190971516672,3.6107640417790847,19.850396365029663,99.989118083483,1.0547636241153118,305.7798977888609,0.6088685810271132,150001,103328,46673,measure_failed=46673,0,1,psrr_100hz_db,1.1976,1.2024,2.295,1.3694,23.11,160.0,81.0
ldo,SKY130-LDO,7,10,522345,ACO,40,-102.2416,102.2416,0,1,1.2024,1.537222222222202,0.2472222222222382,23.100000000000072,80.00000000000007,76.6331,0,0,0,0,0,0,,172.0,1,-102.2416,102.2416,1.2024,1.537222222222202,0.2472222222222382,23.100000000000072,80.00000000000007,76.6331,66642.6725821495,150000,150000,149560.0,-99.60345787618584,6.868165616386593,3.603944531836004,18.73723814853994,99.9994005305904,1.0545116637265923,305.5362094246668,0.6082452462915288,150001,105114,44887,measure_failed=44887,0,1,psrr_100hz_db,1.1976,1.2024,2.295,1.3694,23.11,160.0,81.0
ldo,SKY130-LDO,7,18,530345,ACO,40,-102.2365,102.2365,0,1,1.202399,1.536666666666569,0.244444444444689,23.100000000000072,80.00000000000007,79.00205,0,0,0,0,0,0,,42.0,1,-102.2365,102.2365,1.202399,1.536666666666569,0.244444444444689,23.100000000000072,80.00000000000007,79.00205,66688.4848555401,150000,150000,81480.0,-100.02719624437496,6.834942906030577,3.636161947079663,19.72218944381819,99.99665667613732,1.060021587229189,305.64020837266554,0.6075032340335565,150001,91302,58699,measure_failed=58699,0,1,psrr_100hz_db,1.1976,1.2024,2.295,1.3694,23.11,160.0,81.0
ldo,SKY130-LDO,7,21,533345,ACO,40,-102.2303,102.2303,0,1,1.202392,1.534999999999916,0.2444444444440722,23.100000000000072,80.00000000000007,79.05,0,0,0,0,0,0,,146.0,1,-102.2303,102.2303,1.202392,1.534999999999916,0.2444444444440722,23.100000000000072,80.00000000000007,79.05,66714.80946084112,150000,150000,119040.0,-99.6428543209288,6.958611817437089,3.5950122821245607,19.943324698631343,100.0,1.0520662942512156,306.0102072326703,0.6118367715715849,150001,99257,50744,measure_failed=50744,0,1,psrr_100hz_db,1.1976,1.2024,2.295,1.3694,23.11,160.0,81.0
ldo,SKY130-LDO,7,14,526345,ACO,40,-102.2394,102.2394,0,1,1.202398,1.537222222222202,0.244444444444689,23.100000000000072,80.00000000000007,78.61725000000001,0,0,0,0,0,0,,33.0,1,-102.2394,102.2394,1.202398,1.537222222222202,0.244444444444689,23.100000000000072,80.00000000000007,78.61725000000001,66826.13750685006,150000,150000,88880.0,-101.26074236521576,6.930552694431029,3.583801851095705,19.779656727961022,99.98515566056044,1.0507588313212035,305.8913734293304,0.6104170356979608,150001,93680,56321,measure_failed=56321,0,1,psrr_100hz_db,1.1976,1.2024,2.295,1.3694,23.11,160.0,81.0
ldo,SKY130-LDO,7,12,524345,ACO,40,-102.2386,102.2386,0,1,1.202398,1.537222222222202,0.2472222222222382,23.100000000000072,80.00000000000007,79.3309,0,0,0,0,0,0,,41.0,1,-102.2386,102.2386,1.202398,1.537222222222202,0.2472222222222382,23.100000000000072,80.00000000000007,79.3309,66906.22588644922,150000,150000,88200.0,-100.05132811768743,6.880793850306562,3.610277477466395,20.0,99.97812034928047,1.055289202319053,305.8059005432192,0.6088958352478573,150001,94121,55880,measure_failed=55880,0,1,psrr_100hz_db,1.1976,1.2024,2.295,1.3694,23.11,160.0,81.0
ldo,SKY130-LDO,7,6,518345,ACO,40,-102.2242,102.2242,0,1,1.202397,1.5355555555555491,0.2472222222222382,23.100000000000072,80.00000000000007,80.0301,0,0,0,0,0,0,,40.0,1,-102.2242,102.2242,1.202397,1.5355555555555491,0.2472222222222382,23.100000000000072,80.00000000000007,80.0301,67179.58931744844,150000,150000,147680.0,-101.4190661700078,6.770098247439,3.6905654021656273,19.92802444347086,99.9687407211684,1.0679756774554672,305.5061271955128,0.6059956973582461,150001,99259,50742,measure_failed=50742,0,1,psrr_100hz_db,1.1976,1.2024,2.295,1.3694,23.11,160.0,81.0
