i,w1,w3,w5,wpass,l_all,rdiv,cc,x_w1,x_w3,x_w5,x_wpass,x_l_all,x_rdiv,x_cc,sim_ok,sim_failure,PSRR_DB,VOUT_V,LOADREG_MV_MA,LINEREG_MV_V,IQ_UA,DROPOUT_MV,PEAKING_DB,AREA_UM2
0,7.005418,19.243329,1.154441,19.922974,1.161065,80.704935,11.415181,7.005000,19.245000,1.155000,19.925000,1.160000,80.704935,11.415181,1,,45.653240,1.197212,17.853889,11.469444,31.800000,420.000000,0.000000,66.568350
1,19.090196,1.051239,9.552680,84.390830,1.405051,332.452661,15.098101,19.090000,1.050000,9.555000,84.390000,1.405000,332.452661,15.098101,1,,47.119040,1.204583,1.643333,31.641667,22.950000,80.000000,0.000000,96.101450
2,25.714768,14.102235,9.749980,86.567699,1.126514,227.126383,4.753981,25.715000,14.100000,9.750000,86.570000,1.125000,227.126383,4.753981,1,,60.852370,1.201303,1.721111,0.852778,24.660000,130.000000,0.000000,124.506750
3,20.767292,2.063227,15.774462,64.044394,0.364087,366.726135,10.178403,20.765000,2.065000,15.775000,64.045000,0.365000,366.726135,10.178403,1,,49.289560,1.200882,4.983889,3.577778,21.940000,160.000000,0.000000,37.788400
4,30.243327,2.821884,3.117071,40.531192,0.584845,43.657254,14.763656,30.245000,2.820000,3.115000,40.530000,0.585000,43.657254,14.763656,1,,51.603460,1.200059,4.063333,2.941667,46.590000,250.000000,0.000000,48.410100
5,22.770720,5.506998,16.746363,41.910776,1.805604,400.910255,16.670052,22.770000,5.505000,16.745000,41.910000,1.805000,400.910255,16.670052,1,,63.624880,1.201326,2.406667,0.372222,22.380000,200.000000,0.000000,168.808700
6,18.871457,6.730303,15.374766,82.053696,1.996876,307.409620,14.384945,18.870000,6.730000,15.375000,82.055000,1.995000,307.409620,14.384945,1,,75.720680,1.202337,1.550556,0.413889,23.260000,80.000000,0.000000,175.798500
7,15.501207,10.681321,14.414367,64.906999,1.188471,418.618563,14.654758,15.500000,10.680000,14.415000,64.905000,1.190000,418.618563,14.654758,1,,60.543660,1.201058,1.905000,0.900000,22.180000,160.000000,0.000000,106.351850
8,23.208863,5.868429,6.084531,78.355420,0.670127,90.822128,1.697303,23.210000,5.870000,6.085000,78.355000,0.670000,90.822128,1.697303,1,,57.973150,1.201467,2.415556,1.244444,32.440000,130.000000,0.044536,58.874350
9,31.143652,3.933123,17.905023,21.274458,1.444787,175.959598,14.949220,31.145000,3.935000,17.905000,21.275000,1.445000,175.959598,14.949220,1,,49.824690,1.199322,13.853889,7.941667,26.220000,420.000000,0.000000,156.317900
10,2.928177,6.083304,14.475289,5.473744,0.358238,410.553652,5.371779,2.930000,6.085000,14.475000,5.475000,0.360000,410.553652,5.371779,0,measure_failed,-200.000000,,,,,,,17.734050
11,23.846939,19.976909,18.604059,39.904591,0.752604,66.299956,8.607043,23.845000,19.975000,18.605000,39.905000,0.755000,66.299956,8.607043,1,,51.044380,1.198813,3.338333,3.175000,37.330000,250.000000,0.000000,100.247500
12,4.049878,1.883360,16.633101,23.471962,1.685918,225.039467,6.276386,4.050000,1.885000,16.635000,23.470000,1.685000,225.039467,6.276386,1,,65.876230,1.200918,4.767222,0.027778,24.030000,300.000000,0.000000,79.581400
13,3.303289,16.710534,4.403151,28.106092,0.471364,342.030169,9.735346,3.305000,16.710000,4.405000,28.105000,0.470000,342.030169,9.735346,1,,43.900290,1.194881,7.152778,7.469444,21.750000,300.000000,0.000000,27.170550
14,9.271454,4.471940,13.145922,91.930120,1.601952,229.297206,8.549825,9.270000,4.470000,13.145000,91.930000,1.600000,229.297206,8.549825,1,,69.874840,1.202617,1.517222,0.755556,24.440000,80.000000,0.000000,99.821500
15,23.592625,13.787321,12.698693,38.275468,1.039099,332.858950,15.021840,23.595000,13.785000,12.700000,38.275000,1.040000,332.858950,15.021840,1,,54.038900,1.199616,2.816111,2.250000,22.960000,250.000000,0.000000,109.907650
16,8.186020,11.841811,10.821190,91.713925,1.466139,142.892984,5.033851,8.185000,11.840000,10.820000,91.715000,1.465000,142.892984,5.033851,1,,66.367210,1.201635,1.495556,0.372222,27.540000,100.000000,0.000000,104.133100
17,38.237835,2.164269,1.438458,93.118218,1.708784,254.067356,11.184653,38.240000,2.165000,1.440000,93.120000,1.710000,254.067356,11.184653,1,,57.189690,1.203771,1.626667,4.155556,23.030000,80.000000,0.000000,157.077900
18,34.502731,6.985324,6.575737,20.211609,0.183285,477.271069,9.881225,34.505000,6.985000,6.575000,20.210000,0.185000,477.271069,9.881225,0,measure_failed,-200.000000,,,,,,,20.815550
19,33.114500,14.194182,3.089371,32.997777,1.340826,143.856520,18.328896,33.115000,14.195000,3.090000,33.000000,1.340000,143.856520,18.328896,1,,53.275490,1.199478,3.099444,2.605556,27.450000,300.000000,0.000000,140.022000
20,31.974106,8.272133,12.586461,90.010084,1.145717,94.007109,9.395683,31.975000,8.270000,12.585000,90.010000,1.145000,94.007109,9.395683,1,,64.158150,1.201820,1.690556,0.491667,32.180000,100.000000,0.000000,134.482200
21,28.990937,1.762139,16.687469,30.959656,0.332796,251.007323,15.214779,28.990000,1.760000,16.685000,30.960000,0.335000,251.007323,15.214779,1,,42.785560,1.196226,8.736111,8.552778,23.370000,300.000000,0.000000,36.425450
22,10.880486,10.626695,14.348859,34.289919,0.653494,173.648368,11.118068,10.880000,10.625000,14.350000,34.290000,0.655000,173.648368,11.118068,1,,49.359560,1.198509,4.125556,3.944444,25.950000,250.000000,0.000000,52.113550
23,28.307448,8.081707,14.134963,32.065325,1.454843,261.442367,0.451268,28.305000,8.080000,14.135000,32.065000,1.455000,261.442367,0.451268,1,,55.035880,1.200023,3.080000,2.119444,23.980000,300.000000,34.384960,151.822950
24,29.712227,15.356021,2.709176,23.065436,0.334836,318.863149,0.426975,29.710000,15.355000,2.710000,23.065000,0.335000,318.863149,0.426975,1,,37.827010,1.188157,14.874444,16.827778,22.380000,360.000000,9.470778,35.469000
25,11.139451,9.594917,12.854120,56.239356,0.994737,190.157425,5.943412,11.140000,9.595000,12.855000,56.240000,0.995000,190.157425,5.943412,1,,58.197040,1.200683,2.163889,1.263889,25.560000,160.000000,0.000000,75.280100
26,27.629968,9.447091,11.293773,76.728682,1.797668,256.469277,5.194369,27.630000,9.445000,11.295000,76.730000,1.800000,256.469277,5.194369,1,,67.155660,1.201890,1.684444,0.258333,24.080000,100.000000,0.000000,185.641500
27,19.481074,18.649066,3.519320,75.558119,0.729219,75.126829,0.389056,19.480000,18.650000,3.520000,75.560000,0.730000,75.126829,0.389056,1,,55.246810,1.200432,2.318889,1.791667,35.040000,130.000000,6.714690,72.143000
28,4.980314,17.214952,5.651533,62.618436,1.315206,17.918298,4.310576,4.980000,17.215000,5.650000,62.620000,1.315000,17.918298,4.310576,1,,58.148910,1.200587,1.882222,1.277778,85.570000,160.000000,0.000000,82.625350
29,31.446361,5.037839,16.499734,65.718087,1.722607,82.157269,11.315972,31.445000,5.040000,16.500000,65.720000,1.725000,82.157269,11.315972,1,,75.290380,1.202280,1.897222,0.350000,34.050000,130.000000,0.000000,192.656250
30,33.293543,6.379296,12.741410,17.772318,0.806073,339.851955,1.036287,33.295000,6.380000,12.740000,17.770000,0.805000,339.851955,1.036287,1,,41.866400,1.196575,64.078889,49.741667,22.830000,420.000000,7.412357,87.053650
31,25.487520,7.560612,1.062233,72.927318,1.854371,442.990505,18.594217,25.490000,7.560000,1.060000,72.925000,1.855000,442.990505,18.594217,1,,64.890080,1.201825,1.752778,0.325000,20.000000,130.000000,0.000000,137.486850
32,4.779891,5.268014,18.454378,26.957659,0.550999,265.467745,8.837017,4.780000,5.270000,18.455000,26.960000,0.550000,265.467745,8.837017,1,,46.518870,1.197581,5.605556,5.850000,23.230000,300.000000,0.000000,35.399500
33,31.611196,8.946001,12.335824,84.616576,0.430574,323.202342,5.514400,31.610000,8.945000,12.335000,84.615000,0.430000,323.202342,5.514400,1,,49.683640,1.200541,4.085556,3.391667,22.600000,130.000000,0.000000,58.177650
34,39.259671,16.012924,11.666005,47.814826,0.393026,313.468069,7.419740,39.260000,16.015000,11.665000,47.815000,0.395000,313.468069,7.419740,1,,44.752620,1.196443,6.370556,6.280556,22.650000,250.000000,0.000000,60.054850
35,39.902214,14.878159,9.887609,63.731891,0.501958,230.941568,3.905722,39.900000,14.880000,9.890000,63.730000,0.500000,230.941568,3.905722,1,,49.574940,1.199332,3.916667,3.530556,24.210000,160.000000,0.000000,74.229500
36,10.323950,6.934242,17.183066,92.561187,1.038539,31.366225,18.484920,10.325000,6.935000,17.185000,92.560000,1.040000,31.366225,18.484920,1,,64.572060,1.201753,1.567222,0.447222,57.560000,100.000000,0.000000,85.529600
37,20.510058,12.163927,6.556752,54.932699,1.891536,126.198379,11.968454,20.510000,12.165000,6.555000,54.935000,1.890000,126.198379,11.968454,1,,61.518360,1.201105,1.950556,0.761111,28.760000,160.000000,0.000000,156.529650
38,35.747317,11.991861,11.647562,44.917616,1.843605,238.112978,16.888010,35.745000,11.990000,11.650000,44.920000,1.845000,238.112978,16.888010,1,,58.815060,1.200772,2.338333,1.136111,24.470000,200.000000,0.000000,225.868650
39,32.862075,4.643559,19.561579,51.184288,1.930767,228.198937,8.848699,32.860000,4.645000,19.560000,51.185000,1.930000,228.198937,8.848699,1,,77.102850,1.202078,2.166111,0.583333,24.690000,160.000000,0.000000,227.948650
40,6.809819,7.359611,4.678048,14.533486,1.566259,147.571422,3.190958,6.810000,7.360000,4.680000,14.535000,1.565000,147.571422,3.190958,1,,38.323080,1.196836,132.752444,147.825000,26.650000,500.000000,0.000000,61.180750
41,6.634920,2.857170,1.963528,65.517228,1.110282,426.498665,11.456724,6.635000,2.855000,1.965000,65.515000,1.110000,426.498665,11.456724,1,,69.806550,1.201875,1.893889,0.063889,20.630000,130.000000,0.000000,35.257350
42,38.264413,15.269289,9.703130,94.522522,0.915850,102.826488,17.972697,38.265000,15.270000,9.705000,94.525000,0.915000,102.826488,17.972697,1,,58.943770,1.201268,1.848889,1.097222,31.060000,130.000000,0.000000,129.907950
43,3.109350,11.812301,6.279189,18.933090,1.356484,290.448455,0.839839,3.110000,11.810000,6.280000,18.935000,1.355000,290.448455,0.839839,1,,43.290590,1.197359,21.295556,14.908333,22.030000,420.000000,2.354028,60.292250
44,35.091453,2.291154,4.878739,81.577764,1.620018,493.427392,17.166937,35.090000,2.290000,4.880000,81.580000,1.620000,493.427392,17.166937,1,,57.247790,1.203569,1.718333,4.008333,21.770000,80.000000,0.000000,149.159400
45,3.374489,8.694884,17.058694,55.341571,1.349716,275.000315,0.288740,3.375000,8.695000,17.060000,55.340000,1.350000,275.000315,0.288740,1,,62.569120,1.201091,2.190000,0.713889,23.060000,160.000000,6.689569,86.952000
46,25.217195,2.009670,19.137991,27.624167,1.791639,64.954769,2.614456,25.215000,2.010000,19.140000,27.625000,1.790000,64.954769,2.614456,1,,65.358150,1.201608,3.456667,5.852778,37.890000,250.000000,0.168464,170.130450
47,2.117869,17.391990,8.563446,34.449110,0.511237,287.770024,18.783874,2.120000,17.390000,8.565000,34.450000,0.510000,287.770024,18.783874,1,,45.689330,1.196483,5.703889,5.827778,22.150000,250.000000,0.000000,33.804000
48,21.123302,6.699029,1.589731,61.129715,0.191832,55.473406,3.718255,21.125000,6.700000,1.590000,61.130000,0.190000,55.473406,3.718255,1,,35.651860,1.180387,16.862222,17.022222,38.240000,420.000000,0.000000,20.347200
49,21.713825,11.503096,18.384911,42.360628,1.698945,347.487257,12.689236,21.715000,11.505000,18.385000,42.360000,1.700000,347.487257,12.689236,1,,58.327310,1.200565,2.361111,1.261111,22.830000,250.000000,0.000000,181.811000
50,8.566191,13.386014,11.974206,21.447249,1.214217,455.178642,2.224133,8.565000,13.385000,11.975000,21.445000,1.215000,455.178642,2.224133,1,,47.731530,1.198099,7.913889,7.230556,21.810000,360.000000,0.647292,85.654500
51,32.172933,6.588822,3.627680,42.124128,1.169969,125.554645,11.381197,32.175000,6.590000,3.630000,42.125000,1.170000,125.554645,11.381197,1,,57.467960,1.200579,2.592778,1.408333,28.750000,250.000000,0.000000,105.523050
52,2.653677,17.064187,14.265335,45.394264,1.370553,468.084914,12.596103,2.655000,17.065000,14.265000,45.395000,1.370000,468.084914,12.596103,1,,55.329200,1.200100,2.634444,1.888889,20.820000,200.000000,0.000000,99.928150
53,38.168438,19.063357,9.360566,12.065965,0.448812,414.405047,7.144696,38.170000,19.065000,9.360000,12.065000,0.450000,414.405047,7.144696,0,measure_failed,-200.000000,,,,,,,61.745250
54,11.252240,11.767823,7.792919,42.678750,1.483757,29.670398,15.054997,11.250000,11.770000,7.795000,42.680000,1.485000,29.670398,15.054997,1,,57.374170,1.200307,2.266111,1.461111,59.620000,250.000000,0.000000,97.922550
55,9.403523,3.838789,9.597995,19.834288,1.870051,119.815848,15.391962,9.405000,3.840000,9.600000,19.835000,1.870000,119.815848,15.391962,1,,50.101430,1.199515,18.598333,9.352778,29.080000,420.000000,0.000000,88.415550
56,13.169704,14.587485,14.201274,74.807053,1.310541,392.370970,8.933832,13.170000,14.585000,14.200000,74.805000,1.310000,392.370970,8.933832,1,,61.308100,1.201136,1.726111,0.819444,22.350000,130.000000,0.000000,121.142850
57,23.302826,3.089991,13.335123,52.683634,0.383075,427.936590,7.280227,23.305000,3.090000,13.335000,52.685000,0.385000,427.936590,7.280227,1,,47.712000,1.199578,5.497222,4.397222,21.540000,200.000000,0.000000,38.494850
58,38.933052,13.997918,8.000073,14.238347,1.061567,160.823310,6.425688,38.935000,14.000000,8.000000,14.240000,1.060000,160.823310,6.425688,1,,35.058420,1.195121,171.082000,263.958333,26.830000,500.000000,0.000000,131.318200
59,31.543135,4.724074,3.381495,56.097697,1.270785,409.814221,8.483307,31.545000,4.725000,3.380000,56.100000,1.270000,409.814221,8.483307,1,,64.263960,1.201594,2.158889,0.413889,22.090000,160.000000,0.000000,109.126000
60,13.760739,10.573660,3.294487,55.843716,0.862532,195.049795,4.396735,13.760000,10.575000,3.295000,55.845000,0.865000,195.049795,4.396735,1,,56.360600,1.200430,2.382222,1.597222,25.040000,200.000000,0.000000,56.176650
61,4.024095,17.591974,4.621746,74.517713,1.421552,466.204114,2.265363,4.025000,17.590000,4.620000,74.520000,1.420000,466.204114,2.265363,1,,60.771510,1.201004,1.778889,0.902778,20.600000,130.000000,0.000000,85.685400
62,1.535399,15.915213,5.541313,17.592594,0.824453,430.520255,15.331150,1.535000,15.915000,5.540000,17.595000,0.825000,430.520255,15.331150,1,,37.667900,1.194230,34.415556,25.938889,19.880000,420.000000,0.000000,40.572750
63,34.032708,12.268035,13.584301,71.960089,1.991042,483.006290,0.147688,34.035000,12.270000,13.585000,71.960000,1.990000,483.006290,0.147688,1,,64.509590,1.201679,1.745000,0.441667,21.910000,130.000000,6.293946,249.156200
64,16.686622,8.798437,15.328901,97.215466,1.497670,242.495610,3.362942,16.685000,8.800000,15.330000,97.215000,1.500000,242.495610,3.362942,1,,69.647550,1.202045,1.495556,0.152778,24.290000,80.000000,0.000000,137.027250
65,23.113939,2.743613,6.846046,72.649360,1.255582,469.140528,16.514788,23.115000,2.745000,6.845000,72.650000,1.255000,469.140528,16.514788,1,,70.171880,1.202605,1.830556,0.850000,21.890000,100.000000,0.000000,92.987050
66,19.972221,1.415962,7.000042,95.382772,1.832411,380.387847,6.996987,19.970000,1.415000,7.000000,95.385000,1.830000,380.387847,6.996987,1,,45.615180,1.204833,1.501111,64.561111,22.430000,60.000000,0.000000,118.196850
67,31.328135,12.812776,1.497726,18.771785,0.226685,43.444456,18.074553,31.330000,12.815000,1.500000,18.770000,0.225000,43.444456,18.074553,0,measure_failed,-200.000000,,,,,,,23.355750
68,36.669082,5.335602,19.939029,77.637357,0.194980,329.962212,10.890748,36.670000,5.335000,19.940000,77.635000,0.195000,329.962212,10.890748,1,,36.315100,1.185257,15.550556,15.677778,20.550000,250.000000,0.000000,35.803800
69,34.403760,1.693769,17.467852,24.041653,1.481814,135.241487,7.686856,34.405000,1.695000,17.470000,24.040000,1.480000,135.241487,7.686856,1,,66.999820,1.201077,5.201667,2.219444,28.300000,360.000000,0.000000,162.173200
70,1.774515,7.865752,18.044846,11.835615,0.874765,354.990499,18.449035,1.775000,7.865000,18.045000,11.835000,0.875000,354.990499,18.449035,0,measure_failed,-200.000000,,,,,,,50.224000
71,28.761214,18.873440,15.182659,97.901897,1.524876,170.197233,8.735949,28.760000,18.875000,15.185000,97.900000,1.525000,170.197233,8.735949,1,,62.376420,1.201549,1.555556,0.688889,26.460000,100.000000,0.000000,206.286000
72,26.103368,6.338157,17.427343,49.150635,1.555750,182.093087,11.254375,26.105000,6.340000,17.425000,49.150000,1.555000,182.093087,11.254375,1,,62.896140,1.201328,2.213889,0.547222,25.990000,200.000000,0.000000,162.468200
73,11.312350,2.353934,18.846037,51.752879,0.263115,349.659795,17.321108,11.310000,2.355000,18.845000,51.755000,0.265000,349.659795,17.321108,1,,43.357260,1.196448,8.036667,7.197222,21.470000,200.000000,0.000000,24.993550
74,28.230684,10.833420,10.566233,76.227322,1.151871,198.717810,2.417008,28.230000,10.835000,10.565000,76.225000,1.150000,198.717810,2.417008,1,,61.220110,1.201331,1.830000,0.816667,25.430000,130.000000,0.012060,125.582750
75,36.122102,18.681046,9.906418,49.589012,1.265408,428.277722,12.925676,36.120000,18.680000,9.905000,49.590000,1.265000,428.277722,12.925676,1,,56.373830,1.200233,2.348333,1.613889,22.210000,200.000000,0.000000,171.142150
76,7.804256,18.896381,16.356338,86.322997,1.219623,287.051075,18.934368,7.805000,18.895000,16.355000,86.325000,1.220000,287.051075,18.934368,1,,60.902630,1.201085,1.608333,0.850000,23.370000,130.000000,0.000000,118.002950
77,30.368101,1.787545,15.542035,24.253468,1.056385,140.396392,10.926230,30.370000,1.790000,15.540000,24.255000,1.055000,140.396392,10.926230,1,,53.978790,1.200185,5.090000,3.175000,27.940000,360.000000,0.000000,104.285250
78,39.386431,14.537286,19.854722,27.368458,0.367062,62.747039,2.895965,39.385000,14.535000,19.855000,27.370000,0.365000,62.747039,2.895965,1,,39.929450,1.191427,10.671667,12.361111,37.750000,360.000000,0.004030,57.961250
79,30.655089,7.706532,4.983057,43.811422,1.594462,248.739642,7.119631,30.655000,7.705000,4.985000,43.810000,1.595000,248.739642,7.119631,1,,59.950410,1.200940,2.398333,0.955556,24.140000,200.000000,0.000000,144.842050
80,39.040333,5.060156,4.170699,59.062034,0.168227,305.045251,7.486182,39.040000,5.060000,4.170000,59.060000,0.170000,305.045251,7.486182,0,measure_failed,-200.000000,,,,,,,25.270800
81,39.137284,14.800150,11.006005,90.516714,0.235350,225.518682,3.650586,39.135000,14.800000,11.005000,90.515000,0.235000,225.518682,3.650586,1,,40.868330,1.192587,8.860556,9.327778,23.130000,130.000000,0.000000,44.099050
82,30.529510,1.643378,2.091794,6.864729,1.060108,407.437705,19.298404,30.530000,1.645000,2.090000,6.865000,1.060000,407.437705,19.298404,0,measure_failed,-200.000000,,,,,,,73.671550
83,21.363163,1.592734,5.891338,86.067581,0.286690,352.482614,6.042380,21.365000,1.595000,5.890000,86.070000,0.285000,352.482614,6.042380,1,,47.219100,1.201165,5.503889,4.475000,21.660000,130.000000,0.000000,29.355000
84,5.775668,15.076807,16.832108,43.406781,0.985185,273.274491,11.850280,5.775000,15.075000,16.830000,43.405000,0.985000,273.274491,11.850280,1,,54.449980,1.199759,2.673333,2.075000,23.480000,200.000000,0.000000,80.740350
85,9.130495,9.117267,1.470888,19.547115,0.693024,235.171585,6.834779,9.130000,9.115000,1.470000,19.545000,0.695000,235.171585,6.834779,1,,42.942970,1.196200,21.431111,13.805556,23.280000,420.000000,0.000000,30.335600
86,14.922073,10.071882,2.920823,29.850594,0.456549,393.906975,18.229614,14.920000,10.070000,2.920000,29.850000,0.455000,393.906975,18.229614,1,,43.601740,1.195610,7.374444,7.786111,21.880000,300.000000,0.000000,29.875600
87,30.827981,3.293555,7.435160,57.140231,1.837677,258.755818,19.668209,30.830000,3.295000,7.435000,57.140000,1.840000,258.755818,19.668209,1,,65.359990,1.202594,2.002778,1.825000,24.010000,130.000000,0.000000,161.511800
88,10.692072,14.338976,10.583846,98.749455,1.429518,376.947144,2.903969,10.690000,14.340000,10.585000,98.750000,1.430000,376.947144,2.903969,1,,64.811010,1.201598,1.471667,0.491667,22.400000,80.000000,0.000000,116.671400
89,34.769882,10.203920,6.606768,40.962378,0.663989,488.909051,15.354511,34.770000,10.205000,6.605000,40.960000,0.665000,488.909051,15.354511,1,,50.897870,1.199216,3.702778,3.202778,21.690000,250.000000,0.000000,74.745400
90,5.822379,3.307358,19.485437,77.431519,0.974989,205.920089,7.880867,5.820000,3.305000,19.485000,77.430000,0.975000,205.920089,7.880867,1,,68.688810,1.202157,1.894444,0.161111,24.940000,100.000000,0.000000,67.404000
91,8.415179,9.735171,2.054753,18.179929,0.290991,294.112708,15.669319,8.415000,9.735000,2.055000,18.180000,0.290000,294.112708,15.669319,1,,34.853560,1.182749,38.917222,27.658333,22.110000,500.000000,0.000000,14.445900
92,19.527881,7.850964,8.278846,94.642505,0.529665,416.765402,19.904617,19.530000,7.850000,8.280000,94.645000,0.530000,416.765402,19.904617,1,,54.193860,1.201441,2.905556,1.963889,21.850000,130.000000,0.000000,51.996350
93,2.249327,10.387955,12.615781,50.148732,0.573195,246.467664,13.745421,2.250000,10.390000,12.615000,50.150000,0.575000,246.467664,13.745421,1,,50.464770,1.199341,3.693889,3.247222,23.160000,160.000000,0.000000,36.565750
94,7.331633,14.962853,2.402244,35.343917,0.201313,54.475890,1.995732,7.330000,14.965000,2.400000,35.345000,0.200000,54.475890,1.995732,0,measure_failed,-200.000000,,,,,,,15.179750
95,14.945198,17.798729,17.685815,87.253010,1.678824,228.884381,7.192264,14.945000,17.800000,17.685000,87.255000,1.680000,228.884381,7.192264,1,,63.342430,1.201426,1.533889,0.605556,24.570000,100.000000,0.000000,182.533050
96,24.927069,11.641184,17.094005,72.457005,1.633992,266.022441,9.381479,24.925000,11.640000,17.095000,72.455000,1.635000,266.022441,9.381479,1,,63.440660,1.201517,1.751667,0.558333,23.910000,130.000000,0.000000,186.336450
97,32.537541,16.582283,10.263636,14.745308,0.630907,458.201746,14.926684,32.540000,16.580000,10.265000,14.745000,0.630000,458.201746,14.926684,1,,34.320500,1.192432,146.020333,204.055556,21.770000,500.000000,0.000000,77.036850
98,31.902012,11.107491,10.941972,59.621257,1.983471,475.933599,17.379957,31.900000,11.105000,10.940000,59.620000,1.985000,475.933599,17.379957,1,,62.999390,1.201443,1.918333,0.544444,21.930000,160.000000,0.000000,223.104650
99,38.694575,19.596567,1.543066,9.262084,1.886292,156.812464,14.698624,38.695000,19.595000,1.545000,9.260000,1.885000,156.812464,14.698624,0,measure_failed,-200.000000,,,,,,,226.966950
100,38.033209,1.891339,14.896507,90.912261,0.413611,450.918583,12.188863,38.035000,1.890000,14.895000,90.910000,0.415000,450.918583,12.188863,1,,54.913680,1.202777,3.643333,1.730556,21.550000,130.000000,0.000000,59.137100
101,15.245085,19.298961,16.088002,71.288413,0.305527,42.142648,2.490258,15.245000,19.300000,16.090000,71.290000,0.305000,42.142648,2.490258,1,,43.522200,1.195375,6.737778,6.961111,46.730000,160.000000,0.000000,41.580850
102,11.430185,9.919766,18.173330,68.213468,0.496562,233.575121,4.904504,11.430000,9.920000,18.175000,68.215000,0.495000,233.575121,4.904504,1,,50.615040,1.200017,3.745000,3.091667,23.970000,160.000000,0.000000,49.362000
103,2.484628,12.993593,5.486206,58.563645,1.891840,169.229519,9.226831,2.485000,12.995000,5.485000,58.565000,1.890000,169.229519,9.226831,1,,60.886510,1.200924,1.945556,0.858333,23.690000,160.000000,0.000000,88.032450
104,29.936517,16.957816,11.581989,31.681952,1.684659,497.206596,7.736132,29.935000,16.960000,11.580000,31.680000,1.685000,497.206596,7.736132,1,,53.744450,1.199547,3.073889,2.508333,21.810000,300.000000,0.000000,201.812750
105,33.641065,6.267848,14.016094,5.020667,0.684509,412.575483,1.839196,33.640000,6.270000,14.015000,5.020000,0.685000,412.575483,1.839196,0,measure_failed,-200.000000,,,,,,,74.630250
106,22.219139,3.372368,9.198585,65.316741,0.645592,45.015299,4.782106,22.220000,3.370000,9.200000,65.315000,0.645000,45.015299,4.782106,1,,57.907440,1.201507,2.712778,1.247222,45.840000,160.000000,0.000000,54.676350
107,30.573050,12.422924,13.212010,88.807630,1.318494,203.319286,11.055293,30.575000,12.425000,13.210000,88.810000,1.320000,203.319286,11.055293,1,,62.740110,1.201611,1.672778,0.636111,25.310000,100.000000,0.000000,161.715900
108,13.317579,19.096219,3.851629,82.240647,1.201057,449.246579,6.755959,13.320000,19.095000,3.850000,82.240000,1.200000,449.246579,6.755959,1,,60.147390,1.200997,1.686111,0.972222,21.650000,130.000000,0.000000,99.372000
109,13.515355,9.040571,4.518983,45.638658,0.675802,94.839765,14.549835,13.515000,9.040000,4.520000,45.640000,0.675000,94.839765,14.549835,1,,52.445780,1.199683,3.246667,2.608333,31.750000,200.000000,0.000000,43.397250
110,17.593655,7.306418,7.402591,34.038403,0.417020,92.958717,1.493641,17.595000,7.305000,7.405000,34.040000,0.415000,92.958717,1.493641,1,,43.952690,1.196101,7.255000,7.241667,31.600000,300.000000,0.777843,31.919150
111,25.034628,14.916427,7.125455,8.174221,1.182310,121.084535,5.912897,25.035000,14.915000,7.125000,8.175000,1.180000,121.084535,5.912897,0,measure_failed,-200.000000,,,,,,,112.323250
112,19.634469,15.695511,5.574902,67.649096,1.801552,219.259949,14.821501,19.635000,15.695000,5.575000,67.650000,1.800000,219.259949,14.821501,1,,61.762750,1.201211,1.755000,0.738889,24.670000,130.000000,0.000000,157.405500
113,36.643122,10.439439,3.817783,45.205672,1.560275,145.403685,0.789587,36.645000,10.440000,3.820000,45.205000,1.560000,145.403685,0.789587,1,,58.351750,1.200704,2.395000,1.236111,27.510000,250.000000,9.408064,165.604350
114,8.627480,2.774563,2.318198,25.007468,0.563085,451.867150,7.370483,8.625000,2.775000,2.320000,25.005000,0.565000,451.867150,7.370483,1,,45.656790,1.197787,6.616111,6.850000,21.290000,360.000000,0.000000,19.254350
115,29.497492,4.816734,4.078039,92.584293,1.784972,389.487632,17.285384,29.495000,4.815000,4.080000,92.585000,1.785000,389.487632,17.285384,1,,71.587500,1.202880,1.605556,0.769444,22.290000,80.000000,0.000000,150.940050
116,36.542001,15.792602,4.765843,58.720078,1.044858,462.564238,13.169222,36.540000,15.795000,4.765000,58.720000,1.045000,462.564238,13.169222,1,,57.021940,1.200486,2.204444,1.455556,21.920000,200.000000,0.000000,128.147000
117,27.957503,17.980589,19.638662,73.124381,1.381488,367.724400,3.628839,27.960000,17.980000,19.640000,73.125000,1.380000,367.724400,3.628839,1,,60.057790,1.201060,1.823889,0.972222,22.660000,130.000000,0.000000,191.969550
118,14.715135,9.223898,3.241207,18.531594,1.346536,359.714391,4.361950,14.715000,9.225000,3.240000,18.530000,1.345000,359.714391,4.361950,1,,45.517540,1.197850,39.163889,20.861111,22.170000,420.000000,0.000000,75.893700
119,21.560794,6.813086,3.059246,74.644914,1.094292,380.097863,7.329093,21.560000,6.815000,3.060000,74.645000,1.095000,380.097863,7.329093,1,,63.051560,1.201563,1.839444,0.605556,22.100000,130.000000,0.000000,80.039400
120,36.475731,19.001981,12.141034,75.400522,0.288925,319.884557,11.524349,36.475000,19.000000,12.140000,75.400000,0.290000,319.884557,11.524349,1,,43.216530,1.195251,7.026667,7.202778,22.170000,160.000000,0.000000,50.526700
121,34.873413,18.076361,5.828153,28.692858,1.836678,496.897871,19.942807,34.875000,18.075000,5.830000,28.695000,1.835000,496.897871,19.942807,1,,52.624030,1.199299,3.440556,3.036111,21.750000,300.000000,0.000000,220.026850
122,33.203814,5.960964,18.702278,71.039406,0.570682,41.016378,4.648693,33.205000,5.960000,18.700000,71.040000,0.570000,41.016378,4.648693,1,,54.279960,1.201014,3.006667,1.988889,48.400000,160.000000,0.000000,76.622100
123,35.404697,2.955906,17.545431,42.620698,1.365815,298.618054,8.434478,35.405000,2.955000,17.545000,42.620000,1.365000,298.618054,8.434478,1,,69.565940,1.201691,2.542778,0.230556,23.440000,200.000000,0.000000,159.013650
124,10.033572,3.734544,2.262362,80.570741,1.234467,426.006666,8.716099,10.035000,3.735000,2.260000,80.570000,1.235000,426.006666,8.716099,1,,75.408600,1.202148,1.668889,0.130556,21.120000,100.000000,0.000000,51.679600
125,32.082664,9.566581,3.319938,16.212622,0.849521,395.637191,6.196774,32.085000,9.565000,3.320000,16.215000,0.850000,395.637191,6.196774,1,,39.658400,1.195767,101.929444,112.255556,22.110000,500.000000,0.000000,78.881250
126,27.200853,12.314315,13.668469,93.148091,1.924153,495.241282,18.304993,27.200000,12.315000,13.670000,93.150000,1.925000,495.241282,18.304993,1,,66.430780,1.201991,1.517778,0.266667,21.830000,80.000000,0.000000,218.734750
127,11.537243,7.227025,8.674894,15.318054,0.513867,379.069358,16.562436,11.535000,7.225000,8.675000,15.320000,0.515000,379.069358,16.562436,1,,35.143510,1.191706,107.897222,104.544444,21.970000,500.000000,0.000000,30.556050
128,4.410095,13.968898,4.454283,56.819737,1.745138,340.527007,17.588353,4.410000,13.970000,4.455000,56.820000,1.745000,340.527007,17.588353,1,,60.059850,1.200831,1.908889,0.938889,21.290000,160.000000,0.000000,88.217150
129,9.775000,8.737219,15.267059,93.747253,1.260209,479.253200,14.404755,9.775000,8.735000,15.265000,93.745000,1.260000,479.253200,14.404755,1,,66.616700,1.201797,1.535556,0.313889,21.750000,80.000000,0.000000,99.174750
130,15.696065,13.527408,9.113266,87.176833,1.023223,206.909350,1.667266,15.695000,13.525000,9.115000,87.175000,1.025000,206.909350,1.667266,1,,60.441750,1.201225,1.718889,0.925000,25.100000,130.000000,0.171369,91.663000
131,13.086510,17.953521,16.532281,11.991385,1.113709,91.582157,13.116265,13.085000,17.955000,16.530000,11.990000,1.115000,91.582157,13.116265,0,measure_failed,-200.000000,,,,,,,107.879600
132,16.297068,6.657849,4.935259,90.323215,1.274140,171.632981,6.874099,16.295000,6.660000,4.935000,90.325000,1.275000,171.632981,6.874099,1,,68.879470,1.202017,1.592222,0.180556,26.200000,80.000000,0.000000,84.668250
133,4.830821,9.853203,8.039701,46.085430,0.933356,421.816358,13.216102,4.830000,9.855000,8.040000,46.085000,0.935000,421.816358,13.216102,1,,55.155100,1.200158,2.700000,1.875000,21.720000,200.000000,0.000000,49.408500
134,9.971242,14.053605,10.485642,52.215716,0.643770,411.077491,4.540611,9.970000,14.055000,10.485000,52.215000,0.645000,411.077491,4.540611,1,,52.243180,1.199584,3.150556,2.630556,21.940000,200.000000,0.000000,52.350150
135,19.764732,14.171783,18.661665,5.995387,0.677724,420.395962,14.869609,19.765000,14.170000,18.660000,5.995000,0.680000,420.395962,14.869609,0,measure_failed,-200.000000,,,,,,,72.428450
136,37.294551,12.913238,15.909665,20.234125,0.957062,392.931793,12.125139,37.295000,12.915000,15.910000,20.235000,0.955000,392.931793,12.125139,1,,45.264520,1.197220,25.140000,14.577778,22.430000,420.000000,0.000000,129.324450
137,5.506657,7.342890,9.423842,6.354830,0.905647,247.461946,17.252305,5.505000,7.345000,9.425000,6.355000,0.905000,247.461946,17.252305,0,measure_failed,-200.000000,,,,,,,41.271000
138,15.993918,7.822093,11.712199,81.232243,1.958592,10.370477,5.062224,15.995000,7.820000,11.710000,81.230000,1.960000,10.370477,5.062224,1,,73.921800,1.201976,1.412222,0.091667,135.200000,100.000000,0.000000,151.442500
139,6.170242,14.082464,3.468744,95.241621,1.163372,128.747895,9.853060,6.170000,14.080000,3.470000,95.240000,1.165000,128.747895,9.853060,1,,61.703300,1.201346,1.581111,0.772222,27.740000,100.000000,0.000000,69.553600
140,3.519906,6.031653,19.688548,86.203404,0.257218,311.465306,0.886257,3.520000,6.030000,19.690000,86.205000,0.255000,311.465306,0.886257,1,,43.100150,1.196775,7.438889,7.186111,21.410000,100.000000,0.366977,27.843150
141,15.112640,1.253140,4.019414,33.401474,1.747557,353.557867,16.280260,15.115000,1.255000,4.020000,33.400000,1.750000,353.557867,16.280260,1,,47.950220,1.202925,2.754444,48.180556,22.320000,200.000000,0.000000,76.375000
142,28.066595,14.705337,4.839058,32.763853,1.090571,223.663923,14.747307,28.065000,14.705000,4.840000,32.765000,1.090000,223.663923,14.747307,1,,52.507840,1.199197,3.186111,2.850000,24.660000,300.000000,0.000000,108.704550
143,24.485210,12.476109,12.932709,70.352107,0.410145,13.725456,17.100280,24.485000,12.475000,12.935000,70.350000,0.410000,13.725456,17.100280,1,,47.162070,1.198715,4.538333,4.619444,106.140000,160.000000,0.000000,51.466400
144,23.542934,9.363851,15.659704,82.379076,1.905321,278.757696,4.930983,23.545000,9.365000,15.660000,82.380000,1.905000,278.757696,4.930983,1,,69.691670,1.202025,1.587222,0.094444,23.700000,100.000000,0.000000,197.408700
145,39.006390,2.434849,4.665456,47.260080,1.374744,480.061719,5.299488,39.005000,2.435000,4.665000,47.260000,1.375000,480.061719,5.299488,1,,73.990720,1.202211,2.395556,1.255556,21.850000,160.000000,0.000000,133.877750
146,12.758669,3.425697,5.814971,54.456286,1.968112,494.343235,19.232319,12.760000,3.425000,5.815000,54.455000,1.970000,494.343235,19.232319,1,,64.542370,1.202349,1.917778,1.638889,21.420000,130.000000,0.000000,94.848250
147,5.328004,4.118618,5.448955,63.144139,1.938858,350.234563,6.295906,5.330000,4.120000,5.450000,63.145000,1.940000,350.234563,6.295906,1,,72.565270,1.202225,1.787222,0.769444,21.540000,130.000000,0.000000,67.283750
148,33.403460,2.973283,19.903030,15.859841,0.843976,470.357320,11.781231,33.405000,2.975000,19.905000,15.860000,0.845000,470.357320,11.781231,1,,39.520770,1.196707,110.144444,132.400000,21.870000,500.000000,0.000000,97.500650
149,17.671250,15.045624,11.987987,7.740950,1.742266,87.200110,17.075818,17.670000,15.045000,11.990000,7.740000,1.740000,87.200110,17.075818,0,measure_failed,-200.000000,,,,,,,156.734400
150,12.483984,18.063600,8.627048,13.175910,0.214950,308.874425,0.643939,12.485000,18.065000,8.625000,13.175000,0.215000,308.874425,0.643939,0,measure_failed,-200.000000,,,,,,,18.821500
151,18.939342,4.613420,1.403515,15.756336,0.230635,472.271787,10.224145,18.940000,4.615000,1.405000,15.755000,0.230000,472.271787,10.224145,0,measure_failed,-200.000000,,,,,,,13.844850
152,26.708221,1.309537,18.763204,50.888666,1.812950,345.888612,13.847521,26.710000,1.310000,18.765000,50.890000,1.815000,345.888612,13.847521,1,,44.119600,1.204184,2.122778,177.261111,22.880000,130.000000,0.000000,177.463050
153,37.435948,12.462087,16.176628,88.160359,1.863311,492.182299,4.808490,37.435000,12.460000,16.175000,88.160000,1.865000,492.182299,4.808490,1,,65.683310,1.201943,1.615556,0.355556,21.880000,100.000000,0.076452,259.665100
154,5.209221,16.181858,9.330031,88.462819,0.525307,114.751645,19.215106,5.210000,16.180000,9.330000,88.465000,0.525000,114.751645,19.215106,1,,52.581260,1.200331,2.817778,2.416667,29.130000,100.000000,0.000000,45.525750
155,23.448041,17.266049,8.235927,58.241329,0.242721,38.007902,1.359444,23.450000,17.265000,8.235000,58.240000,0.245000,38.007902,1.359444,1,,40.227920,1.188932,10.102222,10.211111,49.220000,200.000000,0.227807,32.721500
156,29.757677,10.100479,11.736625,78.541610,0.640581,292.266173,15.544428,29.760000,10.100000,11.735000,78.540000,0.640000,292.266173,15.544428,1,,55.396390,1.200962,2.597222,1.727778,23.290000,130.000000,0.000000,77.822600
157,36.002984,11.476799,13.414681,99.696759,0.973244,441.562051,14.579610,36.005000,11.475000,13.415000,99.695000,0.975000,441.562051,14.579610,1,,60.910320,1.201626,1.755000,0.830556,22.110000,100.000000,0.000000,133.699500
158,2.377305,6.138523,9.406067,94.120141,0.378823,122.190827,16.923093,2.375000,6.140000,9.405000,94.120000,0.380000,122.190827,16.923093,1,,48.030010,1.200933,4.690000,4.047222,27.800000,100.000000,0.000000,27.737200
159,14.801915,11.706387,17.593060,66.824547,1.897146,48.785213,6.348931,14.800000,11.705000,17.595000,66.825000,1.895000,48.785213,6.348931,1,,64.609830,1.201420,1.682222,0.463889,43.940000,130.000000,0.000000,177.162750
160,39.648195,18.353081,9.768060,69.171770,0.767517,17.509614,10.447841,39.650000,18.355000,9.770000,69.170000,0.770000,17.509614,10.447841,1,,54.799890,1.200242,2.301111,1.905556,87.860000,160.000000,0.000000,114.749000
161,7.722546,7.911559,7.485069,96.738748,1.358451,116.173118,15.882679,7.725000,7.910000,7.485000,96.740000,1.360000,116.173118,15.882679,1,,69.451600,1.201950,1.472778,0.108333,29.380000,80.000000,0.000000,77.397400
162,38.012361,16.527876,17.992919,48.276981,1.880588,203.594627,18.856265,38.010000,16.530000,17.995000,48.275000,1.880000,203.594627,18.856265,1,,58.299950,1.200676,2.242778,1.227778,25.340000,200.000000,0.000000,279.972850
163,24.781030,1.483296,17.766260,48.974200,0.699957,67.828877,12.244623,24.780000,1.485000,17.765000,48.975000,0.700000,67.828877,12.244623,1,,64.317790,1.201807,2.877778,0.375000,36.930000,200.000000,0.000000,68.988250
164,16.555893,4.322218,19.407734,69.532517,0.552113,460.746417,9.124453,16.555000,4.320000,19.410000,69.535000,0.550000,460.746417,9.124453,1,,54.555060,1.201274,3.190556,1.911111,21.600000,160.000000,0.000000,54.743750
165,17.122559,19.126667,5.061569,85.632629,0.839245,185.479411,18.111859,17.125000,19.125000,5.060000,85.635000,0.840000,185.479411,18.111859,1,,57.328000,1.200819,1.970556,1.369444,25.690000,130.000000,0.000000,82.246050
166,28.608369,6.517086,13.292599,13.618828,0.218918,97.955301,0.938786,28.610000,6.515000,13.295000,13.620000,0.220000,97.955301,0.938786,0,measure_failed,-200.000000,,,,,,,23.347800
167,15.366553,6.179362,15.087619,5.613958,1.106513,99.167291,16.054129,15.365000,6.180000,15.090000,5.615000,1.105000,99.167291,16.054129,0,measure_failed,-200.000000,,,,,,,81.805600
168,2.295889,18.824882,14.768804,88.614122,1.657735,434.829483,9.285959,2.295000,18.825000,14.770000,88.615000,1.660000,434.829483,9.285959,1,,63.654800,1.201412,1.703333,0.563889,20.410000,100.000000,0.000000,132.447050
169,16.726153,8.460162,9.654224,18.618133,1.662879,220.221639,9.458638,16.725000,8.460000,9.655000,18.620000,1.665000,220.221639,9.458638,1,,46.416430,1.198307,38.103889,20.580556,24.730000,420.000000,0.000000,118.810200
170,37.632344,7.987194,1.187679,91.573410,1.418214,187.852703,13.065694,37.630000,7.985000,1.190000,91.575000,1.420000,187.852703,13.065694,1,,65.493460,1.202025,1.673889,0.344444,24.580000,100.000000,0.000000,146.662450
171,22.634028,8.584778,19.167808,63.537915,1.938480,251.942365,17.651391,22.635000,8.585000,19.170000,63.540000,1.940000,251.942365,17.651391,1,,66.552770,1.201726,1.800000,0.205556,24.150000,130.000000,0.000000,205.044200
172,15.619184,15.861366,13.568543,16.684303,0.786590,290.304275,17.436905,15.620000,15.860000,13.570000,16.685000,0.785000,290.304275,17.436905,1,,40.384400,1.195358,75.133889,59.952778,23.320000,500.000000,0.000000,73.231250
173,19.897663,14.308227,5.277300,26.371858,0.187479,486.804853,18.904767,19.900000,14.310000,5.275000,26.370000,0.185000,486.804853,18.904767,0,measure_failed,-200.000000,,,,,,,18.564950
174,10.458064,5.855773,6.210627,90.593099,1.064421,270.575465,9.012375,10.460000,5.855000,6.210000,90.595000,1.065000,270.575465,9.012375,1,,67.144900,1.201876,1.606111,0.294444,23.590000,100.000000,0.000000,61.567500
175,31.051559,15.761079,12.665222,26.066433,0.355864,409.011419,4.977424,31.050000,15.760000,12.665000,26.065000,0.355000,409.011419,4.977424,1,,39.439240,1.190457,11.641667,13.105556,21.590000,360.000000,0.000000,46.137000
176,17.710854,11.886576,18.212412,36.679643,1.429043,183.873439,18.169875,17.710000,11.885000,18.210000,36.680000,1.430000,183.873439,18.169875,1,,55.645020,1.200008,2.663333,1.866667,25.870000,250.000000,0.000000,142.224300
177,19.668207,9.822968,15.644349,31.740078,1.176539,279.610367,14.318778,19.670000,9.825000,15.645000,31.740000,1.175000,279.610367,14.318778,1,,53.430850,1.199547,3.145000,2.583333,23.640000,300.000000,0.000000,110.840000
178,22.814835,10.777131,9.034225,63.933516,1.078783,369.441559,3.277392,22.815000,10.775000,9.035000,63.935000,1.080000,369.441559,3.277392,1,,59.418610,1.200952,2.008889,1.063889,22.600000,160.000000,0.000000,101.660250
179,29.435695,8.167238,11.908133,89.714745,1.015161,196.207589,4.880519,29.435000,8.165000,11.910000,89.715000,1.015000,196.207589,4.880519,1,,62.567250,1.201729,1.763333,0.652778,25.510000,100.000000,0.000000,113.962550
180,22.162112,10.003977,4.741918,96.382801,1.554856,152.315656,9.342246,22.160000,10.005000,4.740000,96.385000,1.555000,152.315656,9.342246,1,,67.130270,1.201984,1.521667,0.272222,27.110000,80.000000,0.000000,129.232300
181,6.093022,17.235765,2.195903,74.337599,0.596236,174.970189,16.616157,6.095000,17.235000,2.195000,74.340000,0.595000,174.970189,16.616157,1,,53.362630,1.200082,2.657222,2.233333,25.270000,130.000000,0.000000,41.525750
182,28.171983,16.643427,8.168998,96.478433,0.696293,267.981557,2.638545,28.170000,16.645000,8.170000,96.480000,0.695000,267.981557,2.638545,1,,56.347640,1.201026,2.195556,1.541667,23.700000,130.000000,0.000000,88.121150
183,10.101180,9.903240,17.269156,53.050251,0.541594,26.498938,14.359908,10.100000,9.905000,17.270000,53.050000,0.540000,26.498938,14.359908,1,,50.167190,1.199320,3.720556,3.338889,64.150000,200.000000,0.000000,48.214500
184,15.803430,15.024264,10.730140,47.460568,0.855750,301.764376,3.954745,15.805000,15.025000,10.730000,47.460000,0.855000,301.764376,3.954745,1,,54.297060,1.199804,2.676111,2.094444,23.220000,200.000000,0.000000,78.186600
185,28.431716,13.327942,13.481966,67.881851,1.123662,438.762514,9.577636,28.430000,13.330000,13.480000,67.880000,1.125000,438.762514,9.577636,1,,59.272150,1.200956,1.960556,1.075000,22.120000,160.000000,0.000000,134.472000
186,11.674644,18.617715,7.706665,9.807398,1.536419,388.544298,4.205746,11.675000,18.620000,7.705000,9.805000,1.535000,388.544298,4.205746,0,measure_failed,-200.000000,,,,,,,118.130750
187,34.356760,15.540806,5.320514,31.121637,0.620806,431.885543,17.865374,34.355000,15.540000,5.320000,31.120000,0.620000,431.885543,17.865374,1,,46.983570,1.197480,5.006667,5.408333,22.020000,300.000000,0.000000,73.134600
188,16.376685,10.312665,15.617455,22.891609,1.046235,385.584039,12.965853,16.375000,10.315000,15.615000,22.890000,1.045000,385.584039,12.965853,1,,48.581930,1.198278,5.841667,5.972222,22.420000,360.000000,0.000000,91.850950
189,5.050783,5.424490,6.251995,11.532475,0.568580,201.767133,4.490532,5.050000,5.425000,6.250000,11.530000,0.570000,201.767133,4.490532,0,measure_failed,-200.000000,,,,,,,20.796000
190,7.161074,3.139558,8.848994,43.218896,0.771338,157.556168,6.554207,7.160000,3.140000,8.850000,43.220000,0.770000,157.556168,6.554207,1,,56.764750,1.200702,2.931111,1.541667,26.650000,200.000000,0.000000,35.974000
191,11.935709,4.982392,4.144341,96.978297,1.918974,79.693960,19.980889,11.935000,4.980000,4.145000,96.980000,1.920000,79.693960,19.980889,1,,68.095550,1.202750,1.451667,0.822222,33.820000,80.000000,0.000000,95.417400
192,1.375169,11.049727,6.664869,53.475511,1.783144,307.747101,15.459142,1.375000,11.050000,6.665000,53.475000,1.785000,307.747101,15.459142,1,,57.410570,1.200770,2.420000,1.266667,19.230000,160.000000,0.000000,76.172550
193,2.798198,7.396349,19.084194,61.016369,0.377301,300.793352,18.544502,2.800000,7.395000,19.085000,61.015000,0.375000,300.793352,18.544502,1,,46.504940,1.198597,5.717222,4.936111,22.100000,160.000000,0.000000,31.112250
194,29.834608,5.668415,1.989932,71.517934,1.333655,221.595252,15.522418,29.835000,5.670000,1.990000,71.520000,1.335000,221.595252,15.522418,1,,65.861050,1.201889,1.874444,0.277778,24.200000,130.000000,0.000000,110.839650
195,26.762236,18.472793,3.203342,79.698350,0.774434,424.142298,2.341891,26.760000,18.475000,3.205000,79.700000,0.775000,424.142298,2.341891,1,,56.149830,1.200649,2.210556,1.600000,21.890000,130.000000,0.125939,87.037000
196,20.300606,19.277185,12.553520,56.607129,1.398309,95.801215,15.952532,20.300000,19.275000,12.555000,56.605000,1.400000,95.801215,15.952532,1,,58.101420,1.200537,2.026111,1.275000,31.880000,200.000000,0.000000,154.454750
197,1.464391,8.389886,11.341696,21.083260,0.438288,386.239278,14.067765,1.465000,8.390000,11.340000,21.085000,0.440000,386.239278,14.067765,1,,39.137330,1.191416,13.286111,14.291667,20.620000,360.000000,0.000000,21.814350
198,35.036782,3.053288,18.586508,33.052590,0.988442,69.202492,15.120587,35.035000,3.055000,18.585000,33.055000,0.990000,69.202492,15.120587,1,,55.644430,1.200412,3.308333,1.883333,36.730000,300.000000,0.000000,117.174750
199,28.535382,17.103654,5.608660,12.670520,0.273688,116.260152,12.337831,28.535000,17.105000,5.610000,12.670000,0.275000,116.260152,12.337831,0,measure_failed,-200.000000,,,,,,,30.088000
200,7.417430,13.751210,17.661278,58.977851,1.828261,131.509325,4.036303,7.415000,13.750000,17.660000,58.980000,1.830000,131.509325,4.036303,1,,62.711830,1.201052,1.809444,0.675000,28.270000,160.000000,0.000000,150.946500
201,13.813525,17.313170,7.503594,72.303806,0.246751,215.303050,19.080816,13.815000,17.315000,7.505000,72.305000,0.245000,215.303050,19.080816,1,,40.897280,1.190990,9.310556,9.338889,23.360000,160.000000,0.000000,29.776900
202,4.156591,16.286476,4.428597,98.693621,1.195151,466.844816,3.419796,4.155000,16.285000,4.430000,98.695000,1.195000,466.844816,3.419796,1,,61.972210,1.201400,1.658333,0.752778,20.830000,100.000000,0.000000,74.243550
203,13.699241,13.118582,8.445056,57.656576,0.206824,289.026089,13.487022,13.700000,13.120000,8.445000,57.655000,0.205000,289.026089,13.487022,1,,37.222700,1.182072,14.849444,14.269444,20.940000,300.000000,0.000000,23.106900
204,12.293997,11.449041,14.046724,21.561788,1.966530,12.864935,15.816811,12.295000,11.450000,14.045000,21.560000,1.965000,12.864935,15.816811,1,,48.000850,1.198559,12.375000,10.775000,112.410000,420.000000,0.000000,151.748700
205,21.592029,5.985782,5.776529,55.581748,1.951241,47.901597,13.277356,21.590000,5.985000,5.775000,55.580000,1.950000,47.901597,13.277356,1,,69.757910,1.201812,1.931667,0.086111,44.300000,160.000000,0.000000,138.402000
206,31.778577,17.029777,10.078140,62.134654,0.422129,61.017112,8.509870,31.780000,17.030000,10.080000,62.135000,0.420000,61.017112,8.509870,1,,46.746410,1.198091,5.016667,4.883333,38.490000,200.000000,0.000000,58.787850
207,13.609810,8.504894,2.760843,68.341858,0.926615,223.366067,16.085414,13.610000,8.505000,2.760000,68.340000,0.925000,223.366067,16.085414,1,,59.058280,1.201053,2.046111,1.091667,24.090000,160.000000,0.000000,56.269750
208,24.591115,16.311463,12.989401,98.081527,0.303143,263.325708,2.786995,24.590000,16.310000,12.990000,98.080000,0.305000,263.325708,2.786995,1,,44.693220,1.197789,5.854444,6.011111,23.000000,130.000000,0.000000,47.584900
209,35.441882,8.648587,16.895976,45.574575,0.450347,383.015581,10.962964,35.440000,8.650000,16.895000,45.575000,0.450000,383.015581,10.962964,1,,46.823250,1.198172,5.432778,5.002778,22.070000,250.000000,0.000000,61.722750
210,14.438855,15.632974,10.016992,46.514785,0.577436,471.879692,1.756965,14.440000,15.635000,10.015000,46.515000,0.575000,471.879692,1.756965,1,,49.711980,1.198750,3.901111,3.572222,21.540000,200.000000,0.582866,53.080750
211,33.759470,4.350512,8.982974,61.245477,0.739695,433.333562,1.607815,33.760000,4.350000,8.985000,61.245000,0.740000,433.333562,1.607815,1,,58.594650,1.201297,2.571667,1.152778,22.050000,160.000000,2.466607,78.887350
212,5.480360,13.174169,19.540412,98.450476,1.454391,361.453925,17.029488,5.480000,13.175000,19.540000,98.450000,1.455000,361.453925,17.029488,1,,64.576500,1.201691,1.501667,0.447222,22.380000,80.000000,0.000000,125.914950
213,20.677947,4.174203,18.900724,30.780480,0.346389,74.154617,17.669554,20.680000,4.175000,18.900000,30.780000,0.345000,74.154617,17.669554,1,,41.718120,1.194397,9.411111,9.541667,34.700000,300.000000,0.000000,34.807950
214,22.004831,13.481935,3.668745,54.670239,1.868663,133.606970,19.742992,22.005000,13.480000,3.670000,54.670000,1.870000,133.606970,19.742992,1,,60.404670,1.200990,1.979444,0.888889,27.990000,200.000000,0.000000,154.640200
215,5.705189,13.918733,16.867422,25.616758,1.811142,474.159207,17.003788,5.705000,13.920000,16.865000,25.615000,1.810000,474.159207,17.003788,1,,51.625910,1.199164,3.808889,3.694444,21.500000,300.000000,0.000000,135.936050
216,10.196760,19.879017,16.580182,7.339060,1.268786,55.937685,3.091542,10.195000,19.880000,16.580000,7.340000,1.270000,55.937685,3.091542,0,measure_failed,-200.000000,,,,,,,119.604700
217,25.915867,1.085530,12.434387,37.454802,0.460780,383.893813,4.122504,25.915000,1.085000,12.435000,37.455000,0.460000,383.893813,4.122504,1,,50.418070,1.200371,5.300000,3.397222,22.030000,250.000000,0.000000,41.898450
218,30.285511,15.672879,10.907985,10.726410,0.707543,253.781920,2.143938,30.285000,15.675000,10.910000,10.725000,0.710000,253.781920,2.143938,0,measure_failed,-200.000000,,,,,,,82.364150
219,15.034465,8.229864,8.604776,76.535283,1.019122,321.183329,3.502001,15.035000,8.230000,8.605000,76.535000,1.020000,321.183329,3.502001,1,,61.675680,1.201394,1.826667,0.769444,23.020000,130.000000,0.000000,76.495050
220,4.337353,17.906345,14.366759,81.055191,0.176060,446.748599,13.618696,4.335000,17.905000,14.365000,81.055000,0.175000,446.748599,13.618696,0,measure_failed,-200.000000,,,,,,,24.970000
221,8.311382,3.406310,4.194250,30.329495,1.208813,344.345321,17.734117,8.310000,3.405000,4.195000,30.330000,1.210000,344.345321,17.734117,1,,56.313760,1.200297,3.147778,1.813889,22.300000,300.000000,0.000000,43.051700
222,35.704033,12.760955,17.324864,49.492623,0.296320,282.051165,3.829947,35.705000,12.760000,17.325000,49.495000,0.295000,282.051165,3.829947,1,,42.222770,1.193661,8.421111,8.291667,22.700000,200.000000,0.000000,46.240350
223,10.764622,3.191037,8.087243,24.517512,1.921696,110.831327,11.158149,10.765000,3.190000,8.085000,24.520000,1.920000,110.831327,11.158149,1,,58.511370,1.200540,4.085000,1.494444,29.890000,360.000000,0.000000,88.311600
224,33.321814,4.022028,16.703935,40.165422,1.012377,59.617811,13.042488,33.320000,4.020000,16.705000,40.165000,1.010000,59.617811,13.042488,1,,57.501350,1.200663,2.744444,1.394444,39.530000,250.000000,0.000000,115.195650
225,33.696991,5.626202,2.157013,25.430539,0.272069,285.642591,3.128570,33.695000,5.625000,2.155000,25.430000,0.270000,285.642591,3.128570,1,,37.719420,1.187255,14.998333,15.725000,22.510000,360.000000,0.002840,26.211000
226,7.946709,10.859044,6.492091,95.915790,1.581286,342.775861,6.449356,7.945000,10.860000,6.490000,95.915000,1.580000,342.775861,6.449356,1,,68.874950,1.201806,1.450000,0.213889,22.430000,80.000000,0.000000,94.319450
227,35.949776,2.484859,2.591959,33.233543,0.351153,350.767025,4.435370,35.950000,2.485000,2.590000,33.235000,0.350000,350.767025,4.435370,1,,43.359590,1.196518,8.131667,7.905556,22.150000,300.000000,0.000000,33.702750
228,36.314697,3.577688,3.580347,83.258988,0.840359,384.990081,9.968885,36.315000,3.580000,3.580000,83.260000,0.840000,384.990081,9.968885,1,,65.836280,1.202207,2.035000,0.316667,22.300000,100.000000,0.000000,85.527000
229,25.886499,17.757613,2.338897,94.824124,1.914236,312.651993,1.010486,25.885000,17.760000,2.340000,94.825000,1.915000,312.651993,1.010486,1,,63.512360,1.201658,1.516111,0.575000,22.480000,100.000000,7.899603,190.346300
230,6.675608,4.099225,8.531208,60.687462,0.239316,23.935855,9.803503,6.675000,4.100000,8.530000,60.685000,0.240000,23.935855,9.803503,1,,41.021630,1.193333,9.562222,9.269444,67.370000,160.000000,0.000000,18.369150
231,17.934228,11.220436,9.290283,14.037256,1.277767,216.278609,1.318453,17.935000,11.220000,9.290000,14.035000,1.280000,216.278609,1.318453,1,,36.159280,1.195848,165.854000,226.352778,24.830000,500.000000,4.005426,100.524450
232,9.058492,14.574520,6.508124,96.132995,0.322256,425.055858,2.162289,9.060000,14.575000,6.510000,96.135000,0.320000,425.055858,2.162289,1,,45.270180,1.198371,5.646111,5.613889,21.110000,100.000000,0.000000,33.713050
233,7.495657,3.900392,6.782943,76.911942,0.499181,355.832046,1.507116,7.495000,3.900000,6.785000,76.910000,0.500000,355.832046,1.507116,1,,53.518770,1.201509,3.430000,2.150000,22.100000,130.000000,0.018955,29.716500
234,2.185556,7.955579,11.379580,53.866852,1.978004,296.020623,8.906684,2.185000,7.955000,11.380000,53.865000,1.980000,296.020623,8.906684,1,,64.389860,1.201288,2.083333,0.441667,20.900000,160.000000,0.000000,93.298950
235,1.714481,12.703017,4.565511,80.165258,0.929061,415.974498,8.169029,1.715000,12.705000,4.565000,80.165000,0.930000,415.974498,8.169029,1,,57.962590,1.201157,2.483889,1.283333,20.000000,130.000000,0.000000,47.336850
236,32.360080,16.378293,12.205054,87.499758,0.475609,315.432308,13.464409,32.360000,16.380000,12.205000,87.500000,0.475000,315.432308,13.464409,1,,50.260540,1.200117,3.595556,3.180556,22.770000,130.000000,0.000000,71.022750
237,23.937378,12.371814,18.885972,46.863203,0.197452,127.134181,1.926816,23.935000,12.370000,18.885000,46.865000,0.195000,127.134181,1.926816,0,measure_failed,-200.000000,,,,,,,28.553850
238,1.909477,3.538676,10.973979,35.968965,0.419359,232.978704,12.161587,1.910000,3.540000,10.975000,35.970000,0.420000,232.978704,12.161587,1,,45.165790,1.197378,7.014444,6.097222,23.030000,250.000000,0.000000,19.192500
239,12.634760,1.154830,18.674847,43.610826,0.253035,462.708617,3.580388,12.635000,1.155000,18.675000,43.610000,0.255000,462.708617,3.580388,1,,42.470200,1.195808,9.270556,8.077778,20.570000,200.000000,0.000000,23.098650
240,25.810304,19.344627,14.547865,71.662146,0.791750,124.714384,17.832828,25.810000,19.345000,14.550000,71.660000,0.790000,124.714384,17.832828,1,,55.598180,1.200422,2.281667,1.711111,28.900000,160.000000,0.000000,105.082900
241,19.369770,8.299633,9.156571,57.015279,1.491985,457.214106,0.507483,19.370000,8.300000,9.155000,57.015000,1.490000,457.214106,0.507483,1,,62.736100,1.201283,1.990000,0.633333,21.950000,160.000000,24.644860,118.290750
242,31.639300,7.529851,7.916368,36.111664,1.652648,396.494319,6.384170,31.640000,7.530000,7.915000,36.110000,1.655000,396.494319,6.384170,1,,57.796200,1.200571,2.748889,1.369444,22.410000,250.000000,0.000000,161.267850
243,29.143896,13.662607,13.944810,75.238312,0.955583,35.476970,3.936903,29.145000,13.665000,13.945000,75.240000,0.955000,35.476970,3.936903,1,,58.245340,1.200929,1.946667,1.230556,53.210000,160.000000,0.000000,119.688050
244,22.028488,7.019592,5.211702,27.225172,1.330879,454.887722,8.997203,22.030000,7.020000,5.210000,27.225000,1.330000,454.887722,8.997203,1,,52.711350,1.199546,3.696111,3.130556,21.900000,300.000000,0.000000,95.215350
245,19.341391,9.190945,1.365339,68.046449,0.216405,280.636757,6.121743,19.340000,9.190000,1.365000,68.045000,0.215000,280.636757,6.121743,1,,38.930840,1.188880,11.986667,11.700000,21.890000,200.000000,0.000000,23.061600
246,28.409314,3.170253,10.101000,65.187818,1.025682,255.302386,12.620092,28.410000,3.170000,10.100000,65.190000,1.025000,255.302386,12.620092,1,,68.079540,1.202007,2.043889,0.108333,24.080000,130.000000,0.000000,95.222500
247,26.204899,11.756204,15.921051,42.035218,0.515869,405.323946,15.709857,26.205000,11.755000,15.920000,42.035000,0.515000,405.323946,15.709857,1,,47.629930,1.198131,4.853333,4.602778,21.950000,250.000000,0.000000,61.801650
248,27.290813,7.184144,4.821724,75.857834,1.075265,148.943821,15.277236,27.290000,7.185000,4.820000,75.860000,1.075000,148.943821,15.277236,1,,62.606840,1.201581,1.849444,0.625000,27.360000,130.000000,0.000000,95.863250
249,11.657896,16.429701,12.410915,10.088683,0.374010,168.109531,19.866455,11.660000,16.430000,12.410000,10.090000,0.375000,168.109531,19.866455,0,measure_failed,-200.000000,,,,,,,31.888500
250,17.782222,13.857382,5.166658,63.365801,0.657277,461.579898,16.427060,17.780000,13.855000,5.165000,63.365000,0.655000,461.579898,16.427060,1,,53.647010,1.200167,2.816111,2.180556,21.780000,160.000000,0.000000,57.712750
251,4.551308,2.642041,16.923675,67.081896,0.521251,443.944276,13.698653,4.550000,2.640000,16.925000,67.080000,0.520000,443.944276,13.698653,1,,55.461910,1.201430,3.087778,1.700000,21.350000,130.000000,0.000000,35.141600
252,18.685235,9.761242,12.267298,32.404077,0.853939,478.110641,0.666585,18.685000,9.760000,12.265000,32.405000,0.855000,478.110641,0.666585,1,,51.503890,1.199096,3.559444,3.180556,21.780000,300.000000,9.961778,74.474850
253,28.667975,2.237677,10.319896,66.249591,1.120657,30.578215,3.367020,28.670000,2.240000,10.320000,66.250000,1.120000,30.578215,3.367020,1,,73.102210,1.202500,1.917222,0.869444,58.710000,130.000000,0.000000,102.292700
254,27.228302,18.940516,10.373181,84.189747,1.439806,420.786373,14.157439,27.230000,18.940000,10.375000,84.190000,1.440000,420.786373,14.157439,1,,60.994670,1.201279,1.686111,0.838889,22.240000,130.000000,0.000000,175.478100
255,6.390166,16.470750,15.961472,79.834979,0.912096,346.350302,2.081171,6.390000,16.470000,15.960000,79.835000,0.910000,346.350302,2.081171,1,,58.332080,1.200845,1.907222,1.227778,22.570000,130.000000,0.000000,82.627650
256,1.943050,19.945796,2.841304,73.400809,0.432028,371.963087,9.611761,1.945000,19.945000,2.840000,73.400000,0.430000,371.963087,9.611761,1,,46.918700,1.198382,4.969444,4.683333,20.720000,130.000000,0.000000,32.277800
257,37.860046,13.420158,11.048054,41.323601,1.550971,86.468359,19.355997,37.860000,13.420000,11.050000,41.325000,1.550000,86.468359,19.355997,1,,56.409940,1.200284,2.545556,1.633333,33.300000,250.000000,0.000000,199.421750
258,35.588147,6.395203,10.411363,92.853915,1.175883,302.262516,17.535831,35.590000,6.395000,10.410000,92.855000,1.175000,302.262516,17.535831,1,,67.026390,1.202141,1.684444,0.222222,23.390000,80.000000,0.000000,137.056500
259,4.615382,2.796168,13.072511,18.137258,1.074013,130.477734,16.019998,4.615000,2.795000,13.075000,18.135000,1.075000,130.477734,16.019998,1,,44.840260,1.198260,32.731111,17.477778,28.130000,420.000000,0.000000,46.763000
260,22.921411,17.815874,6.029813,38.426261,1.293849,329.169425,16.208967,22.920000,17.815000,6.030000,38.425000,1.295000,329.169425,16.208967,1,,54.611160,1.199703,2.682222,2.102778,22.950000,250.000000,0.000000,126.885100
261,12.956750,5.912215,17.226332,14.398886,1.627131,139.371645,18.266454,12.955000,5.910000,17.225000,14.400000,1.625000,139.371645,18.266454,1,,38.086690,1.197047,143.012944,181.058333,27.870000,500.000000,0.000000,119.452500
262,12.369049,17.438749,14.090761,62.282136,0.174487,110.130021,3.699628,12.370000,17.440000,14.090000,62.280000,0.175000,110.130021,3.699628,0,measure_failed,-200.000000,,,,,,,24.707000
263,11.009827,13.091734,5.718003,21.922073,1.674068,184.403173,10.753140,11.010000,13.090000,5.720000,21.920000,1.675000,184.403173,10.753140,1,,49.101930,1.198597,7.111667,6.372222,25.490000,360.000000,0.000000,103.185000
264,19.216462,19.508125,19.192200,83.389515,1.945996,165.604456,16.833587,19.215000,19.510000,19.190000,83.390000,1.945000,165.604456,16.833587,1,,62.908220,1.201429,1.548333,0.613889,26.620000,100.000000,0.000000,237.797850
265,25.251142,10.156644,13.759891,44.887435,1.505667,337.193701,10.690117,25.250000,10.155000,13.760000,44.885000,1.505000,337.193701,10.690117,1,,58.564390,1.200673,2.348333,1.208333,22.940000,200.000000,0.000000,154.719400
266,32.680565,13.146106,10.718872,52.722852,0.618986,113.914432,7.482664,32.680000,13.145000,10.720000,52.725000,0.620000,113.914432,7.482664,1,,51.596510,1.199560,3.350000,2.844444,29.700000,200.000000,0.000000,78.024550
267,26.839823,19.737243,3.920319,54.127598,1.767482,135.827749,13.582631,26.840000,19.735000,3.920000,54.130000,1.765000,135.827749,13.582631,1,,58.579940,1.200655,2.050556,1.191667,27.990000,200.000000,0.000000,186.366850
268,1.232337,1.959140,7.076408,99.177015,1.772411,103.444526,11.004373,1.230000,1.960000,7.075000,99.175000,1.770000,103.444526,11.004373,1,,56.630030,1.203602,1.768333,2.213889,26.700000,80.000000,0.000000,51.214350
269,29.045627,3.259955,18.481969,10.893968,1.647690,138.313650,1.115496,29.045000,3.260000,18.480000,10.895000,1.650000,138.313650,1.115496,0,measure_failed,-200.000000,,,,,,,169.224750
270,10.573429,13.468038,17.122083,17.987481,1.202262,445.784931,13.971066,10.575000,13.470000,17.120000,17.985000,1.200000,445.784931,13.971066,1,,44.362700,1.197305,42.863889,23.905556,21.940000,420.000000,0.000000,101.493750
271,5.180758,10.171946,5.034606,38.602153,1.258385,464.113510,3.304046,5.180000,10.170000,5.035000,38.600000,1.260000,464.113510,3.304046,1,,55.589440,1.200044,2.677222,1.858333,21.150000,250.000000,0.000000,57.160200
272,27.550777,11.079215,1.887144,33.858187,1.288733,362.447100,19.127453,27.550000,11.080000,1.885000,33.860000,1.290000,362.447100,19.127453,1,,53.900970,1.199676,3.018333,2.369444,21.990000,300.000000,0.000000,109.607700
273,8.060691,6.207735,11.550712,51.860189,0.459300,194.345732,12.498149,8.060000,6.210000,11.550000,51.860000,0.460000,194.345732,12.498149,1,,48.593520,1.199291,4.771667,3.975000,24.860000,200.000000,0.000000,31.533400
274,27.770341,11.564421,13.057028,69.792560,0.301662,144.239202,5.758009,27.770000,11.565000,13.055000,69.795000,0.300000,144.239202,5.758009,1,,43.875430,1.196474,6.811667,6.700000,26.740000,160.000000,0.000000,41.903250
275,27.410685,9.647424,2.994971,28.433343,0.888236,96.378407,14.864379,27.410000,9.645000,2.995000,28.435000,0.890000,96.378407,14.864379,1,,49.963700,1.198659,4.073333,4.116667,31.410000,300.000000,0.000000,75.554250
276,3.497563,18.261617,17.945275,59.829631,1.433752,237.594526,19.503890,3.500000,18.260000,17.945000,59.830000,1.435000,237.594526,19.503890,1,,58.901250,1.200688,2.041667,1.122222,23.760000,160.000000,0.000000,122.927850
277,23.745901,2.319757,12.040029,25.964734,1.547232,25.439237,9.051437,23.745000,2.320000,12.040000,25.965000,1.545000,25.439237,9.051437,1,,59.497190,1.200738,3.969444,0.919444,66.570000,360.000000,0.000000,121.639200
278,9.578430,17.714681,11.797158,9.899578,1.050772,306.585656,19.808888,9.580000,17.715000,11.795000,9.900000,1.050000,306.585656,19.808888,0,measure_failed,-200.000000,,,,,,,83.574000
279,4.667766,11.185804,9.063511,42.969059,0.339851,120.570833,5.786633,4.670000,11.185000,9.065000,42.970000,0.340000,120.570833,5.786633,1,,43.100740,1.194497,8.157778,7.513889,28.090000,200.000000,0.000000,23.391100
280,17.240148,11.351172,2.035914,89.187170,0.800909,240.790125,6.731057,17.240000,11.350000,2.035000,89.185000,0.800000,240.790125,6.731057,1,,58.473350,1.201223,1.993333,1.183333,23.700000,130.000000,0.000000,62.377750
281,32.510979,8.617328,5.244869,39.846983,1.230297,304.387683,0.961630,32.510000,8.615000,5.245000,39.845000,1.230000,304.387683,0.961630,1,,56.358870,1.200309,2.688333,1.666667,23.290000,250.000000,8.533197,120.046950
282,7.571329,16.233171,17.833521,17.218595,1.715299,335.637690,12.826650,7.570000,16.235000,17.835000,17.220000,1.715000,335.637690,12.826650,1,,43.709630,1.197450,53.101111,34.805556,22.710000,420.000000,0.000000,145.408200
283,10.227359,18.429730,18.236018,25.386641,0.362122,339.033155,1.878208,10.225000,18.430000,18.235000,25.385000,0.360000,339.033155,1.878208,1,,39.559880,1.189958,11.677222,12.652778,22.010000,360.000000,0.589854,37.568550
284,39.169153,10.882546,13.650552,28.203650,1.238730,159.695948,15.247065,39.170000,10.885000,13.650000,28.205000,1.240000,159.695948,15.247065,1,,51.543330,1.199144,3.751667,3.538889,26.930000,300.000000,0.000000,162.219150
285,3.034492,14.215318,1.923418,61.937396,1.637170,231.109780,12.707544,3.035000,14.215000,1.925000,61.935000,1.635000,231.109780,12.707544,1,,59.782410,1.200740,1.874444,1.000000,21.230000,160.000000,0.000000,71.992500
286,16.466264,15.310744,18.811977,98.242016,1.706495,51.042260,0.325623,16.465000,15.310000,18.810000,98.240000,1.705000,51.042260,0.325623,1,,65.211140,1.201692,1.428889,0.447222,42.880000,80.000000,10.380560,187.230850
287,2.534228,16.802599,11.271501,67.322633,1.974297,334.050377,1.451539,2.535000,16.805000,11.270000,67.325000,1.975000,334.050377,1.451539,1,,62.331360,1.201086,1.794444,0.727778,20.840000,130.000000,0.000000,131.008250
288,36.054856,17.659321,10.619016,95.649308,1.537860,155.692385,1.230353,36.055000,17.660000,10.620000,95.650000,1.540000,155.692385,1.230353,1,,62.473040,1.201605,1.597778,0.677778,27.140000,100.000000,3.713385,212.499300
289,30.099969,6.470246,19.313393,84.807671,0.326491,111.642537,10.510586,30.100000,6.470000,19.315000,84.810000,0.325000,111.642537,10.510586,1,,46.231180,1.199627,5.523889,5.055556,29.340000,130.000000,0.000000,49.046750
290,36.783434,5.738081,2.531695,66.120696,1.156174,444.597168,9.757747,36.785000,5.740000,2.530000,66.120000,1.155000,444.597168,9.757747,1,,63.307030,1.201605,2.008333,0.538889,21.720000,130.000000,0.000000,113.995050
291,12.712249,5.367096,11.197616,8.979632,0.601849,485.643336,5.570479,12.710000,5.365000,11.200000,8.980000,0.600000,485.643336,5.570479,0,measure_failed,-200.000000,,,,,,,36.477000
292,32.838300,15.177981,6.944116,75.115375,1.644385,67.309397,16.727094,32.840000,15.180000,6.945000,75.115000,1.645000,67.309397,16.727094,1,,61.632490,1.201379,1.743333,0.738889,37.220000,130.000000,0.000000,192.102100
293,28.925102,2.608567,8.256270,26.881389,1.283794,458.928791,10.117326,28.925000,2.610000,8.255000,26.880000,1.285000,458.928791,10.117326,1,,56.379410,1.200466,3.881111,1.886111,21.990000,300.000000,0.000000,106.292300
294,6.218449,2.149309,7.209200,58.023396,1.413520,259.532614,1.082708,6.220000,2.150000,7.210000,58.025000,1.415000,259.532614,1.082708,1,,62.038730,1.202544,1.938333,1.763889,23.500000,130.000000,0.814797,52.795150
295,22.513859,18.215675,18.277200,53.639952,1.986633,310.367904,6.651758,22.515000,18.215000,18.275000,53.640000,1.985000,310.367904,6.651758,1,,59.844960,1.200812,1.980000,1.008333,23.250000,200.000000,0.000000,242.295850
296,25.554785,1.408090,15.443666,9.504359,0.780070,402.149890,13.430346,25.555000,1.410000,15.445000,9.505000,0.780000,402.149890,13.430346,0,measure_failed,-200.000000,,,,,,,67.585350
297,21.788011,11.413104,14.652224,51.388557,0.505977,371.724163,9.477317,21.790000,11.415000,14.650000,51.390000,0.505000,371.724163,9.477317,1,,48.877560,1.198901,4.341667,3.869444,22.170000,200.000000,0.000000,56.042050
298,11.797131,11.149681,6.058645,91.212513,1.846204,163.037917,4.271860,11.795000,11.150000,6.060000,91.215000,1.845000,163.037917,4.271860,1,,69.302850,1.201863,1.451667,0.175000,26.380000,80.000000,0.000000,120.710700
299,18.158751,4.707292,7.600704,35.092209,0.710148,153.610298,16.187817,18.160000,4.705000,7.600000,35.090000,0.710000,153.610298,16.187817,1,,51.779310,1.199558,3.728889,2.988889,26.970000,250.000000,0.000000,48.523800
300,28.019614,13.290718,4.540126,32.221357,1.607834,314.364900,1.642482,28.020000,13.290000,4.540000,32.220000,1.610000,314.364900,1.642482,1,,54.230680,1.199718,3.025000,2.344444,23.070000,300.000000,4.484487,152.470000
301,17.388793,14.828623,2.133849,10.315363,0.936171,438.465902,2.752540,17.390000,14.830000,2.135000,10.315000,0.935000,438.465902,2.752540,0,measure_failed,-200.000000,,,,,,,65.791100
302,37.358872,19.521831,11.085096,20.861953,1.568715,191.291605,18.176240,37.360000,19.520000,11.085000,20.860000,1.570000,191.291605,18.176240,1,,47.235220,1.197907,18.337222,10.986111,25.680000,420.000000,0.000000,216.539100
303,5.354963,1.737239,2.439935,82.860108,0.944322,39.212901,15.167444,5.355000,1.735000,2.440000,82.860000,0.945000,39.212901,15.167444,1,,72.820390,1.202699,1.814444,0.386111,48.630000,100.000000,0.000000,30.440700
304,9.491183,18.704394,5.973535,22.213146,1.668251,37.578988,6.821899,9.490000,18.705000,5.975000,22.215000,1.670000,37.578988,6.821899,1,,48.421360,1.198283,6.836667,6.902778,50.820000,360.000000,0.000000,117.460050
305,14.496687,8.780400,17.162570,44.534011,0.651975,429.514850,12.957491,14.495000,8.780000,17.165000,44.535000,0.650000,429.514850,12.957491,1,,51.904370,1.199578,3.453333,2.786111,21.890000,200.000000,0.000000,59.252250
306,26.292343,8.983295,13.814195,96.054455,1.392727,197.084209,0.353896,26.290000,8.985000,13.815000,96.055000,1.395000,197.084209,0.353896,1,,67.059770,1.202021,1.576111,0.286111,25.490000,80.000000,26.331980,151.369350
307,14.083742,6.633697,1.747268,37.024165,1.533477,257.371539,0.123202,14.085000,6.635000,1.745000,37.025000,1.535000,257.371539,0.123202,1,,57.711080,1.200461,2.603333,1.413889,22.680000,250.000000,12.450420,74.521300
308,8.329713,6.424434,16.807083,37.961702,1.616764,452.395507,8.396380,8.330000,6.425000,16.805000,37.960000,1.615000,452.395507,8.396380,1,,60.226190,1.200738,2.481667,0.977778,21.840000,250.000000,0.000000,107.632800
309,24.718012,10.591528,18.526379,77.127103,0.601108,489.823719,18.691346,24.720000,10.590000,18.525000,77.125000,0.600000,489.823719,18.691346,1,,54.229510,1.200782,2.797222,1.994444,21.570000,130.000000,0.000000,76.170750
310,28.872554,16.741841,11.438281,13.837959,0.736048,464.866858,5.339790,28.875000,16.740000,11.440000,13.840000,0.735000,464.866858,5.339790,1,,32.895730,1.192994,180.895833,270.963889,21.810000,500.000000,0.000000,85.946850
311,9.315817,16.694295,9.462664,41.125060,0.589188,87.596357,8.279418,9.315000,16.695000,9.465000,41.125000,0.590000,87.596357,8.279418,1,,49.028640,1.198302,4.052222,3.933333,32.610000,250.000000,0.000000,48.029250
312,36.818801,12.966529,15.155431,53.142319,0.625147,374.512038,18.640873,36.820000,12.965000,15.155000,53.140000,0.625000,374.512038,18.640873,1,,51.785510,1.199641,3.335556,2.772222,22.400000,200.000000,0.000000,89.146000
313,1.043912,9.143949,1.731934,70.084592,1.820980,101.718875,11.708221,1.045000,9.145000,1.730000,70.085000,1.820000,101.718875,11.708221,1,,58.401450,1.201149,2.097778,1.008333,25.380000,130.000000,0.000000,53.901550
314,36.411422,1.461541,4.349230,46.972758,0.269115,272.617710,17.624800,36.410000,1.460000,4.350000,46.975000,0.270000,272.617710,17.624800,1,,43.522980,1.197083,8.115556,7.188889,22.620000,200.000000,0.000000,29.845050
315,27.861393,10.467956,19.614967,14.982078,0.775866,331.522398,11.071988,27.860000,10.470000,19.615000,14.980000,0.775000,331.522398,11.071988,1,,36.665150,1.194645,133.759167,178.300000,22.870000,500.000000,0.000000,92.061750
316,32.939614,2.540327,12.907732,20.752191,1.512901,498.316707,7.912800,32.940000,2.540000,12.910000,20.750000,1.515000,498.316707,7.912800,1,,51.777970,1.199907,18.251667,7.833333,21.820000,420.000000,0.000000,149.734200
317,2.050057,8.853960,14.528746,31.186840,1.386737,299.396555,19.727161,2.050000,8.855000,14.530000,31.185000,1.385000,299.396555,19.727161,1,,51.339830,1.199545,3.813889,3.319444,21.710000,250.000000,0.000000,75.132700
318,13.470072,19.433324,19.765458,61.453606,0.400883,85.037929,12.882178,13.470000,19.435000,19.765000,61.455000,0.400000,85.037929,12.882178,1,,46.006810,1.197455,5.442778,5.291667,32.770000,160.000000,0.000000,51.354250
319,15.917814,10.048050,3.889302,13.506862,0.534856,245.345316,6.531601,15.920000,10.050000,3.890000,13.505000,0.535000,245.345316,6.531601,1,,30.906090,1.189929,192.776611,256.677778,23.860000,500.000000,0.000000,33.975950
320,7.692852,17.570134,2.640452,52.357241,0.898999,197.594723,10.002477,7.695000,17.570000,2.640000,52.355000,0.900000,197.594723,10.002477,1,,55.101190,1.199904,2.392222,1.883333,24.470000,200.000000,0.000000,58.082250
321,9.625948,12.072527,18.005986,30.420300,0.883742,24.698257,12.350719,9.625000,12.075000,18.005000,30.420000,0.885000,24.698257,12.350719,1,,50.451680,1.198664,3.545556,3.727778,67.720000,300.000000,0.000000,74.840850
322,37.501932,8.117026,7.342389,15.407064,0.179257,269.853476,19.477967,37.500000,8.115000,7.340000,15.405000,0.180000,269.853476,19.477967,0,measure_failed,-200.000000,,,,,,,21.374550
323,19.157178,19.199143,18.093172,92.275030,0.249300,436.742557,13.533505,19.155000,19.200000,18.095000,92.275000,0.250000,436.742557,13.533505,1,,41.552480,1.192962,8.212778,8.605556,20.780000,130.000000,0.000000,42.066250
324,30.916257,12.210911,1.134208,67.382685,0.629131,437.485181,19.034638,30.915000,12.210000,1.135000,67.385000,0.630000,437.485181,19.034638,1,,53.502250,1.200322,2.882778,2.205556,21.410000,160.000000,0.000000,65.875350
325,17.218094,15.818998,9.971142,64.193314,1.423974,132.514763,3.781711,17.220000,15.820000,9.970000,64.195000,1.425000,132.514763,3.781711,1,,60.081550,1.200912,1.861111,0.980556,28.370000,160.000000,0.000000,132.207750
326,22.311403,7.077733,11.425375,87.756716,0.723083,240.552518,6.489894,22.310000,7.080000,11.425000,87.755000,0.725000,240.552518,6.489894,1,,59.314150,1.201625,2.163889,1.041667,24.220000,130.000000,0.000000,72.345000
327,21.476551,4.074762,13.207821,70.180302,0.208808,370.244697,12.439761,21.475000,4.075000,13.210000,70.180000,0.210000,370.244697,12.439761,1,,37.969670,1.189385,13.725000,13.019444,20.310000,200.000000,0.000000,26.806200
328,16.070349,5.244982,16.029490,50.518537,1.458588,221.156199,17.507817,16.070000,5.245000,16.030000,50.520000,1.460000,221.156199,17.507817,1,,64.290440,1.201436,2.156667,0.394444,24.760000,160.000000,0.000000,116.625400
329,16.405677,15.247411,4.280828,79.160549,1.521251,245.575226,11.669508,16.405000,15.245000,4.280000,79.160000,1.520000,245.575226,11.669508,1,,62.203910,1.201312,1.651667,0.708333,23.970000,130.000000,0.000000,121.101200
330,17.035161,11.383502,15.556489,15.166588,0.492265,72.641292,16.750762,17.035000,11.385000,15.555000,15.165000,0.490000,72.641292,16.750762,1,,33.727130,1.190010,121.998111,144.136111,35.250000,500.000000,0.000000,45.370250
331,33.871669,2.565103,11.120641,47.513217,1.102927,243.231515,7.773900,33.870000,2.565000,11.120000,47.515000,1.105000,243.231515,7.773900,1,,68.481100,1.201742,2.423889,0.033333,24.340000,160.000000,0.000000,112.223800
332,39.565165,5.462757,19.706272,23.587699,1.691682,162.151354,10.424287,39.565000,5.465000,19.705000,23.590000,1.690000,162.151354,10.424287,1,,51.759270,1.199631,5.846667,4.600000,26.830000,360.000000,0.000000,222.342800
333,29.283814,2.694836,8.327555,60.253230,1.727569,218.186931,10.317765,29.285000,2.695000,8.330000,60.255000,1.730000,218.186931,10.317765,1,,61.238020,1.202864,1.945000,2.733333,24.880000,130.000000,0.000000,148.510850
334,30.409558,11.949998,7.662809,70.498523,1.148501,112.989004,11.588860,30.410000,11.950000,7.665000,70.500000,1.150000,112.989004,11.588860,1,,60.004360,1.201120,1.908333,0.966667,30.010000,160.000000,0.000000,125.632500
335,9.900446,3.612244,11.157214,12.916297,0.969573,295.143289,12.077440,9.900000,3.610000,11.155000,12.915000,0.970000,295.143289,12.077440,1,,32.286220,1.195361,226.626333,285.866667,23.240000,500.000000,0.000000,49.787350
336,12.992968,18.113900,11.816283,83.018319,1.676127,456.712128,6.904364,12.995000,18.115000,11.815000,83.020000,1.675000,456.712128,6.904364,1,,63.014180,1.201332,1.564444,0.638889,21.890000,130.000000,0.000000,156.251750
337,18.373032,7.753319,2.242982,68.772723,1.822960,52.192509,5.395013,18.375000,7.755000,2.245000,68.775000,1.825000,52.192509,5.395013,1,,67.040970,1.201730,1.706667,0.241667,41.430000,130.000000,0.000000,113.885000
338,21.871805,13.559319,10.237905,85.379210,1.544346,158.499620,8.110930,21.870000,13.560000,10.240000,85.380000,1.545000,158.499620,8.110930,1,,63.540470,1.201571,1.612222,0.569444,26.930000,100.000000,0.000000,153.927300
339,18.820646,3.510873,3.706596,80.458619,0.404229,324.963038,2.854521,18.820000,3.510000,3.705000,80.460000,0.405000,324.963038,2.854521,1,,50.643180,1.201453,4.225556,3.008333,22.490000,130.000000,0.000000,33.157350
340,5.940192,17.352406,4.302982,19.189202,0.528282,283.834597,8.214005,5.940000,17.350000,4.305000,19.190000,0.530000,283.834597,8.214005,1,,40.207180,1.193615,21.395000,16.180556,22.960000,420.000000,0.000000,32.129200
341,15.232153,19.801292,8.101638,9.268664,0.327525,469.714020,6.217432,15.230000,19.800000,8.100000,9.270000,0.330000,469.714020,6.217432,0,measure_failed,-200.000000,,,,,,,29.856300
342,24.678239,10.743681,8.817864,90.857187,0.920684,64.394207,16.231820,24.680000,10.745000,8.820000,90.855000,0.920000,64.394207,16.231820,1,,60.086670,1.201434,1.815556,0.936111,37.980000,130.000000,0.000000,95.039050
343,14.275908,18.509898,5.924619,16.759617,1.912356,238.926801,5.983914,14.275000,18.510000,5.925000,16.760000,1.910000,238.926801,5.983914,1,,43.409020,1.197319,72.566111,58.125000,24.060000,420.000000,0.000000,150.386200
344,19.030505,16.895746,12.774607,77.318285,1.299711,84.596095,12.027655,19.030000,16.895000,12.775000,77.320000,1.300000,84.596095,12.027655,1,,60.460730,1.201088,1.723333,0.916667,33.540000,130.000000,0.000000,138.218000
345,37.912738,12.132295,19.823595,55.276041,0.813783,45.884594,7.083012,37.915000,12.130000,19.825000,55.275000,0.815000,45.884594,7.083012,1,,54.970150,1.200237,2.576111,1.897222,45.490000,200.000000,0.000000,122.179350
346,3.637562,12.572404,15.996698,44.197743,1.574954,104.090561,6.152434,3.640000,12.570000,15.995000,44.200000,1.575000,104.090561,6.152434,1,,57.895720,1.200424,2.353333,1.375000,30.150000,200.000000,0.000000,108.075750
347,38.789627,18.755624,9.256342,86.961046,1.407966,450.187872,3.040025,38.790000,18.755000,9.255000,86.960000,1.410000,450.187872,3.040025,1,,60.989830,1.201359,1.714444,0.841667,22.090000,130.000000,0.976566,201.420000
348,27.083063,9.262022,4.110353,64.430822,0.151166,398.515109,5.698851,27.085000,9.260000,4.110000,64.430000,0.150000,398.515109,5.698851,0,measure_failed,-200.000000,,,,,,,21.801000
349,19.851861,2.474221,7.016741,22.293337,0.637282,324.601625,17.230805,19.850000,2.475000,7.015000,22.295000,0.635000,324.601625,17.230805,1,,45.408620,1.197953,8.803889,8.583333,22.790000,360.000000,0.000000,40.606050
350,21.066101,11.653446,6.187185,68.957138,1.068825,391.718560,16.310620,21.065000,11.655000,6.185000,68.955000,1.070000,391.718560,16.310620,1,,59.544620,1.201008,1.927222,1.027778,22.370000,160.000000,0.000000,93.599950
351,4.937728,10.419185,5.937003,72.073559,0.387187,28.614606,10.598150,4.940000,10.420000,5.935000,72.075000,0.385000,28.614606,10.598150,1,,46.738740,1.198832,5.111111,4.788889,60.270000,130.000000,0.000000,27.208400
352,27.468718,15.948631,13.508513,32.618245,0.318412,154.799368,2.288965,27.470000,15.950000,13.510000,32.620000,0.320000,154.799368,2.288965,1,,40.426000,1.190825,10.363889,10.783333,26.220000,300.000000,0.113792,41.328200
353,20.196443,13.026703,6.442592,5.234201,1.129583,374.960327,13.647794,20.195000,13.025000,6.445000,5.235000,1.130000,374.960327,13.647794,0,measure_failed,-200.000000,,,,,,,90.428150
354,39.430799,15.115794,11.837283,6.786963,0.883089,357.199372,5.175393,39.430000,15.115000,11.835000,6.785000,0.885000,357.199372,5.175393,0,measure_failed,-200.000000,,,,,,,118.510350
355,39.765241,17.145740,14.872200,99.919335,1.861385,400.274563,15.758304,39.765000,17.145000,14.870000,99.920000,1.860000,400.274563,15.758304,1,,63.879710,1.201864,1.536667,0.505556,22.450000,80.000000,0.000000,282.009600
356,37.664963,14.911480,15.036767,43.986825,0.798406,19.167710,3.992111,37.665000,14.910000,15.035000,43.985000,0.800000,19.167710,3.992111,1,,52.257270,1.199334,2.963333,2.738889,81.890000,250.000000,0.000000,114.773750
357,18.671516,12.505236,1.784770,41.706626,1.192510,490.675784,12.503684,18.670000,12.505000,1.785000,41.705000,1.195000,490.675784,12.503684,1,,55.585590,1.199994,2.546667,1.830556,20.900000,250.000000,0.000000,85.030150
358,20.950634,7.259386,7.370385,31.459836,1.249828,297.903957,12.036009,20.950000,7.260000,7.370000,31.460000,1.250000,297.903957,12.036009,1,,54.349780,1.199859,3.145556,2.325000,23.340000,300.000000,0.000000,93.669000
359,30.085404,13.249687,6.400288,81.676931,1.361487,118.625389,0.718233,30.085000,13.250000,6.400000,81.675000,1.360000,118.625389,0.718233,1,,61.991020,1.201448,1.726667,0.725000,29.490000,130.000000,6.316884,147.530450
360,20.142874,13.694979,16.606728,36.540555,0.537689,343.864898,16.146221,20.145000,13.695000,16.605000,36.540000,0.540000,343.864898,16.146221,1,,47.066910,1.197604,5.038333,5.041667,22.480000,250.000000,0.000000,59.961600
361,27.007762,9.276884,7.549855,38.872472,0.963714,376.513865,19.314838,27.010000,9.275000,7.550000,38.870000,0.965000,376.513865,19.314838,1,,54.262290,1.199862,2.928333,2.166667,22.530000,250.000000,0.000000,90.432050
362,29.597186,6.283490,9.226974,50.683651,1.443302,413.098622,14.620941,29.595000,6.285000,9.225000,50.685000,1.445000,413.098622,14.620941,1,,62.330630,1.201328,2.227778,0.611111,22.290000,200.000000,0.000000,137.956200
363,16.804675,5.776173,3.423523,12.492015,0.945513,272.163974,12.393613,16.805000,5.775000,3.425000,12.490000,0.945000,272.163974,12.393613,0,measure_failed,-200.000000,,,,,,,51.022950
364,25.342018,15.619543,8.151646,60.037014,1.900540,418.685088,15.961803,25.340000,15.620000,8.150000,60.035000,1.900000,418.685088,15.961803,1,,60.915000,1.201103,1.896667,0.833333,22.210000,160.000000,0.000000,195.623250
365,16.224215,5.586154,7.162701,8.731577,1.604186,381.928960,2.381630,16.225000,5.585000,7.165000,8.730000,1.605000,381.928960,2.381630,0,measure_failed,-200.000000,,,,,,,94.319250
366,16.121684,1.822252,8.483150,64.662911,1.731320,19.678984,13.784344,16.120000,1.820000,8.485000,64.665000,1.730000,19.678984,13.784344,1,,52.859500,1.203406,1.711667,8.386111,80.410000,100.000000,0.000000,101.130250
367,16.879386,12.863714,16.415139,11.331453,0.310739,89.588364,14.472082,16.880000,12.865000,16.415000,11.330000,0.310000,89.588364,14.472082,0,measure_failed,-200.000000,,,,,,,30.318700
368,37.787585,16.329035,6.798115,29.078433,0.819928,78.897134,16.383106,37.790000,16.330000,6.800000,29.080000,0.820000,78.897134,16.383106,1,,48.769300,1.198098,4.273889,4.666667,34.510000,300.000000,0.000000,104.270800
369,25.648296,4.585096,7.279872,39.059274,1.247638,422.904205,17.907886,25.650000,4.585000,7.280000,39.060000,1.250000,422.904205,17.907886,1,,58.945320,1.200814,2.677222,1.113889,22.190000,250.000000,0.000000,99.646500
370,34.090491,16.861852,11.228545,49.954245,0.878631,482.494776,14.244043,34.090000,16.860000,11.230000,49.955000,0.880000,482.494776,14.244043,1,,54.370620,1.199885,2.658889,2.061111,21.840000,200.000000,0.000000,116.930050
371,3.945152,12.675659,17.496257,85.802238,0.280559,106.786894,19.537469,3.945000,12.675000,17.495000,85.800000,0.280000,106.786894,19.537469,1,,43.380340,1.196185,6.982778,6.966667,29.030000,100.000000,0.000000,31.974400
372,12.008798,15.557531,4.925072,85.018682,1.933742,474.561717,2.008555,12.010000,15.560000,4.925000,85.020000,1.935000,474.561717,2.008555,1,,65.215140,1.201543,1.500556,0.447222,21.390000,100.000000,0.420187,138.508650
373,10.929139,1.003898,17.384148,92.191401,0.162143,353.704481,0.532675,10.930000,1.005000,17.385000,92.190000,0.160000,353.704481,0.532675,0,measure_failed,-200.000000,,,,,,,23.210900
374,29.953481,8.552583,14.233452,16.000132,1.226099,62.171061,5.102208,29.955000,8.555000,14.235000,16.000000,1.225000,62.171061,5.102208,1,,40.421210,1.196777,106.701111,132.988889,38.640000,500.000000,0.000000,131.625250
375,12.195499,8.378007,19.344265,97.700257,1.883571,172.250887,12.575906,12.195000,8.380000,19.345000,97.700000,1.885000,172.250887,12.575906,1,,75.733180,1.202241,1.397778,0.208333,26.260000,80.000000,0.000000,165.153400
376,3.704508,10.324530,3.007462,46.370154,1.572991,51.328512,8.253761,3.705000,10.325000,3.005000,46.370000,1.575000,51.328512,8.253761,1,,58.282600,1.200487,2.215556,1.288889,40.530000,200.000000,0.000000,60.615750
377,32.051623,15.378116,18.998573,43.424271,1.395407,398.896863,18.820558,32.050000,15.380000,19.000000,43.425000,1.395000,398.896863,18.820558,1,,56.211650,1.200193,2.489444,1.669444,22.420000,250.000000,0.000000,191.853450
378,33.066341,4.871713,13.766262,65.071098,0.390643,368.138288,7.219852,33.065000,4.870000,13.765000,65.070000,0.390000,368.138288,7.219852,1,,47.943050,1.199980,5.171111,4.205556,22.060000,160.000000,0.000000,50.086500
379,13.930608,17.446440,12.284365,78.974319,0.442656,11.198771,7.358112,13.930000,17.445000,12.285000,78.975000,0.445000,11.198771,7.358112,1,,48.294240,1.199040,3.827222,4.002778,125.850000,160.000000,0.000000,50.703650
380,1.437182,17.544946,2.599718,73.565555,1.909176,326.752630,4.694633,1.435000,17.545000,2.600000,73.565000,1.910000,326.752630,4.694633,1,,59.410460,1.200924,1.905000,1.058333,18.210000,130.000000,0.000000,93.470350
381,18.346087,14.276183,7.611276,87.942295,1.337314,262.113313,2.461567,18.345000,14.275000,7.610000,87.940000,1.335000,262.113313,2.461567,1,,62.511090,1.201436,1.620556,0.688889,23.880000,100.000000,0.000000,120.605100
382,8.103295,15.963727,7.740546,10.982479,1.035176,481.690282,5.114208,8.105000,15.965000,7.740000,10.980000,1.035000,481.690282,5.114208,0,measure_failed,-200.000000,,,,,,,67.493700
383,2.882814,6.838926,7.843749,35.616727,1.771194,484.169360,10.382687,2.885000,6.840000,7.845000,35.615000,1.770000,484.169360,10.382687,1,,57.863200,1.200470,2.754444,1.416667,19.940000,250.000000,0.000000,67.540050
384,20.381435,9.642342,18.114638,80.784246,1.794588,108.361417,10.282594,20.380000,9.640000,18.115000,80.785000,1.795000,108.361417,10.282594,1,,67.866580,1.201884,1.591111,0.200000,30.460000,100.000000,0.000000,184.922400
385,32.253021,5.538856,1.099242,49.729681,1.612627,234.213201,18.630677,32.255000,5.540000,1.100000,49.730000,1.615000,234.213201,18.630677,1,,61.637380,1.201367,2.295000,0.627778,22.890000,200.000000,0.000000,133.090350
386,32.384866,4.917945,14.462216,87.747280,0.591704,402.481483,2.666632,32.385000,4.920000,14.460000,87.745000,0.590000,402.481483,2.666632,1,,57.448080,1.201841,2.645556,1.305556,22.130000,130.000000,0.000000,74.244450
387,18.105280,18.537126,15.725177,62.929125,0.555378,57.181196,10.724668,18.105000,18.535000,15.725000,62.930000,0.555000,57.181196,10.724668,1,,50.740910,1.199384,3.382222,3.080556,39.990000,160.000000,0.000000,67.564650
388,21.232191,9.074758,17.704864,94.252572,0.831050,243.719836,4.091051,21.230000,9.075000,17.705000,94.255000,0.830000,243.719836,4.091051,1,,60.368320,1.201590,1.901667,0.911111,24.210000,100.000000,0.000000,93.834850
389,34.612844,15.402208,10.503397,27.984818,1.098899,337.608252,2.087998,34.615000,15.400000,10.505000,27.985000,1.100000,337.608252,2.087998,1,,50.637310,1.198693,3.831667,3.897222,22.950000,300.000000,2.747271,137.341750
390,4.498671,7.130537,2.963956,46.690269,1.472168,47.242494,10.021076,4.500000,7.130000,2.965000,46.690000,1.470000,47.242494,10.021076,1,,59.519830,1.200770,2.217222,1.061111,42.970000,200.000000,0.000000,49.912800
391,33.508843,7.647173,19.969825,33.668830,0.719800,389.966453,0.575993,33.510000,7.645000,19.970000,33.670000,0.720000,389.966453,0.575993,1,,50.371640,1.199033,4.005556,3.602778,22.340000,300.000000,13.983890,93.070500
392,5.982848,8.429088,12.360688,25.186501,1.322422,476.458202,19.182717,5.985000,8.430000,12.360000,25.185000,1.320000,476.458202,19.182717,1,,51.030150,1.199116,4.066111,3.952778,21.550000,300.000000,0.000000,74.463750
393,34.268613,11.258756,6.877841,93.585915,1.584984,81.755215,16.967041,34.270000,11.260000,6.880000,93.585000,1.585000,81.755215,16.967041,1,,65.108980,1.201936,1.583889,0.383333,34.080000,100.000000,0.000000,180.177450
394,13.346372,16.946834,15.752277,80.077933,0.467535,358.547117,13.134777,13.345000,16.945000,15.750000,80.080000,0.470000,358.547117,13.134777,1,,49.658430,1.199726,3.804444,3.425000,22.170000,130.000000,0.000000,55.289600
395,37.221916,16.619987,3.999251,97.351193,1.621979,488.097587,1.548498,37.220000,16.620000,4.000000,97.350000,1.620000,488.097587,1.548498,1,,63.152410,1.201727,1.587778,0.602778,21.740000,100.000000,6.585506,202.004100
396,33.973142,14.389714,12.218111,40.363160,1.028954,148.583908,7.553841,33.975000,14.390000,12.220000,40.365000,1.030000,148.583908,7.553841,1,,54.158340,1.199689,2.781667,2.202778,27.470000,250.000000,0.000000,130.859850
397,22.406368,9.317873,16.439238,79.221648,1.818660,73.617942,4.246131,22.405000,9.320000,16.440000,79.220000,1.820000,73.617942,4.246131,1,,68.299750,1.201907,1.607778,0.177778,35.710000,100.000000,0.000000,187.203600
398,25.380934,18.386002,5.374451,22.579779,1.694756,236.787277,11.746491,25.380000,18.385000,5.375000,22.580000,1.695000,236.787277,11.746491,1,,49.151340,1.198417,6.831111,6.230556,24.330000,360.000000,0.000000,169.971600
399,23.084214,10.992437,13.860484,85.210406,0.760418,263.616752,7.576543,23.085000,10.990000,13.860000,85.210000,0.760000,263.616752,7.576543,1,,57.909810,1.201200,2.129444,1.266667,23.810000,130.000000,0.000000,85.642700
400,22.370932,5.821917,7.246219,27.731711,0.834738,177.244704,4.636200,22.370000,5.820000,7.245000,27.730000,0.835000,177.244704,4.636200,1,,50.137460,1.198928,4.251111,4.077778,26.030000,300.000000,0.000000,63.335950
401,24.435127,10.909645,16.218455,35.604327,0.763482,296.685793,10.145080,24.435000,10.910000,16.220000,35.605000,0.765000,296.685793,10.145080,1,,51.113140,1.199046,3.606667,3.227778,23.300000,250.000000,0.000000,84.235200
402,17.374547,14.444578,19.269772,30.204675,1.503673,123.826854,18.962538,17.375000,14.445000,19.270000,30.205000,1.505000,123.826854,18.962538,1,,53.171280,1.199404,3.139444,2.741667,29.030000,300.000000,0.000000,158.311650
403,26.042529,3.808681,10.300192,83.654338,0.999824,276.936571,2.957888,26.045000,3.810000,10.300000,83.655000,1.000000,276.936571,2.957888,1,,68.761680,1.202208,1.812222,0.150000,23.700000,100.000000,0.000000,92.858250
404,8.963057,5.214135,6.910850,21.780625,0.689798,188.260006,5.674296,8.965000,5.215000,6.910000,21.780000,0.690000,188.260006,5.674296,1,,45.122580,1.197383,8.347778,8.572222,25.370000,360.000000,0.000000,32.371200
405,34.562489,8.877011,6.701399,7.836666,1.849506,282.984275,1.273578,34.560000,8.875000,6.700000,7.835000,1.850000,282.984275,1.273578,0,measure_failed,-200.000000,,,,,,,186.674750
406,13.238420,10.701724,18.434986,38.202870,0.607310,363.461033,3.477303,13.240000,10.700000,18.435000,38.205000,0.605000,363.461033,3.477303,1,,49.378210,1.198626,4.160556,3.836111,22.330000,250.000000,0.000000,57.004500
407,34.190680,7.096825,15.238265,72.886495,0.897894,109.413588,18.022294,34.190000,7.095000,15.240000,72.885000,0.900000,109.413588,18.022294,1,,60.074910,1.201426,2.088889,0.922222,30.340000,130.000000,0.000000,112.677750
408,29.258293,14.482594,13.954546,22.632695,1.712951,207.875094,17.141697,29.260000,14.485000,13.955000,22.635000,1.715000,207.875094,17.141697,1,,49.440370,1.198623,6.972778,6.158333,25.170000,360.000000,0.000000,201.306250
409,36.992268,16.048459,18.953901,54.854329,0.444529,492.664897,6.670901,36.990000,16.050000,18.955000,54.855000,0.445000,492.664897,6.670901,1,,46.995180,1.198065,5.043889,4.800000,21.370000,200.000000,0.000000,72.303800
410,11.112141,4.764429,6.323140,5.754570,0.981149,435.413283,7.040909,11.110000,4.765000,6.325000,5.755000,0.980000,435.413283,7.040909,0,measure_failed,-200.000000,,,,,,,44.375250
411,30.942027,3.778498,8.391937,66.486081,0.743739,32.058571,7.872922,30.940000,3.780000,8.390000,66.485000,0.745000,32.058571,7.872922,1,,59.959880,1.201551,2.377778,0.933333,56.750000,160.000000,0.000000,74.206650
412,12.222308,18.793888,10.446019,24.805105,1.758709,14.347378,9.518036,12.220000,18.795000,10.445000,24.805000,1.760000,14.347378,9.518036,1,,49.685860,1.198574,4.355556,5.366667,102.750000,360.000000,0.000000,149.659950
413,6.515830,1.221607,14.948767,19.349933,0.869381,131.984253,8.373737,6.515000,1.220000,14.950000,19.350000,0.870000,131.984253,8.373737,1,,47.857080,1.199226,20.168889,10.233333,28.170000,420.000000,0.000000,42.374400
414,32.712692,16.813659,8.376302,73.692816,0.783456,98.423890,3.140878,32.715000,16.815000,8.375000,73.695000,0.785000,98.423890,3.140878,1,,55.987550,1.200588,2.277778,1.633333,31.490000,160.000000,0.000000,101.965100
415,11.475509,12.039356,5.097221,47.960343,1.960398,277.780175,7.825088,11.475000,12.040000,5.095000,47.960000,1.960000,277.780175,7.825088,1,,60.812270,1.200836,2.043333,0.883333,23.150000,200.000000,0.000000,119.345200
416,35.190946,10.268870,12.488277,51.386193,1.597907,33.254472,11.279752,35.190000,10.270000,12.490000,51.385000,1.600000,33.254472,11.279752,1,,59.809000,1.200971,2.145000,0.977778,55.530000,200.000000,0.000000,193.147750
417,20.078820,3.634837,2.501858,44.415950,0.793789,210.705585,10.639600,20.080000,3.635000,2.500000,44.415000,0.795000,210.705585,10.639600,1,,56.422960,1.200672,2.910000,1.591667,24.560000,200.000000,0.000000,48.344100
418,9.724971,2.113244,17.001616,34.769371,1.702072,150.043408,11.930509,9.725000,2.115000,17.000000,34.770000,1.700000,150.043408,11.930509,1,,61.739200,1.201918,2.614444,3.025000,27.230000,200.000000,0.000000,103.271500
419,26.544565,3.691101,14.297386,83.791186,1.718765,406.941877,15.620683,26.545000,3.690000,14.295000,83.790000,1.720000,406.941877,15.620683,1,,65.824260,1.202965,1.652222,1.350000,22.350000,80.000000,0.000000,165.751700
420,37.079621,13.604502,5.676351,59.272228,1.449773,16.004424,16.385789,37.080000,13.605000,5.675000,59.270000,1.450000,16.004424,16.385789,1,,58.836110,1.200841,1.963889,1.133333,94.400000,200.000000,0.000000,172.334500
421,14.348512,9.496061,3.747557,53.388357,0.916366,146.509874,7.639675,14.350000,9.495000,3.750000,53.390000,0.915000,146.509874,7.639675,1,,56.797720,1.200484,2.360556,1.513889,27.180000,200.000000,0.000000,58.507350
422,15.737984,5.133471,8.737540,6.587784,1.752785,448.051939,11.914112,15.740000,5.135000,8.740000,6.590000,1.755000,448.051939,11.914112,0,measure_failed,-200.000000,,,,,,,104.937150
423,6.779411,5.159557,12.837153,39.689797,1.656058,34.178828,16.789200,6.780000,5.160000,12.835000,39.690000,1.655000,34.178828,16.789200,1,,62.012580,1.200999,2.412778,0.658333,54.190000,250.000000,0.000000,87.958750
424,8.828490,19.474059,1.686521,20.434557,0.614604,217.137340,17.751468,8.830000,19.475000,1.685000,20.435000,0.615000,217.137340,17.751468,1,,42.099340,1.194965,14.007222,12.583333,23.900000,360.000000,0.000000,39.952950
425,9.194895,19.644290,19.451843,82.699115,0.810122,163.474512,3.537133,9.195000,19.645000,19.450000,82.700000,0.810000,163.474512,3.537133,1,,57.042550,1.200682,2.007778,1.441667,26.490000,130.000000,0.000000,90.634800
426,21.833552,1.977098,18.339885,37.572931,0.473390,281.618035,5.614947,21.835000,1.975000,18.340000,37.575000,0.475000,281.618035,5.614947,1,,48.768670,1.199558,5.358333,4.127778,23.170000,250.000000,0.000000,45.678750
427,22.944740,4.548702,13.272182,23.278883,1.642007,441.855478,1.382932,22.945000,4.550000,13.270000,23.280000,1.640000,441.855478,1.382932,1,,52.436030,1.199751,5.477778,4.130556,22.080000,360.000000,6.972835,137.201200
428,18.286566,9.947690,6.154531,16.380955,1.383601,151.494122,11.556620,18.285000,9.950000,6.155000,16.380000,1.385000,151.494122,11.556620,1,,42.211470,1.197181,86.915000,82.769444,27.150000,500.000000,0.000000,97.717300
429,24.188676,3.973643,5.378958,57.865352,1.206323,322.854000,4.493875,24.190000,3.975000,5.380000,57.865000,1.205000,322.854000,4.493875,1,,66.804240,1.201726,2.081667,0.222222,23.020000,160.000000,0.000000,89.523200
430,34.721581,19.770729,2.812646,89.525882,1.477771,414.883123,10.070720,34.720000,19.770000,2.815000,89.525000,1.480000,414.883123,10.070720,1,,61.060420,1.201370,1.668889,0.830556,21.980000,130.000000,0.000000,183.051550
431,39.821739,16.117789,5.140340,73.981874,1.007864,357.613505,19.439138,39.820000,16.120000,5.140000,73.980000,1.010000,357.613505,19.439138,1,,58.085890,1.200884,1.997222,1.241667,22.720000,160.000000,0.000000,134.478600
432,3.887135,4.437208,10.159872,29.624726,1.298309,182.338243,11.609623,3.885000,4.435000,10.160000,29.625000,1.300000,182.338243,11.609623,1,,54.314750,1.200065,3.530000,2.402778,25.230000,300.000000,0.000000,52.491750
433,1.682507,8.340251,15.433772,71.120592,1.992801,15.732032,10.566395,1.685000,8.340000,15.435000,71.120000,1.995000,15.732032,10.566395,1,,65.675680,1.201630,1.785556,0.241667,92.640000,130.000000,0.000000,112.253400
434,31.248082,19.388816,11.911460,89.978020,1.737506,327.628945,8.090165,31.250000,19.390000,11.910000,89.980000,1.740000,327.628945,8.090165,1,,62.444890,1.201529,1.596111,0.675000,23.080000,100.000000,0.000000,231.171000
435,30.716251,12.587915,14.689734,23.903228,1.242477,373.360018,1.215494,30.715000,12.590000,14.690000,23.905000,1.240000,373.360018,1.215494,1,,49.276000,1.198489,5.290556,5.480556,22.610000,360.000000,8.042433,147.413350
436,24.333892,16.155826,14.971012,74.188613,1.218276,387.798113,9.654272,24.335000,16.155000,14.970000,74.190000,1.220000,387.798113,9.654272,1,,59.855310,1.201034,1.828889,0.997222,22.470000,130.000000,0.000000,146.450900
437,35.272742,13.642827,11.492865,75.961419,1.529821,269.200403,15.431191,35.275000,13.645000,11.495000,75.960000,1.530000,269.200403,15.431191,1,,61.900690,1.201451,1.785556,0.708333,23.880000,130.000000,0.000000,196.263900
438,6.917691,8.141026,15.835380,65.872464,0.222454,486.037976,8.637768,6.920000,8.140000,15.835000,65.870000,0.220000,486.037976,8.637768,1,,39.486360,1.189662,11.496667,10.969444,19.490000,160.000000,0.000000,23.474300
439,20.971812,14.621519,13.369300,41.551352,1.140179,105.615678,14.024780,20.970000,14.620000,13.370000,41.550000,1.140000,105.615678,14.024780,1,,55.162210,1.199873,2.558889,1.936111,30.710000,250.000000,0.000000,117.861300
440,38.390646,4.933992,12.529105,7.183411,1.762874,117.711739,19.023811,38.390000,4.935000,12.530000,7.185000,1.765000,117.711739,19.023811,0,measure_failed,-200.000000,,,,,,,198.245900
441,18.478777,11.610519,8.868192,78.043966,1.139781,70.623444,10.548428,18.480000,11.610000,8.870000,78.045000,1.140000,70.623444,10.548428,1,,61.120050,1.201247,1.745000,0.830556,36.330000,130.000000,0.000000,100.535550
442,6.257523,5.694218,10.836749,66.668759,0.891883,166.307387,13.368653,6.260000,5.695000,10.835000,66.670000,0.890000,166.307387,13.368653,1,,60.817850,1.201279,2.050556,0.858333,26.280000,130.000000,0.000000,50.566700
443,24.095920,4.192505,1.649635,8.017606,0.399270,499.819700,4.597101,24.095000,4.195000,1.650000,8.020000,0.400000,499.819700,4.597101,0,measure_failed,-200.000000,,,,,,,25.155000
444,34.954500,19.819124,1.842396,8.670050,0.686315,71.664800,10.844046,34.955000,19.820000,1.840000,8.670000,0.685000,71.664800,10.844046,0,measure_failed,-200.000000,,,,,,,78.863050
445,37.136162,4.514274,1.599854,77.756507,1.944362,397.445462,15.846862,37.135000,4.515000,1.600000,77.755000,1.945000,397.445462,15.846862,1,,73.678590,1.202730,1.771111,0.761111,21.300000,100.000000,0.000000,179.905750
446,1.107136,4.385221,14.138147,62.742664,1.087163,137.958091,13.263958,1.105000,4.385000,14.140000,62.745000,1.085000,137.958091,13.263958,1,,60.260570,1.201840,3.027222,0.827778,25.030000,130.000000,0.000000,52.008850
447,33.549352,7.432244,19.377445,56.535346,0.279432,76.709787,5.825336,33.550000,7.430000,19.375000,56.535000,0.280000,76.709787,5.825336,1,,42.779730,1.195158,7.918889,7.694444,33.960000,200.000000,0.000000,42.279050
448,17.509812,6.880640,13.098193,29.325061,1.735698,180.692039,19.773606,17.510000,6.880000,13.100000,29.325000,1.735000,180.692039,19.773606,1,,55.672560,1.200143,3.158333,2.025000,25.970000,300.000000,0.000000,134.489050
449,39.978556,4.266868,3.178320,83.994705,0.996568,361.220226,8.804787,39.980000,4.265000,3.180000,83.995000,0.995000,361.220226,8.804787,1,,66.568480,1.202119,1.853889,0.266667,22.410000,100.000000,0.000000,106.975000
450,26.374498,2.221407,5.526163,91.346387,0.427641,440.609992,12.784544,26.375000,2.220000,5.525000,91.345000,0.430000,440.609992,12.784544,1,,54.612190,1.202621,3.559444,1.813889,21.610000,130.000000,0.000000,43.044950
451,7.236266,1.368908,14.704720,97.450731,1.511532,60.310595,0.726960,7.235000,1.370000,14.705000,97.450000,1.510000,60.310595,0.726960,1,,49.429640,1.204205,1.440000,9.602778,39.110000,60.000000,1.259581,85.013700
452,14.704344,6.755519,15.013296,24.357917,0.725509,164.924141,1.796575,14.705000,6.755000,15.015000,24.360000,0.725000,164.924141,1.796575,1,,46.985900,1.197890,5.711667,6.280556,26.420000,360.000000,0.972560,56.542750
453,24.867480,7.760014,3.716186,16.927311,0.559075,249.897167,2.580205,24.865000,7.760000,3.715000,16.925000,0.560000,249.897167,2.580205,1,,37.688970,1.193639,79.127778,67.688889,23.890000,500.000000,0.730128,43.239550
454,1.175103,6.958601,10.023088,93.391319,0.483365,212.181903,12.757119,1.175000,6.960000,10.025000,93.390000,0.485000,212.181903,12.757119,1,,50.149310,1.201337,3.993889,3.172222,22.780000,100.000000,0.000000,31.623700
455,36.234505,4.238379,16.398997,34.604086,0.610974,260.240364,14.274998,36.235000,4.240000,16.400000,34.605000,0.610000,260.240364,14.274998,1,,49.638370,1.199190,4.519444,3.877778,23.780000,300.000000,0.000000,74.578250
456,10.375041,9.506963,7.973231,69.206870,1.462852,177.945932,2.714545,10.375000,9.505000,7.975000,69.205000,1.465000,177.945932,2.714545,1,,64.571900,1.201408,1.729444,0.491667,25.900000,130.000000,0.000000,91.995900
457,35.560752,12.351246,7.760586,36.809848,1.005367,317.877272,1.900024,35.560000,12.350000,7.760000,36.810000,1.005000,317.877272,1.900024,1,,53.381190,1.199536,3.042222,2.469444,23.160000,250.000000,2.508937,117.418200
458,2.738700,7.590989,8.948472,62.507258,0.962290,320.287311,0.829825,2.740000,7.590000,8.950000,62.505000,0.960000,320.287311,0.829825,1,,61.435080,1.201202,2.536111,0.858333,22.190000,130.000000,0.652117,46.393350
459,12.067559,12.890811,16.184111,39.452411,1.378002,275.961974,4.160946,12.070000,12.890000,16.185000,39.450000,1.380000,275.961974,4.160946,1,,56.279130,1.200075,2.488889,1.713889,23.630000,250.000000,0.000000,119.477700
460,25.133807,6.097315,14.757728,58.312434,1.230634,27.958796,11.341053,25.135000,6.095000,14.760000,58.310000,1.230000,27.958796,11.341053,1,,62.195710,1.201331,2.010556,0.663889,62.350000,160.000000,0.000000,121.881900
461,17.861805,2.381244,4.243110,70.736010,0.817474,303.063137,8.061158,17.860000,2.380000,4.245000,70.735000,0.815000,303.063137,8.061158,1,,69.276220,1.202226,2.148333,0.102778,23.110000,130.000000,0.000000,50.520800
462,8.913635,17.130756,16.294456,52.117590,0.940917,252.452644,10.822985,8.915000,17.130000,16.295000,52.120000,0.940000,252.452644,10.822985,1,,55.684610,1.200036,2.338333,1.752778,23.940000,200.000000,0.000000,87.417200
463,14.121747,1.138657,2.697019,93.879263,1.665045,189.064315,9.264772,14.120000,1.140000,2.695000,93.880000,1.665000,189.064315,9.264772,1,,46.202900,1.204707,1.501667,40.394444,24.920000,60.000000,0.000000,73.872150
464,26.485249,8.026938,19.040202,86.804504,1.855984,284.973074,16.468064,26.485000,8.025000,19.040000,86.805000,1.855000,284.973074,16.468064,1,,71.396710,1.202247,1.570556,0.080556,23.620000,80.000000,0.000000,211.691250
465,20.628762,17.882067,16.280966,69.604591,1.579789,348.031516,14.508832,20.630000,17.880000,16.280000,69.605000,1.580000,348.031516,14.508832,1,,60.683480,1.201073,1.780000,0.880556,22.820000,160.000000,0.000000,183.577150
466,3.785237,14.751188,13.457257,99.442420,1.085292,200.979993,9.184595,3.785000,14.750000,13.455000,99.440000,1.085000,200.979993,9.184595,1,,62.913880,1.201517,1.751111,0.650000,24.830000,100.000000,0.000000,84.334300
467,38.526841,16.075551,17.330076,30.004447,0.581065,69.671242,2.981348,38.525000,16.075000,17.330000,30.005000,0.580000,69.671242,2.981348,1,,45.604720,1.196826,5.593889,6.461111,36.320000,300.000000,0.000517,87.939550
468,11.817650,18.966879,3.532327,45.950503,1.756255,127.985708,5.233565,11.820000,18.965000,3.530000,45.950000,1.755000,127.985708,5.233565,1,,57.696130,1.200295,2.155000,1.394444,28.030000,200.000000,0.000000,127.338150
469,38.716201,1.594644,1.030254,99.456757,1.499854,21.998630,17.792952,38.715000,1.595000,1.030000,99.455000,1.500000,21.998630,17.792952,1,,55.478640,1.203961,1.545000,5.119444,72.600000,80.000000,0.000000,138.938250
470,38.450537,1.293894,7.122763,89.049440,0.156333,365.089868,6.592803,38.450000,1.295000,7.125000,89.050000,0.155000,365.089868,6.592803,0,measure_failed,-200.000000,,,,,,,27.887200
471,3.254553,7.607463,10.649303,36.216036,0.659893,293.024364,3.867781,3.255000,7.605000,10.650000,36.215000,0.660000,293.024364,3.867781,1,,50.098380,1.199054,3.784444,3.619444,22.720000,250.000000,0.000000,33.825450
472,8.478197,12.188505,8.908134,7.427741,0.949006,404.320314,7.645720,8.480000,12.190000,8.910000,7.430000,0.950000,404.320314,7.645720,0,measure_failed,-200.000000,,,,,,,57.316500
473,8.746819,19.698518,12.129276,95.054134,1.487896,214.212925,15.784122,8.745000,19.700000,12.130000,95.055000,1.490000,214.212925,15.784122,1,,62.882880,1.201346,1.478333,0.636111,24.780000,100.000000,0.000000,135.171750
474,31.772520,7.487261,17.804787,84.564405,0.978329,204.655770,10.350881,31.775000,7.485000,17.805000,84.565000,0.980000,204.655770,10.350881,1,,62.013350,1.201703,1.862778,0.700000,25.250000,130.000000,0.000000,124.532150
475,24.016995,18.226380,18.295825,61.614039,0.859009,213.167177,11.830808,24.015000,18.225000,18.295000,61.615000,0.860000,213.167177,11.830808,1,,55.621820,1.200258,2.335556,1.733333,24.940000,160.000000,0.000000,113.362450
476,27.676031,3.858241,15.871953,26.635399,0.732527,335.302266,8.670172,27.675000,3.860000,15.870000,26.635000,0.735000,335.302266,8.670172,1,,48.880830,1.198812,4.992778,4.866667,22.830000,360.000000,0.000000,73.680600
477,35.884126,8.917849,15.123218,17.385031,0.260609,106.297915,14.200979,35.885000,8.920000,15.125000,17.385000,0.260000,106.297915,14.200979,0,measure_failed,-200.000000,,,,,,,33.771350
478,36.929050,9.409236,1.323797,60.631007,1.307073,192.997460,13.323378,36.930000,9.410000,1.325000,60.630000,1.305000,192.997460,13.323378,1,,59.915610,1.201117,2.084444,0.958333,24.630000,160.000000,0.000000,133.500150
479,4.229655,15.499141,9.635580,54.175321,1.184098,50.161397,19.582786,4.230000,15.500000,9.635000,54.175000,1.185000,50.161397,19.582786,1,,56.823650,1.200391,2.237222,1.497222,42.710000,160.000000,0.000000,77.721300
480,16.959964,19.149431,16.969269,39.310581,0.482220,36.106350,15.587245,16.960000,19.150000,16.970000,39.310000,0.480000,36.106350,15.587245,1,,45.593020,1.196567,5.513333,5.869444,52.010000,250.000000,0.000000,56.853300
481,12.511519,5.393392,12.954137,60.455856,0.754433,23.118846,9.686020,12.510000,5.395000,12.955000,60.455000,0.755000,23.118846,9.686020,1,,57.535770,1.200922,2.357778,1.352778,71.110000,160.000000,0.000000,55.666850
482,14.019022,5.087281,7.895099,29.211702,0.867150,152.898771,5.427537,14.020000,5.085000,7.895000,29.210000,0.865000,152.898771,5.427537,1,,51.564890,1.199302,3.793333,3.325000,27.050000,300.000000,0.000000,51.091500
483,10.648382,17.507552,1.234832,26.171866,0.905066,317.072747,5.464171,10.650000,17.510000,1.235000,26.170000,0.905000,317.072747,5.464171,1,,48.759520,1.197909,4.325556,4.813889,21.560000,300.000000,0.000000,57.130450
484,35.331805,16.491418,18.997675,10.536575,1.519081,378.313553,19.612187,35.330000,16.490000,19.000000,10.535000,1.520000,378.313553,19.612187,0,measure_failed,-200.000000,,,,,,,216.873050
485,15.405169,1.528206,9.816115,6.236089,1.978420,82.779507,0.221156,15.405000,1.530000,9.815000,6.235000,1.980000,82.779507,0.221156,0,measure_failed,-200.000000,,,,,,,106.865250
486,26.907525,19.561188,17.849395,8.386913,1.628898,77.880809,14.012557,26.910000,19.560000,17.850000,8.385000,1.630000,77.880809,14.012557,0,measure_failed,-200.000000,,,,,,,210.940950
487,7.320812,12.621281,2.876503,57.498910,0.704562,364.481012,2.515255,7.320000,12.620000,2.875000,57.500000,0.705000,364.481012,2.515255,1,,54.117410,1.200062,2.712778,2.086111,21.890000,160.000000,0.000000,40.794150
488,21.298375,3.462484,2.466834,48.623449,1.956530,20.867114,18.399025,21.300000,3.460000,2.465000,48.625000,1.955000,20.867114,18.399025,1,,72.346920,1.202011,2.056667,1.011111,76.150000,160.000000,0.000000,113.743500
489,24.286452,11.284118,3.936896,28.860600,0.746627,432.531140,3.241878,24.285000,11.285000,3.935000,28.860000,0.745000,432.531140,3.241878,1,,48.603270,1.198188,4.491111,4.669444,21.930000,300.000000,0.079906,63.191450
490,14.250223,9.719290,15.303984,79.502895,0.544259,58.188283,19.384149,14.250000,9.720000,15.305000,79.505000,0.545000,58.188283,19.384149,1,,53.030460,1.200721,3.000556,2.297222,39.590000,130.000000,0.000000,54.735500
491,20.490098,12.767575,19.257203,81.833027,1.472468,141.363316,8.020724,20.490000,12.770000,19.255000,81.835000,1.470000,141.363316,8.020724,1,,63.217120,1.201506,1.650000,0.600000,27.860000,130.000000,0.000000,166.669350
492,23.329378,17.667090,15.499403,11.251147,1.288090,200.228099,14.115546,23.330000,17.665000,15.500000,11.250000,1.290000,200.228099,14.115546,0,measure_failed,-200.000000,,,,,,,147.444600
493,26.231317,18.582832,11.503470,49.242313,1.134480,310.863305,5.637277,26.230000,18.585000,11.505000,49.240000,1.135000,310.863305,5.637277,1,,56.036750,1.200091,2.343889,1.697222,23.240000,200.000000,0.000000,135.232400
494,39.530853,4.855469,9.845049,37.251424,1.326405,136.957006,8.308948,39.530000,4.855000,9.845000,37.250000,1.325000,136.957006,8.308948,1,,58.192740,1.200752,2.848889,1.250000,28.190000,250.000000,0.000000,149.297000
495,3.173131,18.319646,6.346276,78.231626,0.312808,167.560131,9.103398,3.175000,18.320000,6.345000,78.230000,0.315000,167.560131,9.103398,1,,44.324940,1.196375,6.428889,6.277778,24.970000,130.000000,0.000000,29.273700
496,7.869771,15.435806,13.716747,34.930928,1.304047,53.116957,9.907722,7.870000,15.435000,13.715000,34.930000,1.305000,53.116957,9.907722,1,,54.046600,1.199541,2.723889,2.336111,41.750000,250.000000,0.000000,101.861700
497,23.661562,13.214863,6.733501,98.934013,0.826869,192.470130,16.629417,23.660000,13.215000,6.735000,98.935000,0.825000,192.470130,16.629417,1,,58.960310,1.201366,1.884444,1.094444,25.520000,100.000000,0.000000,86.796750
498,20.855001,3.034388,17.573510,68.552334,1.776771,40.197947,7.960065,20.855000,3.035000,17.575000,68.550000,1.775000,40.197947,7.960065,1,,62.362720,1.202819,1.718889,2.091667,49.290000,100.000000,0.000000,157.483250
499,26.659433,13.833399,14.613933,13.123779,1.789702,208.192622,12.277211,26.660000,13.835000,14.615000,13.125000,1.790000,208.192622,12.277211,0,measure_failed,-200.000000,,,,,,,199.262550
500,29.401108,2.918711,12.085332,81.369615,1.168447,327.770908,0.187693,29.400000,2.920000,12.085000,81.370000,1.170000,327.770908,0.187693,1,,76.488170,1.202665,1.777222,0.644444,23.060000,80.000000,10.339330,116.113200
501,12.860480,19.894287,10.175636,48.174720,1.344148,186.868492,13.731936,12.860000,19.895000,10.175000,48.175000,1.345000,186.868492,13.731936,1,,56.835880,1.200159,2.200556,1.541667,25.680000,200.000000,0.000000,122.707950
502,22.594429,11.922917,13.890458,40.789061,0.158134,89.419207,17.983411,22.595000,11.925000,13.890000,40.790000,0.160000,89.419207,17.983411,0,measure_failed,-200.000000,,,,,,,21.609700
503,31.224477,10.509761,8.782750,48.515605,0.343087,453.464859,5.885863,31.225000,10.510000,8.785000,48.515000,0.345000,453.464859,5.885863,1,,43.884750,1.196029,7.199444,6.891667,21.280000,200.000000,0.000000,42.136050
504,6.446350,18.152483,10.796505,37.759029,0.488613,211.418570,13.922183,6.445000,18.150000,10.795000,37.760000,0.490000,211.418570,13.922183,1,,46.138300,1.196804,5.406111,5.500000,24.330000,250.000000,0.000000,40.346200
505,7.065171,14.677004,16.118123,12.306348,0.166722,174.555973,13.885775,7.065000,14.675000,16.120000,12.305000,0.165000,174.555973,13.885775,0,measure_failed,-200.000000,,,,,,,14.339550
506,14.559701,14.397107,14.822960,50.308183,1.874347,403.998321,18.737290,14.560000,14.395000,14.825000,50.310000,1.875000,403.998321,18.737290,1,,60.047600,1.200799,2.025000,0.963889,22.270000,200.000000,0.000000,171.721500
507,23.866396,18.006896,19.784906,89.422856,0.673190,100.577482,18.421055,23.865000,18.005000,19.785000,89.425000,0.675000,100.577482,18.421055,1,,55.326840,1.200752,2.308889,1.744444,31.130000,130.000000,0.000000,96.648000
508,5.572332,10.945761,1.275183,76.347139,0.716363,267.433797,6.070303,5.570000,10.945000,1.275000,76.345000,0.715000,267.433797,6.070303,1,,56.438490,1.200694,2.207222,1.547222,22.080000,130.000000,0.000000,36.891450
509,18.594979,13.901110,8.715083,55.719550,1.115218,178.920124,6.945491,18.595000,13.900000,8.715000,55.720000,1.115000,178.920124,6.945491,1,,57.783650,1.200516,2.123889,1.341667,26.030000,200.000000,0.000000,100.256300
510,38.625574,6.538010,9.510559,59.452045,1.591343,209.158115,17.407236,38.625000,6.540000,9.510000,59.450000,1.590000,209.158115,17.407236,1,,65.375090,1.201751,2.037222,0.263889,25.170000,130.000000,0.000000,182.784000
511,18.030906,15.142226,3.347514,78.821188,1.403646,180.281752,1.182935,18.030000,15.140000,3.350000,78.820000,1.405000,180.281752,1.182935,1,,61.541990,1.201244,1.691667,0.794444,25.640000,130.000000,1.892745,114.444200
