case,case_name,dim,run,seed,algo,pop,best_fitness,PSRR_DB,penalty,is_feasible,VREF,TC,LOOP_GAIN_DB,PHASE_MARGIN_DEG,GAIN_MARGIN_DB,POWER_UW,viol_vref,viol_tc,viol_loop_gain,viol_phase_margin,viol_gain_margin,viol_power,first_feasible_eval,best_feasible_found,best_feasible_fitness,best_feasible_PSRR,best_feasible_VREF,best_feasible_TC,best_feasible_LOOP_GAIN_DB,best_feasible_PHASE_MARGIN_DEG,best_feasible_GAIN_MARGIN_DB,best_feasible_POWER_UW,runtime_sec,eval_budget,actual_evals,last_improvement_eval,convergence_auc,sim_evals_worker_cum,sim_ok_worker_cum,sim_failures_worker_cum,server_restarts_worker_cum,psrr_def,PSRR_WC_DB,PSRR_100HZ_DB,best_feasible_PSRR_WC_DB,best_feasible_PSRR_100HZ_DB,evaluator_recovers_timeouts,x_w_pdiff,x_w_ncasc,x_w_pmir,x_w_core,x_l_all,x_iss,x_vbnv,xf_w_pdiff,xf_w_ncasc,xf_w_pmir,xf_w_core,xf_l_all,xf_iss,xf_vbnv,c_VREF_min,c_VREF_max,c_TC_max,c_LoopGain_min,c_PhaseMargin_min,c_GainMargin_min,c_Power_max
banba_cal,SKY130-BGR-banba_cal,7,0,312345,ABC,40,-50.99428,50.99428,0,1,0.7998875,27.82891,52.6842,61.013000000000005,18.6331,56.24519,0,0,0,0,0,0,17.0,1,-50.99428,50.99428,0.7998875,27.82891,52.6842,61.013000000000005,18.6331,56.24519,56224.08848761767,150000,150000,148023.0,-49.20270856292375,150001,149867,measure_failed=39;no_convergence=91;timeout=4,0,PSRR_worst_case_10Hz_10MHz,50.99428,51.13717,50.99428,51.13717,1,2.705,1.0,4.12,12.035,0.6950000000000001,10.11305536724147,1.4327523222824274,2.705,1.0,4.12,12.035,0.6950000000000001,10.11305536724147,1.4327523222824274,0.798247,0.801753,30.3807,47.2615,49.5341,13.4226,69.5084
banba_cal,SKY130-BGR-banba_cal,7,1,313345,ABC,40,-51.79738,51.79738,0,1,0.8005329,28.25693,55.7089,64.869,15.8045,60.86585,0,0,0,0,0,0,30.0,1,-51.79738,51.79738,0.8005329,28.25693,55.7089,64.869,15.8045,60.86585,56958.35353314132,150000,150000,119347.0,-49.83256978061854,150001,149840,measure_failed=42;no_convergence=114;timeout=5,0,PSRR_worst_case_10Hz_10MHz,51.79738,51.79738,51.79738,51.79738,1,3.1,1.0,1.0,15.845,0.62,11.700610919214183,1.3171347917017586,3.1,1.0,1.0,15.845,0.62,11.700610919214183,1.3171347917017586,0.798247,0.801753,30.3807,47.2615,49.5341,13.4226,69.5084
banba_cal,SKY130-BGR-banba_cal,7,2,314345,ABC,40,-49.99834,49.99834,0,1,0.8016126,14.85793,56.6406,63.054,15.5604,65.89044,0,0,0,0,0,0,3.0,1,-49.99834,49.99834,0.8016126,14.85793,56.6406,63.054,15.5604,65.89044,53238.4527669102,150000,150000,17245.0,-49.88090890769272,150001,149831,measure_failed=44;no_convergence=123;timeout=3,1,PSRR_worst_case_10Hz_10MHz,49.99834,49.99834,49.99834,49.99834,1,3.325,1.0,1.0,16.785,0.7100000000000001,13.441600027314404,1.1488909926301114,3.325,1.0,1.0,16.785,0.7100000000000001,13.441600027314404,1.1488909926301114,0.798247,0.801753,30.3807,47.2615,49.5341,13.4226,69.5084
banba_cal,SKY130-BGR-banba_cal,7,3,315345,ABC,40,-50.01377,50.01377,0,1,0.8017033,14.21368,56.5865,63.146,15.6061,66.30768,0,0,0,0,0,0,70.0,1,-50.01377,50.01377,0.8017033,14.21368,56.5865,63.146,15.6061,66.30768,55990.88470648229,150000,150000,30211.0,-47.07349658651057,150001,149668,measure_failed=36;no_convergence=297,0,PSRR_worst_case_10Hz_10MHz,50.01377,50.01377,50.01377,50.01377,1,3.28,1.0,1.0,16.745,0.7150000000000001,13.585790214898076,1.1445657046507465,3.28,1.0,1.0,16.745,0.7150000000000001,13.585790214898076,1.1445657046507465,0.798247,0.801753,30.3807,47.2615,49.5341,13.4226,69.5084
banba_cal,SKY130-BGR-banba_cal,7,4,316345,ABC,40,-50.54596,50.54596,0,1,0.801683,14.79917,56.2907,63.606,15.6916,66.07071,0,0,0,0,0,0,10.0,1,-50.54596,50.54596,0.801683,14.79917,56.2907,63.606,15.6916,66.07071,56499.30508704484,150000,150000,113906.0,-49.33220557205716,150001,149813,measure_failed=58;no_convergence=121;timeout=9,0,PSRR_worst_case_10Hz_10MHz,50.54596,50.54596,50.54596,50.54596,1,3.14,1.0,1.0,16.18,0.7050000000000001,13.503033297014069,1.19286796383382,3.14,1.0,1.0,16.18,0.7050000000000001,13.503033297014069,1.19286796383382,0.798247,0.801753,30.3807,47.2615,49.5341,13.4226,69.5084
banba_cal,SKY130-BGR-banba_cal,7,5,317345,ABC,40,-50.47177,50.47177,0,1,0.8017499,17.02337,52.6675,64.552,16.6798,69.4739,0,0,0,0,0,0,6.0,1,-50.47177,50.47177,0.8017499,17.02337,52.6675,64.552,16.6798,69.4739,58703.464292280376,150000,150000,87476.0,-49.18961786815245,150001,149850,measure_failed=48;no_convergence=103,0,PSRR_worst_case_10Hz_10MHz,50.47177,50.47177,50.47177,50.47177,1,2.075,1.335,2.055,10.38,0.7250000000000001,14.686738807144884,1.2687505118087012,2.075,1.335,2.055,10.38,0.7250000000000001,14.686738807144884,1.2687505118087012,0.798247,0.801753,30.3807,47.2615,49.5341,13.4226,69.5084
banba_cal,SKY130-BGR-banba_cal,7,6,318345,ABC,40,-49.80159,49.80159,0,1,0.8016952,15.02498,53.7187,61.004000000000005,16.7401,69.48196,0,0,0,0,0,0,12.0,1,-49.80159,49.80159,0.8016952,15.02498,53.7187,61.004000000000005,16.7401,69.48196,57377.6845503524,150000,150000,17645.0,-49.39936752871685,150001,149829,measure_failed=44;no_convergence=128,0,PSRR_worst_case_10Hz_10MHz,49.80159,49.80159,49.80159,49.80159,1,2.915,1.0,3.015,15.07,0.78,14.692689640941284,1.215652194545218,2.915,1.0,3.015,15.07,0.78,14.692689640941284,1.215652194545218,0.798247,0.801753,30.3807,47.2615,49.5341,13.4226,69.5084
banba_cal,SKY130-BGR-banba_cal,7,7,319345,ABC,40,-50.16177,50.16177,0,1,0.8015507,16.67147,53.8782,61.406000000000006,16.408,68.99083,0,0,0,0,0,0,8.0,1,-50.16177,50.16177,0.8015507,16.67147,53.8782,61.406000000000006,16.408,68.99083,57071.158542476594,150000,150000,101240.0,-49.20315211401409,150001,149800,measure_failed=30;no_convergence=171,0,PSRR_worst_case_10Hz_10MHz,50.16177,50.16177,50.16177,50.16177,1,2.98,1.025,2.74,15.55,0.745,14.52167283084708,1.2508197792948248,2.98,1.025,2.74,15.55,0.745,14.52167283084708,1.2508197792948248,0.798247,0.801753,30.3807,47.2615,49.5341,13.4226,69.5084
banba_cal,SKY130-BGR-banba_cal,7,8,320345,ABC,40,-50.74854,50.74854,0,1,0.8005995,29.25838,55.5796,64.226,15.5518,63.14683,0,0,0,0,0,0,75.0,1,-50.74854,50.74854,0.8005995,29.25838,55.5796,64.226,15.5518,63.14683,61938.74385897815,150000,150000,79711.0,-47.014214260361726,150001,149758,measure_failed=46;no_convergence=196;timeout=1,0,PSRR_worst_case_10Hz_10MHz,50.74854,50.74854,50.74854,50.74854,1,3.155,1.745,1.0,18.1,0.61,12.489919420463448,1.277859676418019,3.155,1.745,1.0,18.1,0.61,12.489919420463448,1.277859676418019,0.798247,0.801753,30.3807,47.2615,49.5341,13.4226,69.5084
banba_cal,SKY130-BGR-banba_cal,7,9,321345,ABC,40,-51.62029,51.62029,0,1,0.8017096,20.22496,52.5668,68.862,16.1539,67.10751,0,0,0,0,0,0,17.0,1,-51.62029,51.62029,0.8017096,20.22496,52.5668,68.862,16.1539,67.10751,60045.005181491375,150000,150000,95248.0,-49.738191299542,150001,149744,measure_failed=44;no_convergence=212;timeout=1,0,PSRR_worst_case_10Hz_10MHz,51.62029,51.62029,51.62029,51.62029,1,1.76,1.0,1.0,8.105,0.65,13.859776953855084,1.262295561910698,1.76,1.0,1.0,8.105,0.65,13.859776953855084,1.262295561910698,0.798247,0.801753,30.3807,47.2615,49.5341,13.4226,69.5084
banba_cal,SKY130-BGR-banba_cal,7,10,322345,ABC,40,-49.93722,49.93722,0,1,0.8006581,26.9112,55.5728,61.851,14.8524,67.43434,0,0,0,0,0,0,179.0,1,-49.93722,49.93722,0.8006581,26.9112,55.5728,61.851,14.8524,67.43434,66108.36269201338,150000,150000,128311.0,-47.434123203388026,150001,149894,measure_failed=36;no_convergence=71,0,PSRR_worst_case_10Hz_10MHz,49.93722,49.94351,49.93722,49.94351,1,3.805,1.0,1.54,19.345,0.635,13.981098760446589,1.236622532794148,3.805,1.0,1.54,19.345,0.635,13.981098760446589,1.236622532794148,0.798247,0.801753,30.3807,47.2615,49.5341,13.4226,69.5084
banba_cal,SKY130-BGR-banba_cal,7,11,323345,ABC,40,-50.20152,50.20152,0,1,0.8012233,19.7206,53.3921,60.849,16.1667,69.11026,0,0,0,0,0,0,20.0,1,-50.20152,50.20152,0.8012233,19.7206,53.3921,60.849,16.1667,69.11026,66714.07970199734,150000,150000,62653.0,-49.33093242774952,150001,149896,measure_failed=50;no_convergence=54;timeout=1,1,PSRR_worst_case_10Hz_10MHz,50.20152,50.20152,50.20152,50.20152,1,3.135,1.015,3.145,16.33,0.7150000000000001,14.564754139942613,1.2749939405525017,3.135,1.015,3.145,16.33,0.7150000000000001,14.564754139942613,1.2749939405525017,0.798247,0.801753,30.3807,47.2615,49.5341,13.4226,69.5084
banba_cal,SKY130-BGR-banba_cal,7,12,324345,ABC,40,-50.41766,50.41766,0,1,0.8004372,21.67755,53.0576,59.798,18.4667,65.20271,0,0,0,0,0,0,30.0,1,-50.41766,50.41766,0.8004372,21.67755,53.0576,59.798,18.4667,65.20271,59702.20009935647,150000,150000,69785.0,-49.12516769796798,150001,149661,measure_failed=98;no_convergence=242,0,PSRR_worst_case_10Hz_10MHz,50.41766,50.41766,50.41766,50.41766,1,2.58,1.0,5.49,12.63,0.76,13.221216642913454,1.3794120046029643,2.58,1.0,5.49,12.63,0.76,13.221216642913454,1.3794120046029643,0.798247,0.801753,30.3807,47.2615,49.5341,13.4226,69.5084
banba_cal,SKY130-BGR-banba_cal,7,13,325345,ABC,40,-52.04175,52.04175,0,1,0.801654,19.28588,52.0697,64.994,17.1084,69.21608,0,0,0,0,0,0,20.0,1,-52.04175,52.04175,0.801654,19.28588,52.0697,64.994,17.1084,69.21608,60584.23576349765,150000,150000,146811.0,-49.29198271287108,150001,149780,measure_failed=29;no_convergence=192,0,PSRR_worst_case_10Hz_10MHz,52.04175,52.04175,52.04175,52.04175,1,2.045,1.36,2.3600000000000003,11.74,0.7000000000000001,14.596068007645668,1.3134735733471476,2.045,1.36,2.3600000000000003,11.74,0.7000000000000001,14.596068007645668,1.3134735733471476,0.798247,0.801753,30.3807,47.2615,49.5341,13.4226,69.5084
banba_cal,SKY130-BGR-banba_cal,7,14,326345,ABC,40,-50.1406,50.1406,0,1,0.8017386,14.50106,56.3485,62.974,15.288,68.59129,0,0,0,0,0,0,202.0,1,-50.1406,50.1406,0.8017386,14.50106,56.3485,62.974,15.288,68.59129,59656.85438582301,150000,150000,144330.0,-45.3902790758605,150001,149664,measure_failed=46;no_convergence=291,0,PSRR_worst_case_10Hz_10MHz,50.1406,50.1406,50.1406,50.1406,1,3.34,1.0,1.0,17.29,0.7000000000000001,14.376945133912592,1.134644503480218,3.34,1.0,1.0,17.29,0.7000000000000001,14.376945133912592,1.134644503480218,0.798247,0.801753,30.3807,47.2615,49.5341,13.4226,69.5084
banba_cal,SKY130-BGR-banba_cal,7,15,327345,ABC,40,-51.50764,51.50764,0,1,0.8017013,15.55404,55.802,64.745,16.127,64.6641,0,0,0,0,0,0,29.0,1,-51.50764,51.50764,0.8017013,15.55404,55.802,64.745,16.127,64.6641,53641.66034740955,150000,150000,59930.0,-50.086529181227874,150001,149853,measure_failed=42;no_convergence=106,0,PSRR_worst_case_10Hz_10MHz,51.50764,51.51975,51.50764,51.51975,1,2.785,1.0,1.0,14.715,0.7000000000000001,13.014266886126697,1.2379963022611078,2.785,1.0,1.0,14.715,0.7000000000000001,13.014266886126697,1.2379963022611078,0.798247,0.801753,30.3807,47.2615,49.5341,13.4226,69.5084
banba_cal,SKY130-BGR-banba_cal,7,16,328345,ABC,40,-50.02421,50.02421,0,1,0.8011362,23.22232,54.2134,61.366,15.0712,69.48623,0,0,0,0,0,0,369.0,1,-50.02421,50.02421,0.8011362,23.22232,54.2134,61.366,15.0712,69.48623,59517.56019794196,150000,150000,147463.0,-46.95044295945307,150001,149625,measure_failed=51;no_convergence=324;timeout=1,0,PSRR_worst_case_10Hz_10MHz,50.02421,50.02601,50.02421,50.02601,1,3.14,2.855,2.08,18.04,0.66,14.690935275246712,1.229998833972693,3.14,2.855,2.08,18.04,0.66,14.690935275246712,1.229998833972693,0.798247,0.801753,30.3807,47.2615,49.5341,13.4226,69.5084
banba_cal,SKY130-BGR-banba_cal,7,17,329345,ABC,40,-50.86246,50.86246,0,1,0.8014815,17.0147,56.1121,63.723,15.4962,66.30793,0,0,0,0,0,0,116.0,1,-50.86246,50.86246,0.8014815,17.0147,56.1121,63.723,15.4962,66.30793,53744.01972597093,150000,150000,111740.0,-48.28536898389323,150001,149823,measure_failed=66;no_convergence=111;timeout=1,1,PSRR_worst_case_10Hz_10MHz,50.86246,50.86246,50.86246,50.86246,1,3.185,1.0,1.0,16.505000000000003,0.68,13.585523167815914,1.2130931198749044,3.185,1.0,1.0,16.505000000000003,0.68,13.585523167815914,1.2130931198749044,0.798247,0.801753,30.3807,47.2615,49.5341,13.4226,69.5084
banba_cal,SKY130-BGR-banba_cal,7,18,330345,ABC,40,-50.40802,50.40802,0,1,0.8017118,18.75381,52.7028,63.143,19.5094,68.5435,0,0,0,0,0,0,116.0,1,-50.40802,50.40802,0.8017118,18.75381,52.7028,63.143,19.5094,68.5435,53295.49792125076,150000,150000,35746.0,-47.73936595230635,150001,149348,measure_failed=35;no_convergence=618,0,PSRR_worst_case_10Hz_10MHz,50.40802,50.40802,50.40802,50.40802,1,1.92,1.0,3.9,10.585,0.885,14.37193096653939,1.3148437050395918,1.92,1.0,3.9,10.585,0.885,14.37193096653939,1.3148437050395918,0.798247,0.801753,30.3807,47.2615,49.5341,13.4226,69.5084
banba_cal,SKY130-BGR-banba_cal,7,19,331345,ABC,40,-49.76953,49.76953,0,1,0.8017319,14.95626,56.0121,63.602,15.2969,68.39213,0,0,0,0,0,0,21.0,1,-49.76953,49.76953,0.8017319,14.95626,56.0121,63.602,15.2969,68.39213,65018.66726574302,150000,150000,149874.0,-48.41995079713863,150001,149761,measure_failed=59;no_convergence=178;timeout=3,0,PSRR_worst_case_10Hz_10MHz,49.76953,49.76953,49.76953,49.76953,1,3.14,1.0,1.0,15.965,0.6950000000000001,14.307675948845036,1.1104375716813422,3.14,1.0,1.0,15.965,0.6950000000000001,14.307675948845036,1.1104375716813422,0.798247,0.801753,30.3807,47.2615,49.5341,13.4226,69.5084
banba_cal,SKY130-BGR-banba_cal,7,20,332345,ABC,40,-51.36527,51.36527,0,1,0.8010061,23.74665,52.7613,62.363,15.8901,68.52685,0,0,0,0,0,0,307.0,1,-51.36527,51.36527,0.8010061,23.74665,52.7613,62.363,15.8901,68.52685,50323.93234793842,150000,150000,149787.0,-47.6362990749505,150001,149587,measure_failed=60;no_convergence=353;timeout=1,0,PSRR_worst_case_10Hz_10MHz,51.36527,51.36527,51.36527,51.36527,1,2.885,1.04,2.685,14.525,0.67,14.361131004635654,1.324506127334318,2.885,1.04,2.685,14.525,0.67,14.361131004635654,1.324506127334318,0.798247,0.801753,30.3807,47.2615,49.5341,13.4226,69.5084
banba_cal,SKY130-BGR-banba_cal,7,21,333345,ABC,40,-51.08052,51.08052,0,1,0.8005218,26.73559,52.6092,60.816,16.1645,69.48742,0,0,0,0,0,0,26.0,1,-51.08052,51.08052,0.8005218,26.73559,52.6092,60.816,16.1645,69.48742,53238.32240857929,150000,150000,42473.0,-50.18888776958513,150001,149779,measure_failed=64;no_convergence=158,0,PSRR_worst_case_10Hz_10MHz,51.08052,51.08052,51.08052,51.08052,1,3.08,1.0,4.02,16.185000000000002,0.67,14.70016395454732,1.3511573243212645,3.08,1.0,4.02,16.185000000000002,0.67,14.70016395454732,1.3511573243212645,0.798247,0.801753,30.3807,47.2615,49.5341,13.4226,69.5084
banba_cal,SKY130-BGR-banba_cal,7,22,334345,ABC,40,-51.98632,51.98632,0,1,0.8017478,16.37181,55.3134,64.545,15.4212,69.02357,0,0,0,0,0,0,24.0,1,-51.98632,51.98632,0.8017478,16.37181,55.3134,64.545,15.4212,69.02357,51447.40322008729,150000,150000,44076.0,-50.96596691011273,150001,149768,measure_failed=61;no_convergence=172,0,PSRR_worst_case_10Hz_10MHz,51.98632,51.98632,51.98632,51.98632,1,2.895,1.0,1.0,15.42,0.67,14.524462472774973,1.228766549256536,2.895,1.0,1.0,15.42,0.67,14.524462472774973,1.228766549256536,0.798247,0.801753,30.3807,47.2615,49.5341,13.4226,69.5084
banba_cal,SKY130-BGR-banba_cal,7,23,335345,ABC,40,-50.15474,50.15474,0,1,0.8016663,15.08903,56.3645,62.973,15.2674,68.28689,0,0,0,0,0,0,7.0,1,-50.15474,50.15474,0.8016663,15.08903,56.3645,62.973,15.2674,68.28689,59772.68584551662,150000,150000,135521.0,-49.230418363322414,150001,149607,measure_failed=51;no_convergence=343,0,PSRR_worst_case_10Hz_10MHz,50.15474,50.15474,50.15474,50.15474,1,3.365,1.0,1.0,17.384999999999998,0.6950000000000001,14.271666437498046,1.141517964385654,3.365,1.0,1.0,17.384999999999998,0.6950000000000001,14.271666437498046,1.141517964385654,0.798247,0.801753,30.3807,47.2615,49.5341,13.4226,69.5084
banba_cal,SKY130-BGR-banba_cal,7,24,336345,ABC,40,-50.28003,50.28003,0,1,0.8017506,15.35806,53.2843,62.328,17.547,67.16322,0,0,0,0,0,0,39.0,1,-50.28003,50.28003,0.8017506,15.35806,53.2843,62.328,17.547,67.16322,60263.67757444829,150000,150000,128878.0,-49.62826175502836,150001,149927,measure_failed=38;no_convergence=34;timeout=2,0,PSRR_worst_case_10Hz_10MHz,50.28003,50.28003,50.28003,50.28003,1,2.46,1.15,2.875,12.91,0.795,13.888082840604593,1.2801071711809136,2.46,1.15,2.875,12.91,0.795,13.888082840604593,1.2801071711809136,0.798247,0.801753,30.3807,47.2615,49.5341,13.4226,69.5084
banba_cal,SKY130-BGR-banba_cal,7,25,337345,ABC,40,-50.49714,50.49714,0,1,0.8014187,17.83126,51.1523,63.666,20.2598,68.32523,0,0,0,0,0,0,478.0,1,-50.49714,50.49714,0.8014187,17.83126,51.1523,63.666,20.2598,68.32523,62809.47021494061,150000,150000,102226.0,-44.16535860152401,150001,149850,measure_failed=38;no_convergence=113,0,PSRR_worst_case_10Hz_10MHz,50.49714,50.49714,50.49714,50.49714,1,1.585,1.0,4.015000000000001,8.02,0.875,14.29984685875357,1.351103388900255,1.585,1.0,4.015000000000001,8.02,0.875,14.29984685875357,1.351103388900255,0.798247,0.801753,30.3807,47.2615,49.5341,13.4226,69.5084
banba_cal,SKY130-BGR-banba_cal,7,26,338345,ABC,40,-49.8094,49.8094,0,1,0.8014256,16.82456,53.918,61.199,18.3516,68.97258,0,0,0,0,0,0,37.0,1,-49.8094,49.8094,0.8014256,16.82456,53.918,61.199,18.3516,68.97258,60229.01605081931,150000,150000,24607.0,-49.39390191604611,150001,149276,measure_failed=92;no_convergence=633,0,PSRR_worst_case_10Hz_10MHz,49.8094,49.8094,49.8094,49.8094,1,2.425,1.0,4.21,12.73,0.855,14.522894616861818,1.279462733315022,2.425,1.0,4.21,12.73,0.855,14.522894616861818,1.279462733315022,0.798247,0.801753,30.3807,47.2615,49.5341,13.4226,69.5084
banba_cal,SKY130-BGR-banba_cal,7,27,339345,ABC,40,-50.22373,50.22373,0,1,0.8017491,14.90529,56.0706,63.21,15.1652,69.48419,0,0,0,0,0,0,1.0,1,-50.22373,50.22373,0.8017491,14.90529,56.0706,63.21,15.1652,69.48419,62352.17644358054,150000,150000,112382.0,-49.00125533486223,150001,149844,measure_failed=61;no_convergence=96,0,PSRR_worst_case_10Hz_10MHz,50.22373,50.22373,50.22373,50.22373,1,3.27,1.0,1.0,16.915,0.6900000000000001,14.686029337694604,1.1433805495354687,3.27,1.0,1.0,16.915,0.6900000000000001,14.686029337694604,1.1433805495354687,0.798247,0.801753,30.3807,47.2615,49.5341,13.4226,69.5084
banba_cal,SKY130-BGR-banba_cal,7,28,340345,ABC,40,-50.44064,50.44064,0,1,0.8017523,13.93916,56.3119,63.738,15.9344,64.64671,0,0,0,0,0,0,22.0,1,-50.44064,50.44064,0.8017523,13.93916,56.3119,63.738,15.9344,64.64671,61265.7431649752,150000,150000,123425.0,-50.11092175467836,150001,149862,measure_failed=40;no_convergence=99,0,PSRR_worst_case_10Hz_10MHz,50.44064,50.44064,50.44064,50.44064,1,3.0,1.0,1.0,14.775,0.7250000000000001,13.009598495011334,1.196691407889937,3.0,1.0,1.0,14.775,0.7250000000000001,13.009598495011334,1.196691407889937,0.798247,0.801753,30.3807,47.2615,49.5341,13.4226,69.5084
banba_cal,SKY130-BGR-banba_cal,7,29,341345,ABC,40,-50.23815,50.23815,0,1,0.8017338,15.22987,53.2995,61.633,16.9129,69.44333,0,0,0,0,0,0,25.0,1,-50.23815,50.23815,0.8017338,15.22987,53.2995,61.633,16.9129,69.44333,63920.149088870734,150000,150000,103736.0,-49.66002187447916,150001,149786,measure_failed=46;no_convergence=168;timeout=1,0,PSRR_worst_case_10Hz_10MHz,50.23815,50.23815,50.23815,50.23815,1,2.68,1.12,2.9450000000000003,13.98,0.775,14.678722311140769,1.263597311008049,2.68,1.12,2.9450000000000003,13.98,0.775,14.678722311140769,1.263597311008049,0.798247,0.801753,30.3807,47.2615,49.5341,13.4226,69.5084
banba_cal,SKY130-BGR-banba_cal,7,0,312345,ACO,40,-21.36083,21.36083,0,1,0.8017445,30.37845,47.2619,70.063,25.3299,31.69541,0,0,0,0,0,0,17.0,1,-21.36083,21.36083,0.8017445,30.37845,47.2619,70.063,25.3299,31.69541,61402.65058333427,150000,150000,131400.0,-21.300531472609816,150001,149984,measure_failed=8;no_convergence=6;timeout=3,0,PSRR_worst_case_10Hz_10MHz,21.36083,39.81597,21.36083,39.81597,1,9.395,8.645,24.7,31.985,8.0,1.5828743090886648,0.9000080360011444,9.395,8.645,24.7,31.985,8.0,1.5828743090886648,0.9000080360011444,0.798247,0.801753,30.3807,47.2615,49.5341,13.4226,69.5084
banba_cal,SKY130-BGR-banba_cal,7,1,313345,ACO,40,-22.63264,22.63264,0,1,0.7997104,30.37842,47.2655,67.864,27.5391,41.67729,0,0,0,0,0,0,30.0,1,-22.63264,22.63264,0.7997104,30.37842,47.2655,67.864,27.5391,41.67729,52638.33301670104,150000,150000,136200.0,-22.53518547072314,150001,149978,measure_failed=5;no_convergence=12;timeout=6,1,PSRR_worst_case_10Hz_10MHz,22.63264,44.28938,22.63264,44.28938,1,5.04,1.0,39.99,20.565,5.890000000000001,5.07830726239824,0.959873148863044,5.04,1.0,39.99,20.565,5.890000000000001,5.07830726239824,0.959873148863044,0.798247,0.801753,30.3807,47.2615,49.5341,13.4226,69.5084
banba_cal,SKY130-BGR-banba_cal,7,2,314345,ACO,40,-21.3345,21.3345,1,0,0.801753,30.38191,47.2615,67.113,24.8667,30.98351,0,1,0,0,0,0,3.0,1,-21.3345,21.3345,0.801753,30.3804,47.2615,67.113,24.8667,30.98351,48082.04588934779,150000,150000,65440.0,-21.310689943766288,150001,149980,measure_failed=8;no_convergence=12;timeout=1,0,PSRR_worst_case_10Hz_10MHz,21.3345,39.22014,21.3345,39.22014,1,11.065,11.57,32.075,35.39,8.0,1.334778043834687,0.9,11.065,11.57,32.075,35.39,8.0,1.334778036151003,0.9,0.798247,0.801753,30.3807,47.2615,49.5341,13.4226,69.5084
banba_cal,SKY130-BGR-banba_cal,7,3,315345,ACO,40,-22.63098,22.63098,0,1,0.7997163,30.38047,47.2617,67.868,27.6298,41.33214,0,0,0,0,0,0,88.0,1,-22.63098,22.63098,0.7997163,30.38047,47.2617,67.868,27.6298,41.33214,61121.51975754648,150000,150000,145280.0,-20.84415591103941,150001,149955,measure_failed=14;no_convergence=31;timeout=1,0,PSRR_worst_case_10Hz_10MHz,22.63098,44.20074,22.63098,44.20074,1,5.065,1.0,40.0,20.65,5.905,4.958343684922049,0.929469469877696,5.065,1.0,40.0,20.65,5.905,4.958343684922049,0.929469469877696,0.798247,0.801753,30.3807,47.2615,49.5341,13.4226,69.5084
banba_cal,SKY130-BGR-banba_cal,7,4,316345,ACO,40,-21.33618,21.33618,0,1,0.8017528,30.38041,47.2615,67.062,24.9297,30.96184,0,0,0,0,0,0,10.0,1,-21.33618,21.33618,0.8017528,30.38041,47.2615,67.062,24.9297,30.96184,43761.31580951065,150000,150000,42840.0,-21.28083698886659,150001,149976,measure_failed=8;no_convergence=17,0,PSRR_worst_case_10Hz_10MHz,21.33618,39.19984,21.33618,39.19984,1,11.135,11.48,32.395,35.52,8.0,1.3272302489920529,0.9,11.135,11.48,32.395,35.52,8.0,1.3272302532816094,0.9,0.798247,0.801753,30.3807,47.2615,49.5341,13.4226,69.5084
banba_cal,SKY130-BGR-banba_cal,7,5,317345,ACO,40,-21.33874,21.33874,1,0,0.8017529,30.39325,47.2615,66.969,25.0419,30.92175,0,1,0,0,0,0,40.0,1,-21.33874,21.33874,0.8017529,30.37965,47.2615,66.969,25.0419,30.92175,60212.70515343547,150000,150000,50480.0,-21.27649789951933,150001,149975,measure_failed=8;no_convergence=17;timeout=1,0,PSRR_worst_case_10Hz_10MHz,21.33874,39.16206,21.33874,39.16206,1,11.27,11.315,32.99,35.755,8.0,1.31325425226218,0.9,11.27,11.315,32.99,35.755,8.0,1.3132542453957965,0.9,0.798247,0.801753,30.3807,47.2615,49.5341,13.4226,69.5084
banba_cal,SKY130-BGR-banba_cal,7,6,318345,ACO,40,-21.33713,21.33713,0,1,0.8017528,30.37965,47.2615,67.028,24.9686,30.9478,0,0,0,0,0,0,12.0,1,-21.33713,21.33713,0.8017528,30.37965,47.2615,67.028,24.9686,30.9478,62414.9442653358,150000,150000,147400.0,-21.308496283675225,150001,149988,measure_failed=1;no_convergence=12,0,PSRR_worst_case_10Hz_10MHz,21.33713,39.18632,21.33713,39.18632,1,11.18,11.43,32.61,35.61,8.0,1.3223295041297778,0.9000000163125884,11.18,11.43,32.61,35.61,8.0,1.3223295041297778,0.9000000163125884,0.798247,0.801753,30.3807,47.2615,49.5341,13.4226,69.5084
banba_cal,SKY130-BGR-banba_cal,7,7,319345,ACO,40,-21.32822,21.32822,0,1,0.8017527,30.38041,47.2615,67.249,24.7042,31.04179,0,0,0,0,0,0,8.0,1,-21.32822,21.32822,0.8017527,30.38041,47.2615,67.249,24.7042,31.04179,66151.08529885858,150000,150000,91920.0,-21.266455694937967,150001,149989,measure_failed=5;no_convergence=4;timeout=3,0,PSRR_worst_case_10Hz_10MHz,21.32822,39.27427,21.32822,39.27427,1,10.885,11.795,31.26,35.05,8.0,1.3550973422343746,0.9000005454742898,10.885,11.795,31.26,35.05,8.0,1.3550973422343746,0.9000005454742898,0.798247,0.801753,30.3807,47.2615,49.5341,13.4226,69.5084
banba_cal,SKY130-BGR-banba_cal,7,8,320345,ACO,40,-21.33985,21.33985,0,1,0.8017528,30.38041,47.2615,66.838,25.2138,30.86338,0,0,0,0,0,0,89.0,1,-21.33985,21.33985,0.8017528,30.38041,47.2615,66.838,25.2138,30.86338,62303.16352510452,150000,150000,41160.0,-19.63167457347716,150001,149974,measure_failed=6;no_convergence=20;timeout=1,1,PSRR_worst_case_10Hz_10MHz,21.33985,39.10475,21.33985,39.10475,1,11.47,11.075,33.94,36.14,8.0,1.292899671098191,0.9000002010371196,11.47,11.075,33.94,36.14,8.0,1.292899671098191,0.9000002010371196,0.798247,0.801753,30.3807,47.2615,49.5341,13.4226,69.5084
banba_cal,SKY130-BGR-banba_cal,7,9,321345,ACO,40,-21.33989,21.33989,1,0,0.8017527,30.38192,47.2615,66.85,25.1946,30.86939,0,1,0,0,0,0,17.0,1,-21.33989,21.33989,0.8017527,30.34639,47.2615,66.85,25.1946,30.86939,61905.82586517185,150000,150000,41600.0,-21.30810071010473,150001,149980,measure_failed=11;no_convergence=10,0,PSRR_worst_case_10Hz_10MHz,21.33989,39.11095,21.33989,39.11095,1,11.45,11.1,33.835,36.095,8.0,1.2950017036587518,0.9,11.45,11.1,33.835,36.095,8.0,1.2950017046915412,0.9,0.798247,0.801753,30.3807,47.2615,49.5341,13.4226,69.5084
banba_cal,SKY130-BGR-banba_cal,7,10,322345,ACO,40,-21.33352,21.33352,0,1,0.801753,30.37737,47.2615,67.14,24.8358,30.99472,0,0,0,0,0,0,201.0,1,-21.33352,21.33352,0.801753,30.37737,47.2615,67.14,24.8358,30.99472,72361.57684732229,150000,150000,105840.0,-19.60175973293155,150001,149984,measure_failed=5;no_convergence=12,0,PSRR_worst_case_10Hz_10MHz,21.33352,39.23074,21.33352,39.23074,1,11.03,11.61,31.91,35.32,8.0,1.3386891063410185,0.9000000594556656,11.03,11.61,31.91,35.32,8.0,1.3386891063410185,0.9000000594556656,0.798247,0.801753,30.3807,47.2615,49.5341,13.4226,69.5084
banba_cal,SKY130-BGR-banba_cal,7,11,323345,ACO,40,-21.33898,21.33898,0,1,0.8017528,30.38041,47.2615,66.948,25.0709,30.91225,0,0,0,0,0,0,20.0,1,-21.33898,21.33898,0.8017528,30.38041,47.2615,66.948,25.0709,30.91225,66202.29915561527,150000,150000,86600.0,-21.315056439476265,150001,149988,measure_failed=2;no_convergence=11,0,PSRR_worst_case_10Hz_10MHz,21.33898,39.15247,21.33898,39.15247,1,11.3,11.28,33.15,35.825,8.0,1.309942435758792,0.900000481981689,11.3,11.28,33.15,35.825,8.0,1.309942435758792,0.900000481981689,0.798247,0.801753,30.3807,47.2615,49.5341,13.4226,69.5084
banba_cal,SKY130-BGR-banba_cal,7,12,324345,ACO,40,-22.65497,22.65497,0,1,0.7997047,30.35742,47.271,67.777,27.5269,41.57357,0,0,0,0,0,0,30.0,1,-22.65497,22.65497,0.7997047,30.35742,47.271,67.777,27.5269,41.57357,70790.36120862514,150000,150000,38240.0,-22.57997454871366,150001,149985,measure_failed=5;no_convergence=11,0,PSRR_worst_case_10Hz_10MHz,22.65497,44.27404,22.65497,44.27404,1,5.055,1.005,39.995,20.43,5.885000000000001,5.042408013964846,0.9500683863709916,5.055,1.005,39.995,20.43,5.885000000000001,5.042408013964846,0.9500683863709916,0.798247,0.801753,30.3807,47.2615,49.5341,13.4226,69.5084
banba_cal,SKY130-BGR-banba_cal,7,13,325345,ACO,40,-21.3382,21.3382,0,1,0.8017522,30.37967,47.2615,66.683,25.392,30.80286,0,0,0,0,0,0,20.0,1,-21.3382,21.3382,0.8017522,30.37967,47.2615,66.683,25.392,30.80286,72512.19012218714,150000,150000,120440.0,-21.27892555029,150001,149991,measure_failed=5;no_convergence=5,0,PSRR_worst_case_10Hz_10MHz,21.3382,39.04479,21.3382,39.04479,1,11.695,10.81,34.980000000000004,36.54,8.0,1.2718045250697088,0.9,11.695,10.81,34.980000000000004,36.54,8.0,1.2718045250697088,0.9,0.798247,0.801753,30.3807,47.2615,49.5341,13.4226,69.5084
banba_cal,SKY130-BGR-banba_cal,7,14,326345,ACO,40,-21.33986,21.33986,0,1,0.801753,30.3804,47.2615,66.816,25.2434,30.85321,0,0,0,0,0,0,124.0,1,-21.33986,21.33986,0.801753,30.3804,47.2615,66.816,25.2434,30.85321,69298.09881664068,150000,150000,88200.0,-17.981077106647373,150001,149985,measure_failed=4;no_convergence=12,0,PSRR_worst_case_10Hz_10MHz,21.33986,39.09442,21.33986,39.09442,1,11.505,11.035,34.11,36.21,8.0,1.289352729901354,0.9000001712387209,11.505,11.035,34.11,36.21,8.0,1.289352729901354,0.9000001712387209,0.798247,0.801753,30.3807,47.2615,49.5341,13.4226,69.5084
banba_cal,SKY130-BGR-banba_cal,7,15,327345,ACO,40,-21.33896,21.33896,1,0,0.801753,30.38115,47.2615,66.952,25.0669,30.91369,0,1,0,0,0,0,29.0,1,-21.33896,21.33896,0.801753,30.37586,47.2615,66.952,25.0669,30.91369,61881.2052667588,150000,150000,32520.0,-21.31347048690325,150001,149978,measure_failed=5;no_convergence=15;timeout=3,0,PSRR_worst_case_10Hz_10MHz,21.33896,39.15385,21.33896,39.15385,1,11.295,11.285,33.125,35.815,8.0,1.310442400266914,0.9,11.295,11.285,33.125,35.815,8.0,1.3104423983661388,0.9,0.798247,0.801753,30.3807,47.2615,49.5341,13.4226,69.5084
banba_cal,SKY130-BGR-banba_cal,7,16,328345,ACO,40,-21.33873,21.33873,0,1,0.801753,30.37964,47.2615,66.965,25.0501,30.91948,0,0,0,0,0,0,84.0,1,-21.33873,21.33873,0.801753,30.37964,47.2615,66.965,25.0501,30.91948,60165.29301453382,150000,150000,69760.0,-19.634789492696623,150001,149982,measure_failed=7;no_convergence=12,0,PSRR_worst_case_10Hz_10MHz,21.33873,39.15934,21.33873,39.15934,1,11.275,11.31,33.035000000000004,35.78,8.0,1.3124580815897224,0.9000000103026732,11.275,11.31,33.035000000000004,35.78,8.0,1.3124580815897224,0.9000000103026732,0.798247,0.801753,30.3807,47.2615,49.5341,13.4226,69.5084
banba_cal,SKY130-BGR-banba_cal,7,17,329345,ACO,40,-60.39413,60.39413,0,1,0.801016,30.36901,50.9217,70.188,15.9119,68.93676,0,0,0,0,0,0,182.0,1,-60.39413,60.39413,0.801016,30.36901,50.9217,70.188,15.9119,68.93676,69102.42839019,150000,150000,137920.0,-55.38369733811557,150001,149897,measure_failed=16;no_convergence=84;timeout=4,0,PSRR_worst_case_10Hz_10MHz,60.39413,60.39413,60.39413,60.39413,1,1.66,1.005,1.35,7.685,0.6,14.497364774171324,1.2953890730419209,1.66,1.005,1.35,7.685,0.6,14.497364774171324,1.2953890730419209,0.798247,0.801753,30.3807,47.2615,49.5341,13.4226,69.5084
banba_cal,SKY130-BGR-banba_cal,7,18,330345,ACO,40,-21.3393,21.3393,0,1,0.8017529,30.37889,47.2615,66.756,25.3172,30.82835,0,0,0,0,0,0,101.0,1,-21.3393,21.3393,0.8017529,30.37889,47.2615,66.756,25.3172,30.82835,60653.86023712158,150000,150000,55000.0,-19.59486277101848,150001,149972,measure_failed=12;no_convergence=17,0,PSRR_worst_case_10Hz_10MHz,21.3393,39.06956,21.3393,39.06956,1,11.595,10.93,34.54,36.38,8.0,1.2806825286517365,0.9,11.595,10.93,34.54,36.38,8.0,1.2806825286517365,0.9,0.798247,0.801753,30.3807,47.2615,49.5341,13.4226,69.5084
banba_cal,SKY130-BGR-banba_cal,7,19,331345,ACO,40,-21.3353,21.3353,0,1,0.8017492,30.37979,47.2615,67.089,24.895,30.97352,0,0,0,0,0,0,21.0,1,-21.3353,21.3353,0.8017492,30.37979,47.2615,67.089,24.895,30.97352,70387.62686685473,150000,150000,148040.0,-21.25851433772892,150001,149974,measure_failed=11;no_convergence=9;timeout=7,1,PSRR_worst_case_10Hz_10MHz,21.3353,39.21058,21.3353,39.21058,1,11.095,11.535,32.225,35.455,8.0,1.3313418823741423,0.9,11.095,11.535,32.225,35.455,8.0,1.3313418823741423,0.9,0.798247,0.801753,30.3807,47.2615,49.5341,13.4226,69.5084
banba_cal,SKY130-BGR-banba_cal,7,20,332345,ACO,40,-22.63468,22.63468,0,1,0.7997211,30.35907,47.2631,67.916,27.5986,41.54425,0,0,0,0,0,0,56.0,1,-22.63468,22.63468,0.7997211,30.35907,47.2631,67.916,27.5986,41.54425,57367.13842073828,150000,150000,70760.0,-20.89241527259182,150001,149986,measure_failed=2;no_convergence=13,0,PSRR_worst_case_10Hz_10MHz,22.63468,44.24042,22.63468,44.24042,1,5.035,1.005,39.975,20.65,5.8950000000000005,5.031957232486554,0.9881992750565716,5.035,1.005,39.975,20.65,5.8950000000000005,5.031957232486554,0.9881992750565716,0.798247,0.801753,30.3807,47.2615,49.5341,13.4226,69.5084
banba_cal,SKY130-BGR-banba_cal,7,21,333345,ACO,40,-21.33985,21.33985,0,1,0.801753,30.3804,47.2615,66.812,25.2473,30.8518,0,0,0,0,0,0,26.0,1,-21.33985,21.33985,0.801753,30.3804,47.2615,66.812,25.2473,30.8518,53889.04060970247,150000,150000,22440.0,-21.284408700758004,150001,149987,measure_failed=3;no_convergence=11,0,PSRR_worst_case_10Hz_10MHz,21.33985,39.09302,21.33985,39.09302,1,11.51,11.03,34.135,36.22,8.0,1.2888633099522284,0.9,11.51,11.03,34.135,36.22,8.0,1.2888633118197608,0.9,0.798247,0.801753,30.3807,47.2615,49.5341,13.4226,69.5084
banba_cal,SKY130-BGR-banba_cal,7,22,334345,ACO,40,-21.33752,21.33752,0,1,0.801753,30.3804,47.2615,66.644,25.435,30.78846,0,0,0,0,0,0,24.0,1,-21.33752,21.33752,0.801753,30.3804,47.2615,66.644,25.435,30.78846,62645.21904785186,150000,150000,143360.0,-21.26321703014687,150001,149982,measure_failed=3;no_convergence=16,0,PSRR_worst_case_10Hz_10MHz,21.33752,39.02925,21.33752,39.02925,1,11.745,10.755,35.24,36.65,8.0,1.266773618125007,0.9,11.745,10.755,35.24,36.65,8.0,1.266773618125007,0.9,0.798247,0.801753,30.3807,47.2615,49.5341,13.4226,69.5084
banba_cal,SKY130-BGR-banba_cal,7,23,335345,ACO,40,-21.32943,21.32943,0,1,0.8017527,30.38041,47.2615,67.225,24.7315,31.03171,0,0,0,0,0,0,7.0,1,-21.32943,21.32943,0.8017527,30.38041,47.2615,67.225,24.7315,31.03173,55754.22315996885,150000,150000,36240.0,-21.295962443116284,150001,149985,measure_failed=5;no_convergence=11,0,PSRR_worst_case_10Hz_10MHz,21.32943,39.26492,21.32943,39.26492,1,10.915,11.76,31.4,35.11,8.0,1.351588457235675,0.9,10.915,11.76,31.4,35.11,8.0,1.3515884588666411,0.9,0.798247,0.801753,30.3807,47.2615,49.5341,13.4226,69.5084
banba_cal,SKY130-BGR-banba_cal,7,24,336345,ACO,40,-21.33844,21.33844,0,1,0.8017528,30.37889,47.2615,66.693,25.3824,30.80601,0,0,0,0,0,0,39.0,1,-21.33844,21.33844,0.8017528,30.38041,47.2615,66.693,25.3824,30.80603,58393.57734923065,150000,150000,24400.0,-21.30561261420076,150001,149980,measure_failed=2;no_convergence=19,0,PSRR_worst_case_10Hz_10MHz,21.33844,39.04741,21.33844,39.04742,1,11.68,10.83,34.925,36.525,8.0,1.2728991235170044,0.9,11.68,10.83,34.925,36.525,8.0,1.2729002758064192,0.9000001838841817,0.798247,0.801753,30.3807,47.2615,49.5341,13.4226,69.5084
banba_cal,SKY130-BGR-banba_cal,7,25,337345,ACO,40,-22.6477,22.6477,0,1,0.7997351,30.37824,47.279,67.956,27.5926,41.6959,0,0,0,0,0,0,84.0,1,-22.6477,22.6477,0.7997351,30.37824,47.279,67.956,27.5926,41.6959,62078.226220846176,150000,150000,101360.0,-20.87279273675158,150001,149972,measure_failed=7;no_convergence=22,0,PSRR_worst_case_10Hz_10MHz,22.6477,44.27251,22.6477,44.27251,1,5.0,1.0,40.0,20.66,5.880000000000001,5.084477213412193,0.9374746166207872,5.0,1.0,40.0,20.66,5.880000000000001,5.084477213412193,0.9374746166207872,0.798247,0.801753,30.3807,47.2615,49.5341,13.4226,69.5084
banba_cal,SKY130-BGR-banba_cal,7,26,338345,ACO,40,-21.35909,21.35909,0,1,0.8017509,30.37745,47.2629,70.037,25.3761,31.67068,0,0,0,0,0,0,37.0,1,-21.35909,21.35909,0.8017509,30.37745,47.2629,70.037,25.3761,31.67068,71074.82398596033,150000,150000,117760.0,-21.277148321022143,150001,149987,measure_failed=5;no_convergence=8;timeout=1,0,PSRR_worst_case_10Hz_10MHz,21.35909,39.79196,21.35909,39.79196,1,9.42,8.64,24.885,32.14,8.0,1.5741737996347562,0.9000275188503679,9.42,8.64,24.885,32.14,8.0,1.5741737996347562,0.9000275188503679,0.798247,0.801753,30.3807,47.2615,49.5341,13.4226,69.5084
banba_cal,SKY130-BGR-banba_cal,7,27,339345,ACO,40,-21.33735,21.33735,0,1,0.8017529,30.3804,47.2615,67.023,24.9773,30.94488,0,0,0,0,0,0,1.0,1,-21.33735,21.33735,0.8017529,30.35772,47.2615,67.023,24.9773,30.94488,62158.34235942736,150000,150000,28680.0,-21.299405037060254,150001,149986,measure_failed=7;no_convergence=7;timeout=1,0,PSRR_worst_case_10Hz_10MHz,21.33735,39.18363,21.33735,39.18363,1,11.19,11.415,32.650000000000006,35.625,8.0,1.3213146205166442,0.9,11.19,11.415,32.650000000000006,35.625,8.0,1.3213146221511012,0.9,0.798247,0.801753,30.3807,47.2615,49.5341,13.4226,69.5084
banba_cal,SKY130-BGR-banba_cal,7,28,340345,ACO,40,-21.33735,21.33735,0,1,0.8017529,30.3804,47.2615,67.023,24.9773,30.94488,0,0,0,0,0,0,22.0,1,-21.33735,21.33735,0.8017529,30.3804,47.2615,67.023,24.9773,30.94488,55892.78002864122,150000,150000,20600.0,-21.26462667757785,150001,149981,measure_failed=7;no_convergence=11;timeout=2,0,PSRR_worst_case_10Hz_10MHz,21.33735,39.18363,21.33735,39.18363,1,11.19,11.415,32.650000000000006,35.625,8.0,1.3213147386852924,0.900000003347442,11.19,11.415,32.650000000000006,35.625,8.0,1.321314743387562,0.900000003125473,0.798247,0.801753,30.3807,47.2615,49.5341,13.4226,69.5084
banba_cal,SKY130-BGR-banba_cal,7,29,341345,ACO,40,-21.33795,21.33795,1,0,0.801753,30.38115,47.2615,66.999,25.0084,30.93428,0,1,0,0,0,0,25.0,1,-21.33795,21.33795,0.801753,30.37964,47.2615,66.999,25.0084,30.93428,68742.94951101765,150000,150000,44080.0,-21.317304318628796,150001,149978,measure_failed=7;no_convergence=16,0,PSRR_worst_case_10Hz_10MHz,21.33795,39.17348,21.33795,39.17348,1,11.225,11.37,32.81,35.69,8.0,1.3176194774642596,0.9,11.225,11.37,32.81,35.69,8.0,1.317619477411738,0.9,0.798247,0.801753,30.3807,47.2615,49.5341,13.4226,69.5084
banba_cal,SKY130-BGR-banba_cal,7,0,312345,FA,40,-21.27583,21.27583,0,1,0.8016909,30.37595,47.2615,66.916,24.6882,31.06494,0,0,0,0,0,0,17.0,1,-21.27583,21.27583,0.8016909,30.37595,47.2615,66.916,24.6882,31.06494,12673.917330786586,150000,150000,16517.0,-21.22358776658511,150001,150001,,0,PSRR_worst_case_10Hz_10MHz,21.27583,39.31274,21.27583,39.31274,1,10.8,11.965,32.08,34.730000000000004,7.935,1.3639942362925692,0.9000618796743193,10.8,11.965,32.08,34.730000000000004,7.935,1.3639942362925692,0.9000618796743193,0.798247,0.801753,30.3807,47.2615,49.5341,13.4226,69.5084
banba_cal,SKY130-BGR-banba_cal,7,1,313345,FA,40,-22.5117,22.5117,0,1,0.7999425,30.38021,47.2618,68.952,27.5517,40.82724,0,0,0,0,0,0,30.0,1,-22.5117,22.5117,0.7999425,30.38021,47.2618,68.952,27.5517,40.82724,38996.00818406045,150000,150000,10845.0,-22.466581442262957,150001,150001,,0,PSRR_worst_case_10Hz_10MHz,22.5117,44.02277,22.5117,44.02277,1,5.14,1.0,35.135,20.935,6.050000000000001,4.780033692405216,0.9352945409143276,5.14,1.0,35.135,20.935,6.050000000000001,4.780033692405216,0.9352945409143276,0.798247,0.801753,30.3807,47.2615,49.5341,13.4226,69.5084
banba_cal,SKY130-BGR-banba_cal,7,2,314345,FA,40,-21.99679,21.99679,0,1,0.8010239,30.37779,47.2662,73.768,26.7442,39.71957,0,0,0,0,0,0,3.0,1,-21.99679,21.99679,0.8010239,30.37779,47.2662,73.768,26.7442,39.71957,11403.405801266432,150000,150000,14279.0,-21.95851829022193,150001,150001,,0,PSRR_worst_case_10Hz_10MHz,21.99679,43.41243,21.99679,43.41243,1,5.39,1.025,19.38,22.255,6.855,4.381164469349298,0.9126591433322911,5.39,1.025,19.38,22.255,6.855,4.381164469349298,0.9126591433322911,0.798247,0.801753,30.3807,47.2615,49.5341,13.4226,69.5084
banba_cal,SKY130-BGR-banba_cal,7,3,315345,FA,40,-22.13329,22.13329,0,1,0.8007818,30.38016,47.2615,72.909,27.1231,40.85014,0,0,0,0,0,0,560.0,1,-22.13329,22.13329,0.8007818,30.38016,47.2615,72.909,27.1231,40.85014,42988.826898634434,150000,150000,14937.0,-16.93040925119501,150001,149995,no_convergence=3;timeout=3,0,PSRR_worst_case_10Hz_10MHz,22.13329,43.71046,22.13329,43.71046,1,5.07,1.0,23.145,22.42,6.540000000000001,4.776920407669618,0.9587901358344252,5.07,1.0,23.145,22.42,6.540000000000001,4.776920407669618,0.9587901358344252,0.798247,0.801753,30.3807,47.2615,49.5341,13.4226,69.5084
banba_cal,SKY130-BGR-banba_cal,7,4,316345,FA,40,-21.31772,21.31772,0,1,0.8015958,30.38031,47.2615,69.264,25.7473,31.48949,0,0,0,0,0,0,10.0,1,-21.31772,21.31772,0.8015958,30.38031,47.2615,69.264,25.7473,31.48949,43380.15247140825,150000,150000,17040.0,-21.25110636536244,150001,149998,timeout=3,0,PSRR_worst_case_10Hz_10MHz,21.31772,39.81221,21.31772,39.81221,1,10.375,7.125,26.35,31.325,7.995,1.513304020455613,0.9000011441849219,10.375,7.125,26.35,31.325,7.995,1.513304020455613,0.9000011441849219,0.798247,0.801753,30.3807,47.2615,49.5341,13.4226,69.5084
banba_cal,SKY130-BGR-banba_cal,7,5,317345,FA,40,-22.44761,22.44761,0,1,0.8001478,30.28456,47.2628,70.163,28.3859,41.21579,0,0,0,0,0,0,6.0,1,-22.44761,22.44761,0.8001478,30.28456,47.2628,70.163,28.3859,41.21579,44684.655387982726,150000,150000,15908.0,-22.37759478383189,150001,150000,measure_failed=1,0,PSRR_worst_case_10Hz_10MHz,22.44761,43.78721,22.44761,43.78721,1,4.675000000000001,1.0,36.45,22.96,5.99,4.912117459014515,1.0573522694899755,4.675000000000001,1.0,36.45,22.96,5.99,4.912117459014515,1.0573522694899755,0.798247,0.801753,30.3807,47.2615,49.5341,13.4226,69.5084
banba_cal,SKY130-BGR-banba_cal,7,6,318345,FA,40,-21.30813,21.30813,0,1,0.8017524,30.14457,47.2615,66.453,25.5071,30.78819,0,0,0,0,0,0,12.0,1,-21.30813,21.30813,0.8017524,30.14457,47.2615,66.453,25.5071,30.78819,43724.46739218384,150000,150000,17075.0,-21.283512319048796,150001,150001,,0,PSRR_worst_case_10Hz_10MHz,21.30813,38.96671,21.30813,38.96671,1,11.37,11.685,37.025,37.88,7.970000000000001,1.2664371601151498,0.9000034344672253,11.37,11.685,37.025,37.88,7.970000000000001,1.2664371601151498,0.9000034344672253,0.798247,0.801753,30.3807,47.2615,49.5341,13.4226,69.5084
banba_cal,SKY130-BGR-banba_cal,7,7,319345,FA,40,-22.46674,22.46674,0,1,0.8001249,30.37556,47.2633,70.077,27.7374,42.47003,0,0,0,0,0,0,8.0,1,-22.46674,22.46674,0.8001249,30.37556,47.2633,70.077,27.7374,42.47003,24216.519809529185,150000,150000,15280.0,-22.403732843285624,150001,150001,,0,PSRR_worst_case_10Hz_10MHz,22.46674,44.19362,22.46674,44.19362,1,4.720000000000001,1.0,34.78,22.085,5.99,5.348099351552007,1.011442501173891,4.720000000000001,1.0,34.78,22.085,5.99,5.348099351552007,1.011442501173891,0.798247,0.801753,30.3807,47.2615,49.5341,13.4226,69.5084
banba_cal,SKY130-BGR-banba_cal,7,8,320345,FA,40,-45.76297,45.76297,0,1,0.7993735,30.29115,53.1978,54.275000000000006,18.2014,69.50821,0,0,0,0,0,0,176.0,1,-45.76297,45.76297,0.7993735,30.29115,53.1978,54.275000000000006,18.2014,69.50821,37551.729567199945,150000,150000,13511.0,-43.771957253061686,150001,149999,timeout=2,0,PSRR_worst_case_10Hz_10MHz,45.76297,49.62547,45.76297,49.62547,1,3.685,1.0,11.555,20.14,0.7000000000000001,14.723382036943962,1.371873064486436,3.685,1.0,11.555,20.14,0.7000000000000001,14.723382036943962,1.371873064486436,0.798247,0.801753,30.3807,47.2615,49.5341,13.4226,69.5084
banba_cal,SKY130-BGR-banba_cal,7,9,321345,FA,40,-21.24283,21.24283,0,1,0.8015672,30.37988,47.2615,65.556,25.3879,30.76987,0,0,0,0,0,0,17.0,1,-21.24283,21.24283,0.8015672,30.37988,47.2615,65.556,25.3879,30.76987,29003.59640099108,150000,150000,15168.0,-21.20825495696638,150001,150000,timeout=1,1,PSRR_worst_case_10Hz_10MHz,21.24283,39.11298,21.24283,39.11298,1,12.19,10.495,37.965,35.57,7.885000000000001,1.2628567589807351,0.9000009196653579,12.19,10.495,37.965,35.57,7.885000000000001,1.2628567589807351,0.9000009196653579,0.798247,0.801753,30.3807,47.2615,49.5341,13.4226,69.5084
banba_cal,SKY130-BGR-banba_cal,7,10,322345,FA,40,8.90874,-8.90874,0,1,0.7994341,29.74756,51.4851,66.51,28.6769,41.3669,0,0,0,0,0,0,721.0,1,8.90874,-8.90874,0.7994341,29.74756,51.4851,66.51,28.6769,41.3669,42264.69162099064,150000,150000,11556.0,13.919834031793544,150001,149986,measure_failed=7;no_convergence=7;timeout=1,0,PSRR_worst_case_10Hz_10MHz,-8.90874,49.25768,-8.90874,49.25768,1,29.32,39.78,14.63,2.0,3.8,4.9819763018511525,1.5299720848802043,29.32,39.78,14.63,2.0,3.8,4.9819763018511525,1.5299720848802043,0.798247,0.801753,30.3807,47.2615,49.5341,13.4226,69.5084
banba_cal,SKY130-BGR-banba_cal,7,11,323345,FA,40,-21.30925,21.30925,0,1,0.8017512,30.36686,47.2615,69.319,25.1893,31.52104,0,0,0,0,0,0,20.0,1,-21.30925,21.30925,0.8017512,30.36686,47.2615,69.319,25.1893,31.52104,21291.033103719357,150000,150000,16578.0,-21.27533885265901,150001,150001,,0,PSRR_worst_case_10Hz_10MHz,21.30925,39.64737,21.30925,39.64737,1,9.55,9.825,26.71,33.115,7.965000000000001,1.522002627901578,0.9000015238949811,9.55,9.825,26.71,33.115,7.965000000000001,1.522002627901578,0.9000015238949811,0.798247,0.801753,30.3807,47.2615,49.5341,13.4226,69.5084
banba_cal,SKY130-BGR-banba_cal,7,12,324345,FA,40,-22.14115,22.14115,0,1,0.8008466,30.36484,47.2627,73.132,26.7168,42.49926,0,0,0,0,0,0,30.0,1,-22.14115,22.14115,0.8008466,30.36484,47.2627,73.132,26.7168,42.49926,41661.69096315652,150000,150000,17350.0,-22.07210116375776,150001,150001,,0,PSRR_worst_case_10Hz_10MHz,22.14115,44.07506,22.14115,44.07506,1,4.885,1.0,22.59,22.2,6.485,5.348897772299355,0.9414692103777212,4.885,1.0,22.59,22.2,6.485,5.348897772299355,0.9414692103777212,0.798247,0.801753,30.3807,47.2615,49.5341,13.4226,69.5084
banba_cal,SKY130-BGR-banba_cal,7,13,325345,FA,40,-21.26225,21.26225,0,1,0.8017523,29.87094,47.3085,67.437,24.5762,31.15928,0,0,0,0,0,0,20.0,1,-21.26225,21.26225,0.8017523,29.87094,47.3085,67.437,24.5762,31.15928,22008.36759436876,150000,150000,17915.0,-21.212358418475795,150001,150001,,0,PSRR_worst_case_10Hz_10MHz,21.26225,39.3421,21.26225,39.3421,1,10.38,13.0,31.55,36.315,8.0,1.3956086321146708,0.9001650206685488,10.38,13.0,31.55,36.315,8.0,1.3956086321146708,0.9001650206685488,0.798247,0.801753,30.3807,47.2615,49.5341,13.4226,69.5084
banba_cal,SKY130-BGR-banba_cal,7,14,326345,FA,40,-21.31062,21.31062,0,1,0.8017529,29.97069,47.2615,66.51,25.6129,30.77289,0,0,0,0,0,0,43.0,1,-21.31062,21.31062,0.8017529,29.97069,47.2615,66.51,25.6129,30.77289,17539.817540682852,150000,150000,11655.0,-17.95186827572184,150001,150001,,0,PSRR_worst_case_10Hz_10MHz,21.31062,38.9449,21.31062,38.9449,1,11.435,11.635,37.49,38.455,8.0,1.2609742876557215,0.9,11.435,11.635,37.49,38.455,8.0,1.2609742876557215,0.9,0.798247,0.801753,30.3807,47.2615,49.5341,13.4226,69.5084
banba_cal,SKY130-BGR-banba_cal,7,15,327345,FA,40,-21.28768,21.28768,0,1,0.8017353,30.3342,47.2615,66.835,25.9171,30.75957,0,0,0,0,0,0,29.0,1,-21.28768,21.28768,0.8017353,30.3342,47.2615,66.835,25.9171,30.75957,15966.428899124265,150000,150000,14776.0,-21.259763363622422,150001,150001,,0,PSRR_worst_case_10Hz_10MHz,21.28768,39.01913,21.28768,39.01913,1,11.965,9.44,35.715,36.61,8.0,1.2569596286342866,0.9000170571862636,11.965,9.44,35.715,36.61,8.0,1.2569596286342866,0.9000170571862636,0.798247,0.801753,30.3807,47.2615,49.5341,13.4226,69.5084
banba_cal,SKY130-BGR-banba_cal,7,16,328345,FA,40,-21.11891,21.11891,0,1,0.8017417,30.37705,47.2615,67.551,26.7147,30.81897,0,0,0,0,0,0,97.0,1,-21.11891,21.11891,0.8017417,30.37705,47.2615,67.551,26.7147,30.81897,48939.82802085578,150000,150000,13667.0,-19.418657520550138,150001,149996,timeout=5,0,PSRR_worst_case_10Hz_10MHz,21.11891,39.03605,21.11891,39.03605,1,11.45,8.01,35.65,36.685,7.955000000000001,1.2775263011373588,0.9273514755270956,11.45,8.01,35.65,36.685,7.955000000000001,1.2775263011373588,0.9273514755270956,0.798247,0.801753,30.3807,47.2615,49.5341,13.4226,69.5084
banba_cal,SKY130-BGR-banba_cal,7,17,329345,FA,40,-22.39934,22.39934,0,1,0.8000952,30.37517,47.2652,69.63,27.2077,40.64234,0,0,0,0,0,0,433.0,1,-22.39934,22.39934,0.8000952,30.37517,47.2652,69.63,27.2077,40.64234,48269.18459650874,150000,150000,9305.0,-20.67906696914646,150001,150000,no_convergence=1,0,PSRR_worst_case_10Hz_10MHz,22.39934,43.99668,22.39934,43.99668,1,5.285,1.0,31.125,20.72,6.1850000000000005,4.713864615874007,0.9334154307363142,5.285,1.0,31.125,20.72,6.1850000000000005,4.713864615874007,0.9334154307363142,0.798247,0.801753,30.3807,47.2615,49.5341,13.4226,69.5084
banba_cal,SKY130-BGR-banba_cal,7,18,330345,FA,40,-22.49214,22.49214,0,1,0.8000506,30.3799,47.2623,69.613,28.3399,40.66493,0,0,0,0,0,0,83.0,1,-22.49214,22.49214,0.8000506,30.3799,47.2623,69.613,28.3399,40.66493,15141.931227087976,150000,150000,13224.0,-20.73583028593524,150001,150001,,0,PSRR_worst_case_10Hz_10MHz,22.49214,43.74821,22.49214,43.74821,1,4.82,1.0,37.34,22.585,6.000000000000001,4.722073579637416,0.97000956972847,4.82,1.0,37.34,22.585,6.000000000000001,4.722073579637416,0.97000956972847,0.798247,0.801753,30.3807,47.2615,49.5341,13.4226,69.5084
banba_cal,SKY130-BGR-banba_cal,7,19,331345,FA,40,-22.33176,22.33176,0,1,0.8002155,30.36531,47.2615,70.211,27.1812,40.40474,0,0,0,0,0,0,21.0,1,-22.33176,22.33176,0.8002155,30.36531,47.2615,70.211,27.1812,40.40474,49505.34824087471,150000,150000,16233.0,-22.21406054197028,150001,150001,,0,PSRR_worst_case_10Hz_10MHz,22.33176,43.89826,22.33176,43.89826,1,5.32,1.0,29.155,20.95,6.275,4.629740589392068,0.9214803749034924,5.32,1.0,29.155,20.95,6.275,4.629740589392068,0.9214803749034924,0.798247,0.801753,30.3807,47.2615,49.5341,13.4226,69.5084
banba_cal,SKY130-BGR-banba_cal,7,20,332345,FA,40,-49.19529,49.19529,0,1,0.7995676,26.69852,53.1001,54.362,18.275,69.5084,0,0,0,0,0,0,65.0,1,-49.19529,49.19529,0.7995676,26.69852,53.1001,54.362,18.275,69.5084,36224.34209989011,150000,150000,18887.0,-47.38328654770031,150001,150001,,0,PSRR_worst_case_10Hz_10MHz,49.19529,49.19529,49.19529,49.19529,1,3.195,1.56,10.625,15.63,0.735,14.724511592183458,1.1389120253050502,3.195,1.56,10.625,15.63,0.735,14.724511592183458,1.1389120253050502,0.798247,0.801753,30.3807,47.2615,49.5341,13.4226,69.5084
banba_cal,SKY130-BGR-banba_cal,7,21,333345,FA,40,-21.19904,21.19904,0,1,0.8017529,29.44533,47.2615,67.668,24.4072,31.30292,0,0,0,0,0,0,26.0,1,-21.19904,21.19904,0.8017529,29.44533,47.2615,67.668,24.4072,31.30292,19139.947160325944,150000,150000,18636.0,-21.132438261155077,150001,150000,timeout=1,0,PSRR_worst_case_10Hz_10MHz,21.19904,39.352,21.19904,39.352,1,9.585,14.82,31.87,37.46,7.995,1.4452288250217709,0.9000053611808008,9.585,14.82,31.87,37.46,7.995,1.4452288250217709,0.9000053611808008,0.798247,0.801753,30.3807,47.2615,49.5341,13.4226,69.5084
banba_cal,SKY130-BGR-banba_cal,7,22,334345,FA,40,-22.56628,22.56628,0,1,0.7998873,30.37549,47.2628,69.003,27.8273,43.19838,0,0,0,0,0,0,24.0,1,-22.56628,22.56628,0.7998873,30.37549,47.2628,69.003,27.8273,43.19838,19832.62275776267,150000,150000,15597.0,-22.4766624957833,150001,150001,,0,PSRR_worst_case_10Hz_10MHz,22.56628,44.39298,22.56628,44.39298,1,4.635,1.0,39.985,21.875,5.835000000000001,5.604156074375037,1.0453454812017178,4.635,1.0,39.985,21.875,5.835000000000001,5.604156074375037,1.0453454812017178,0.798247,0.801753,30.3807,47.2615,49.5341,13.4226,69.5084
banba_cal,SKY130-BGR-banba_cal,7,23,335345,FA,40,-21.25625,21.25625,0,1,0.8017494,30.38054,47.2615,67.857,25.5685,31.13215,0,0,0,0,0,0,7.0,1,-21.25625,21.25625,0.8017494,30.38054,47.2615,67.857,25.5685,31.13215,20185.09301173687,150000,150000,15971.0,-21.22595486596577,150001,150001,,0,PSRR_worst_case_10Hz_10MHz,21.25625,39.28512,21.25625,39.28512,1,10.185,10.575,31.965,35.31,7.895,1.38653601774386,0.9002072355615863,10.185,10.575,31.965,35.31,7.895,1.38653601774386,0.9002072355615863,0.798247,0.801753,30.3807,47.2615,49.5341,13.4226,69.5084
banba_cal,SKY130-BGR-banba_cal,7,24,336345,FA,40,-22.3376,22.3376,0,1,0.8002585,30.35307,47.262,70.615,27.2849,41.85099,0,0,0,0,0,0,39.0,1,-22.3376,22.3376,0.8002585,30.35307,47.262,70.615,27.2849,41.85099,39798.36986456066,150000,150000,15646.0,-22.29766790160268,150001,150000,timeout=1,0,PSRR_worst_case_10Hz_10MHz,22.3376,44.11378,22.3376,44.11378,1,4.975,1.0,30.23,21.52,6.165000000000001,5.131416666122683,1.0735322135001373,4.975,1.0,30.23,21.52,6.165000000000001,5.131416666122683,1.0735322135001373,0.798247,0.801753,30.3807,47.2615,49.5341,13.4226,69.5084
banba_cal,SKY130-BGR-banba_cal,7,25,337345,FA,40,-20.19903,20.19903,0,1,0.8013477,30.36324,47.5992,66.552,26.2341,30.85025,0,0,0,0,0,0,57.0,1,-20.19903,20.19903,0.8013477,30.36324,47.5992,66.552,26.2341,30.85025,19781.50611070171,150000,150000,14181.0,-18.42413841745612,150001,150001,,0,PSRR_worst_case_10Hz_10MHz,20.19903,39.85615,20.19903,39.85615,1,17.225,2.0,31.375,30.675,8.0,1.2944594322847534,1.0057830212383674,17.225,2.0,31.375,30.675,8.0,1.2944594322847534,1.0057830212383674,0.798247,0.801753,30.3807,47.2615,49.5341,13.4226,69.5084
banba_cal,SKY130-BGR-banba_cal,7,26,338345,FA,40,-45.28239,45.28239,0,1,0.7991945,30.3768,52.9839,53.413,19.0504,69.50786,0,0,0,0,0,0,37.0,1,-45.28239,45.28239,0.7991945,30.3768,52.9839,53.413,19.0504,69.50786,29228.039235103875,150000,150000,15343.0,-44.930501099974,150001,150001,,0,PSRR_worst_case_10Hz_10MHz,45.28239,49.65598,45.28239,49.65598,1,3.575,1.0,13.765,19.58,0.7100000000000001,14.72632805942792,1.420913331719324,3.575,1.0,13.765,19.58,0.7100000000000001,14.72632805942792,1.420913331719324,0.798247,0.801753,30.3807,47.2615,49.5341,13.4226,69.5084
banba_cal,SKY130-BGR-banba_cal,7,27,339345,FA,40,-29.85672,29.85672,0,1,0.7992238,29.93056,52.922,49.53899999999999,16.8398,69.5084,0,0,0,0,0,0,1.0,1,-29.85672,29.85672,0.7992238,29.93056,52.922,49.53899999999999,16.8398,69.5084,19484.5068750903,150000,150000,14819.0,-29.49741507452716,150001,149999,measure_failed=2,0,PSRR_worst_case_10Hz_10MHz,29.85672,49.43008,29.85672,49.43008,1,3.225,18.11,21.66,28.59,0.7250000000000001,14.726349333967493,1.351748033135041,3.225,18.11,21.66,28.59,0.7250000000000001,14.726349333967493,1.351748033135041,0.798247,0.801753,30.3807,47.2615,49.5341,13.4226,69.5084
banba_cal,SKY130-BGR-banba_cal,7,28,340345,FA,40,-22.43987,22.43987,0,1,0.8002659,30.20966,47.2619,70.502,27.5811,40.60521,0,0,0,0,0,0,22.0,1,-22.43987,22.43987,0.8002659,30.20966,47.2619,70.502,27.5811,40.60521,20406.610490050167,150000,150000,12573.0,-22.346077762851756,150001,150001,,0,PSRR_worst_case_10Hz_10MHz,22.43987,43.80388,22.43987,43.80388,1,5.055,1.0,30.29,21.48,6.19,4.698736817440338,1.0089551175975198,5.055,1.0,30.29,21.48,6.19,4.698736817440338,1.0089551175975198,0.798247,0.801753,30.3807,47.2615,49.5341,13.4226,69.5084
banba_cal,SKY130-BGR-banba_cal,7,29,341345,FA,40,-15.21205,15.21205,0,1,0.8004347,17.45037,58.5558,58.378,20.7222,42.29419,0,0,0,0,0,0,25.0,1,-15.21205,15.21205,0.8004347,17.45037,58.5558,58.378,20.7222,42.29419,19786.027878023684,150000,150000,18330.0,-15.19791477596517,150001,150001,,0,PSRR_worst_case_10Hz_10MHz,15.21205,47.68121,15.21205,47.68121,1,5.82,8.67,28.87,51.075,0.92,5.270645752198887,1.3209333182591887,5.82,8.67,28.87,51.075,0.92,5.270645752198887,1.3209333182591887,0.798247,0.801753,30.3807,47.2615,49.5341,13.4226,69.5084
banba_cal,SKY130-BGR-banba_cal,7,0,312345,GA,40,-21.91031,21.91031,0,1,0.7999903,30.37158,47.2616,67.085,28.8508,34.80041,0,0,0,0,0,0,17.0,1,-21.91031,21.91031,0.7999903,30.37158,47.2616,67.085,28.8508,34.80041,53696.68272703886,150000,150000,111640.0,-21.81338828725525,150001,149992,measure_failed=2;no_convergence=7,0,PSRR_worst_case_10Hz_10MHz,21.91031,42.14336,21.91031,42.14336,1,6.6850000000000005,1.0,40.0,22.72,6.425000000000001,2.685771292488776,0.930085443077412,6.6850000000000005,1.0,40.0,22.72,6.425000000000001,2.685771292488776,0.930085443077412,0.798247,0.801753,30.3807,47.2615,49.5341,13.4226,69.5084
banba_cal,SKY130-BGR-banba_cal,7,1,313345,GA,40,-54.83296,54.83296,0,1,0.8010938,25.89565,54.1279,67.219,16.013,64.51294,0,0,0,0,0,0,30.0,1,-54.83296,54.83296,0.8010938,25.89565,54.1279,67.219,16.013,64.51294,32779.12269611657,150000,150000,140640.0,-52.25581101532677,150001,150000,no_convergence=1,0,PSRR_worst_case_10Hz_10MHz,54.83296,54.83296,54.83296,54.83296,1,2.3200000000000003,1.005,1.0,12.49,0.62,12.961057566634274,1.3035785034225955,2.3200000000000003,1.005,1.0,12.49,0.62,12.961057566634274,1.3035785034225955,0.798247,0.801753,30.3807,47.2615,49.5341,13.4226,69.5084
banba_cal,SKY130-BGR-banba_cal,7,2,314345,GA,40,-56.05956,56.05956,0,1,0.8014107,26.12892,52.9861,68.028,15.7812,69.15128,0,0,0,0,0,0,3.0,1,-56.05956,56.05956,0.8014107,26.12892,52.9861,68.028,15.7812,69.15128,31943.980050966144,150000,150000,123200.0,-55.16869546903646,150001,150001,,0,PSRR_worst_case_10Hz_10MHz,56.05956,56.05956,56.05956,56.05956,1,2.125,1.0,1.13,11.82,0.61,14.566591010601226,1.302959602950991,2.125,1.0,1.13,11.82,0.61,14.566591010601226,1.302959602950991,0.798247,0.801753,30.3807,47.2615,49.5341,13.4226,69.5084
banba_cal,SKY130-BGR-banba_cal,7,3,315345,GA,40,-54.65746,54.65746,0,1,0.8012272,25.72871,54.0313,66.753,15.371,68.28752,0,0,0,0,0,0,87.0,1,-54.65746,54.65746,0.8012272,25.72871,54.0313,66.753,15.371,68.28752,51900.84642917663,150000,150000,145120.0,-52.17265182134547,150001,149996,measure_failed=2;timeout=3,0,PSRR_worst_case_10Hz_10MHz,54.65746,54.65746,54.65746,54.65746,1,2.505,1.02,1.0,13.55,0.61,14.268349733188629,1.286019607165152,2.505,1.02,1.0,13.55,0.61,14.268349733188629,1.286019607165152,0.798247,0.801753,30.3807,47.2615,49.5341,13.4226,69.5084
banba_cal,SKY130-BGR-banba_cal,7,4,316345,GA,40,-21.3056,21.3056,0,1,0.8017504,30.2724,47.2616,68.32,25.1367,31.23461,0,0,0,0,0,0,10.0,1,-21.3056,21.3056,0.8017504,30.2724,47.2616,68.32,25.1367,31.23461,53430.83401117474,150000,150000,143880.0,-21.213098561843747,150001,149999,timeout=2,0,PSRR_worst_case_10Hz_10MHz,21.3056,39.42768,21.3056,39.42768,1,10.28,10.525,29.35,34.465,8.0,1.4222119440305936,0.9000000000000006,10.28,10.525,29.35,34.465,8.0,1.4222119440305936,0.9000000000000006,0.798247,0.801753,30.3807,47.2615,49.5341,13.4226,69.5084
banba_cal,SKY130-BGR-banba_cal,7,5,317345,GA,40,-54.18346,54.18346,0,1,0.8013215,24.16992,54.2295,66.266,15.2152,69.30286,0,0,0,0,0,0,6.0,1,-54.18346,54.18346,0.8013215,24.16992,54.2295,66.266,15.2152,69.30286,52558.582683585584,150000,150000,148400.0,-52.9105363407756,150001,149996,measure_failed=2;no_convergence=1;timeout=2,1,PSRR_worst_case_10Hz_10MHz,54.18346,54.18346,54.18346,54.18346,1,2.625,1.0,1.0,14.185,0.615,14.62028862219591,1.2757022711439667,2.625,1.0,1.0,14.185,0.615,14.62028862219591,1.2757022711439667,0.798247,0.801753,30.3807,47.2615,49.5341,13.4226,69.5084
banba_cal,SKY130-BGR-banba_cal,7,6,318345,GA,40,-22.42135,22.42135,0,1,0.7998971,30.37967,47.2616,68.216,28.4276,37.99649,0,0,0,0,0,0,12.0,1,-22.42135,22.42135,0.7998971,30.37967,47.2616,68.216,28.4276,37.99649,58863.903379410505,150000,150000,145320.0,-22.31847288661924,150001,149998,no_convergence=3,0,PSRR_worst_case_10Hz_10MHz,22.42135,43.21486,22.42135,43.21486,1,5.485,1.0,38.6,21.855,6.130000000000001,3.797297370183235,0.931103682787943,5.485,1.0,38.6,21.855,6.130000000000001,3.797297370183235,0.931103682787943,0.798247,0.801753,30.3807,47.2615,49.5341,13.4226,69.5084
banba_cal,SKY130-BGR-banba_cal,7,7,319345,GA,40,-54.64204,54.64204,0,1,0.8009764,29.24688,53.1505,66.012,15.3776,69.50741,0,0,0,0,0,0,8.0,1,-54.64204,54.64204,0.8009764,29.24688,53.1505,66.012,15.3776,69.50741,50808.91252987832,150000,150000,128160.0,-53.844615862472416,150001,150001,,0,PSRR_worst_case_10Hz_10MHz,54.64204,54.64204,54.64204,54.64204,1,2.53,1.0,1.525,13.55,0.61,14.69497044590686,1.3226070532646554,2.53,1.0,1.525,13.55,0.61,14.69497044590686,1.3226070532646554,0.798247,0.801753,30.3807,47.2615,49.5341,13.4226,69.5084
banba_cal,SKY130-BGR-banba_cal,7,8,320345,GA,40,-21.3432,21.3432,0,1,0.8017497,30.27318,47.2615,70.001,25.4224,31.66492,0,0,0,0,0,0,92.0,1,-21.3432,21.3432,0.8017497,30.27318,47.2615,70.001,25.4224,31.66492,54263.16098891944,150000,150000,39840.0,-19.634098447436315,150001,150000,timeout=1,0,PSRR_worst_case_10Hz_10MHz,21.3432,39.76775,21.3432,39.76775,1,9.36,8.89,25.375,32.64,8.0,1.572062260035311,0.9000000558510279,9.36,8.89,25.375,32.64,8.0,1.572062260035311,0.9000000558510279,0.798247,0.801753,30.3807,47.2615,49.5341,13.4226,69.5084
banba_cal,SKY130-BGR-banba_cal,7,9,321345,GA,40,-56.8415,56.8415,0,1,0.8016211,26.55604,51.9729,69.61,16.7081,68.10349,0,0,0,0,0,0,17.0,1,-56.8415,56.8415,0.8016211,26.55604,51.9729,69.61,16.7081,68.10349,53500.375152632594,150000,150000,144400.0,-55.09200626654177,150001,150000,timeout=1,0,PSRR_worst_case_10Hz_10MHz,56.8415,56.8415,56.8415,56.8415,1,1.7000000000000002,1.17,1.135,10.595,0.605,14.199967035472726,1.3098261504431723,1.7000000000000002,1.17,1.135,10.595,0.605,14.199967035472726,1.3098261504431723,0.798247,0.801753,30.3807,47.2615,49.5341,13.4226,69.5084
banba_cal,SKY130-BGR-banba_cal,7,10,322345,GA,40,-21.31406,21.31406,0,1,0.801744,30.2167,47.2617,69.539,25.898,31.4347,0,0,0,0,0,0,64.0,1,-21.31406,21.31406,0.801744,30.2167,47.2617,69.539,25.898,31.4347,63196.14280240983,150000,150000,114240.0,-19.406280949603,150001,150000,timeout=1,0,PSRR_worst_case_10Hz_10MHz,21.31406,39.58924,21.31406,39.58924,1,9.805,8.440000000000001,27.515,33.705,8.0,1.491942724489665,0.9000000000000005,9.805,8.440000000000001,27.515,33.705,8.0,1.491942724489665,0.9000000000000005,0.798247,0.801753,30.3807,47.2615,49.5341,13.4226,69.5084
banba_cal,SKY130-BGR-banba_cal,7,11,323345,GA,40,-21.11992,21.11992,0,1,0.801748,28.93299,47.2616,70.126,24.7138,32.04329,0,0,0,0,0,0,20.0,1,-21.11992,21.11992,0.801748,28.93299,47.2616,70.126,24.7138,32.04329,49457.19044178724,150000,150000,133280.0,-21.068753908492724,150001,150001,,0,PSRR_worst_case_10Hz_10MHz,21.11992,39.85328,21.11992,39.85328,1,8.225000000000001,13.205,26.95,36.25,8.0,1.7026245864823777,0.9000000000036699,8.225000000000001,13.205,26.95,36.25,8.0,1.7026245864823777,0.9000000000036699,0.798247,0.801753,30.3807,47.2615,49.5341,13.4226,69.5084
banba_cal,SKY130-BGR-banba_cal,7,12,324345,GA,40,-22.31093,22.31093,0,1,0.7997939,30.32448,47.2616,67.269,28.2938,36.99616,0,0,0,0,0,0,30.0,1,-22.31093,22.31093,0.7997939,30.32448,47.2616,67.269,28.2938,36.99616,56236.22916691005,150000,150000,146760.0,-22.09852341017273,150001,149999,no_convergence=2,0,PSRR_worst_case_10Hz_10MHz,22.31093,43.03204,22.31093,43.03204,1,5.95,1.0,39.555,21.35,6.195,3.451206584514415,0.9664349812979888,5.95,1.0,39.555,21.35,6.195,3.451206584514415,0.9664349812979888,0.798247,0.801753,30.3807,47.2615,49.5341,13.4226,69.5084
banba_cal,SKY130-BGR-banba_cal,7,13,325345,GA,40,-21.26335,21.26335,0,1,0.8015661,30.37992,47.2616,68.94,25.3064,31.69051,0,0,0,0,0,0,20.0,1,-21.26335,21.26335,0.8015661,30.37992,47.2616,68.94,25.3064,31.69051,51346.39671637863,150000,150000,149720.0,-21.21653493758592,150001,150000,measure_failed=1,0,PSRR_worst_case_10Hz_10MHz,21.26335,39.88206,21.26335,39.88206,1,9.435,9.025,27.135,31.455,7.83,1.5835490751669412,0.9000000004257458,9.435,9.025,27.135,31.455,7.83,1.5835490751669412,0.9000000004257458,0.798247,0.801753,30.3807,47.2615,49.5341,13.4226,69.5084
banba_cal,SKY130-BGR-banba_cal,7,14,326345,GA,40,-21.27669,21.27669,0,1,0.8017426,29.87886,47.2615,67.804,24.9773,31.18561,0,0,0,0,0,0,78.0,1,-21.27669,21.27669,0.8017426,29.87886,47.2615,67.804,24.9773,31.18561,63143.85207552463,150000,150000,146000.0,-17.878084688831258,150001,150000,measure_failed=1,0,PSRR_worst_case_10Hz_10MHz,21.27669,39.33163,21.27669,39.33163,1,10.175,12.165,31.475,36.17,8.0,1.4049028401592134,0.9000000009252891,10.175,12.165,31.475,36.17,8.0,1.4049028401592134,0.9000000009252891,0.798247,0.801753,30.3807,47.2615,49.5341,13.4226,69.5084
banba_cal,SKY130-BGR-banba_cal,7,15,327345,GA,40,-21.28143,21.28143,0,1,0.8017518,29.89514,47.2615,69.544,25.812,31.48555,0,0,0,0,0,0,29.0,1,-21.28143,21.28143,0.8017518,29.89514,47.2615,69.544,25.812,31.48555,46827.93163163215,150000,150000,77360.0,-21.258760112167412,150001,150001,,0,PSRR_worst_case_10Hz_10MHz,21.28143,39.5729,21.28143,39.5729,1,9.49,9.405,28.19,34.785000000000004,8.0,1.5092521990309655,0.9000000129381382,9.49,9.405,28.19,34.785000000000004,8.0,1.5092521998937,0.9000000128132569,0.798247,0.801753,30.3807,47.2615,49.5341,13.4226,69.5084
banba_cal,SKY130-BGR-banba_cal,7,16,328345,GA,40,-21.32193,21.32193,0,1,0.8017478,30.08579,47.2616,70.262,25.0979,31.85696,0,0,0,0,0,0,88.0,1,-21.32193,21.32193,0.8017478,30.08579,47.2616,70.262,25.0979,31.85696,60850.828077599406,150000,150000,134520.0,-19.54418860835739,150001,150000,timeout=1,0,PSRR_worst_case_10Hz_10MHz,21.32193,39.88157,21.32193,39.88157,1,8.955,9.66,24.59,32.61,8.0,1.6387762743482346,0.9000000000000083,8.955,9.66,24.59,32.61,8.0,1.6387762743482346,0.9000000000000083,0.798247,0.801753,30.3807,47.2615,49.5341,13.4226,69.5084
banba_cal,SKY130-BGR-banba_cal,7,17,329345,GA,40,-57.35068,57.35068,0,1,0.8016379,25.91588,52.192,69.461,16.1912,69.3797,0,0,0,0,0,0,67.0,1,-57.35068,57.35068,0.8016379,25.91588,52.192,69.461,16.1912,69.3797,38648.754212513566,150000,150000,116800.0,-54.88123003520023,150001,150001,,0,PSRR_worst_case_10Hz_10MHz,57.35068,57.35098,57.35068,57.35098,1,1.82,1.0,1.08,10.45,0.605,14.642948615956875,1.3051065662666377,1.82,1.0,1.08,10.45,0.605,14.642948615956875,1.3051065662666377,0.798247,0.801753,30.3807,47.2615,49.5341,13.4226,69.5084
banba_cal,SKY130-BGR-banba_cal,7,18,330345,GA,40,-53.40205,53.40205,0,1,0.8000888,30.32391,50.9745,62.231,17.4847,69.50405,0,0,0,0,0,0,135.0,1,-53.40205,53.40205,0.8000888,30.32391,50.9745,62.231,17.4847,69.50405,57501.54078706354,150000,150000,131360.0,-50.62184974729832,150001,150000,timeout=1,0,PSRR_worst_case_10Hz_10MHz,53.40205,53.40358,53.40205,53.40358,1,2.345,1.0,4.984999999999999,12.31,0.665,14.711548938201844,1.4174418290384987,2.345,1.0,4.984999999999999,12.31,0.665,14.711548938201844,1.4174418290384987,0.798247,0.801753,30.3807,47.2615,49.5341,13.4226,69.5084
banba_cal,SKY130-BGR-banba_cal,7,19,331345,GA,40,-22.48617,22.48617,0,1,0.799704,30.38018,47.2624,67.228,27.9818,38.35548,0,0,0,0,0,0,21.0,1,-22.48617,22.48617,0.799704,30.38018,47.2624,67.228,27.9818,38.35548,52727.62159756571,150000,150000,123360.0,-22.02478074747165,150001,149997,measure_failed=1;no_convergence=3,0,PSRR_worst_case_10Hz_10MHz,22.48617,43.48253,22.48617,43.48253,1,5.6450000000000005,1.0,40.0,20.71,6.07,3.924630360736721,0.9877720582016388,5.6450000000000005,1.0,40.0,20.71,6.07,3.924630360736721,0.9877720582016388,0.798247,0.801753,30.3807,47.2615,49.5341,13.4226,69.5084
banba_cal,SKY130-BGR-banba_cal,7,20,332345,GA,40,-58.87454,58.87454,0,1,0.8017139,28.97353,51.1522,71.183,16.5566,69.40701,0,0,0,0,0,0,54.0,1,-58.87454,58.87454,0.8017139,28.97353,51.1522,71.183,16.5566,69.40701,56738.26969948411,150000,150000,142280.0,-54.35051740443937,150001,149998,timeout=3,0,PSRR_worst_case_10Hz_10MHz,58.87454,58.87454,58.87454,58.87454,1,1.56,1.0,1.025,9.29,0.585,14.648973456563136,1.3151285671943036,1.56,1.0,1.025,9.29,0.585,14.648973456563136,1.3151285671943036,0.798247,0.801753,30.3807,47.2615,49.5341,13.4226,69.5084
banba_cal,SKY130-BGR-banba_cal,7,21,333345,GA,40,-51.71052,51.71052,0,1,0.8007518,30.17013,55.1837,63.869,14.509,69.5084,0,0,0,0,0,0,26.0,1,-51.71052,51.71052,0.8007518,30.17013,55.1837,63.869,14.509,69.5084,57044.6586882025,150000,150000,133800.0,-51.04285055593704,150001,150000,timeout=1,0,PSRR_worst_case_10Hz_10MHz,51.71052,51.71052,51.71052,51.71052,1,3.51,1.02,1.0,18.57,0.595,14.694545020666334,1.261266726034399,3.51,1.02,1.0,18.57,0.595,14.694545020666334,1.261266726034399,0.798247,0.801753,30.3807,47.2615,49.5341,13.4226,69.5084
banba_cal,SKY130-BGR-banba_cal,7,22,334345,GA,40,-55.87349,55.87349,0,1,0.8015551,26.25502,52.8842,68.456,15.8709,69.43016,0,0,0,0,0,0,24.0,1,-55.87349,55.87349,0.8015551,26.25502,52.8842,68.456,15.8709,69.43016,43679.68138696253,150000,150000,148200.0,-53.55290477476516,150001,150001,,0,PSRR_worst_case_10Hz_10MHz,55.87349,55.87349,55.87349,55.87349,1,2.04,1.22,1.0,12.19,0.6,14.660067818273015,1.2875666478788137,2.04,1.22,1.0,12.19,0.6,14.660067818273015,1.2875666478788137,0.798247,0.801753,30.3807,47.2615,49.5341,13.4226,69.5084
banba_cal,SKY130-BGR-banba_cal,7,23,335345,GA,40,-21.27196,21.27196,0,1,0.8017431,29.74201,47.2616,70.209,25.0832,31.88732,0,0,0,0,0,0,7.0,1,-21.27196,21.27196,0.8017431,29.74201,47.2616,70.209,25.0832,31.88732,39919.9017809704,150000,150000,95240.0,-21.21418782241881,150001,150001,,0,PSRR_worst_case_10Hz_10MHz,21.27196,39.85937,21.27196,39.85937,1,8.77,10.475,25.46,33.705,8.0,1.6491162459169628,0.9000000000049456,8.77,10.475,25.46,33.705,8.0,1.6491162459169628,0.9000000000049456,0.798247,0.801753,30.3807,47.2615,49.5341,13.4226,69.5084
banba_cal,SKY130-BGR-banba_cal,7,24,336345,GA,40,-59.1126,59.1126,0,1,0.8017513,28.69022,51.0279,71.464,16.6977,69.05029,0,0,0,0,0,0,39.0,1,-59.1126,59.1126,0.8017513,28.69022,51.0279,71.464,16.6977,69.05029,38654.36292177439,150000,150000,105200.0,-57.52340942067947,150001,150001,,0,PSRR_worst_case_10Hz_10MHz,59.1126,59.1126,59.1126,59.1126,1,1.505,1.0,1.0,8.99,0.585,14.524815735400589,1.3143217446157875,1.505,1.0,1.0,8.99,0.585,14.524815735400589,1.3143217446157875,0.798247,0.801753,30.3807,47.2615,49.5341,13.4226,69.5084
banba_cal,SKY130-BGR-banba_cal,7,25,337345,GA,40,-50.79549,50.79549,0,1,0.8006796,29.73535,55.6318,62.957,14.3849,69.50702,0,0,0,0,0,0,62.0,1,-50.79549,50.79549,0.8006796,29.73535,55.6318,62.957,14.3849,69.50702,53151.20014033094,150000,150000,146000.0,-48.39365671867812,150001,150001,,0,PSRR_worst_case_10Hz_10MHz,50.79549,50.79549,50.79549,50.79549,1,3.825,1.0,1.0,19.89,0.6,14.695488003556818,1.224617639761104,3.825,1.0,1.0,19.89,0.6,14.695488003556818,1.224617639761104,0.798247,0.801753,30.3807,47.2615,49.5341,13.4226,69.5084
banba_cal,SKY130-BGR-banba_cal,7,26,338345,GA,40,-56.36304,56.36304,0,1,0.8016279,25.63345,49.51,68.929,18.122,69.49874,0,0,0,0,0,0,37.0,1,-56.36304,56.36304,0.8016279,25.63345,49.51,68.929,18.122,69.49874,59307.0246357806,150000,150000,148640.0,-53.38534317578784,150001,150001,,0,PSRR_worst_case_10Hz_10MHz,56.36304,56.36315,56.36304,56.36315,1,1.43,1.255,2.22,9.585,0.635,14.688714841620069,1.358565154178483,1.43,1.255,2.22,9.585,0.635,14.688714841620069,1.358565154178483,0.798247,0.801753,30.3807,47.2615,49.5341,13.4226,69.5084
banba_cal,SKY130-BGR-banba_cal,7,27,339345,GA,40,-52.49086,52.49086,0,1,0.8013912,20.66709,55.0691,64.706,15.0656,69.48013,0,0,0,0,0,0,1.0,1,-52.49086,52.49086,0.8013912,20.66709,55.0691,64.706,15.0656,69.48013,60660.50297882781,150000,150000,147320.0,-50.93164341498277,150001,149997,measure_failed=4,0,PSRR_worst_case_10Hz_10MHz,52.49086,52.49086,52.49086,52.49086,1,3.0,1.005,1.0,15.98,0.635,14.68320893267798,1.2473826753206387,3.0,1.005,1.0,15.98,0.635,14.68320893267798,1.2473826753206387,0.798247,0.801753,30.3807,47.2615,49.5341,13.4226,69.5084
banba_cal,SKY130-BGR-banba_cal,7,28,340345,GA,40,-51.11185,51.11185,0,1,0.8007212,29.4371,55.4962,63.252,14.4242,69.47402,0,0,0,0,0,0,22.0,1,-51.11185,51.11185,0.8007212,29.4371,55.4962,63.252,14.4242,69.47402,52031.184183746576,150000,150000,140800.0,-50.66278858385722,150001,150001,,0,PSRR_worst_case_10Hz_10MHz,51.11185,51.11185,51.11185,51.11185,1,3.705,1.0,1.0,19.245,0.6,14.683647274483558,1.2406215643380525,3.705,1.0,1.0,19.245,0.6,14.683647274483558,1.2406215643380525,0.798247,0.801753,30.3807,47.2615,49.5341,13.4226,69.5084
banba_cal,SKY130-BGR-banba_cal,7,29,341345,GA,40,-51.97436,51.97436,0,1,0.8008675,28.55313,55.0781,64.291,14.7096,69.14372,0,0,0,0,0,0,25.0,1,-51.97436,51.97436,0.8008675,28.55313,55.0781,64.291,14.7096,69.14372,54138.345802642405,150000,150000,129840.0,-50.81409548586991,150001,150001,,0,PSRR_worst_case_10Hz_10MHz,51.97436,51.97436,51.97436,51.97436,1,3.335,1.0,1.0,17.87,0.6,14.567446462270144,1.275269226117809,3.335,1.0,1.0,17.87,0.6,14.567446462270144,1.275269226117809,0.798247,0.801753,30.3807,47.2615,49.5341,13.4226,69.5084
banba_cal,SKY130-BGR-banba_cal,7,0,312345,GWO,40,-57.6967,57.6967,0,1,0.8010393,30.12072,48.4338,68.647,18.0302,69.18278,0,0,0,0,0,0,17.0,1,-57.6967,57.6967,0.8010393,30.12072,48.4338,68.647,18.0302,69.18278,49925.82502987236,150000,150000,149680.0,-44.32730208811392,150001,148970,measure_failed=255;no_convergence=775;timeout=1,0,PSRR_worst_case_10Hz_10MHz,57.6967,57.70194,57.6967,57.70194,1,1.475,1.025,2.62,8.52,0.625,14.585379812926108,1.3932925900921511,1.475,1.025,2.62,8.52,0.625,14.585379812926108,1.3932925900921511,0.798247,0.801753,30.3807,47.2615,49.5341,13.4226,69.5084
banba_cal,SKY130-BGR-banba_cal,7,1,313345,GWO,40,-58.45269,58.45269,0,1,0.8014852,29.49071,50.5871,70.518,17.0905,68.74675,0,0,0,0,0,0,30.0,1,-58.45269,58.45269,0.8014852,29.49071,50.5871,70.518,17.0905,68.74675,47066.80483353138,150000,150000,148640.0,-42.25781370327803,150001,148959,measure_failed=273;no_convergence=769,0,PSRR_worst_case_10Hz_10MHz,58.45269,58.45269,58.45269,58.45269,1,1.505,1.0,1.415,9.004999999999999,0.6,14.424964155987375,1.3437093060471514,1.505,1.0,1.415,9.004999999999999,0.6,14.424964155987375,1.3437093060471514,0.798247,0.801753,30.3807,47.2615,49.5341,13.4226,69.5084
banba_cal,SKY130-BGR-banba_cal,7,2,314345,GWO,40,-48.47583,48.47583,0,1,0.7992037,29.61812,49.1322,62.268,16.9794,69.49751,0,0,0,0,0,0,3.0,1,-48.47583,48.47583,0.7992037,29.61812,49.1322,62.268,16.9794,69.49751,44592.95585175604,150000,150000,149960.0,-34.529647520083465,150001,148855,measure_failed=288;no_convergence=858,0,PSRR_worst_case_10Hz_10MHz,48.47583,48.47583,48.47583,48.47583,1,1.775,1.145,4.865,5.155,0.6900000000000001,14.725844149606422,0.9120460253335632,1.775,1.145,4.865,5.155,0.6900000000000001,14.725844149606422,0.9120460253335632,0.798247,0.801753,30.3807,47.2615,49.5341,13.4226,69.5084
banba_cal,SKY130-BGR-banba_cal,7,3,315345,GWO,40,-29.22374,29.22374,0,1,0.8015737,21.28011,56.2498,61.673,16.1207,32.55619,0,0,0,0,0,0,43.0,1,-29.22374,29.22374,0.8015737,21.28011,56.2498,61.673,16.1207,32.55619,46338.81970158219,150000,150000,17640.0,-26.705826356242376,150001,148848,measure_failed=325;no_convergence=828,0,PSRR_worst_case_10Hz_10MHz,29.22374,42.32654,29.22374,42.32654,1,13.525,1.0,4.645,21.12,0.7200000000000001,1.8678377457035709,0.9325769061047664,13.525,1.0,4.645,21.12,0.7200000000000001,1.8678377457035709,0.9325769061047664,0.798247,0.801753,30.3807,47.2615,49.5341,13.4226,69.5084
banba_cal,SKY130-BGR-banba_cal,7,4,316345,GWO,40,-58.70309,58.70309,0,1,0.8011069,30.28991,47.3446,70.398,19.0426,68.56484,0,0,0,0,0,0,10.0,1,-58.70309,58.70309,0.8011069,30.28991,47.3446,70.398,19.0426,68.56484,47886.19203527272,150000,150000,149680.0,-37.84653019922133,150001,148945,measure_failed=269;no_convergence=787,0,PSRR_worst_case_10Hz_10MHz,58.70309,58.70309,58.70309,58.70309,1,1.17,1.05,2.44,7.13,0.62,14.370128606738191,1.3961274113588538,1.17,1.05,2.44,7.13,0.62,14.370128606738191,1.3961274113588538,0.798247,0.801753,30.3807,47.2615,49.5341,13.4226,69.5084
banba_cal,SKY130-BGR-banba_cal,7,5,317345,GWO,40,-58.68053,58.68053,0,1,0.8009911,30.1929,47.2831,70.105,19.1035,68.21282,0,0,0,0,0,0,6.0,1,-58.68053,58.68053,0.8009911,30.1929,47.2831,70.105,19.1035,68.21282,61061.69286972284,150000,150000,149960.0,-36.81656550590338,150001,148951,measure_failed=290;no_convergence=760,0,PSRR_worst_case_10Hz_10MHz,58.68053,58.68234,58.68053,58.68234,1,1.19,1.005,2.53,7.0,0.625,14.249989929506992,1.4032585498008947,1.19,1.005,2.53,7.0,0.625,14.249989929506992,1.4032585498008947,0.798247,0.801753,30.3807,47.2615,49.5341,13.4226,69.5084
banba_cal,SKY130-BGR-banba_cal,7,6,318345,GWO,40,-58.6943,58.6943,0,1,0.8010103,30.32685,47.2999,71.33,20.0043,64.72289,0,0,0,0,0,0,12.0,1,-58.6943,58.6943,0.8010103,30.32685,47.2999,71.33,20.0043,64.72289,66191.81588438898,150000,150000,140040.0,-43.14664800472004,150001,148930,measure_failed=280;no_convergence=789;timeout=2,0,PSRR_worst_case_10Hz_10MHz,58.6943,58.6943,58.6943,58.6943,1,1.015,1.01,2.13,6.315,0.62,13.037834304239745,1.401770923761001,1.015,1.01,2.13,6.315,0.62,13.037834304239745,1.401770923761001,0.798247,0.801753,30.3807,47.2615,49.5341,13.4226,69.5084
banba_cal,SKY130-BGR-banba_cal,7,7,319345,GWO,40,-32.8102,32.8102,0,1,0.7992449,23.17566,56.7483,51.77199999999999,26.7586,38.86965,0,0,0,0,0,0,8.0,1,-32.8102,32.8102,0.7992449,23.17566,56.7483,51.77199999999999,26.7586,38.86965,64332.77705972642,150000,150000,26640.0,-31.111167440982943,150001,148907,measure_failed=304;no_convergence=790,0,PSRR_worst_case_10Hz_10MHz,32.8102,46.05898,32.8102,46.05898,1,4.859999999999999,1.425,35.915,15.4,0.8450000000000001,4.0957600328376005,0.9,4.859999999999999,1.425,35.915,15.4,0.8450000000000001,4.0957600328376005,0.9,0.798247,0.801753,30.3807,47.2615,49.5341,13.4226,69.5084
banba_cal,SKY130-BGR-banba_cal,7,8,320345,GWO,40,-58.26699,58.26699,0,1,0.8013032,30.15391,47.3835,70.445,18.9443,69.42452,0,0,0,0,0,0,71.0,1,-58.26699,58.26699,0.8013032,30.15391,47.3835,70.445,18.9443,69.42452,60830.75607784093,150000,150000,150000.0,-50.45018847220315,150001,149836,measure_failed=32;no_convergence=132;timeout=1,1,PSRR_worst_case_10Hz_10MHz,58.26699,58.26765,58.26699,58.26765,1,1.17,1.16,2.44,7.67,0.615,14.665302750573346,1.3874721638062055,1.17,1.16,2.44,7.67,0.615,14.665302750573346,1.3874721638062055,0.798247,0.801753,30.3807,47.2615,49.5341,13.4226,69.5084
banba_cal,SKY130-BGR-banba_cal,7,9,321345,GWO,40,-59.77428,59.77428,0,1,0.8014756,29.40259,47.6045,71.771,18.9663,69.09784,0,0,0,0,0,0,17.0,1,-59.77428,59.77428,0.8014756,29.40259,47.6045,71.771,18.9663,69.09784,61168.93586810678,150000,150000,149560.0,-50.37184918912793,150001,149735,measure_failed=65;no_convergence=201,0,PSRR_worst_case_10Hz_10MHz,59.77428,59.78497,59.77428,59.78497,1,1.075,1.0,1.985,6.8,0.61,14.54965244518113,1.3777670752492608,1.075,1.0,1.985,6.8,0.61,14.54965244518113,1.3777670752492608,0.798247,0.801753,30.3807,47.2615,49.5341,13.4226,69.5084
banba_cal,SKY130-BGR-banba_cal,7,10,322345,GWO,40,-59.6571,59.6571,0,1,0.8014798,29.95595,48.2449,71.575,18.4226,69.28574,0,0,0,0,0,0,45.0,1,-59.6571,59.6571,0.8014798,29.95595,48.2449,71.575,18.4226,69.28574,64591.853394277394,150000,150000,148440.0,-37.55599195661305,150001,148980,measure_failed=275;no_convergence=746,0,PSRR_worst_case_10Hz_10MHz,59.6571,59.6571,59.6571,59.6571,1,1.165,1.005,1.86,7.24,0.605,14.61389514780672,1.3701799228585934,1.165,1.005,1.86,7.24,0.605,14.61389514780672,1.3701799228585934,0.798247,0.801753,30.3807,47.2615,49.5341,13.4226,69.5084
banba_cal,SKY130-BGR-banba_cal,7,11,323345,GWO,40,-59.18357,59.18357,0,1,0.801615,28.77751,49.2125,71.304,17.9221,69.35904,0,0,0,0,0,0,20.0,1,-59.18357,59.18357,0.801615,28.77751,49.2125,71.304,17.9221,69.35904,69593.4922169596,150000,150000,147040.0,-50.58582557813718,150001,149628,measure_failed=97;no_convergence=276,0,PSRR_worst_case_10Hz_10MHz,59.18357,59.18357,59.18357,59.18357,1,1.265,1.01,1.645,7.875,0.605,14.63731403814156,1.3552528588980044,1.265,1.01,1.645,7.875,0.605,14.63731403814156,1.3552528588980044,0.798247,0.801753,30.3807,47.2615,49.5341,13.4226,69.5084
banba_cal,SKY130-BGR-banba_cal,7,12,324345,GWO,40,-58.44294,58.44294,0,1,0.8011008,30.26669,47.4979,70.526,19.2801,67.32473,0,0,0,0,0,0,30.0,1,-58.44294,58.44294,0.8011008,30.26669,47.4979,70.526,19.2801,67.32473,64664.13990665227,150000,150000,149840.0,-49.80877369674131,150001,149550,measure_failed=127;no_convergence=324,0,PSRR_worst_case_10Hz_10MHz,58.44294,58.44395,58.44294,58.44395,1,1.14,1.08,2.355,7.155,0.62,13.939597073697074,1.3951053041582715,1.14,1.08,2.355,7.155,0.62,13.939597073697074,1.3951053041582715,0.798247,0.801753,30.3807,47.2615,49.5341,13.4226,69.5084
banba_cal,SKY130-BGR-banba_cal,7,13,325345,GWO,40,-30.0435,30.0435,0,1,0.8015322,16.73613,56.5993,52.153000000000006,17.1526,32.87104,0,0,0,0,0,0,20.0,1,-30.0435,30.0435,0.8015322,16.73613,56.5993,52.153000000000006,17.1526,32.87104,69871.58388656378,150000,150000,26760.0,-29.58595976278476,150001,148925,measure_failed=266;no_convergence=809;timeout=1,0,PSRR_worst_case_10Hz_10MHz,30.0435,42.74873,30.0435,42.74873,1,8.635,3.315,9.68,14.36,0.8300000000000001,1.9850891376165984,0.9,8.635,3.315,9.68,14.36,0.8300000000000001,1.9850891376165984,0.9,0.798247,0.801753,30.3807,47.2615,49.5341,13.4226,69.5084
banba_cal,SKY130-BGR-banba_cal,7,14,326345,GWO,40,-58.31143,58.31143,0,1,0.8013288,29.9616,49.4917,69.986,17.6114,69.0691,0,0,0,0,0,0,42.0,1,-58.31143,58.31143,0.8013288,29.9616,49.4917,69.986,17.6114,69.0691,68689.75658533722,150000,150000,147680.0,-43.72433461253075,150001,149138,measure_failed=229;no_convergence=633;timeout=1,1,PSRR_worst_case_10Hz_10MHz,58.31143,58.31143,58.31143,58.31143,1,1.435,1.03,1.91,8.620000000000001,0.61,14.54039609201918,1.3658672396801463,1.435,1.03,1.91,8.620000000000001,0.61,14.54039609201918,1.3658672396801463,0.798247,0.801753,30.3807,47.2615,49.5341,13.4226,69.5084
banba_cal,SKY130-BGR-banba_cal,7,15,327345,GWO,40,-58.60393,58.60393,0,1,0.8013493,29.61066,48.4033,70.341,18.3128,69.33604,0,0,0,0,0,0,29.0,1,-58.60393,58.60393,0.8013493,29.61066,48.4033,70.341,18.3128,69.33604,68260.10879739374,150000,150000,149920.0,-38.70800074763832,150001,148982,measure_failed=266;no_convergence=753,0,PSRR_worst_case_10Hz_10MHz,58.60393,58.60393,58.60393,58.60393,1,1.28,1.035,2.16,7.915,0.615,14.633878071025997,1.378946234893699,1.28,1.035,2.16,7.915,0.615,14.633878071025997,1.378946234893699,0.798247,0.801753,30.3807,47.2615,49.5341,13.4226,69.5084
banba_cal,SKY130-BGR-banba_cal,7,16,328345,GWO,40,-29.66995,29.66995,0,1,0.8005073,17.20576,57.8406,54.393,26.2318,36.95121,0,0,0,0,0,0,74.0,1,-29.66995,29.66995,0.8005073,17.20576,57.8406,54.393,26.2318,36.95121,68629.68366488814,150000,150000,22640.0,-27.09185367545784,150001,148893,measure_failed=292;no_convergence=814;timeout=2,0,PSRR_worst_case_10Hz_10MHz,29.66995,45.60367,29.66995,45.60367,1,5.8,1.21,19.695,18.97,0.905,3.416217311751464,0.9,5.8,1.21,19.695,18.97,0.905,3.416217311751464,0.9,0.798247,0.801753,30.3807,47.2615,49.5341,13.4226,69.5084
banba_cal,SKY130-BGR-banba_cal,7,17,329345,GWO,40,-31.94556,31.94556,0,1,0.7997229,23.39598,57.2276,52.057,25.222,36.90013,0,0,0,0,0,0,42.0,1,-31.94556,31.94556,0.7997229,23.39598,57.2276,52.057,25.222,36.90013,59471.86696820706,150000,150000,44800.0,-28.47995301875346,150001,148923,measure_failed=299;no_convergence=779,0,PSRR_worst_case_10Hz_10MHz,31.94556,45.61305,31.94556,45.61305,1,7.135,1.24,20.84,19.6,0.795,3.4033619552388554,0.9,7.135,1.24,20.84,19.6,0.795,3.4033619552388554,0.9,0.798247,0.801753,30.3807,47.2615,49.5341,13.4226,69.5084
banba_cal,SKY130-BGR-banba_cal,7,18,330345,GWO,40,-59.09054,59.09054,0,1,0.8014045,28.56425,47.6512,71.122,19.1026,68.79028,0,0,0,0,0,0,70.0,1,-59.09054,59.09054,0.8014045,28.56425,47.6512,71.122,19.1026,68.79028,68147.94405961782,150000,150000,139720.0,-50.82903356669044,150001,149923,measure_failed=1;no_convergence=77,0,PSRR_worst_case_10Hz_10MHz,59.09054,59.14592,59.09054,59.14592,1,1.105,1.02,2.1500000000000004,6.985,0.62,14.444895438770835,1.382760291194116,1.105,1.02,2.1500000000000004,6.985,0.62,14.444895438770835,1.382760291194116,0.798247,0.801753,30.3807,47.2615,49.5341,13.4226,69.5084
banba_cal,SKY130-BGR-banba_cal,7,19,331345,GWO,40,-59.00735,59.00735,0,1,0.8015359,29.59394,49.7991,71.184,17.6639,68.44358,0,0,0,0,0,0,21.0,1,-59.00735,59.00735,0.8015359,29.59394,49.7991,71.184,17.6639,68.44358,58390.99756895751,150000,150000,149720.0,-47.267267930886206,150001,149135,measure_failed=226;no_convergence=640,0,PSRR_worst_case_10Hz_10MHz,59.00735,59.00735,59.00735,59.00735,1,1.335,1.02,1.5,8.27,0.6,14.319469416789204,1.3503239955676136,1.335,1.02,1.5,8.27,0.6,14.319469416789204,1.3503239955676136,0.798247,0.801753,30.3807,47.2615,49.5341,13.4226,69.5084
banba_cal,SKY130-BGR-banba_cal,7,20,332345,GWO,40,-58.23561,58.23561,0,1,0.8008681,30.09083,48.3708,71.296,20.3865,60.06541,0,0,0,0,0,0,134.0,1,-58.23561,58.23561,0.8008681,30.09083,48.3708,71.296,20.3865,60.06541,62872.24697416276,150000,150000,146720.0,-45.24602004085693,150001,149023,measure_failed=226;no_convergence=752,0,PSRR_worst_case_10Hz_10MHz,58.23561,58.23561,58.23561,58.23561,1,1.01,1.0,1.765,6.07,0.625,11.42318936846965,1.403007323731919,1.01,1.0,1.765,6.07,0.625,11.42318936846965,1.403007323731919,0.798247,0.801753,30.3807,47.2615,49.5341,13.4226,69.5084
banba_cal,SKY130-BGR-banba_cal,7,21,333345,GWO,40,-37.63336,37.63336,0,1,0.7994842,28.20379,56.4303,53.106,21.9904,37.00879,0,0,0,0,0,0,26.0,1,-37.63336,37.63336,0.7994842,28.20379,56.4303,53.106,21.9904,37.00879,62233.23705135286,150000,150000,44080.0,-34.552855370235804,150001,148931,measure_failed=288;no_convergence=780;timeout=2,0,PSRR_worst_case_10Hz_10MHz,37.63336,45.50664,37.63336,45.50664,1,7.22,1.14,10.08,17.240000000000002,0.7200000000000001,3.4395710816872564,0.9,7.22,1.14,10.08,17.240000000000002,0.7200000000000001,3.4395710816872564,0.9,0.798247,0.801753,30.3807,47.2615,49.5341,13.4226,69.5084
banba_cal,SKY130-BGR-banba_cal,7,22,334345,GWO,40,-58.44697,58.44697,0,1,0.8013359,30.24419,49.992,70.09,17.2633,69.05752,0,0,0,0,0,0,24.0,1,-58.44697,58.44697,0.8013359,30.24419,49.992,70.09,17.2633,69.05752,62305.21933547408,150000,150000,149400.0,-51.154423982393226,150001,149715,measure_failed=69;no_convergence=217,0,PSRR_worst_case_10Hz_10MHz,58.44697,58.44697,58.44697,58.44697,1,1.495,1.005,1.72,8.81,0.605,14.535499838791694,1.3575767400883263,1.495,1.005,1.72,8.81,0.605,14.535499838791694,1.3575767400883263,0.798247,0.801753,30.3807,47.2615,49.5341,13.4226,69.5084
banba_cal,SKY130-BGR-banba_cal,7,23,335345,GWO,40,-58.77083,58.77083,0,1,0.8012813,29.72436,49.5878,71.33,18.7271,64.29834,0,0,0,0,0,0,7.0,1,-58.77083,58.77083,0.8012813,29.72436,49.5878,71.33,18.7271,64.29834,63991.76286275685,150000,150000,149360.0,-50.77004565683772,150001,149751,measure_failed=60;no_convergence=190,0,PSRR_worst_case_10Hz_10MHz,58.77083,58.77506,58.77083,58.77506,1,1.195,1.01,1.54,7.53,0.61,12.88506098933044,1.3673514841073418,1.195,1.01,1.54,7.53,0.61,12.88506098933044,1.3673514841073418,0.798247,0.801753,30.3807,47.2615,49.5341,13.4226,69.5084
banba_cal,SKY130-BGR-banba_cal,7,24,336345,GWO,40,-57.94052,57.94052,0,1,0.8013292,29.96688,50.5855,69.615,16.9155,69.15789,0,0,0,0,0,0,39.0,1,-57.94052,57.94052,0.8013292,29.96688,50.5855,69.615,16.9155,69.15789,63604.45739297569,150000,150000,150000.0,-48.53980378224188,150001,149051,measure_failed=239;no_convergence=711,0,PSRR_worst_case_10Hz_10MHz,57.94052,57.94052,57.94052,57.94052,1,1.615,1.02,1.64,9.45,0.605,14.570119070435055,1.3499190271511878,1.615,1.02,1.64,9.45,0.605,14.570119070435055,1.3499190271511878,0.798247,0.801753,30.3807,47.2615,49.5341,13.4226,69.5084
banba_cal,SKY130-BGR-banba_cal,7,25,337345,GWO,40,-29.8432,29.8432,0,1,0.8010798,24.0486,55.9071,51.89699999999999,25.4019,34.36121,0,0,0,0,0,0,44.0,1,-29.8432,29.8432,0.8010798,24.0486,55.9071,51.89699999999999,25.4019,34.36121,65777.26872313768,150000,150000,28120.0,-27.801414180561203,150001,148955,measure_failed=262;no_convergence=783;timeout=1,0,PSRR_worst_case_10Hz_10MHz,29.8432,43.65947,29.8432,43.65947,1,4.720000000000001,1.32,26.2,6.865,1.12,2.517196614789477,1.0506146164288888,4.720000000000001,1.32,26.2,6.865,1.12,2.517196614789477,1.0506146164288888,0.798247,0.801753,30.3807,47.2615,49.5341,13.4226,69.5084
banba_cal,SKY130-BGR-banba_cal,7,26,338345,GWO,40,-58.05712,58.05712,0,1,0.8014389,28.67267,51.0185,70.131,16.9774,68.15603,0,0,0,0,0,0,37.0,1,-58.05712,58.05712,0.8014389,28.67267,51.0185,70.131,16.9774,68.15603,65452.54166788981,150000,150000,143200.0,-31.18313174214495,150001,148921,measure_failed=255;no_convergence=825,0,PSRR_worst_case_10Hz_10MHz,58.05712,58.24023,58.05712,58.24023,1,1.57,1.0,1.375,9.215,0.605,14.221029948848884,1.3380028305307972,1.57,1.0,1.375,9.215,0.605,14.221029948848884,1.3380028305307972,0.798247,0.801753,30.3807,47.2615,49.5341,13.4226,69.5084
banba_cal,SKY130-BGR-banba_cal,7,27,339345,GWO,40,-28.73532,28.73532,0,1,0.8007595,16.35114,58.7881,59.260000000000005,21.9481,39.86761,0,0,0,0,0,0,1.0,1,-28.73532,28.73532,0.8007595,16.35114,58.7881,59.260000000000005,21.9481,39.86761,64457.15634291247,150000,150000,11320.0,-28.215142482676555,150001,148897,measure_failed=311;no_convergence=793,0,PSRR_worst_case_10Hz_10MHz,28.73532,47.02462,28.73532,47.02462,1,6.425,1.0,10.715,26.83,0.9,4.424949650545257,0.9,6.425,1.0,10.715,26.83,0.9,4.424949650545257,0.9,0.798247,0.801753,30.3807,47.2615,49.5341,13.4226,69.5084
banba_cal,SKY130-BGR-banba_cal,7,28,340345,GWO,40,-58.52013,58.52013,0,1,0.8011555,29.36819,47.6516,70.14,18.9336,68.55192,0,0,0,0,0,0,22.0,1,-58.52013,58.52013,0.8011555,29.36819,47.6516,70.14,18.9336,68.55192,68987.136618983,150000,150000,149960.0,-50.00435553753692,150001,149586,measure_failed=127;no_convergence=287;timeout=1,0,PSRR_worst_case_10Hz_10MHz,58.52013,58.52013,58.52013,58.52013,1,1.205,1.03,2.425,7.285,0.625,14.365580749734963,1.39376851338982,1.205,1.03,2.425,7.285,0.625,14.365580749734963,1.39376851338982,0.798247,0.801753,30.3807,47.2615,49.5341,13.4226,69.5084
banba_cal,SKY130-BGR-banba_cal,7,29,341345,GWO,40,-59.98854,59.98854,0,1,0.8015834,29.48936,47.4284,72.283,19.1135,69.13044,0,0,0,0,0,0,25.0,1,-59.98854,59.98854,0.8015834,29.48936,47.4284,72.283,19.1135,69.13044,64765.13446638733,150000,150000,146560.0,-35.99586069640464,150001,148976,measure_failed=269;no_convergence=756,0,PSRR_worst_case_10Hz_10MHz,59.98854,60.10641,59.98854,60.10641,1,1.02,1.015,1.89,6.6450000000000005,0.605,14.559079668278615,1.3738724284287784,1.02,1.015,1.89,6.6450000000000005,0.605,14.559079668278615,1.3738724284287784,0.798247,0.801753,30.3807,47.2615,49.5341,13.4226,69.5084
banba_cal,SKY130-BGR-banba_cal,7,0,312345,PSO,40,-22.59149,22.59149,0,1,0.7997153,30.37369,47.2633,67.549,27.8938,39.50285,0,0,0,0,0,0,17.0,1,-22.59149,22.59149,0.7997153,30.37369,47.2633,67.549,27.8938,39.50285,49071.52757234872,150000,150000,79471.0,-22.51796685944573,150001,149994,no_convergence=3;timeout=4,0,PSRR_worst_case_10Hz_10MHz,22.59149,43.7669,22.59149,43.7669,1,5.345,1.0,40.0,20.685,5.99,4.323030337462365,0.9071495033403468,5.345,1.0,40.0,20.685,5.99,4.323030337462365,0.9071495033403468,0.798247,0.801753,30.3807,47.2615,49.5341,13.4226,69.5084
banba_cal,SKY130-BGR-banba_cal,7,1,313345,PSO,40,-22.61595,22.61595,0,1,0.7997778,30.37131,47.2638,68.102,27.9275,40.47557,0,0,0,0,0,0,30.0,1,-22.61595,22.61595,0.7997778,30.37131,47.2638,68.102,27.9275,40.47557,60688.20536886901,150000,150000,125796.0,-22.5704221699678,150001,150001,,0,PSRR_worst_case_10Hz_10MHz,22.61595,43.93054,22.61595,43.93054,1,5.09,1.0,39.78,21.09,5.945,4.660017817569491,0.950123092181486,5.09,1.0,39.78,21.09,5.945,4.660017817569491,0.950123092181486,0.798247,0.801753,30.3807,47.2615,49.5341,13.4226,69.5084
banba_cal,SKY130-BGR-banba_cal,7,2,314345,PSO,40,-21.36122,21.36122,0,1,0.8017202,30.37635,47.2615,70.296,25.0064,31.8739,0,0,0,0,0,0,3.0,1,-21.36122,21.36122,0.8017202,30.37635,47.2615,70.296,25.0064,31.8739,41153.23020127416,150000,150000,6701.0,-21.338092550850337,150001,149997,timeout=4,0,PSRR_worst_case_10Hz_10MHz,21.36122,39.96469,21.36122,39.96469,1,9.16,8.870000000000001,23.545,31.225,8.0,1.6453251902549402,0.9,9.16,8.870000000000001,23.545,31.225,8.0,1.6453251902549402,0.9,0.798247,0.801753,30.3807,47.2615,49.5341,13.4226,69.5084
banba_cal,SKY130-BGR-banba_cal,7,3,315345,PSO,40,-21.29989,21.29989,0,1,0.801753,30.06442,47.2615,66.157,26.0041,30.63319,0,0,0,0,0,0,91.0,1,-21.29989,21.29989,0.801753,30.06442,47.2615,66.157,26.0041,30.63319,35947.12087330222,150000,150000,5312.0,-19.563866329442195,150001,150001,,0,PSRR_worst_case_10Hz_10MHz,21.29989,38.80991,21.29989,38.80991,1,12.06,10.785,40.0,39.16,8.0,1.2123142749961937,0.9,12.06,10.785,40.0,39.16,8.0,1.2123142749961937,0.9,0.798247,0.801753,30.3807,47.2615,49.5341,13.4226,69.5084
banba_cal,SKY130-BGR-banba_cal,7,4,316345,PSO,40,-22.5368,22.5368,0,1,0.7997684,30.37622,47.2647,67.68,28.1692,38.6899,0,0,0,0,0,0,10.0,1,-22.5368,22.5368,0.7997684,30.37622,47.2647,67.68,28.1692,38.6899,48049.92160242051,150000,150000,47207.0,-22.47690686176574,150001,150001,,0,PSRR_worst_case_10Hz_10MHz,22.5368,43.49741,22.5368,43.49741,1,5.425,1.0,40.0,21.135,6.04,4.039925499051481,0.9160579643348212,5.425,1.0,40.0,21.135,6.04,4.039925499051481,0.9160579643348212,0.798247,0.801753,30.3807,47.2615,49.5341,13.4226,69.5084
banba_cal,SKY130-BGR-banba_cal,7,5,317345,PSO,40,-21.48379,21.48379,0,1,0.8014706,30.38052,47.2616,75.031,26.0013,35.83269,0,0,0,0,0,0,6.0,1,-21.48379,21.48379,0.8014706,30.38052,47.2616,75.031,26.0013,35.83269,38269.14532621205,150000,150000,24215.0,-21.43011768791792,150001,150000,measure_failed=1,0,PSRR_worst_case_10Hz_10MHz,21.48379,42.26966,21.48379,42.26966,1,7.2,1.0,13.515,22.62,8.0,3.025272204796398,0.9,7.2,1.0,13.515,22.62,8.0,3.025272204796398,0.9,0.798247,0.801753,30.3807,47.2615,49.5341,13.4226,69.5084
banba_cal,SKY130-BGR-banba_cal,7,6,318345,PSO,40,-21.34022,21.34022,0,1,0.801748,30.38059,47.2617,66.879,25.126,30.88759,0,0,0,0,0,0,12.0,1,-21.34022,21.34022,0.801748,30.38059,47.2617,66.879,25.126,30.88759,43262.885615095496,150000,150000,40950.0,-21.32429671004473,150001,150001,,0,PSRR_worst_case_10Hz_10MHz,21.34022,39.13941,21.34022,39.13941,1,11.44,11.065,33.385,35.79,8.0,1.3014433101037923,0.9,11.44,11.065,33.385,35.79,8.0,1.3014433101037923,0.9,0.798247,0.801753,30.3807,47.2615,49.5341,13.4226,69.5084
banba_cal,SKY130-BGR-banba_cal,7,7,319345,PSO,40,-21.31339,21.31339,0,1,0.801753,30.37889,47.2616,68.484,25.2094,31.25297,0,0,0,0,0,0,8.0,1,-21.31339,21.31339,0.801753,30.37889,47.2616,68.484,25.2094,31.25297,46482.26813582331,150000,150000,18527.0,-21.264842603717355,150001,149999,timeout=2,0,PSRR_worst_case_10Hz_10MHz,21.31339,39.45748,21.31339,39.45748,1,10.295,10.04,28.735,33.99,8.0,1.428668590041292,0.9,10.295,10.04,28.735,33.99,8.0,1.428668590041292,0.9,0.798247,0.801753,30.3807,47.2615,49.5341,13.4226,69.5084
banba_cal,SKY130-BGR-banba_cal,7,8,320345,PSO,40,-21.31339,21.31339,0,1,0.8017527,30.38041,47.2617,68.24,25.0588,31.21529,0,0,0,0,0,0,51.0,1,-21.31339,21.31339,0.8017527,30.38041,47.2617,68.24,25.0588,31.21529,47309.18328311294,150000,150000,147177.0,-19.61128766749778,150001,149999,no_convergence=2,0,PSRR_worst_case_10Hz_10MHz,21.31339,39.4254,21.31339,39.4254,1,10.39,10.47,29.15,34.175,8.0,1.4155484653795478,0.9,10.39,10.47,29.15,34.175,8.0,1.4155484653795478,0.9,0.798247,0.801753,30.3807,47.2615,49.5341,13.4226,69.5084
banba_cal,SKY130-BGR-banba_cal,7,9,321345,PSO,40,-21.30018,21.30018,0,1,0.8017523,30.06974,47.2617,66.154,26.0072,30.63242,0,0,0,0,0,0,17.0,1,-21.30018,21.30018,0.8017523,30.06974,47.2617,66.154,26.0072,30.63242,62394.51246054471,150000,150000,13157.0,-21.2840348389656,150001,149999,no_convergence=2,0,PSRR_worst_case_10Hz_10MHz,21.30018,38.81072,21.30018,38.81072,1,12.065,10.765,40.0,39.14,8.0,1.2120556536464853,0.9,12.065,10.765,40.0,39.14,8.0,1.2120556536464853,0.9,0.798247,0.801753,30.3807,47.2615,49.5341,13.4226,69.5084
banba_cal,SKY130-BGR-banba_cal,7,10,322345,PSO,40,-22.61714,22.61714,0,1,0.7997705,30.36022,47.2641,68.005,27.9864,40.1391,0,0,0,0,0,0,109.0,1,-22.61714,22.61714,0.7997705,30.36022,47.2641,68.005,27.9864,40.1391,70809.45881228894,150000,150000,138173.0,-20.87578505663371,150001,150001,,0,PSRR_worst_case_10Hz_10MHz,22.61714,43.85243,22.61714,43.85243,1,5.135,1.0,39.985,21.085,5.955,4.543256820069336,0.9,5.135,1.0,39.985,21.085,5.955,4.543256820069336,0.9,0.798247,0.801753,30.3807,47.2615,49.5341,13.4226,69.5084
banba_cal,SKY130-BGR-banba_cal,7,11,323345,PSO,40,-21.29254,21.29285,1,0,0.801753,29.84672,47.2597,66.238,25.9049,30.68377,0,0,1,0,0,0,20.0,1,-21.29254,21.29254,0.801753,29.84672,47.2616,66.235,25.9034,30.68377,69173.43343691528,150000,150000,37285.0,-21.275076997313317,150001,150001,,0,PSRR_worst_case_10Hz_10MHz,21.29285,38.82705,21.29254,38.82884,1,11.64,11.59,40.0,39.69,8.0,1.2297657256877224,0.9,11.64,11.59,40.0,39.69,8.0,1.2297657260515904,0.9,0.798247,0.801753,30.3807,47.2615,49.5341,13.4226,69.5084
banba_cal,SKY130-BGR-banba_cal,7,12,324345,PSO,40,-19.8662,19.8662,0,1,0.8017514,23.22264,49.3333,65.695,22.2673,31.48843,0,0,0,0,0,0,30.0,1,-19.8662,19.8662,0.8017514,23.22264,49.3333,65.695,22.2673,31.48843,60885.50411805511,150000,150000,138290.0,-19.829694049010325,150001,150001,,0,PSRR_worst_case_10Hz_10MHz,19.8662,40.58506,19.8662,40.58506,1,14.185,23.06,40.0,60.0,8.0,1.5055480664269127,0.9,14.185,23.06,40.0,60.0,8.0,1.5055480664269127,0.9,0.798247,0.801753,30.3807,47.2615,49.5341,13.4226,69.5084
banba_cal,SKY130-BGR-banba_cal,7,13,325345,PSO,40,-21.32446,21.32446,1,0,0.801737,30.41578,47.2616,71.0,24.1511,32.37743,0,1,0,0,0,0,20.0,1,-21.32446,21.32446,0.801737,30.37949,47.2616,71.0,24.1511,32.37743,55781.71938960254,150000,150000,69251.0,-21.286160538889927,150001,150001,,0,PSRR_worst_case_10Hz_10MHz,21.32446,40.28311,21.32446,40.28311,1,8.435,9.84,20.755,29.82,8.0,1.820319772301982,0.9,8.435,9.84,20.755,29.82,8.0,1.8203197726408804,0.9,0.798247,0.801753,30.3807,47.2615,49.5341,13.4226,69.5084
banba_cal,SKY130-BGR-banba_cal,7,14,326345,PSO,40,-21.29422,21.29422,0,1,0.801751,29.88988,47.2615,66.223,25.9257,30.67312,0,0,0,0,0,0,61.0,1,-21.29422,21.29422,0.801751,29.88988,47.2615,66.223,25.9257,30.67312,68376.19264192134,150000,150000,82302.0,-17.939017761085072,150001,150001,,0,PSRR_worst_case_10Hz_10MHz,21.29422,38.82359,21.29422,38.82359,1,11.725,11.425,40.0,39.595,8.0,1.2261112424838214,0.9,11.725,11.425,40.0,39.595,8.0,1.2261112424838214,0.9,0.798247,0.801753,30.3807,47.2615,49.5341,13.4226,69.5084
banba_cal,SKY130-BGR-banba_cal,7,15,327345,PSO,40,-21.28899,21.28899,0,1,0.801753,29.80514,47.2615,66.254,25.881,30.69499,0,0,0,0,0,0,29.0,1,-21.28899,21.28899,0.801753,29.80514,47.2615,66.254,25.881,30.69499,52451.727054938674,150000,150000,9739.0,-21.273316970713136,150001,150000,timeout=1,0,PSRR_worst_case_10Hz_10MHz,21.28899,38.83238,21.28899,38.83238,1,11.56,11.765,40.0,39.815,8.0,1.2336300927313577,0.9,11.56,11.765,40.0,39.815,8.0,1.2336300927313577,0.9,0.798247,0.801753,30.3807,47.2615,49.5341,13.4226,69.5084
banba_cal,SKY130-BGR-banba_cal,7,16,328345,PSO,40,-21.32262,21.32262,0,1,0.801753,30.3736,47.2615,66.312,25.8018,30.66701,0,0,0,0,0,0,48.0,1,-21.32262,21.32262,0.801753,30.3736,47.2615,66.312,25.8018,30.66701,57623.232399880886,150000,150000,37575.0,-19.6304828699858,150001,149999,timeout=2,0,PSRR_worst_case_10Hz_10MHz,21.32262,38.90249,21.32262,38.90249,1,12.245,10.185,37.59,37.52,8.0,1.2244090639584742,0.9,12.245,10.185,37.59,37.52,8.0,1.2244090639584742,0.9,0.798247,0.801753,30.3807,47.2615,49.5341,13.4226,69.5084
banba_cal,SKY130-BGR-banba_cal,7,17,329345,PSO,40,-59.59272,59.59272,0,1,0.8014945,26.69256,51.6844,70.55,15.9718,68.84084,0,0,0,0,0,0,131.0,1,-59.59272,59.59272,0.8014945,26.69256,51.6844,70.55,15.9718,68.84084,65871.65099015087,150000,150000,149121.0,-56.7828595549637,150001,149997,timeout=4,0,PSRR_worst_case_10Hz_10MHz,59.59272,59.59272,59.59272,59.59272,1,1.675,1.0,1.0,8.465,0.6,14.45780310552612,1.2811253932153628,1.675,1.0,1.0,8.465,0.6,14.45780310552612,1.2811253932153628,0.798247,0.801753,30.3807,47.2615,49.5341,13.4226,69.5084
banba_cal,SKY130-BGR-banba_cal,7,18,330345,PSO,40,-21.34004,21.34004,0,1,0.8017288,30.36922,47.2615,69.663,25.7383,31.49451,0,0,0,0,0,0,114.0,1,-21.34004,21.34004,0.8017288,30.36922,47.2615,69.663,25.7383,31.49451,59302.4266410023,150000,150000,149466.0,-19.60401352445683,150001,150001,,0,PSRR_worst_case_10Hz_10MHz,21.34004,39.67665,21.34004,39.67665,1,9.825,8.125,26.385,32.645,7.995,1.513146538554941,0.9000000184987216,9.825,8.125,26.385,32.645,7.995,1.513146538554941,0.9000000184987216,0.798247,0.801753,30.3807,47.2615,49.5341,13.4226,69.5084
banba_cal,SKY130-BGR-banba_cal,7,19,331345,PSO,40,-21.56148,21.56148,0,1,0.8016848,30.37694,47.2619,75.965,25.6917,37.44207,0,0,0,0,0,0,21.0,1,-21.56148,21.56148,0.8016848,30.37694,47.2619,75.965,25.6917,37.44207,65048.27219246328,150000,150000,142884.0,-21.47999986853246,150001,150001,,0,PSRR_worst_case_10Hz_10MHz,21.56148,42.6725,21.56148,42.6725,1,6.495,1.0,12.265,22.6,8.0,3.5815536867367515,0.9,6.495,1.0,12.265,22.6,8.0,3.5815536867367515,0.9,0.798247,0.801753,30.3807,47.2615,49.5341,13.4226,69.5084
banba_cal,SKY130-BGR-banba_cal,7,20,332345,PSO,40,-21.31497,21.31497,0,1,0.8017529,29.98884,47.2615,66.703,25.4056,30.84395,0,0,0,0,0,0,44.0,1,-21.31497,21.31497,0.8017529,29.98884,47.2615,66.703,25.4056,30.84395,55171.04828385264,150000,150000,98755.0,-19.613328286278577,150001,150000,timeout=1,0,PSRR_worst_case_10Hz_10MHz,21.31497,39.02078,21.31497,39.02078,1,11.205,11.875,36.065,37.865,8.0,1.2857723241540833,0.9,11.205,11.875,36.065,37.865,8.0,1.2857723241540833,0.9,0.798247,0.801753,30.3807,47.2615,49.5341,13.4226,69.5084
banba_cal,SKY130-BGR-banba_cal,7,21,333345,PSO,40,-22.55421,22.55421,0,1,0.7996612,30.37802,47.2622,67.158,27.7542,39.15918,0,0,0,0,0,0,26.0,1,-22.55421,22.55421,0.7996612,30.37802,47.2622,67.158,27.7542,39.15918,64295.98975857347,150000,150000,144263.0,-22.215430380402537,150001,150001,,0,PSRR_worst_case_10Hz_10MHz,22.55421,43.75209,22.55421,43.75209,1,5.525,1.0,39.985,20.31,6.015000000000001,4.204394291677798,0.9207578382660234,5.525,1.0,39.985,20.31,6.015000000000001,4.204394291677798,0.9207578382660234,0.798247,0.801753,30.3807,47.2615,49.5341,13.4226,69.5084
banba_cal,SKY130-BGR-banba_cal,7,22,334345,PSO,40,-21.54732,21.54732,0,1,0.8015758,30.34855,47.2615,75.548,25.7508,36.91611,0,0,0,0,0,0,24.0,1,-21.54732,21.54732,0.8015758,30.34855,47.2615,75.548,25.7508,36.91611,54986.22164155543,150000,150000,102603.0,-21.482173343555623,150001,150001,,0,PSRR_worst_case_10Hz_10MHz,21.54732,42.57434,21.54732,42.57434,1,6.7250000000000005,1.0,12.75,22.445,7.975,3.4002825789589624,0.9027995737945405,6.7250000000000005,1.0,12.75,22.445,7.975,3.4002825789589624,0.9027995737945405,0.798247,0.801753,30.3807,47.2615,49.5341,13.4226,69.5084
banba_cal,SKY130-BGR-banba_cal,7,23,335345,PSO,40,-21.33028,21.33028,0,1,0.8017524,30.3396,47.2616,66.474,25.6277,30.72924,0,0,0,0,0,0,7.0,1,-21.33028,21.33028,0.8017524,30.3396,47.2616,66.474,25.6277,30.72924,52719.2882681936,150000,150000,132298.0,-21.315657606484045,150001,150001,,0,PSRR_worst_case_10Hz_10MHz,21.33028,38.96034,21.33028,38.96034,1,11.935,10.585,36.55,37.25,8.0,1.2460858179847345,0.9,11.935,10.585,36.55,37.25,8.0,1.2460858179847345,0.9,0.798247,0.801753,30.3807,47.2615,49.5341,13.4226,69.5084
banba_cal,SKY130-BGR-banba_cal,7,24,336345,PSO,40,-21.32274,21.32274,0,1,0.8017526,30.09392,47.2616,66.845,25.2518,30.88705,0,0,0,0,0,0,39.0,1,-21.32274,21.32274,0.8017526,30.09392,47.2616,66.845,25.2518,30.88705,64995.37911918014,150000,150000,141190.0,-21.29003456768045,150001,150001,,0,PSRR_worst_case_10Hz_10MHz,21.32274,39.08131,21.32274,39.08131,1,11.145,11.8,34.84,37.14,8.0,1.3008997359640115,0.9,11.145,11.8,34.84,37.14,8.0,1.3008997359640115,0.9,0.798247,0.801753,30.3807,47.2615,49.5341,13.4226,69.5084
banba_cal,SKY130-BGR-banba_cal,7,25,337345,PSO,40,-21.35182,21.35182,0,1,0.8015947,30.37581,47.2615,69.857,25.0787,31.82951,0,0,0,0,0,0,57.0,1,-21.35182,21.35182,0.8015947,30.37581,47.2615,69.857,25.0787,31.82951,67353.84362421557,150000,150000,70444.0,-19.62643901326009,150001,149998,timeout=3,0,PSRR_worst_case_10Hz_10MHz,21.35182,40.06638,21.35182,40.06638,1,9.685,7.88,23.765,30.15,8.0,1.6316745052281731,0.9,9.685,7.88,23.765,30.15,8.0,1.6316745052281731,0.9,0.798247,0.801753,30.3807,47.2615,49.5341,13.4226,69.5084
banba_cal,SKY130-BGR-banba_cal,7,26,338345,PSO,40,-59.13126,59.1311,0,1,0.8012013,29.77499,47.3255,70.615,18.9053,69.50837,0,0,0,0,0,0,37.0,1,-59.13126,59.13126,0.8012013,29.78028,47.3256,70.615,18.905,69.50837,62380.94609265775,150000,150000,75030.0,-58.51583304815366,150001,150001,,0,PSRR_worst_case_10Hz_10MHz,59.1311,59.1311,59.13126,59.13231,1,1.165,1.0,2.39,7.0,0.62,14.69667980073817,1.3932667037772242,1.165,1.0,2.39,7.0,0.62,14.696679786949929,1.3932667040802489,0.798247,0.801753,30.3807,47.2615,49.5341,13.4226,69.5084
banba_cal,SKY130-BGR-banba_cal,7,27,339345,PSO,40,-21.35125,21.35125,1,0,0.8017528,30.38494,47.2615,69.894,25.5626,31.58194,0,1,0,0,0,0,1.0,1,-21.35125,21.35125,0.8017528,30.37587,47.2615,69.894,25.5626,31.58195,64133.11006333679,150000,150000,93858.0,-21.318424541023607,150001,149998,measure_failed=2;timeout=1,0,PSRR_worst_case_10Hz_10MHz,21.35125,39.71927,21.35125,39.71927,1,9.565,8.5,25.655,32.575,8.0,1.543234901324021,0.9,9.565,8.5,25.655,32.575,8.0,1.543234899549536,0.9,0.798247,0.801753,30.3807,47.2615,49.5341,13.4226,69.5084
banba_cal,SKY130-BGR-banba_cal,7,28,340345,PSO,40,-22.55622,22.55622,0,1,0.7996692,30.37392,47.2743,67.168,27.7279,39.21097,0,0,0,0,0,0,22.0,1,-22.55622,22.55622,0.7996692,30.37392,47.2743,67.168,27.7279,39.21097,68286.05442297459,150000,150000,134123.0,-22.4421091451943,150001,150001,,0,PSRR_worst_case_10Hz_10MHz,22.55622,43.7725,22.55622,43.7725,1,5.5200000000000005,1.0,39.85,20.275,6.010000000000001,4.2222948671909775,0.9052798833788248,5.5200000000000005,1.0,39.85,20.275,6.010000000000001,4.2222948671909775,0.9052798833788248,0.798247,0.801753,30.3807,47.2615,49.5341,13.4226,69.5084
banba_cal,SKY130-BGR-banba_cal,7,29,341345,PSO,40,-59.60486,59.60486,0,1,0.8017516,29.63133,50.7041,71.895,16.7421,69.24481,0,0,0,0,0,0,25.0,1,-59.60486,59.60486,0.8017516,29.63133,50.7041,71.895,16.7421,69.24481,66122.03862481937,150000,150000,149666.0,-59.07106055120367,150001,150000,timeout=1,0,PSRR_worst_case_10Hz_10MHz,59.60486,59.60486,59.60486,59.60486,1,1.45,1.0,1.0,8.629999999999999,0.58,14.591740698698182,1.3155627403120356,1.45,1.0,1.0,8.629999999999999,0.58,14.591740698698182,1.3155627403120356,0.798247,0.801753,30.3807,47.2615,49.5341,13.4226,69.5084
