corner,vdd,algo,run,feasible,penalty,objective,VREF,TC,LOOP_GAIN_DB,PHASE_MARGIN_DEG,GAIN_MARGIN_DB,POWER_UW,sim_failure,POWER_UW_AT_VDD,viol_power_at_vdd,feasible_at_vdd
ff,1.62,ABC,0,0,6,-200.0,,,,,,,timeout,,0,0
ff,1.62,ABC,1,0,6,-200.0,,,,,,,timeout,,0,0
ff,1.62,ABC,2,0,6,-200.0,,,,,,,timeout,,0,0
ff,1.62,ABC,3,0,6,-200.0,,,,,,,timeout,,0,0
ff,1.62,ABC,4,0,1,27.50567,1.220097,23.69906,51.2798,69.242,19.3293,42.64573,,38.38115700000001,0,0
ff,1.62,ABC,5,0,1,26.44898,1.220128,23.65872,51.3298,69.245,19.3709,43.34958,,39.014622,0,0
ff,1.62,ABC,6,0,6,-200.0,,,,,,,timeout,,0,0
ff,1.62,ABC,7,0,6,-200.0,,,,,,,timeout,,0,0
ff,1.62,ABC,8,0,6,-200.0,,,,,,,timeout,,0,0
ff,1.62,ABC,9,0,6,-200.0,,,,,,,timeout,,0,0
ff,1.62,ABC,10,0,6,-200.0,,,,,,,timeout,,0,0
ff,1.62,ABC,11,0,6,-200.0,,,,,,,timeout,,0,0
ff,1.62,ABC,12,0,6,-200.0,,,,,,,timeout,,0,0
ff,1.62,ABC,13,0,6,-200.0,,,,,,,timeout,,0,0
ff,1.62,ABC,14,0,6,-200.0,,,,,,,timeout,,0,0
ff,1.62,ABC,15,0,6,-200.0,,,,,,,timeout,,0,0
ff,1.62,ABC,16,0,6,-200.0,,,,,,,timeout,,0,0
ff,1.62,ABC,17,0,6,-200.0,,,,,,,timeout,,0,0
ff,1.62,ABC,18,0,6,-200.0,,,,,,,timeout,,0,0
ff,1.62,ABC,19,0,6,-200.0,,,,,,,timeout,,0,0
ff,1.62,ABC,20,0,6,-200.0,,,,,,,timeout,,0,0
ff,1.62,ABC,21,0,6,-200.0,,,,,,,timeout,,0,0
ff,1.62,ABC,22,0,6,-200.0,,,,,,,timeout,,0,0
ff,1.62,ABC,23,0,6,-200.0,,,,,,,timeout,,0,0
ff,1.62,ABC,24,0,6,-200.0,,,,,,,timeout,,0,0
ff,1.62,ABC,25,0,6,-200.0,,,,,,,timeout,,0,0
ff,1.62,ABC,26,0,6,-200.0,,,,,,,timeout,,0,0
ff,1.62,ABC,27,0,6,-200.0,,,,,,,timeout,,0,0
ff,1.62,ABC,28,0,6,-200.0,,,,,,,timeout,,0,0
ff,1.62,ABC,29,0,6,-200.0,,,,,,,timeout,,0,0
ff,1.62,ACO,0,0,6,-200.0,,,,,,,timeout,,0,0
ff,1.62,ACO,1,0,6,-200.0,,,,,,,timeout,,0,0
ff,1.62,ACO,2,0,6,-200.0,,,,,,,timeout,,0,0
ff,1.62,ACO,3,0,6,-200.0,,,,,,,timeout,,0,0
ff,1.62,ACO,4,0,6,-200.0,,,,,,,timeout,,0,0
ff,1.62,ACO,5,0,6,-200.0,,,,,,,timeout,,0,0
ff,1.62,ACO,6,0,6,-200.0,,,,,,,timeout,,0,0
ff,1.62,ACO,7,0,6,-200.0,,,,,,,timeout,,0,0
ff,1.62,ACO,8,0,6,-200.0,,,,,,,timeout,,0,0
ff,1.62,ACO,9,0,6,-200.0,,,,,,,timeout,,0,0
ff,1.62,ACO,10,0,6,-200.0,,,,,,,timeout,,0,0
ff,1.62,ACO,11,0,6,-200.0,,,,,,,timeout,,0,0
ff,1.62,ACO,12,0,6,-200.0,,,,,,,timeout,,0,0
ff,1.62,ACO,13,0,6,-200.0,,,,,,,timeout,,0,0
ff,1.62,ACO,14,0,6,-200.0,,,,,,,timeout,,0,0
ff,1.62,ACO,15,0,6,-200.0,,,,,,,timeout,,0,0
ff,1.62,ACO,16,0,6,-200.0,,,,,,,timeout,,0,0
ff,1.62,ACO,17,0,6,-200.0,,,,,,,timeout,,0,0
ff,1.62,ACO,18,0,6,-200.0,,,,,,,timeout,,0,0
ff,1.62,ACO,19,0,1,28.07161,1.220244,23.7111,50.9175,69.26,19.3899,42.87388,,38.58649200000001,0,0
ff,1.62,ACO,20,0,1,27.76919,1.220119,23.10753,51.6029,69.369,19.0464,44.41527,,39.973743,0,0
ff,1.62,ACO,21,0,1,27.94153,1.220232,23.68154,50.9866,69.252,19.3622,43.01653,,38.71487700000001,0,0
ff,1.62,ACO,22,0,1,27.82171,1.220222,23.6122,51.0814,69.265,19.3225,43.20596,,38.885364,0,0
ff,1.62,ACO,23,0,1,27.64509,1.220193,23.49852,51.2445,69.261,19.2429,43.54312,,39.188808,0,0
ff,1.62,ACO,24,0,1,27.6496,1.220192,23.47867,51.2578,69.264,19.236,43.56,,39.20400000000001,0,0
ff,1.62,ACO,25,0,1,27.65833,1.220136,23.19165,51.537,69.34,19.089,44.24008,,39.816072,0,0
ff,1.62,ACO,26,0,1,27.64583,1.220193,23.49355,51.2471,69.261,19.2416,43.54655,,39.19189500000001,0,0
ff,1.62,ACO,27,0,1,27.81668,1.220221,23.59235,51.1005,69.264,19.3113,43.23343,,38.910087000000004,0,0
ff,1.62,ACO,28,0,1,27.71931,1.220208,23.5628,51.1568,69.257,19.285,43.3714,,39.034259999999996,0,0
ff,1.62,ACO,29,0,1,27.9456,1.220232,23.69147,50.9776,69.25,19.3663,43.00682,,38.706138,0,0
ff,1.62,FA,0,0,3,20.02984,1.218672,25.38779,51.7138,64.87,28.1687,27.54252,,24.788268000000002,0,0
ff,1.62,FA,1,0,1,29.02564,1.219939,23.07617,51.8585,69.465,18.9147,43.83167,,39.448503,0,0
ff,1.62,FA,2,0,2,26.31836,1.219054,25.27046,51.8527,64.911,24.6612,25.82775,,23.244975000000004,0,0
ff,1.62,FA,3,0,2,20.55423,1.21929,24.96734,52.0627,76.728,30.1715,40.35533,,36.31979700000001,0,0
ff,1.62,FA,4,0,3,16.0242,1.218643,25.33867,51.3451,64.977,28.6102,27.55861,,24.802749000000006,0,0
ff,1.62,FA,5,0,2,16.22615,1.218701,25.34243,51.5474,64.89,29.368,27.79718,,25.017462000000002,0,0
ff,1.62,FA,6,0,1,47.85199,1.21993,22.24171,51.8113,70.264,18.3527,45.56435,,41.007915,0,0
ff,1.62,FA,7,0,1,44.71759,1.219341,24.16109,51.8244,69.411,18.3203,38.63894,,34.775045999999996,0,0
ff,1.62,FA,8,0,2,20.96072,1.218701,25.47173,51.9377,64.764,28.5138,27.63587,,24.872283,0,0
ff,1.62,FA,9,0,2,22.555,1.218709,25.47156,51.9975,64.673,28.6868,27.77947,,25.001523000000002,0,0
ff,1.62,FA,10,0,2,16.7253,1.218784,25.29595,51.3135,68.984,27.014,28.59052,,25.731468000000003,0,0
ff,1.62,FA,11,0,2,23.77293,1.218822,25.32997,51.8034,68.855,26.46,28.61678,,25.755102,0,0
ff,1.62,FA,12,0,1,48.47595,1.21983,22.59629,51.8129,70.174,18.3523,44.25757,,39.831813000000004,0,0
ff,1.62,FA,13,0,2,29.96303,1.219001,25.24173,51.6171,67.666,19.8187,27.3301,,24.59709,0,0
ff,1.62,FA,14,0,2,16.63313,1.219177,24.8752,51.3938,74.875,31.1742,36.24707,,32.622363,0,0
ff,1.62,FA,15,0,2,35.76316,1.219025,25.26112,51.8483,67.58,19.0434,27.80842,,25.027578000000005,0,0
ff,1.62,FA,16,0,3,18.76054,1.218684,25.3776,51.6339,65.365,28.1193,27.65221,,24.886989,0,0
ff,1.62,FA,17,0,1,27.71429,1.220207,23.37904,51.3154,69.437,19.2037,42.30887,,38.077983,0,0
ff,1.62,FA,18,0,1,34.7271,1.21908,24.81255,52.261,68.959,18.276,38.24456,,34.420104,0,0
ff,1.62,FA,19,0,1,44.99776,1.219432,23.90581,51.8159,69.575,18.313,39.95213,,35.956917,0,0
ff,1.62,FA,20,0,1,46.21189,1.219735,22.93593,51.7332,70.089,18.3309,43.18808,,38.869272,0,0
ff,1.62,FA,21,0,2,21.09792,1.218953,25.31233,52.0229,70.037,30.1059,31.49978,,28.349802000000004,0,0
ff,1.62,FA,22,0,2,21.13215,1.218709,25.46659,51.9625,64.693,29.1262,27.9538,,25.158420000000003,0,0
ff,1.62,FA,23,0,3,17.58432,1.218657,25.36821,51.5362,64.905,28.2928,27.51993,,24.767937,0,0
ff,1.62,FA,24,0,2,35.6013,1.219197,24.87479,51.6291,68.827,18.4344,44.37911,,39.941199000000005,0,0
ff,1.62,FA,25,0,3,16.1085,1.218678,25.40756,51.5244,64.897,29.41,27.89991,,25.109919,0,0
ff,1.62,FA,26,0,2,21.85263,1.218707,25.47161,51.9776,64.694,28.7139,27.78336,,25.005024,0,0
ff,1.62,FA,27,0,1,35.36508,1.219111,24.77712,52.3434,69.032,18.2515,41.80198,,37.621782,0,0
ff,1.62,FA,28,0,1,28.76136,1.220045,22.89533,51.761,69.452,18.9209,44.39084,,39.951755999999996,0,0
ff,1.62,FA,29,0,2,20.56729,1.219397,24.66694,52.0776,76.549,30.9552,38.72795,,34.855155,0,0
ff,1.62,GA,0,0,2,33.74413,1.218967,25.39159,51.8805,67.926,20.641,27.42374,,24.681365999999997,0,0
ff,1.62,GA,1,0,2,43.05899,1.219152,24.57744,51.9233,69.176,18.3233,33.75056,,30.375504000000003,0,0
ff,1.62,GA,2,0,2,36.78688,1.218981,25.37141,51.8985,67.788,20.3749,27.35116,,24.616044,0,0
ff,1.62,GA,3,0,2,34.15002,1.218969,25.27223,51.8541,67.752,18.7294,28.71495,,25.843455000000006,0,0
ff,1.62,GA,4,0,2,33.4628,1.219044,25.27564,51.7966,67.73,18.7297,28.20917,,25.388253000000002,0,0
ff,1.62,GA,5,0,2,35.21789,1.220207,24.24328,48.4551,69.77,20.4516,38.2563,,34.430670000000006,0,0
ff,1.62,GA,6,0,1,28.03507,1.220244,23.80547,50.8526,69.449,19.5163,42.77576,,38.498183999999995,0,0
ff,1.62,GA,7,0,2,36.03292,1.220145,24.28425,48.3104,69.62,20.4299,37.67404,,33.906636,0,0
ff,1.62,GA,8,0,1,27.5953,1.220178,23.50377,51.2756,69.289,19.2465,43.5697,,39.21273,0,0
ff,1.62,GA,9,0,2,35.02054,1.218987,25.32654,51.813,67.688,19.1556,27.9418,,25.147620000000003,0,0
ff,1.62,GA,10,0,1,27.74964,1.220196,23.60277,51.1548,69.26,19.2959,43.2419,,38.91771,0,0
ff,1.62,GA,11,0,1,31.49034,1.220326,24.10682,49.4781,69.529,19.9702,40.27147,,36.24432300000001,0,0
ff,1.62,GA,12,0,2,43.3046,1.219178,24.46755,52.127,69.427,18.3166,33.56023,,30.204206999999997,0,0
ff,1.62,GA,13,0,1,27.7331,1.220088,23.17766,51.6256,69.371,19.0567,44.26747,,39.840723000000004,0,0
ff,1.62,GA,14,0,1,31.41072,1.220356,24.06153,49.459,69.42,19.9062,40.49291,,36.443619000000005,0,0
ff,1.62,GA,15,0,2,34.61439,1.220218,24.22319,48.6241,69.545,20.2648,38.48911,,34.640198999999996,0,0
ff,1.62,GA,16,0,2,34.78036,1.218992,25.28667,51.79,68.034,18.877,28.34699,,25.512291000000005,0,0
ff,1.62,GA,17,0,1,28.99346,1.220255,24.06352,50.362,69.425,19.6912,41.85619,,37.670571,0,0
ff,1.62,GA,18,0,2,33.63764,1.219014,25.25141,51.8288,67.763,20.3074,27.17618,,24.458561999999997,0,0
ff,1.62,GA,19,0,2,36.56039,1.219014,25.25638,51.8399,67.432,18.9096,27.78865,,25.009785,0,0
ff,1.62,GA,20,0,2,37.11414,1.220122,24.26484,48.089,69.651,20.5026,37.08882,,33.379937999999996,0,0
ff,1.62,GA,21,0,1,29.81206,1.219437,24.06476,51.727,68.609,19.4854,26.01351,,23.412159,0,0
ff,1.62,GA,22,0,2,33.00548,1.219176,24.78077,51.8117,68.039,19.9829,26.65208,,23.986872000000005,0,0
ff,1.62,GA,23,0,2,38.29869,1.220073,24.37509,47.8545,69.669,20.5992,36.73989,,33.065901000000004,0,0
ff,1.62,GA,24,0,1,35.07189,1.220232,24.18815,48.4968,69.614,20.3282,38.35593,,34.520337000000005,0,0
ff,1.62,GA,25,0,1,28.83585,1.220275,23.9638,50.4624,69.321,19.589,42.09111,,37.88199900000001,0,0
ff,1.62,GA,26,0,2,36.68119,1.220169,24.23907,48.1145,69.869,20.6282,37.50181,,33.751629,0,0
ff,1.62,GA,27,0,2,34.15512,1.220237,24.22282,48.7325,69.641,20.2824,38.74723,,34.872507000000006,0,0
ff,1.62,GA,28,0,2,35.38969,1.22018,24.24381,48.465,69.525,20.3084,38.00299,,34.202691,0,0
ff,1.62,GA,29,0,1,32.9189,1.220342,24.14624,48.966,69.968,20.3464,39.67312,,35.705808000000005,0,0
ff,1.62,GWO,0,0,1,28.0271,1.220248,23.81533,50.828,69.255,19.4512,42.75446,,38.479014,0,0
ff,1.62,GWO,1,0,1,28.25893,1.220269,23.88445,50.6699,69.251,19.5153,42.43621,,38.192589000000005,0,0
ff,1.62,GWO,2,0,1,28.72137,1.220271,23.92911,50.5266,69.263,19.5373,42.20865,,37.987784999999995,0,0
ff,1.62,GWO,3,0,1,28.35121,1.220276,23.97868,50.522,69.255,19.6012,42.15652,,37.940868,0,0
ff,1.62,GWO,4,0,1,28.43982,1.220264,23.83488,50.6941,69.258,19.4729,42.46857,,38.221713,0,0
ff,1.62,GWO,5,0,1,28.2841,1.220255,23.81022,50.7618,69.259,19.4531,42.61599,,38.354391,0,0
ff,1.62,GWO,6,0,1,28.22163,1.220262,23.96405,50.5935,69.236,19.5673,42.29703,,38.067327,0,0
ff,1.62,GWO,7,0,1,28.59731,1.22028,23.89913,50.578,69.281,19.5347,42.28299,,38.054691,0,0
ff,1.62,GWO,8,0,1,30.14226,1.22039,23.99134,49.8435,69.357,19.7673,41.35234,,37.217106,0,0
ff,1.62,GWO,9,0,1,28.71645,1.220271,23.92414,50.5287,69.262,19.5358,42.2152,,37.993680000000005,0,0
ff,1.62,GWO,10,0,1,28.69219,1.220272,23.90426,50.5514,69.265,19.5274,42.23448,,38.011032,0,0
ff,1.62,GWO,11,0,1,28.38223,1.220271,23.96884,50.5411,69.248,19.5848,42.15758,,37.94182200000001,0,0
ff,1.62,GWO,12,0,1,28.11258,1.220246,23.75577,50.8664,69.269,19.4186,42.79907,,38.519163,0,0
ff,1.62,GWO,13,0,1,28.7504,1.220272,23.93902,50.509,69.275,19.5499,42.17609,,37.958481000000006,0,0
ff,1.62,GWO,14,0,1,28.69722,1.220272,23.91419,50.5429,69.26,19.5289,42.23444,,38.010996000000006,0,0
ff,1.62,GWO,15,0,1,28.46603,1.220264,23.85972,50.6659,69.256,19.4845,42.44222,,38.197998,0,0
ff,1.62,GWO,16,0,1,28.51352,1.220263,23.88953,50.6266,69.261,19.5039,42.38838,,38.149542000000004,0,0
ff,1.62,GWO,17,0,1,28.64306,1.220272,23.87943,50.5936,69.264,19.509,42.28061,,38.052549000000006,0,0
ff,1.62,GWO,18,0,1,28.32603,1.22027,23.88443,50.6562,69.268,19.5211,42.41765,,38.175885,0,0
ff,1.62,GWO,19,0,1,28.46277,1.220264,23.85475,50.6695,69.256,19.483,42.44531,,38.200779000000004,0,0
ff,1.62,GWO,20,0,1,28.61159,1.220274,23.94892,50.5296,69.261,19.5565,42.2028,,37.98252,0,0
ff,1.62,GWO,21,0,1,28.14584,1.220257,23.85489,50.7445,69.247,19.4848,42.57414,,38.316726,0,0
ff,1.62,GWO,22,0,1,28.75607,1.22027,23.94403,50.5034,69.268,19.5498,42.17245,,37.955205,0,0
ff,1.62,GWO,23,0,1,28.1552,1.220265,23.9193,50.6511,69.241,19.5433,42.36221,,38.125989,0,0
ff,1.62,GWO,24,0,1,28.69764,1.220272,23.91419,50.5424,69.261,19.5291,42.23428,,38.01085200000001,0,0
ff,1.62,GWO,25,0,1,28.46293,1.220264,23.85475,50.6695,69.257,19.4831,42.44497,,38.200473,0,0
ff,1.62,GWO,26,0,1,28.67844,1.220271,23.88441,50.5819,69.286,19.5246,42.22723,,38.004507,0,0
ff,1.62,GWO,27,0,1,27.95173,1.220234,23.79077,50.8968,69.268,19.4294,42.86176,,38.575584,0,0
ff,1.62,GWO,28,0,1,28.74923,1.220274,23.97872,50.4714,69.291,19.5865,42.11678,,37.905102,0,0
ff,1.62,GWO,29,0,1,28.71689,1.220271,23.92414,50.5292,69.263,19.5359,42.21387,,37.99248300000001,0,0
ff,1.62,PSO,0,0,2,22.53911,1.218719,25.45146,52.0191,64.626,29.513,28.17787,,25.360083,0,0
ff,1.62,PSO,1,0,1,34.37032,1.219948,22.23642,52.0453,69.901,18.545,46.18591,,41.567319,0,0
ff,1.62,PSO,2,0,1,27.82293,1.220223,23.61714,51.0777,69.265,19.3247,43.20049,,38.880441000000005,0,0
ff,1.62,PSO,3,0,1,47.90754,1.219912,21.98867,52.1635,70.363,18.3185,46.8419,,42.15771,0,0
ff,1.62,PSO,4,0,1,28.67046,1.220272,23.89433,50.5657,69.261,19.5194,42.25887,,38.03298300000001,0,0
ff,1.62,PSO,5,0,2,36.64343,1.218966,25.40653,51.9063,67.679,20.326,27.43619,,24.692571,0,0
ff,1.62,PSO,6,0,1,27.59875,1.220178,23.43424,51.322,69.272,19.2061,43.69959,,39.329631000000006,0,0
ff,1.62,PSO,7,0,1,27.64385,1.220193,23.50349,51.2394,69.26,19.2456,43.53624,,39.182616,0,0
ff,1.62,PSO,8,0,1,48.28778,1.219919,21.97861,52.1583,70.324,18.3286,46.96254,,42.266286,0,0
ff,1.62,PSO,9,0,2,43.90902,1.219189,24.58167,51.8226,69.051,18.3107,36.33802,,32.704218000000004,0,0
ff,1.62,PSO,10,0,1,48.26755,1.219919,21.9637,52.1691,70.354,18.3147,47.10244,,42.392196000000006,0,0
ff,1.62,PSO,11,0,1,29.82605,1.220003,22.59309,51.911,69.605,18.7641,45.47516,,40.92764400000001,0,0
ff,1.62,PSO,12,0,1,47.7567,1.219905,22.00867,52.162,70.353,18.3158,46.68379,,42.01541100000001,0,0
ff,1.62,PSO,13,0,1,31.66324,1.220352,24.06658,49.3786,69.388,19.9119,40.35339,,36.318051000000004,0,0
ff,1.62,PSO,14,0,1,27.64147,1.220193,23.52832,51.2225,69.256,19.2544,43.51185,,39.160665,0,0
ff,1.62,PSO,15,0,1,48.19448,1.219916,21.97369,52.1699,70.353,18.3178,46.96807,,42.271263000000005,0,0
ff,1.62,PSO,16,0,1,48.07498,1.219915,21.97868,52.1726,70.359,18.3156,46.9658,,42.269220000000004,0,0
ff,1.62,PSO,17,0,2,35.61573,1.220186,24.23376,48.3876,69.492,20.3068,37.96295,,34.166655,0,0
ff,1.62,PSO,18,0,1,27.60925,1.220165,23.32024,51.4181,69.305,19.1562,43.93037,,39.53733300000001,0,0
ff,1.62,PSO,19,0,1,30.43756,1.220381,23.98158,49.7778,69.344,19.765,41.16335,,37.047015,0,0
ff,1.62,PSO,20,0,1,28.30719,1.220255,23.83009,50.7397,69.262,19.4643,42.58561,,38.32704900000001,0,0
ff,1.62,PSO,21,0,1,40.55095,1.219928,22.07284,52.1082,70.128,18.4175,46.57916,,41.921244,0,0
ff,1.62,PSO,22,0,1,47.7567,1.219905,22.00867,52.162,70.353,18.3158,46.68379,,42.01541100000001,0,0
ff,1.62,PSO,23,0,1,47.57468,1.219894,22.05358,52.1621,70.348,18.3162,46.48617,,41.83755300000001,0,0
ff,1.62,PSO,24,0,1,46.09809,1.219735,22.97568,51.7667,70.087,18.3104,43.52936,,39.176424,0,0
ff,1.62,PSO,25,0,1,28.96921,1.220034,22.72167,51.8445,69.529,18.8421,45.1903,,40.67127,0,0
ff,1.62,PSO,26,0,1,27.95003,1.220232,23.7014,50.9689,69.249,19.3703,42.99689,,38.69720100000001,0,0
ff,1.62,PSO,27,0,2,22.54183,1.218721,25.44645,52.019,64.623,29.5039,28.17506,,25.357554,0,0
ff,1.62,PSO,28,0,1,48.22181,1.219918,21.96869,52.1705,70.357,18.3135,47.10132,,42.39118800000001,0,0
ff,1.62,PSO,29,0,2,21.86297,1.221347,21.26316,47.7461,73.16,18.935,40.22332,,36.200988,0,0
ff,1.8,ABC,0,0,6,-200.0,,,,,,,timeout,,0,0
ff,1.8,ABC,1,1,0,50.11574,1.22028,21.74364,52.4313,69.805,18.2186,41.65999,,41.65999,0,1
ff,1.8,ABC,2,1,0,50.33749,1.220259,22.00228,52.3056,69.707,18.2073,41.01952,,41.01952,0,1
ff,1.8,ABC,3,1,0,50.47277,1.220249,22.08193,52.4979,69.956,18.2641,42.77732,,42.77732,0,1
ff,1.8,ABC,4,1,0,50.54082,1.220267,21.88294,52.4071,69.799,18.21,42.65548,,42.655480000000004,0,1
ff,1.8,ABC,5,1,0,50.80394,1.220299,21.85753,52.3596,69.846,18.2273,43.35937,,43.35937,0,1
ff,1.8,ABC,6,0,6,-200.0,,,,,,,timeout,,0,0
ff,1.8,ABC,7,0,6,-200.0,,,,,,,timeout,,0,0
ff,1.8,ABC,8,0,6,-200.0,,,,,,,timeout,,0,0
ff,1.8,ABC,9,0,6,-200.0,,,,,,,timeout,,0,0
ff,1.8,ABC,10,0,6,-200.0,,,,,,,timeout,,0,0
ff,1.8,ABC,11,0,6,-200.0,,,,,,,timeout,,0,0
ff,1.8,ABC,12,0,6,-200.0,,,,,,,timeout,,0,0
ff,1.8,ABC,13,0,6,-200.0,,,,,,,timeout,,0,0
ff,1.8,ABC,14,0,6,-200.0,,,,,,,timeout,,0,0
ff,1.8,ABC,15,0,6,-200.0,,,,,,,timeout,,0,0
ff,1.8,ABC,16,0,6,-200.0,,,,,,,timeout,,0,0
ff,1.8,ABC,17,0,6,-200.0,,,,,,,timeout,,0,0
ff,1.8,ABC,18,0,6,-200.0,,,,,,,timeout,,0,0
ff,1.8,ABC,19,0,6,-200.0,,,,,,,timeout,,0,0
ff,1.8,ABC,20,0,6,-200.0,,,,,,,timeout,,0,0
ff,1.8,ABC,21,0,6,-200.0,,,,,,,timeout,,0,0
ff,1.8,ABC,22,0,6,-200.0,,,,,,,timeout,,0,0
ff,1.8,ABC,23,0,6,-200.0,,,,,,,timeout,,0,0
ff,1.8,ABC,24,0,6,-200.0,,,,,,,timeout,,0,0
ff,1.8,ABC,25,0,6,-200.0,,,,,,,timeout,,0,0
ff,1.8,ABC,26,0,6,-200.0,,,,,,,timeout,,0,0
ff,1.8,ABC,27,0,6,-200.0,,,,,,,timeout,,0,0
ff,1.8,ABC,28,0,6,-200.0,,,,,,,timeout,,0,0
ff,1.8,ABC,29,0,6,-200.0,,,,,,,timeout,,0,0
ff,1.8,ACO,0,0,6,-200.0,,,,,,,timeout,,0,0
ff,1.8,ACO,1,0,6,-200.0,,,,,,,timeout,,0,0
ff,1.8,ACO,2,0,6,-200.0,,,,,,,timeout,,0,0
ff,1.8,ACO,3,0,6,-200.0,,,,,,,timeout,,0,0
ff,1.8,ACO,4,0,6,-200.0,,,,,,,timeout,,0,0
ff,1.8,ACO,5,0,6,-200.0,,,,,,,timeout,,0,0
ff,1.8,ACO,6,0,6,-200.0,,,,,,,timeout,,0,0
ff,1.8,ACO,7,0,6,-200.0,,,,,,,timeout,,0,0
ff,1.8,ACO,8,0,6,-200.0,,,,,,,timeout,,0,0
ff,1.8,ACO,9,0,6,-200.0,,,,,,,timeout,,0,0
ff,1.8,ACO,10,0,6,-200.0,,,,,,,timeout,,0,0
ff,1.8,ACO,11,0,6,-200.0,,,,,,,timeout,,0,0
ff,1.8,ACO,12,0,6,-200.0,,,,,,,timeout,,0,0
ff,1.8,ACO,13,0,6,-200.0,,,,,,,timeout,,0,0
ff,1.8,ACO,14,0,6,-200.0,,,,,,,timeout,,0,0
ff,1.8,ACO,15,0,6,-200.0,,,,,,,timeout,,0,0
ff,1.8,ACO,16,0,6,-200.0,,,,,,,timeout,,0,0
ff,1.8,ACO,17,0,6,-200.0,,,,,,,timeout,,0,0
ff,1.8,ACO,18,0,6,-200.0,,,,,,,timeout,,0,0
ff,1.8,ACO,19,0,6,-200.0,,,,,,,timeout,,0,0
ff,1.8,ACO,20,0,6,-200.0,,,,,,,timeout,,0,0
ff,1.8,ACO,21,0,6,-200.0,,,,,,,timeout,,0,0
ff,1.8,ACO,22,1,0,50.7459,1.220316,21.70327,52.3213,69.798,18.2115,43.21316,,43.21316000000001,0,1
ff,1.8,ACO,23,1,0,51.04177,1.220323,21.68825,52.3316,69.816,18.2055,43.55154,,43.55154,0,1
ff,1.8,ACO,24,1,0,51.0421,1.220325,21.67828,52.3324,69.821,18.2055,43.5685,,43.5685,0,1
ff,1.8,ACO,25,1,0,50.97087,1.220348,21.62821,52.3459,69.883,18.2108,44.25125,,44.25125,0,1
ff,1.8,ACO,26,1,0,51.04189,1.220323,21.68328,52.3318,69.817,18.2055,43.55498,,43.55498,0,1
ff,1.8,ACO,27,1,0,50.74723,1.220318,21.6933,52.3214,69.8,18.2097,43.24073,,43.24073,0,1
ff,1.8,ACO,28,1,0,51.05921,1.220318,21.69827,52.3256,69.801,18.208,43.37914,,43.37914,0,1
ff,1.8,ACO,29,1,0,50.76134,1.220306,21.72331,52.3168,69.765,18.2081,43.01339,,43.01339,0,1
ff,1.8,FA,0,0,1,26.52079,1.219914,23.97586,52.0532,64.285,28.0038,27.58828,,27.588279999999997,0,0
ff,1.8,FA,1,1,0,50.6774,1.220285,21.85282,52.4655,69.887,18.2131,43.84737,,43.84737,0,1
ff,1.8,FA,2,0,1,35.04632,1.220247,23.80045,52.1283,64.371,24.1926,25.87189,,25.87189,0,0
ff,1.8,FA,3,1,0,23.48493,1.22048,23.82073,52.2572,76.36,30.349,40.39933,,40.39933,0,1
ff,1.8,FA,4,0,1,26.24679,1.21991,23.97594,52.054,64.23,28.1488,27.60523,,27.60523,0,0
ff,1.8,FA,5,1,0,25.78447,1.219995,23.9693,52.2256,64.205,28.9091,27.84469,,27.84469,0,1
ff,1.8,FA,6,0,2,50.51637,1.220452,21.60153,52.0701,70.107,18.1992,45.58594,,45.58594,0,0
ff,1.8,FA,7,0,1,49.19134,1.219933,23.44888,52.0623,69.106,18.2332,38.66288,,38.66288,0,0
ff,1.8,FA,8,1,0,26.35361,1.219944,24.04979,52.2213,64.223,28.4033,27.68166,,27.68166,0,1
ff,1.8,FA,9,1,0,26.23449,1.219958,24.04951,52.2248,64.208,28.6327,27.82548,,27.82548,0,1
ff,1.8,FA,10,0,1,27.63004,1.220001,23.99899,52.0474,68.094,26.6091,28.63544,,28.635439999999996,0,0
ff,1.8,FA,11,0,1,28.07913,1.220006,23.99392,52.0475,68.246,26.481,28.66059,,28.66059,0,0
ff,1.8,FA,12,0,1,50.08209,1.220362,21.9458,52.0738,69.981,18.2056,44.27951,,44.27951,0,0
ff,1.8,FA,13,0,1,43.44464,1.220027,23.97364,52.1028,66.956,19.2541,27.36859,,27.36859,0,0
ff,1.8,FA,14,1,0,23.58293,1.220488,23.75106,52.2537,74.272,30.9229,36.29513,,36.29513000000001,0,1
ff,1.8,FA,15,0,1,40.49586,1.219966,24.06923,52.0675,67.113,18.7008,27.84409,,27.84409,0,0
ff,1.8,FA,16,0,1,26.55218,1.219925,23.97564,52.052,64.694,27.8872,27.69795,,27.69795,0,0
ff,1.8,FA,17,1,0,49.36488,1.220363,21.58821,52.3415,69.968,18.222,42.31816,,42.31816,0,1
ff,1.8,FA,18,1,0,36.25878,1.219629,24.08581,52.5469,68.708,18.2831,38.26706,,38.26706,0,1
ff,1.8,FA,19,0,1,48.7126,1.220006,23.21896,52.0578,69.262,18.2248,39.97544,,39.97544,0,0
ff,1.8,FA,20,0,1,49.52771,1.220283,22.27501,51.9808,69.818,18.2146,43.21055,,43.21055,0,0
ff,1.8,FA,21,1,0,25.0389,1.220219,24.0245,52.2455,69.522,30.0801,31.54633,,31.54633,0,1
ff,1.8,FA,22,1,0,26.00255,1.219972,24.04427,52.2272,64.209,29.0118,28.00026,,28.00026,0,1
ff,1.8,FA,23,0,1,26.43048,1.21991,23.97594,52.0526,64.22,27.9699,27.56606,,27.56606,0,0
ff,1.8,FA,24,0,1,40.3639,1.219673,24.08495,52.1355,68.588,18.2439,44.39916,,44.39916,0,0
ff,1.8,FA,25,1,0,25.75178,1.219967,24.04437,52.2256,64.207,28.9487,27.94723,,27.947229999999998,0,1
ff,1.8,FA,26,1,0,26.2019,1.219959,24.04949,52.2248,64.213,28.6335,27.82944,,27.82944,0,1
ff,1.8,FA,27,1,0,36.86505,1.219618,24.08106,52.676,68.788,18.2645,41.82305,,41.82305,0,1
ff,1.8,FA,28,1,0,50.67922,1.220353,21.60329,52.3723,69.928,18.2087,44.40526,,44.40526,0,1
ff,1.8,FA,29,1,0,23.38761,1.220651,23.4897,52.2588,76.195,31.1027,38.77412,,38.77412,0,1
ff,1.8,GA,0,0,1,44.05412,1.220005,24.08833,52.1838,67.321,20.2337,27.46265,,27.462649999999996,0,0
ff,1.8,GA,1,0,2,48.59904,1.21982,23.71935,52.1932,68.782,18.0786,33.77707,,33.77707,0,0
ff,1.8,GA,2,0,1,44.45722,1.220013,24.07327,52.1419,67.221,20.0049,27.38988,,27.38988,0,0
ff,1.8,GA,3,0,1,39.58109,1.219841,24.15119,52.1473,67.273,18.3874,28.74827,,28.74827,0,0
ff,1.8,GA,4,0,1,38.08746,1.219943,24.12433,52.0521,67.253,18.3932,28.24342,,28.24342,0,0
ff,1.8,GA,5,1,0,50.96758,1.220162,22.26232,52.2472,69.689,18.3889,38.25886,,38.25886,0,1
ff,1.8,GA,6,1,0,50.67272,1.220303,21.7929,52.3221,69.942,18.299,42.78182,,42.78182,0,1
ff,1.8,GA,7,1,0,50.99521,1.220133,22.33736,52.2385,69.489,18.3057,37.67769,,37.67769,0,1
ff,1.8,GA,8,1,0,51.00357,1.220318,21.71813,52.3421,69.84,18.2178,43.57847,,43.57847,0,1
ff,1.8,GA,9,0,1,42.09186,1.21993,24.11465,52.0965,67.182,18.7792,27.97753,,27.97753,0,0
ff,1.8,GA,10,1,0,51.03539,1.220308,21.72825,52.3446,69.799,18.2097,43.24973,,43.24973,0,1
ff,1.8,GA,11,1,0,50.94495,1.220237,21.92321,52.3061,69.724,18.3013,40.27259,,40.27259,0,1
ff,1.8,GA,12,0,1,48.57879,1.219854,23.60441,52.3927,69.043,18.0761,33.58701,,33.58701,0,0
ff,1.8,GA,13,1,0,50.89171,1.220332,21.69802,52.3811,69.887,18.216,44.27975,,44.27975,0,1
ff,1.8,GA,14,1,0,51.10921,1.220249,21.87333,52.2532,69.624,18.2559,40.49338,,40.49338,0,1
ff,1.8,GA,15,1,0,51.06822,1.220164,22.20765,52.2445,69.513,18.2842,38.49136,,38.49136,0,1
ff,1.8,GA,16,0,1,41.51406,1.219901,24.11025,52.0917,67.524,18.5119,28.38159,,28.381589999999996,0,0
ff,1.8,GA,17,1,0,50.71145,1.220259,21.92778,52.3136,69.815,18.2913,41.86039,,41.86039,0,1
ff,1.8,GA,18,0,1,44.15272,1.220062,23.93321,52.1416,67.153,19.8766,27.21546,,27.21546,0,0
ff,1.8,GA,19,0,1,42.01206,1.219958,24.05448,52.0684,66.948,18.5576,27.82442,,27.82442,0,0
ff,1.8,GA,20,0,1,50.3907,1.220128,22.36228,52.1927,69.466,18.3073,37.09309,,37.09309,0,0
ff,1.8,GA,21,0,1,40.8218,1.22059,22.66167,52.1065,67.991,18.9662,26.05628,,26.05628,0,0
ff,1.8,GA,22,0,1,42.95079,1.220264,23.43258,52.1173,67.448,19.5386,26.69267,,26.69267,0,0
ff,1.8,GA,23,0,2,50.93549,1.220103,22.47699,52.1942,69.407,18.1824,36.74497,,36.74497,0,0
ff,1.8,GA,24,1,0,50.78576,1.220171,22.18765,52.2072,69.56,18.3152,38.35795,,38.35795,0,1
ff,1.8,GA,25,1,0,50.79437,1.220277,21.8331,52.2937,69.739,18.2431,42.09525,,42.09525,0,1
ff,1.8,GA,26,1,0,50.57273,1.22015,22.32711,52.2053,69.699,18.4268,37.50523,,37.50523,0,1
ff,1.8,GA,27,1,0,51.00509,1.220176,22.17763,52.2702,69.636,18.3333,38.74925,,38.74925,0,1
ff,1.8,GA,28,1,0,51.0098,1.220146,22.25764,52.2354,69.445,18.2643,38.00594,,38.00594,0,1
ff,1.8,GA,29,1,0,50.62011,1.22024,22.02746,52.2609,70.046,18.496,39.67373,,39.67373,0,1
ff,1.8,GWO,0,1,0,50.76976,1.220297,21.76817,52.3093,69.75,18.2172,42.76015,,42.76015,0,1
ff,1.8,GWO,1,1,0,50.79536,1.220292,21.77323,52.2978,69.724,18.2168,42.44103,,42.441030000000005,0,1
ff,1.8,GWO,2,1,0,50.81524,1.220279,21.81319,52.2916,69.693,18.2171,42.21299,,42.21299,0,1
ff,1.8,GWO,3,1,0,50.78303,1.220282,21.81314,52.2916,69.711,18.2227,42.16077,,42.16077,0,1
ff,1.8,GWO,4,1,0,50.80405,1.220292,21.7633,52.2999,69.721,18.2134,42.47359,,42.47359000000001,0,1
ff,1.8,GWO,5,1,0,50.78651,1.220294,21.76326,52.304,69.735,18.215,42.62135,,42.62135,0,1
ff,1.8,GWO,6,1,0,50.77019,1.22028,21.82808,52.2984,69.701,18.2157,42.30167,,42.30167,0,1
ff,1.8,GWO,7,1,0,50.82136,1.220289,21.76832,52.2914,69.727,18.2259,42.28738,,42.28738,0,1
ff,1.8,GWO,8,1,0,51.11313,1.220284,21.74854,52.2602,69.66,18.2395,41.35284,,41.35284,0,1
ff,1.8,GWO,9,1,0,50.81689,1.220279,21.80823,52.2915,69.692,18.2166,42.21954,,42.21954,0,1
ff,1.8,GWO,10,1,0,50.81667,1.220282,21.79824,52.2931,69.7,18.217,42.23889,,42.23889,0,1
ff,1.8,GWO,11,1,0,50.78593,1.22028,21.81318,52.2965,69.703,18.2184,42.16196,,42.16196,0,1
ff,1.8,GWO,12,1,0,50.76888,1.220301,21.74327,52.3101,69.765,18.2181,42.80497,,42.80497,0,1
ff,1.8,GWO,13,1,0,50.81194,1.220278,21.81818,52.2934,69.701,18.2222,42.18035,,42.18035,0,1
ff,1.8,GWO,14,1,0,50.8188,1.220281,21.80322,52.2918,69.694,18.2155,42.23882,,42.23882,0,1
ff,1.8,GWO,15,1,0,50.8042,1.220289,21.77825,52.2983,69.714,18.2137,42.44711,,42.44711,0,1
ff,1.8,GWO,16,1,0,50.79917,1.220284,21.7982,52.2977,69.71,18.2168,42.39317,,42.39317,0,1
ff,1.8,GWO,17,1,0,50.81887,1.220286,21.77334,52.2948,69.708,18.2155,42.28517,,42.28517,0,1
ff,1.8,GWO,18,1,0,50.7959,1.220291,21.77325,52.2986,69.735,18.2232,42.42242,,42.42242,0,1
ff,1.8,GWO,19,1,0,50.80409,1.220289,21.77825,52.2986,69.715,18.2136,42.45023,,42.45023,0,1
ff,1.8,GWO,20,1,0,50.81682,1.22028,21.80821,52.295,69.698,18.2193,42.20707,,42.20707,0,1
ff,1.8,GWO,21,1,0,50.78197,1.220292,21.7782,52.3068,69.73,18.2149,42.57938,,42.57938000000001,0,1
ff,1.8,GWO,22,1,0,50.8108,1.220276,21.82318,52.2918,69.693,18.22,42.17674,,42.17674,0,1
ff,1.8,GWO,23,1,0,50.77588,1.220287,21.79318,52.3018,69.719,18.2156,42.36701,,42.36701,0,1
ff,1.8,GWO,24,1,0,50.81899,1.220281,21.80322,52.2918,69.694,18.2156,42.23866,,42.23866,0,1
ff,1.8,GWO,25,1,0,50.80398,1.220289,21.77328,52.2986,69.715,18.2137,42.44989,,42.44989,0,1
ff,1.8,GWO,26,1,0,50.80764,1.220285,21.78329,52.2991,69.727,18.2248,42.23178,,42.23178,0,1
ff,1.8,GWO,27,1,0,50.74916,1.220297,21.77811,52.3199,69.77,18.2221,42.86792,,42.86792,0,1
ff,1.8,GWO,28,1,0,50.81,1.220275,21.83313,52.2964,69.711,18.2319,42.12088,,42.12088,0,1
ff,1.8,GWO,29,1,0,50.81627,1.220279,21.80823,52.2916,69.693,18.2168,42.21823,,42.21823,0,1
ff,1.8,PSO,0,1,0,25.89459,1.21999,24.03895,52.2305,64.2,29.4536,28.22461,,28.22461,0,1
ff,1.8,PSO,1,0,1,50.73776,1.220408,21.46823,52.3921,70.056,18.197,46.20542,,46.20542,0,0
ff,1.8,PSO,2,1,0,50.74557,1.220315,21.70329,52.3212,69.798,18.2119,43.20767,,43.20767,0,1
ff,1.8,PSO,3,0,1,50.61923,1.220435,21.38333,52.4043,70.153,18.1958,46.86352,,46.86352,0,0
ff,1.8,PSO,4,1,0,50.82011,1.220284,21.79324,52.2929,69.699,18.2151,42.26332,,42.26332,0,1
ff,1.8,PSO,5,0,1,44.34661,1.219986,24.11851,52.151,67.096,19.9558,27.47452,,27.47452,0,0
ff,1.8,PSO,6,1,0,51.02209,1.220327,21.67824,52.3378,69.831,18.2053,43.70864,,43.70864,0,1
ff,1.8,PSO,7,1,0,51.04145,1.220322,21.69323,52.3313,69.814,18.2055,43.54461,,43.54461,0,1
ff,1.8,PSO,8,0,1,50.64004,1.220437,21.37337,52.4074,70.149,18.1915,46.984,,46.984,0,0
ff,1.8,PSO,9,0,1,48.70985,1.21981,23.81891,52.06,68.689,18.2487,36.36295,,36.36295,0,0
ff,1.8,PSO,10,0,1,50.62834,1.22044,21.36338,52.411,70.158,18.19,47.124,,47.124,0,0
ff,1.8,PSO,11,1,0,50.81499,1.220381,21.55313,52.3795,69.978,18.2019,45.49192,,45.49192,0,1
ff,1.8,PSO,12,0,1,50.53909,1.220428,21.40332,52.4029,70.135,18.1943,46.70543,,46.70543,0,0
ff,1.8,PSO,13,1,0,51.15312,1.220242,21.88836,52.2401,69.573,18.2388,40.35379,,40.35379,0,1
ff,1.8,PSO,14,1,0,51.03972,1.220319,21.70322,52.3302,69.808,18.2055,43.52015,,43.52015,0,1
ff,1.8,PSO,15,0,1,50.62849,1.220437,21.37337,52.4123,70.154,18.1914,46.98963,,46.98963,0,0
ff,1.8,PSO,16,0,1,50.62517,1.220437,21.37337,52.4135,70.155,18.1914,46.9874,,46.9874,0,0
ff,1.8,PSO,17,0,1,51.02246,1.220147,22.25763,52.1982,69.401,18.249,37.96573,,37.96573,0,0
ff,1.8,PSO,18,1,0,51.00766,1.22034,21.64325,52.3379,69.862,18.2096,43.94027,,43.94027,0,1
ff,1.8,PSO,19,1,0,51.121,1.220276,21.76855,52.256,69.628,18.2283,41.16391,,41.16391,0,1
ff,1.8,PSO,20,1,0,50.78402,1.220291,21.77325,52.3037,69.733,18.2169,42.5909,,42.5909,0,1
ff,1.8,PSO,21,0,1,50.68967,1.220424,21.41332,52.3996,70.105,18.1945,46.59988,,46.59988,0,0
ff,1.8,PSO,22,0,1,50.53899,1.220428,21.40332,52.4028,70.135,18.1944,46.70543,,46.70543,0,0
ff,1.8,PSO,23,0,1,50.421,1.220418,21.44322,52.403,70.122,18.1959,46.50784,,46.50784,0,0
ff,1.8,PSO,24,0,1,50.08036,1.220281,22.32968,52.0052,69.827,18.2059,43.55177,,43.55177,0,0
ff,1.8,PSO,25,1,0,50.85502,1.220375,21.56317,52.3728,69.956,18.2048,45.20579,,45.20579,0,1
ff,1.8,PSO,26,1,0,50.76094,1.220305,21.73327,52.3163,69.762,18.2081,43.0034,,43.0034,0,1
ff,1.8,PSO,27,1,0,25.89895,1.219993,24.03392,52.2305,64.2,29.4415,28.22182,,28.22182,0,1
ff,1.8,PSO,28,0,1,50.62656,1.22044,21.36835,52.4116,70.159,18.19,47.1229,,47.12290000000001,0,0
ff,1.8,PSO,29,1,0,24.41232,1.220718,21.89968,52.3692,72.748,18.2604,40.20626,,40.20626,0,1
ff,1.98,ABC,0,0,6,-200.0,,,,,,,timeout,,0,0
ff,1.98,ABC,1,0,6,-200.0,,,,,,,timeout,,0,0
ff,1.98,ABC,2,0,6,-200.0,,,,,,,timeout,,0,0
ff,1.98,ABC,3,0,6,-200.0,,,,,,,timeout,,0,0
ff,1.98,ABC,4,0,6,-200.0,,,,,,,timeout,,0,0
ff,1.98,ABC,5,0,6,-200.0,,,,,,,timeout,,0,0
ff,1.98,ABC,6,0,6,-200.0,,,,,,,timeout,,0,0
ff,1.98,ABC,7,0,6,-200.0,,,,,,,timeout,,0,0
ff,1.98,ABC,8,0,6,-200.0,,,,,,,timeout,,0,0
ff,1.98,ABC,9,0,6,-200.0,,,,,,,timeout,,0,0
ff,1.98,ABC,10,0,6,-200.0,,,,,,,timeout,,0,0
ff,1.98,ABC,11,0,1,50.1143,1.220793,21.47139,52.7387,69.973,18.1343,43.35307,,47.688377,0,0
ff,1.98,ABC,12,0,6,-200.0,,,,,,,timeout,,0,0
ff,1.98,ABC,13,0,6,-200.0,,,,,,,timeout,,0,0
ff,1.98,ABC,14,0,6,-200.0,,,,,,,timeout,,0,0
ff,1.98,ABC,15,0,6,-200.0,,,,,,,timeout,,0,0
ff,1.98,ABC,16,0,6,-200.0,,,,,,,timeout,,0,0
ff,1.98,ABC,17,0,6,-200.0,,,,,,,timeout,,0,0
ff,1.98,ABC,18,0,6,-200.0,,,,,,,timeout,,0,0
ff,1.98,ABC,19,0,6,-200.0,,,,,,,timeout,,0,0
ff,1.98,ABC,20,0,6,-200.0,,,,,,,timeout,,0,0
ff,1.98,ABC,21,0,6,-200.0,,,,,,,timeout,,0,0
ff,1.98,ABC,22,0,6,-200.0,,,,,,,timeout,,0,0
ff,1.98,ABC,23,0,6,-200.0,,,,,,,timeout,,0,0
ff,1.98,ABC,24,0,6,-200.0,,,,,,,timeout,,0,0
ff,1.98,ABC,25,0,6,-200.0,,,,,,,timeout,,0,0
ff,1.98,ABC,26,0,6,-200.0,,,,,,,timeout,,0,0
ff,1.98,ABC,27,0,6,-200.0,,,,,,,timeout,,0,0
ff,1.98,ABC,28,0,6,-200.0,,,,,,,timeout,,0,0
ff,1.98,ABC,29,0,6,-200.0,,,,,,,timeout,,0,0
ff,1.98,ACO,0,0,6,-200.0,,,,,,,timeout,,0,0
ff,1.98,ACO,1,0,6,-200.0,,,,,,,timeout,,0,0
ff,1.98,ACO,2,0,6,-200.0,,,,,,,timeout,,0,0
ff,1.98,ACO,3,0,6,-200.0,,,,,,,timeout,,0,0
ff,1.98,ACO,4,0,6,-200.0,,,,,,,timeout,,0,0
ff,1.98,ACO,5,0,6,-200.0,,,,,,,timeout,,0,0
ff,1.98,ACO,6,0,6,-200.0,,,,,,,timeout,,0,0
ff,1.98,ACO,7,0,6,-200.0,,,,,,,timeout,,0,0
ff,1.98,ACO,8,0,6,-200.0,,,,,,,timeout,,0,0
ff,1.98,ACO,9,0,6,-200.0,,,,,,,timeout,,0,0
ff,1.98,ACO,10,0,6,-200.0,,,,,,,timeout,,0,0
ff,1.98,ACO,11,0,6,-200.0,,,,,,,timeout,,0,0
ff,1.98,ACO,12,0,6,-200.0,,,,,,,timeout,,0,0
ff,1.98,ACO,13,0,1,47.2693,1.220859,21.1277,52.4589,69.871,18.0868,43.42133,,47.763462999999994,0,0
ff,1.98,ACO,14,0,1,50.40015,1.220909,21.02755,52.4976,69.996,18.1134,45.2063,,49.726929999999996,1,0
ff,1.98,ACO,15,0,1,47.89827,1.220865,21.12263,52.47,69.89,18.0891,43.72751,,48.100261,0,0
ff,1.98,ACO,16,0,1,47.5862,1.220862,21.12268,52.4645,69.88,18.0874,43.57712,,47.934832,0,0
ff,1.98,ACO,17,0,1,50.40323,1.220917,21.01252,52.5034,70.009,18.1183,45.50656,,50.057216000000004,1,0
ff,1.98,ACO,18,0,1,47.87899,1.220866,21.11268,52.4702,69.892,18.0894,43.7341,,48.10750999999999,0,0
ff,1.98,ACO,19,0,1,46.37161,1.220847,21.14776,52.4474,69.851,18.0873,42.90223,,47.192453,0,0
ff,1.98,ACO,20,0,1,48.8444,1.220892,21.05267,52.479,69.973,18.1053,44.44933,,48.894263,0,0
ff,1.98,ACO,21,0,1,46.74116,1.220847,21.15273,52.4537,69.849,18.0848,43.04531,,47.349841,0,0
ff,1.98,ACO,22,0,1,46.9141,1.220855,21.13769,52.4552,69.873,18.0911,43.23533,,47.558862999999995,0,0
ff,1.98,ACO,23,0,1,47.5953,1.220861,21.1227,52.4644,69.879,18.0873,43.5737,,47.93107,0,0
ff,1.98,ACO,24,0,1,47.54953,1.220863,21.1177,52.465,69.883,18.0878,43.59065,,47.94971499999999,0,0
ff,1.98,ACO,25,0,1,48.59218,1.220885,21.07264,52.4759,69.953,18.1019,44.27338,,48.700718,0,0
ff,1.98,ACO,26,0,1,47.58622,1.220862,21.12268,52.4645,69.88,18.0874,43.57714,,47.934854,0,0
ff,1.98,ACO,27,0,1,46.88613,1.220857,21.12773,52.4549,69.874,18.09,43.26291,,47.589200999999996,0,0
ff,1.98,ACO,28,0,6,-200.0,,,,,,,timeout,,0,0
ff,1.98,ACO,29,0,1,46.7663,1.220846,21.15771,52.4533,69.847,18.0845,43.03559,,47.339149,0,0
ff,1.98,FA,0,0,3,28.33174,1.221128,22.59709,52.1772,64.097,27.9055,27.6331,,30.39641,0,0
ff,1.98,FA,1,0,1,50.26622,1.220832,21.28206,52.5922,69.933,18.113,43.8698,,48.25677999999999,0,0
ff,1.98,FA,2,0,2,35.52845,1.221414,22.33378,52.2758,64.179,24.3943,25.9151,,28.50661,0,0
ff,1.98,FA,3,0,1,24.27454,1.221666,22.69132,52.3262,76.275,30.521,40.44321,,44.487531,0,0
ff,1.98,FA,4,0,6,-200.0,,,,,,,timeout,,0,0
ff,1.98,FA,5,0,6,-200.0,,,,,,,timeout,,0,0
ff,1.98,FA,6,0,6,-200.0,,,,,,,timeout,,0,0
ff,1.98,FA,7,0,6,-200.0,,,,,,,timeout,,0,0
ff,1.98,FA,8,0,6,-200.0,,,,,,,timeout,,0,0
ff,1.98,FA,9,0,2,27.79141,1.221189,22.67537,52.3395,64.038,28.5548,27.87086,,30.657946,0,0
ff,1.98,FA,10,0,2,29.83084,1.221169,22.71544,52.1791,67.892,26.507,28.67873,,31.546603,0,0
ff,1.98,FA,11,0,2,29.93029,1.221172,22.72035,52.1662,68.056,26.3812,28.70379,,31.574168999999998,0,0
ff,1.98,FA,12,0,2,50.26602,1.220912,21.37002,52.1832,69.958,18.1323,44.30205,,48.732254999999995,0,0
ff,1.98,FA,13,1,0,44.54608,1.221016,22.7034,52.2595,66.771,19.4126,27.40586,,30.146446,0,1
ff,1.98,FA,14,0,1,24.69965,1.221739,22.5461,52.3476,74.159,31.036,36.34121,,39.975331,0,0
ff,1.98,FA,15,1,0,41.19266,1.220891,22.87947,52.2014,66.941,18.8593,27.87921,,30.667130999999998,0,1
ff,1.98,FA,16,0,2,28.45911,1.221134,22.61187,52.178,64.509,27.7875,27.74261,,30.516871,0,0
ff,1.98,FA,17,0,1,46.05675,1.220901,21.00783,52.4835,70.043,18.1149,42.34032,,46.574352,0,0
ff,1.98,FA,18,1,0,36.93449,1.220175,23.40946,52.6886,68.668,18.2494,38.28946,,42.118406,0,1
ff,1.98,FA,19,0,2,49.95076,1.220579,22.5576,52.1825,69.215,18.1402,39.99877,,43.998647000000005,0,0
ff,1.98,FA,20,0,2,50.14923,1.220843,21.68397,52.0856,69.802,18.1382,43.23339,,47.556729,0,0
ff,1.98,FA,21,0,1,26.17627,1.221471,22.75448,52.3358,69.362,30.074,31.59243,,34.751673000000004,0,0
ff,1.98,FA,22,0,2,27.53843,1.221214,22.66994,52.3417,64.06,28.9422,28.046,,30.850599999999996,0,0
ff,1.98,FA,23,0,3,28.30874,1.221124,22.59716,52.1805,64.031,27.8694,27.61088,,30.371968000000003,0,0
ff,1.98,FA,24,1,0,41.48643,1.220186,23.49865,52.2804,68.562,18.2307,44.42045,,48.862495,0,1
ff,1.98,FA,25,0,2,27.61207,1.221205,22.67011,52.3498,64.04,28.874,27.99288,,30.792167999999997,0,0
ff,1.98,FA,26,0,2,27.77883,1.22119,22.67535,52.3409,64.041,28.5558,27.87484,,30.662323999999998,0,0
ff,1.98,FA,27,1,0,37.61015,1.220129,23.45505,52.8296,68.765,18.255,41.84429,,46.028718999999995,0,1
ff,1.98,FA,28,0,1,48.63836,1.220892,21.04274,52.4967,69.99,18.1086,44.42742,,48.87016199999999,0,0
ff,1.98,FA,29,0,1,24.21026,1.221901,22.30504,52.3273,76.107,31.2643,38.82017,,42.702186999999995,0,0
ff,1.98,GA,0,1,0,45.04701,1.221019,22.80758,52.3374,67.104,20.4007,27.50076,,30.250836,0,1
ff,1.98,GA,1,0,1,48.79052,1.220478,22.86734,52.358,68.666,18.1198,33.80323,,37.183552999999996,0,0
ff,1.98,GA,2,1,0,45.0532,1.221026,22.79256,52.287,67.001,20.1681,27.42795,,30.170745,0,1
ff,1.98,GA,3,1,0,40.28839,1.220692,23.04704,52.289,67.164,18.5416,28.78094,,31.659034,0,1
ff,1.98,GA,4,0,1,38.71284,1.220824,22.98001,52.1892,67.136,18.5537,28.27706,,31.104765999999998,0,0
ff,1.98,GA,5,0,1,42.59459,1.220726,21.53214,52.4893,69.851,18.1667,38.28188,,42.110068,0,0
ff,1.98,GA,6,0,1,46.27575,1.220849,21.21723,52.46,70.023,18.1707,42.80422,,47.084642,0,0
ff,1.98,GA,7,0,1,42.85348,1.220698,21.58725,52.5044,69.653,18.0739,37.70073,,41.470803,0,0
ff,1.98,GA,8,0,1,47.90206,1.220859,21.15252,52.4756,69.904,18.0997,43.60068,,47.960747999999995,0,0
ff,1.98,GA,9,1,0,42.93899,1.220853,22.92486,52.2397,67.013,18.9362,28.01255,,30.813805,0,1
ff,1.98,GA,10,0,1,47.38242,1.220848,21.16264,52.4788,69.867,18.0881,43.27193,,47.59912299999999,0,0
ff,1.98,GA,11,0,1,43.45537,1.220784,21.27793,52.4915,69.868,18.129,40.29502,,44.324522,0,0
ff,1.98,GA,12,0,1,48.68513,1.22052,22.74738,52.5544,68.941,18.1117,33.61343,,36.974773000000006,0,0
ff,1.98,GA,13,0,1,49.5729,1.220872,21.1374,52.5116,69.958,18.1081,44.30194,,48.732134,0,0
ff,1.98,GA,14,0,1,43.49791,1.22079,21.23315,52.4372,69.78,18.083,40.51562,,44.567181999999995,0,0
ff,1.98,GA,15,0,1,42.98321,1.22072,21.4826,52.482,69.679,18.0705,38.5141,,42.36551,0,0
ff,1.98,GA,16,1,0,42.34603,1.22079,22.96575,52.2355,67.371,18.6589,28.4155,,31.25705,0,1
ff,1.98,GA,17,0,1,45.77194,1.220808,21.32716,52.4645,69.916,18.148,41.88289,,46.071179,0,0
ff,1.98,GA,18,1,0,44.96476,1.221086,22.62765,52.2927,66.948,20.039,27.25389,,29.979279,0,1
ff,1.98,GA,19,1,0,42.76967,1.220884,22.8647,52.2045,66.806,18.7128,27.85961,,30.645570999999997,0,1
ff,1.98,GA,20,0,1,42.31278,1.220696,21.58232,52.4837,69.63,18.0628,37.11623,,40.827853,0,0
ff,1.98,GA,21,0,1,41.78902,1.22171,21.29157,52.2589,67.83,19.1074,26.09797,,28.707767,0,0
ff,1.98,GA,22,0,1,44.00455,1.221326,22.09223,52.2673,67.243,19.6937,26.73241,,29.405651000000002,0,0
ff,1.98,GA,23,0,1,42.71022,1.220677,21.68692,52.5027,69.581,18.0544,36.76833,,40.445162999999994,0,0
ff,1.98,GA,24,0,1,42.51026,1.220728,21.4626,52.45,69.731,18.0949,38.38072,,42.21879199999999,0,0
ff,1.98,GA,25,0,1,45.6406,1.22082,21.23759,52.4421,69.845,18.1047,42.11757,,46.329327,0,0
ff,1.98,GA,26,0,1,41.97291,1.22072,21.56204,52.4783,69.866,18.1824,37.52845,,41.281295,0,0
ff,1.98,GA,27,0,1,42.9269,1.220733,21.47244,52.4966,69.795,18.1267,38.77204,,42.649243999999996,0,0
ff,1.98,GA,28,0,1,42.89928,1.220705,21.51762,52.4904,69.611,18.0418,38.02876,,41.831635999999996,0,0
ff,1.98,GA,29,1,0,42.29529,1.220798,21.35712,52.4566,70.195,18.303,39.69657,,43.666227,0,1
ff,1.98,GWO,0,0,1,46.50573,1.220838,21.1926,52.4502,69.84,18.0883,42.78238,,47.060618000000005,0,0
ff,1.98,GWO,1,0,1,45.86972,1.220833,21.18772,52.4423,69.825,18.0833,42.46328,,46.709607999999996,0,0
ff,1.98,GWO,2,0,1,45.84545,1.220821,21.22268,52.4388,69.799,18.0809,42.23524,,46.458763999999995,0,0
ff,1.98,GWO,3,0,1,45.55396,1.220825,21.22261,52.4393,69.818,18.0835,42.18307,,46.401377,0,0
ff,1.98,GWO,4,0,1,45.96418,1.220832,21.18277,52.443,69.82,18.0821,42.4958,,46.74538,0,0
ff,1.98,GWO,5,0,1,46.24776,1.220835,21.18272,52.4453,69.829,18.0854,42.64358,,46.907938,0,0
ff,1.98,GWO,6,0,1,46.00283,1.220823,21.22761,52.4447,69.804,18.0784,42.32398,,46.556378,0,0
ff,1.98,GWO,7,0,1,45.59256,1.22083,21.18777,52.4382,69.832,18.091,42.30961,,46.54057099999999,0,0
ff,1.98,GWO,8,0,1,43.96626,1.220821,21.13828,52.4289,69.808,18.0822,41.37493,,45.512423,0,0
ff,1.98,GWO,9,0,1,45.84293,1.220821,21.21771,52.4386,69.799,18.0804,42.24179,,46.465969,0,0
ff,1.98,GWO,10,0,1,45.78733,1.220823,21.21271,52.4397,69.805,18.0816,42.26114,,46.48725399999999,0,0
ff,1.98,GWO,11,0,1,45.62532,1.220823,21.22761,52.4443,69.81,18.08,42.18426,,46.402686,0,0
ff,1.98,GWO,12,0,1,46.42007,1.220842,21.16771,52.4489,69.852,18.0914,42.8272,,47.109919999999995,0,0
ff,1.98,GWO,13,0,1,45.81452,1.22082,21.22766,52.441,69.807,18.0853,42.20264,,46.422904,0,0
ff,1.98,GWO,14,0,1,45.82224,1.220822,21.2177,52.4386,69.8,18.0798,42.26107,,46.487176999999996,0,0
ff,1.98,GWO,15,0,1,46.02393,1.22083,21.19274,52.4421,69.814,18.0815,42.46934,,46.716274,0,0
ff,1.98,GWO,16,0,1,46.08231,1.220826,21.21266,52.4424,69.811,18.0832,42.41542,,46.65696199999999,0,0
ff,1.98,GWO,17,0,1,45.71011,1.220827,21.19279,52.4404,69.812,18.0815,42.3074,,46.53814,0,0
ff,1.98,GWO,18,0,1,45.84508,1.220833,21.19268,52.4434,69.836,18.0895,42.44467,,46.689137,0,0
ff,1.98,GWO,19,0,1,46.01615,1.22083,21.19274,52.4422,69.815,18.0816,42.47246,,46.719706,0,0
ff,1.98,GWO,20,0,1,45.77822,1.220822,21.2177,52.4434,69.805,18.0821,42.22931,,46.452241,0,0
ff,1.98,GWO,21,0,1,46.23829,1.220833,21.19765,52.4498,69.825,18.0833,42.60163,,46.861793,0,0
ff,1.98,GWO,22,0,1,45.86669,1.220818,21.23762,52.4395,69.8,18.0829,42.199,,46.418899999999994,0,0
ff,1.98,GWO,23,0,1,45.85571,1.22083,21.20763,52.4468,69.82,18.0803,42.3893,,46.628229999999995,0,0
ff,1.98,GWO,24,0,1,45.8221,1.220822,21.2177,52.4386,69.8,18.0799,42.26089,,46.486979000000005,0,0
ff,1.98,GWO,25,0,1,46.01568,1.22083,21.19274,52.4423,69.815,18.0816,42.47212,,46.719331999999994,0,0
ff,1.98,GWO,26,0,1,45.62851,1.220827,21.19775,52.4451,69.83,18.0903,42.25403,,46.479433,0,0
ff,1.98,GWO,27,0,1,46.8188,1.220838,21.19756,52.4596,69.855,18.0949,42.89017,,47.179187,0,0
ff,1.98,GWO,28,0,1,45.7791,1.220818,21.24259,52.4462,69.819,18.0929,42.14317,,46.357487,0,0
ff,1.98,GWO,29,0,1,45.84103,1.220821,21.22268,52.4388,69.799,18.0806,42.24047,,46.464517,0,0
ff,1.98,PSO,0,0,2,27.26899,1.221244,22.67435,52.339,64.055,29.3966,28.27076,,31.097835999999997,0,0
ff,1.98,PSO,1,0,1,50.42463,1.220944,20.93264,52.5109,70.061,18.1237,46.22751,,50.850261,1,0
ff,1.98,PSO,2,0,1,46.9197,1.220855,21.13273,52.4553,69.873,18.0913,43.22984,,47.552824,0,0
ff,1.98,PSO,3,0,1,50.4352,1.220973,20.85272,52.5119,70.127,18.1309,46.88564,,51.574204,1,0
ff,1.98,PSO,4,0,1,45.77382,1.220825,21.20275,52.4392,69.804,18.0802,42.28556,,46.514115999999994,0,0
ff,1.98,PSO,5,1,0,45.15787,1.220986,22.85287,52.2952,66.892,20.1239,27.51217,,30.263387,0,1
ff,1.98,PSO,6,0,1,47.88863,1.220865,21.11767,52.4701,69.891,18.0893,43.7308,,48.10388,0,0
ff,1.98,PSO,7,0,1,47.6134,1.220861,21.12766,52.4642,69.877,18.0871,43.56677,,47.923446999999996,0,0
ff,1.98,PSO,8,0,1,50.44345,1.220974,20.83781,52.517,70.123,18.126,47.0061,,51.70671,1,0
ff,1.98,PSO,9,0,1,49.38513,1.220424,23.07196,52.2029,68.61,18.1323,36.38763,,40.026393,0,0
ff,1.98,PSO,10,0,1,50.44367,1.220977,20.8328,52.5197,70.128,18.1249,47.1461,,51.86071,1,0
ff,1.98,PSO,11,0,1,50.40453,1.220918,21.0125,52.5037,70.011,18.1185,45.51403,,50.06543299999999,1,0
ff,1.98,PSO,12,0,1,50.42925,1.220966,20.87269,52.5099,70.112,18.1294,46.72757,,51.400327,1,0
ff,1.98,PSO,13,0,1,43.47544,1.220783,21.2432,52.4283,69.734,18.0616,40.37602,,44.413622,0,0
ff,1.98,PSO,14,0,1,47.67642,1.220858,21.14261,52.4636,69.871,18.0865,43.54231,,47.896541,0,0
ff,1.98,PSO,15,0,1,50.44265,1.220975,20.84276,52.5206,70.126,18.1263,47.01173,,51.712903,1,0
ff,1.98,PSO,16,0,1,50.44185,1.220974,20.84277,52.5216,70.127,18.1264,47.0095,,51.71045,1,0
ff,1.98,PSO,17,0,1,42.81829,1.220704,21.51764,52.4578,69.571,18.0213,37.9885,,41.787349999999996,0,0
ff,1.98,PSO,18,0,1,47.97548,1.220878,21.08269,52.4688,69.926,18.097,43.96241,,48.358650999999995,0,0
ff,1.98,PSO,19,0,1,43.86545,1.220813,21.14835,52.427,69.777,18.0689,41.18602,,45.304622,0,0
ff,1.98,PSO,20,0,1,46.2798,1.220833,21.19765,52.4456,69.828,18.0865,42.61313,,46.87444299999999,0,0
ff,1.98,PSO,21,0,1,50.4362,1.220961,20.88271,52.5141,70.095,18.1256,46.62198,,51.284178000000004,1,0
ff,1.98,PSO,22,0,1,50.42925,1.220966,20.87269,52.5099,70.112,18.1294,46.72757,,51.400327,1,0
ff,1.98,PSO,23,0,1,50.41595,1.220958,20.90261,52.5096,70.101,18.1308,46.53002,,51.183021999999994,1,0
ff,1.98,PSO,24,0,2,50.2118,1.220836,21.73871,52.113,69.783,18.1302,43.57449,,47.93193899999999,0,0
ff,1.98,PSO,25,0,1,50.40395,1.220912,21.01757,52.4983,70.001,18.1141,45.2279,,49.75069,1,0
ff,1.98,PSO,26,0,1,46.79109,1.220845,21.16269,52.453,69.844,18.0842,43.0256,,47.32816,0,0
ff,1.98,PSO,27,0,2,27.25812,1.221248,22.66931,52.3389,64.054,29.3842,28.26801,,31.094811,0,0
ff,1.98,PSO,28,0,1,50.44326,1.220977,20.83776,52.5202,70.128,18.125,47.14501,,51.859511,1,0
ff,1.98,PSO,29,1,0,22.88738,1.220949,20.48084,52.9178,72.99,18.2175,40.21808,,44.23988799999999,0,1
fs,1.62,ABC,0,0,6,-200.0,,,,,,,timeout,,0,0
fs,1.62,ABC,1,0,6,-200.0,,,,,,,timeout,,0,0
fs,1.62,ABC,2,0,6,-200.0,,,,,,,timeout,,0,0
fs,1.62,ABC,3,0,6,-200.0,,,,,,,timeout,,0,0
fs,1.62,ABC,4,0,6,-200.0,,,,,,,timeout,,0,0
fs,1.62,ABC,5,0,6,-200.0,,,,,,,timeout,,0,0
fs,1.62,ABC,6,0,6,-200.0,,,,,,,timeout,,0,0
fs,1.62,ABC,7,0,6,-200.0,,,,,,,timeout,,0,0
fs,1.62,ABC,8,0,6,-200.0,,,,,,,timeout,,0,0
fs,1.62,ABC,9,0,6,-200.0,,,,,,,timeout,,0,0
fs,1.62,ABC,10,0,6,-200.0,,,,,,,timeout,,0,0
fs,1.62,ABC,11,0,6,-200.0,,,,,,,timeout,,0,0
fs,1.62,ABC,12,0,6,-200.0,,,,,,,timeout,,0,0
fs,1.62,ABC,13,0,6,-200.0,,,,,,,timeout,,0,0
fs,1.62,ABC,14,0,6,-200.0,,,,,,,timeout,,0,0
fs,1.62,ABC,15,0,6,-200.0,,,,,,,timeout,,0,0
fs,1.62,ABC,16,0,6,-200.0,,,,,,,timeout,,0,0
fs,1.62,ABC,17,0,6,-200.0,,,,,,,timeout,,0,0
fs,1.62,ABC,18,0,6,-200.0,,,,,,,timeout,,0,0
fs,1.62,ABC,19,0,6,-200.0,,,,,,,timeout,,0,0
fs,1.62,ABC,20,0,6,-200.0,,,,,,,timeout,,0,0
fs,1.62,ABC,21,0,6,-200.0,,,,,,,timeout,,0,0
fs,1.62,ABC,22,0,6,-200.0,,,,,,,timeout,,0,0
fs,1.62,ABC,23,0,6,-200.0,,,,,,,timeout,,0,0
fs,1.62,ABC,24,0,6,-200.0,,,,,,,timeout,,0,0
fs,1.62,ABC,25,0,6,-200.0,,,,,,,timeout,,0,0
fs,1.62,ABC,26,0,6,-200.0,,,,,,,timeout,,0,0
fs,1.62,ABC,27,0,6,-200.0,,,,,,,timeout,,0,0
fs,1.62,ABC,28,0,6,-200.0,,,,,,,timeout,,0,0
fs,1.62,ABC,29,0,6,-200.0,,,,,,,timeout,,0,0
fs,1.62,ACO,0,0,6,-200.0,,,,,,,timeout,,0,0
fs,1.62,ACO,1,0,6,-200.0,,,,,,,timeout,,0,0
fs,1.62,ACO,2,0,6,-200.0,,,,,,,timeout,,0,0
fs,1.62,ACO,3,0,6,-200.0,,,,,,,timeout,,0,0
fs,1.62,ACO,4,0,6,-200.0,,,,,,,timeout,,0,0
fs,1.62,ACO,5,0,6,-200.0,,,,,,,timeout,,0,0
fs,1.62,ACO,6,0,6,-200.0,,,,,,,timeout,,0,0
fs,1.62,ACO,7,0,6,-200.0,,,,,,,timeout,,0,0
fs,1.62,ACO,8,0,6,-200.0,,,,,,,timeout,,0,0
fs,1.62,ACO,9,0,6,-200.0,,,,,,,timeout,,0,0
fs,1.62,ACO,10,0,6,-200.0,,,,,,,timeout,,0,0
fs,1.62,ACO,11,0,6,-200.0,,,,,,,timeout,,0,0
fs,1.62,ACO,12,0,6,-200.0,,,,,,,timeout,,0,0
fs,1.62,ACO,13,0,6,-200.0,,,,,,,timeout,,0,0
fs,1.62,ACO,14,0,6,-200.0,,,,,,,timeout,,0,0
fs,1.62,ACO,15,0,2,37.33302,1.221367,22.71672,51.5703,69.876,18.5149,43.69966,,39.329694,0,0
fs,1.62,ACO,16,0,2,36.98086,1.221365,22.73661,51.5604,69.849,18.5288,43.54931,,39.194379,0,0
fs,1.62,ACO,17,0,2,44.66233,1.221411,22.39834,51.6428,70.243,18.3705,45.47842,,40.930578,0,0
fs,1.62,ACO,18,0,2,37.37056,1.221368,22.71174,51.5712,69.879,18.5139,43.70623,,39.335607,0,0
fs,1.62,ACO,19,0,2,35.84472,1.221353,22.85592,51.5205,69.762,18.5942,42.87452,,38.587068,0,0
fs,1.62,ACO,20,0,2,39.57852,1.22139,22.55751,51.6,70.035,18.4583,44.42137,,39.979233,0,0
fs,1.62,ACO,21,0,2,35.96886,1.221353,22.84104,51.5304,69.77,18.5795,43.01759,,38.715831,0,0
fs,1.62,ACO,22,0,2,36.32187,1.22136,22.79128,51.5396,69.81,18.5665,43.20758,,38.886822,0,0
fs,1.62,ACO,23,0,2,36.96245,1.221365,22.74157,51.5599,69.848,18.5294,43.54589,,39.191300999999996,0,0
fs,1.62,ACO,24,0,2,37.05967,1.221366,22.72666,51.5622,69.854,18.5265,43.56283,,39.206547,0,0
fs,1.62,ACO,25,0,2,38.91493,1.221385,22.5973,51.592,69.995,18.4732,44.24546,,39.820914,0,0
fs,1.62,ACO,26,0,2,36.98091,1.221365,22.73661,51.5604,69.849,18.5288,43.54933,,39.194396999999995,0,0
fs,1.62,ACO,27,0,2,36.43768,1.221362,22.78132,51.5419,69.814,18.5607,43.23515,,38.911635,0,0
fs,1.62,ACO,28,0,2,36.57174,1.221361,22.77638,51.5482,69.821,18.548,43.37354,,39.036186,0,0
fs,1.62,ACO,29,0,2,35.92205,1.221352,22.85098,51.5288,69.766,18.5812,43.00785,,38.707065,0,0
fs,1.62,FA,0,0,2,22.836,1.220291,25.87063,51.9582,64.766,28.0459,27.56025,,24.804225000000002,0,0
fs,1.62,FA,1,0,2,43.17011,1.221294,22.78259,51.7339,70.115,18.4098,43.84062,,39.456558,0,0
fs,1.62,FA,2,0,2,27.64596,1.220642,25.65466,51.8957,64.865,24.6881,25.84447,,23.260023,0,0
fs,1.62,FA,3,0,2,20.98756,1.220868,25.37688,52.0173,76.73,30.1623,40.37168,,36.334512,0,0
fs,1.62,FA,4,0,2,21.13221,1.220282,25.87579,51.9147,64.736,28.2459,27.57704,,24.819336,0,0
fs,1.62,FA,5,0,2,20.88892,1.220312,25.80065,51.9265,64.674,29.0237,27.81464,,25.033176,0,0
fs,1.62,FA,6,0,2,45.82073,1.221369,22.40903,51.8193,70.49,18.285,45.57607,,41.018463000000004,0,0
fs,1.62,FA,7,0,2,44.1904,1.220806,24.55407,51.7623,69.53,18.2844,38.65156,,34.786404000000005,0,0
fs,1.62,FA,8,0,2,22.89786,1.220287,25.88065,51.9681,64.697,28.4399,27.65252,,24.887268,0,0
fs,1.62,FA,9,0,2,23.26197,1.220292,25.87558,51.9847,64.639,28.6626,27.79603,,25.016426999999997,0,0
fs,1.62,FA,10,0,2,21.97188,1.220414,25.78857,51.8934,68.745,26.6513,28.60864,,25.747776,0,0
fs,1.62,FA,11,0,2,24.65704,1.220426,25.78335,51.9631,68.828,26.4469,28.634,,25.7706,0,0
fs,1.62,FA,12,0,2,45.21549,1.221271,22.81776,51.808,70.383,18.2867,44.26938,,39.842442,0,0
fs,1.62,FA,13,0,2,35.76037,1.22057,25.65617,51.8346,67.541,19.7273,27.34619,,24.611570999999998,0,0
fs,1.62,FA,14,0,2,19.5021,1.220806,25.35831,51.8761,74.743,30.8993,36.26512,,32.638608000000005,0,0
fs,1.62,FA,15,0,2,36.07157,1.220572,25.63627,51.899,67.588,19.1164,27.82379,,25.041411,0,0
fs,1.62,FA,16,0,2,22.42989,1.220306,25.86535,51.9463,65.226,27.9355,27.67005,,24.903045000000002,0,0
fs,1.62,FA,17,0,2,37.66447,1.221311,22.65822,51.9728,70.025,18.5119,42.30938,,38.078441999999995,0,0
fs,1.62,FA,18,0,1,34.60694,1.220559,25.17475,52.2646,69.063,18.2996,38.25765,,34.431885,0,0
fs,1.62,FA,19,0,2,44.08788,1.220897,24.27425,51.7492,69.711,18.277,39.96475,,35.968275,0,0
fs,1.62,FA,20,0,2,44.14749,1.221183,23.20651,51.7064,70.263,18.2839,43.20011,,38.880099,0,0
fs,1.62,FA,21,0,2,21.97991,1.220538,25.72636,52.0129,69.995,30.058,31.51638,,28.364742,0,0
fs,1.62,FA,22,0,2,22.71934,1.220296,25.87052,51.9818,64.631,29.0571,27.97047,,25.173423,0,0
fs,1.62,FA,23,0,2,21.97354,1.220285,25.87572,51.9367,64.723,28.0418,27.53798,,24.784182,0,0
fs,1.62,FA,24,0,2,38.69645,1.220648,25.09844,51.7541,68.985,18.2971,44.39128,,39.952152,0,0
fs,1.62,FA,25,0,2,20.80073,1.220289,25.87067,51.9228,64.682,29.0626,27.91739,,25.125651,0,0
fs,1.62,FA,26,0,2,23.06118,1.220293,25.87555,51.9806,64.645,28.6684,27.79996,,25.019963999999998,0,0
fs,1.62,FA,27,0,1,35.0934,1.220586,25.10468,52.3361,69.165,18.284,41.81492,,37.633428,0,0
fs,1.62,FA,28,0,2,42.8027,1.221378,22.51803,51.6415,70.122,18.4113,44.39903,,39.959127,0,0
fs,1.62,FA,29,0,2,20.90245,1.220984,25.07168,52.0279,76.55,30.9466,38.7446,,34.87014,0,0
fs,1.62,GA,0,0,2,36.19903,1.220525,25.80608,51.9031,67.9,20.6727,27.43947,,24.695523,0,0
fs,1.62,GA,1,0,2,43.39625,1.220621,24.99473,51.9096,69.237,18.2992,33.76332,,30.386988000000002,0,0
fs,1.62,GA,2,0,2,37.31412,1.220535,25.78104,51.8796,67.795,20.4443,27.36677,,24.630093,0,0
fs,1.62,GA,3,0,2,35.60207,1.220509,25.64752,51.9875,67.74,18.7651,28.73005,,25.857045,0,0
fs,1.62,GA,4,0,2,34.31739,1.220584,25.65091,51.8752,67.722,18.7882,28.22431,,25.401879,0,0
fs,1.62,GA,5,0,2,34.2432,1.221204,23.96046,51.0107,69.633,19.188,38.25322,,34.427898,0,0
fs,1.62,GA,6,0,2,35.41003,1.221348,22.94534,51.5136,69.923,18.6985,42.77626,,38.498634,0,0
fs,1.62,GA,7,0,2,34.8222,1.221159,24.04571,50.9574,69.459,19.127,37.67152,,33.904368,0,0
fs,1.62,GA,8,0,2,37.02118,1.221358,22.76651,51.5696,69.88,18.5376,43.57276,,39.215484000000004,0,0
fs,1.62,GA,9,0,2,36.73903,1.220534,25.71651,51.8755,67.673,19.1967,27.95715,,25.161434999999997,0,0
fs,1.62,GA,10,0,2,36.5245,1.221349,22.81134,51.5658,69.818,18.5517,43.24405,,38.919645,0,0
fs,1.62,GA,11,0,2,33.5162,1.221298,23.39786,51.3568,69.624,18.9046,40.26758,,36.240822,0,0
fs,1.62,GA,12,0,2,43.62639,1.220647,24.87503,52.1065,69.485,18.2951,33.57301,,30.215709,0,0
fs,1.62,GA,13,0,2,39.41928,1.221363,22.64733,51.6282,70.032,18.4628,44.27374,,39.846366,0,0
fs,1.62,GA,14,0,2,33.46361,1.221317,23.33795,51.3145,69.53,18.8512,40.48862,,36.439758,0,0
fs,1.62,GA,15,0,2,34.18951,1.221205,23.85126,51.098,69.454,19.0287,38.48571,,34.637139,0,0
fs,1.62,GA,16,0,2,36.71037,1.220532,25.67683,51.8663,68.019,18.9033,28.36213,,25.525917000000003,0,0
fs,1.62,GA,17,0,2,34.36577,1.221306,23.18928,51.4651,69.763,18.7699,41.8549,,37.669410000000006,0,0
fs,1.62,GA,18,0,2,36.40425,1.220575,25.65606,51.8711,67.728,20.334,27.19204,,24.472835999999997,0,0
fs,1.62,GA,19,0,2,37.12816,1.220559,25.65144,51.8698,67.443,18.9817,27.80397,,25.023573000000003,0,0
fs,1.62,GA,20,0,2,35.64915,1.221147,24.10054,50.8049,69.458,19.1668,37.08666,,33.377994,0,0
fs,1.62,GA,21,0,2,33.73567,1.221021,24.41077,51.8578,68.516,19.4609,26.03012,,23.427108,0,0
fs,1.62,GA,22,0,2,35.53884,1.220745,25.17588,51.8623,68.002,20.0135,26.66817,,24.001353,0,0
fs,1.62,GA,23,0,3,35.98955,1.221116,24.25005,50.6592,69.445,19.2381,36.73838,,33.064542,0,0
fs,1.62,GA,24,0,2,34.32705,1.221215,23.86099,51.0265,69.503,19.0802,38.35238,,34.517142,0,0
fs,1.62,GA,25,0,2,34.65913,1.221326,23.06485,51.4661,69.697,18.6992,42.08987,,37.880883,0,0
fs,1.62,GA,26,0,2,34.99931,1.22118,24.08004,50.8407,69.665,19.2914,37.49918,,33.749262,0,0
fs,1.62,GA,27,0,2,33.9526,1.221222,23.80626,51.1417,69.563,19.0674,38.74376,,34.869384000000004,0,0
fs,1.62,GA,28,0,2,34.59544,1.221178,23.93119,51.0385,69.402,19.0375,37.99994,,34.199946000000004,0,0
fs,1.62,GA,29,0,2,33.2913,1.221308,23.64082,51.1756,69.934,19.2025,39.66898,,35.702082,0,0
fs,1.62,GWO,0,0,2,35.388,1.221343,22.91566,51.5121,69.733,18.6135,42.75464,,38.47917600000001,0,0
fs,1.62,GWO,1,0,2,34.97687,1.221339,22.95543,51.4936,69.69,18.6406,42.43556,,38.192004000000004,0,0
fs,1.62,GWO,2,0,2,34.80736,1.221328,23.03007,51.4727,69.66,18.6613,42.20759,,37.986831,0,0
fs,1.62,GWO,3,0,2,34.42613,1.221329,23.03502,51.4751,69.656,18.6798,42.1553,,37.939769999999996,0,0
fs,1.62,GWO,4,0,2,35.22487,1.22134,22.94549,51.4957,69.7,18.6316,42.46814,,38.221326,0,0
fs,1.62,GWO,5,0,2,35.32103,1.221342,22.93553,51.5022,69.719,18.6239,42.6159,,38.354310000000005,0,0
fs,1.62,GWO,6,0,2,34.55145,1.221326,23.03011,51.4848,69.655,18.6609,42.29618,,38.066562,0,0
fs,1.62,GWO,7,0,2,35.01705,1.221337,22.97532,51.4822,69.693,18.6554,42.28186,,38.05367400000001,0,0
fs,1.62,GWO,8,0,2,33.46248,1.221357,23.11885,51.3806,69.563,18.7741,41.34823,,37.213407000000004,0,0
fs,1.62,GWO,9,0,2,34.8084,1.221329,23.03005,51.4728,69.66,18.6605,42.21414,,37.992726000000005,0,0
fs,1.62,GWO,10,0,2,34.88745,1.221331,23.01513,51.4772,69.668,18.657,42.23349,,38.01014100000001,0,0
fs,1.62,GWO,11,0,2,34.54564,1.221327,23.03009,51.4824,69.653,18.6697,42.15647,,37.940823,0,0
fs,1.62,GWO,12,0,2,35.60624,1.221348,22.89075,51.5148,69.756,18.6102,42.79948,,38.519532,0,0
fs,1.62,GWO,13,0,2,34.7522,1.221327,23.04002,51.472,69.665,18.67,42.17497,,37.95747300000001,0,0
fs,1.62,GWO,14,0,2,34.85157,1.221331,23.02009,51.4749,69.662,18.6569,42.23344,,38.010096000000004,0,0
fs,1.62,GWO,15,0,2,35.11273,1.221337,22.97036,51.4908,69.69,18.6372,42.4417,,38.19753,0,0
fs,1.62,GWO,16,0,2,34.97926,1.221333,22.99524,51.4853,69.684,18.6475,42.38775,,38.148975,0,0
fs,1.62,GWO,17,0,2,35.03209,1.221335,22.98528,51.4843,69.679,18.6481,42.27975,,38.051775,0,0
fs,1.62,GWO,18,0,2,34.99413,1.221339,22.96039,51.4927,69.701,18.6473,42.41695,,38.17525500000001,0,0
fs,1.62,GWO,19,0,2,35.1271,1.221338,22.96537,51.4914,69.692,18.6365,42.44479,,38.200311,0,0
fs,1.62,GWO,20,0,2,34.76677,1.221329,23.02013,51.4795,69.659,18.6605,42.20163,,37.981467,0,0
fs,1.62,GWO,21,0,2,35.14189,1.221338,22.94553,51.5054,69.704,18.6262,42.57389,,38.316500999999995,0,0
fs,1.62,GWO,22,0,2,34.74208,1.221326,23.04996,51.4698,69.658,18.6684,42.17134,,37.954206,0,0
fs,1.62,GWO,23,0,2,34.73874,1.221333,22.98532,51.4951,69.675,18.6501,42.36151,,38.125359,0,0
fs,1.62,GWO,24,0,2,34.84872,1.221331,23.01513,51.4748,69.662,18.6571,42.23326,,38.00993400000001,0,0
fs,1.62,GWO,25,0,2,35.12767,1.221338,22.96537,51.4915,69.692,18.6365,42.44447,,38.200023,0,0
fs,1.62,GWO,26,0,2,35.02092,1.221333,22.99524,51.4869,69.695,18.66,42.22633,,38.003696999999995,0,0
fs,1.62,GWO,27,0,2,35.5956,1.221341,22.91073,51.5249,69.762,18.6063,42.86236,,38.57612400000001,0,0
fs,1.62,GWO,28,0,2,34.6625,1.221324,23.05992,51.4732,69.669,18.681,42.11545,,37.90390500000001,0,0
fs,1.62,GWO,29,0,2,34.81237,1.221329,23.03005,51.473,69.66,18.6606,42.21283,,37.991547000000004,0,0
fs,1.62,PSO,0,0,2,23.00382,1.220305,25.8604,51.9985,64.598,29.4929,28.19448,,25.375032,0,0
fs,1.62,PSO,1,0,2,48.56219,1.221438,22.25395,51.6636,70.389,18.3209,46.19936,,41.579423999999996,0,0
fs,1.62,PSO,2,0,2,36.30034,1.221359,22.79627,51.5392,69.809,18.5676,43.20209,,38.881881,0,0
fs,1.62,PSO,3,0,2,45.27461,1.221463,22.12449,51.6906,70.562,18.279,46.85738,,42.171642,0,0
fs,1.62,PSO,4,0,2,34.92693,1.221333,23.00517,51.4789,69.669,18.6526,42.25792,,38.032128,0,0
fs,1.62,PSO,5,0,2,37.25342,1.220519,25.82111,51.8945,67.687,20.3961,27.45178,,24.706602000000004,0,0
fs,1.62,PSO,6,0,2,37.35156,1.221367,22.71176,51.5707,69.877,18.5144,43.70296,,39.332664,0,0
fs,1.62,PSO,7,0,2,36.92684,1.221364,22.74655,51.5591,69.845,18.5305,43.53896,,39.185064000000004,0,0
fs,1.62,PSO,8,0,2,45.94784,1.221468,22.10951,51.6879,70.548,18.2778,46.97797,,42.280173,0,0
fs,1.62,PSO,9,0,2,43.96998,1.220659,25.00388,51.7705,69.143,18.2831,36.3508,,32.715720000000005,0,0
fs,1.62,PSO,10,0,2,45.80429,1.221471,22.09457,51.6902,70.56,18.2728,47.11799,,42.406191,0,0
fs,1.62,PSO,11,0,2,44.74287,1.221411,22.39338,51.6435,70.245,18.3697,45.48589,,40.937301000000005,0,0
fs,1.62,PSO,12,0,2,45.11636,1.221454,22.14946,51.6928,70.549,18.2763,46.69922,,42.029298,0,0
fs,1.62,PSO,13,0,2,33.49588,1.22131,23.37282,51.2928,69.483,18.8425,40.34902,,36.31411800000001,0,0
fs,1.62,PSO,14,0,2,36.81361,1.221361,22.76646,51.5562,69.837,18.534,43.5145,,39.163050000000005,0,0
fs,1.62,PSO,15,0,2,45.59035,1.221467,22.10457,51.6948,70.559,18.2754,46.98356,,42.285204,0,0
fs,1.62,PSO,16,0,2,45.51714,1.221467,22.10457,51.6965,70.561,18.2749,46.98131,,42.283179000000004,0,0
fs,1.62,PSO,17,0,2,34.6716,1.22118,23.93611,50.9875,69.36,19.03,37.95979,,34.163811,0,0
fs,1.62,PSO,18,0,2,38.05015,1.221379,22.64703,51.5781,69.935,18.4979,43.93454,,39.541086,0,0
fs,1.62,PSO,19,0,2,33.51489,1.221348,23.15871,51.367,69.536,18.7755,41.15929,,37.043361,0,0
fs,1.62,PSO,20,0,2,35.23566,1.221339,22.95047,51.4992,69.715,18.6299,42.58544,,38.326896000000005,0,0
fs,1.62,PSO,21,0,2,47.74043,1.221454,22.17427,51.6762,70.476,18.2966,46.59383,,41.934447,0,0
fs,1.62,PSO,22,0,2,45.11636,1.221454,22.14946,51.6928,70.549,18.2763,46.69922,,42.029298,0,0
fs,1.62,PSO,23,0,2,44.95384,1.221441,22.19931,51.6968,70.54,18.2767,46.50154,,41.851386000000005,0,0
fs,1.62,PSO,24,0,2,44.61386,1.221189,23.2461,51.7225,70.242,18.2719,43.5416,,39.18744,0,0
fs,1.62,PSO,25,0,2,43.16322,1.221407,22.42818,51.6345,70.198,18.3906,45.1998,,40.67982000000001,0,0
fs,1.62,PSO,26,0,2,35.87835,1.221351,22.85596,51.5273,69.762,18.583,42.99788,,38.698092,0,0
fs,1.62,PSO,27,0,2,23.01098,1.220306,25.86038,51.9986,64.595,29.4833,28.19165,,25.372485,0,0
fs,1.62,PSO,28,0,2,45.76452,1.221471,22.09457,51.691,70.561,18.2725,47.11689,,42.405201,0,0
fs,1.62,PSO,29,0,2,22.93108,1.22236,24.032,49.782,73.036,18.7152,40.22077,,36.198693,0,0
fs,1.8,ABC,0,0,6,-200.0,,,,,,,timeout,,0,0
fs,1.8,ABC,1,0,6,-200.0,,,,,,,timeout,,0,0
fs,1.8,ABC,2,0,6,-200.0,,,,,,,timeout,,0,0
fs,1.8,ABC,3,0,6,-200.0,,,,,,,timeout,,0,0
fs,1.8,ABC,4,0,6,-200.0,,,,,,,timeout,,0,0
fs,1.8,ABC,5,0,6,-200.0,,,,,,,timeout,,0,0
fs,1.8,ABC,6,0,6,-200.0,,,,,,,timeout,,0,0
fs,1.8,ABC,7,0,6,-200.0,,,,,,,timeout,,0,0
fs,1.8,ABC,8,0,6,-200.0,,,,,,,timeout,,0,0
fs,1.8,ABC,9,0,6,-200.0,,,,,,,timeout,,0,0
fs,1.8,ABC,10,0,6,-200.0,,,,,,,timeout,,0,0
fs,1.8,ABC,11,0,6,-200.0,,,,,,,timeout,,0,0
fs,1.8,ABC,12,0,6,-200.0,,,,,,,timeout,,0,0
fs,1.8,ABC,13,0,6,-200.0,,,,,,,timeout,,0,0
fs,1.8,ABC,14,0,6,-200.0,,,,,,,timeout,,0,0
fs,1.8,ABC,15,0,6,-200.0,,,,,,,timeout,,0,0
fs,1.8,ABC,16,0,6,-200.0,,,,,,,timeout,,0,0
fs,1.8,ABC,17,0,6,-200.0,,,,,,,timeout,,0,0
fs,1.8,ABC,18,0,6,-200.0,,,,,,,timeout,,0,0
fs,1.8,ABC,19,0,6,-200.0,,,,,,,timeout,,0,0
fs,1.8,ABC,20,0,6,-200.0,,,,,,,timeout,,0,0
fs,1.8,ABC,21,0,6,-200.0,,,,,,,timeout,,0,0
fs,1.8,ABC,22,0,6,-200.0,,,,,,,timeout,,0,0
fs,1.8,ABC,23,0,6,-200.0,,,,,,,timeout,,0,0
fs,1.8,ABC,24,0,6,-200.0,,,,,,,timeout,,0,0
fs,1.8,ABC,25,0,6,-200.0,,,,,,,timeout,,0,0
fs,1.8,ABC,26,0,6,-200.0,,,,,,,timeout,,0,0
fs,1.8,ABC,27,0,6,-200.0,,,,,,,timeout,,0,0
fs,1.8,ABC,28,0,6,-200.0,,,,,,,timeout,,0,0
fs,1.8,ABC,29,0,6,-200.0,,,,,,,timeout,,0,0
fs,1.8,ACO,0,0,6,-200.0,,,,,,,timeout,,0,0
fs,1.8,ACO,1,0,6,-200.0,,,,,,,timeout,,0,0
fs,1.8,ACO,2,0,6,-200.0,,,,,,,timeout,,0,0
fs,1.8,ACO,3,0,6,-200.0,,,,,,,timeout,,0,0
fs,1.8,ACO,4,0,6,-200.0,,,,,,,timeout,,0,0
fs,1.8,ACO,5,0,6,-200.0,,,,,,,timeout,,0,0
fs,1.8,ACO,6,0,6,-200.0,,,,,,,timeout,,0,0
fs,1.8,ACO,7,0,6,-200.0,,,,,,,timeout,,0,0
fs,1.8,ACO,8,0,6,-200.0,,,,,,,timeout,,0,0
fs,1.8,ACO,9,0,6,-200.0,,,,,,,timeout,,0,0
fs,1.8,ACO,10,0,6,-200.0,,,,,,,timeout,,0,0
fs,1.8,ACO,11,0,6,-200.0,,,,,,,timeout,,0,0
fs,1.8,ACO,12,0,6,-200.0,,,,,,,timeout,,0,0
fs,1.8,ACO,13,0,6,-200.0,,,,,,,timeout,,0,0
fs,1.8,ACO,14,0,6,-200.0,,,,,,,timeout,,0,0
fs,1.8,ACO,15,0,6,-200.0,,,,,,,timeout,,0,0
fs,1.8,ACO,16,0,3,48.38492,1.221841,21.93411,51.9426,70.013,18.1415,43.56936,,43.56936,0,0
fs,1.8,ACO,17,0,3,50.54884,1.221922,21.74418,51.9317,70.142,18.1633,45.49966,,45.49966,0,0
fs,1.8,ACO,18,0,3,48.61694,1.221847,21.91913,51.9442,70.021,18.1436,43.72639,,43.72639,0,0
fs,1.8,ACO,19,0,3,47.33338,1.221816,21.98913,51.9417,69.977,18.1408,42.89416,,42.89416000000001,0,0
fs,1.8,ACO,20,0,3,49.26692,1.221883,21.8292,51.9367,70.08,18.1594,44.44196,,44.44196,0,0
fs,1.8,ACO,21,0,3,47.68535,1.221819,21.98411,51.944,69.978,18.1388,43.0373,,43.0373,0,0
fs,1.8,ACO,22,0,3,47.80784,1.221829,21.95913,51.9414,70.007,18.145,43.22741,,43.22741,0,0
fs,1.8,ACO,23,0,3,48.39582,1.22184,21.93909,51.9425,70.012,18.1414,43.56592,,43.56592,0,0
fs,1.8,ACO,24,0,3,48.34063,1.221843,21.92416,51.943,70.016,18.1417,43.5829,,43.5829,0,0
fs,1.8,ACO,25,0,3,49.1055,1.221874,21.8492,51.9376,70.066,18.156,44.26594,,44.26594,0,0
fs,1.8,ACO,26,0,3,48.38494,1.221841,21.93411,51.9426,70.013,18.1415,43.56938,,43.56938,0,0
fs,1.8,ACO,27,0,3,47.76809,1.221832,21.94916,51.941,70.008,18.1436,43.25499,,43.25499,0,0
fs,1.8,ACO,28,0,3,48.15303,1.221834,21.95408,51.9412,70.008,18.1415,43.39346,,43.39346,0,0
fs,1.8,ACO,29,0,3,47.71647,1.221818,21.99405,51.9436,69.976,18.1386,43.02756,,43.02756,0,0
fs,1.8,FA,0,0,3,26.53796,1.221523,24.42058,52.1875,64.264,27.9964,27.6057,,27.6057,0,0
fs,1.8,FA,1,0,3,50.23122,1.221813,22.09335,52.0472,70.049,18.1657,43.86209,,43.86209,0,0
fs,1.8,FA,2,0,2,34.62096,1.221828,24.14663,52.1246,64.357,24.2675,25.88836,,25.88836,0,0
fs,1.8,FA,3,0,3,23.63137,1.22206,24.20156,52.1739,76.37,30.3471,40.41578,,40.41578,0,0
fs,1.8,FA,4,0,3,26.40597,1.221521,24.42558,52.1915,64.207,28.1383,27.62267,,27.62267,0,0
fs,1.8,FA,5,0,4,25.98609,1.221579,24.34504,52.1966,64.181,28.8937,27.86126,,27.86126,0,0
fs,1.8,FA,6,0,3,50.43268,1.221907,21.79405,52.0497,70.237,18.1703,45.59823,,45.59823,0,0
fs,1.8,FA,7,0,3,49.63063,1.221402,23.81764,51.9813,69.188,18.077,38.67565,,38.67565,0,0
fs,1.8,FA,8,0,3,26.35224,1.221525,24.43047,52.1869,64.207,28.397,27.69813,,27.69813,0,0
fs,1.8,FA,9,0,4,26.21403,1.22154,24.43017,52.1886,64.19,28.623,27.84199,,27.841989999999996,0,0
fs,1.8,FA,10,0,3,27.78374,1.221604,24.42392,52.187,68.081,26.6075,28.65265,,28.65265,0,0
fs,1.8,FA,11,0,3,28.01513,1.221608,24.42384,52.1794,68.238,26.4832,28.67776,,28.67776,0,0
fs,1.8,FA,12,0,3,50.20214,1.221818,22.18254,52.0393,70.109,18.1727,44.29183,,44.29183,0,0
fs,1.8,FA,13,0,3,43.40606,1.221578,24.33018,52.1023,66.961,19.3388,27.3841,,27.3841,0,0
fs,1.8,FA,14,0,2,23.91087,1.222076,24.12685,52.1985,74.267,30.9043,36.31181,,36.31181,0,0
fs,1.8,FA,15,0,3,40.42896,1.221511,24.40098,52.1058,67.115,18.7849,27.85937,,27.85937,0,0
fs,1.8,FA,16,0,3,26.59972,1.221534,24.42532,52.188,64.675,27.88,27.71536,,27.715359999999997,0,0
fs,1.8,FA,17,0,2,46.66859,1.221798,21.86544,52.3424,70.149,18.1576,42.32979,,42.32979,0,0
fs,1.8,FA,18,0,2,36.9256,1.221112,24.44369,52.4937,68.783,18.1856,38.28029,,38.28029,0,0
fs,1.8,FA,19,0,3,49.09565,1.221477,23.57305,51.9691,69.365,18.1979,39.98826,,39.98826,0,0
fs,1.8,FA,20,0,3,49.80375,1.22174,22.56097,51.9312,69.941,18.179,43.22291,,43.22291,0,0
fs,1.8,FA,21,0,3,25.14559,1.221803,24.41003,52.1953,69.507,30.0618,31.56289,,31.562889999999996,0,0
fs,1.8,FA,22,0,4,26.04368,1.221556,24.43481,52.1918,64.19,28.9999,28.0168,,28.016799999999996,0,0
fs,1.8,FA,23,0,4,26.50999,1.22152,24.4256,52.19,64.197,27.961,27.58349,,27.58349,0,0
fs,1.8,FA,24,0,3,40.58212,1.221161,24.43775,52.0256,68.696,18.2849,44.41255,,44.41255,0,0
fs,1.8,FA,25,0,4,25.96648,1.22155,24.425,52.1961,64.183,28.9339,27.96379,,27.96379,0,0
fs,1.8,FA,26,0,4,26.20079,1.221541,24.43015,52.1895,64.194,28.6236,27.84595,,27.84595,0,0
fs,1.8,FA,27,0,1,37.17206,1.221102,24.42404,52.5886,68.896,18.3223,41.83632,,41.83632000000001,0,0
fs,1.8,FA,28,0,3,48.89224,1.221883,21.81928,51.9554,70.098,18.1614,44.42006,,44.42006,0,0
fs,1.8,FA,29,0,2,23.53302,1.222241,23.85583,52.1803,76.202,31.0975,38.79086,,38.79086,0,0
fs,1.8,GA,0,0,3,44.01776,1.221558,24.45957,52.1498,67.33,20.3147,27.47821,,27.47821,0,0
fs,1.8,GA,1,0,3,48.67096,1.22129,24.10268,52.1644,68.832,18.0571,33.78985,,33.78985,0,0
fs,1.8,GA,2,0,3,44.17819,1.221565,24.44455,52.107,67.226,20.0848,27.40541,,27.40541,0,0
fs,1.8,GA,3,0,2,39.74608,1.221374,24.48807,52.2143,67.289,18.4714,28.76319,,28.76319,0,0
fs,1.8,GA,4,0,3,38.20368,1.221479,24.46612,52.0905,67.261,18.4809,28.25842,,28.25842,0,0
fs,1.8,GA,5,0,3,43.92864,1.221622,22.60284,52.0442,69.925,18.129,38.27131,,38.27131,0,0
fs,1.8,GA,6,0,2,47.22697,1.221815,22.05859,51.9481,70.146,18.2273,42.79599,,42.79599,0,0
fs,1.8,GA,7,0,3,44.2108,1.221586,22.68288,52.0644,69.718,18.0365,37.68993,,37.68993,0,0
fs,1.8,GA,8,0,3,48.66887,1.221837,21.96395,51.9501,70.031,18.1547,43.5929,,43.5929,0,0
fs,1.8,GA,9,0,3,42.21735,1.221471,24.47124,52.104,67.194,18.8634,27.9927,,27.9927,0,0
fs,1.8,GA,10,0,3,48.23999,1.221823,21.98404,51.9613,70.003,18.1429,43.26403,,43.26403,0,0
fs,1.8,GA,11,0,3,44.65454,1.221716,22.234,52.0278,69.963,18.1887,40.28567,,40.28567,0,0
fs,1.8,GA,12,0,2,48.56888,1.221325,23.98786,52.3578,69.087,18.0564,33.59981,,33.59981,0,0
fs,1.8,GA,13,0,3,49.90526,1.22186,21.91889,51.9665,70.066,18.164,44.29449,,44.29449,0,0
fs,1.8,GA,14,0,3,44.73093,1.221726,22.17925,51.9761,69.866,18.143,40.50643,,40.50643,0,0
fs,1.8,GA,15,0,3,44.35587,1.221623,22.53832,52.0383,69.744,18.0326,38.5038,,38.5038,0,0
fs,1.8,GA,16,0,3,41.68119,1.221435,24.47196,52.0977,67.533,18.5921,28.39653,,28.39653,0,0
fs,1.8,GA,17,0,2,46.89601,1.22176,22.22328,51.9691,70.037,18.2063,41.87421,,41.87421,0,0
fs,1.8,GA,18,0,3,43.96984,1.221617,24.29964,52.1172,67.16,19.9599,27.23108,,27.23108,0,0
fs,1.8,GA,19,0,3,41.94045,1.2215,24.41112,52.0823,66.956,18.6422,27.83965,,27.83965,0,0
fs,1.8,GA,20,0,3,43.5848,1.221575,22.70789,52.0497,69.692,18.026,37.10511,,37.10511,0,0
fs,1.8,GA,21,0,2,40.81513,1.222161,22.99454,52.1072,67.984,19.0503,26.07246,,26.07246,0,0
fs,1.8,GA,22,0,2,42.88811,1.221825,23.78955,52.1028,67.445,19.6231,26.70853,,26.708529999999996,0,0
fs,1.8,GA,23,0,3,44.04211,1.221548,22.83243,52.0664,69.644,18.0188,36.75695,,36.75695,0,0
fs,1.8,GA,24,0,3,43.83071,1.221628,22.52335,52.0098,69.794,18.0585,38.37031,,38.37031000000001,0,0
fs,1.8,GA,25,0,3,46.74314,1.221777,22.1188,51.9491,69.959,18.1601,42.10907,,42.10907,0,0
fs,1.8,GA,26,0,3,43.21871,1.221602,22.6677,52.0391,69.931,18.142,37.51745,,37.51745,0,0
fs,1.8,GA,27,0,3,44.28363,1.221639,22.50826,52.0483,69.868,18.0871,38.76183,,38.76183,0,0
fs,1.8,GA,28,0,3,44.25778,1.221601,22.60322,52.0507,69.673,18.004,38.01821,,38.01821,0,0
fs,1.8,GA,29,0,2,43.56421,1.221714,22.34814,51.9963,70.29,18.2642,39.68671,,39.68671,0,0
fs,1.8,GWO,0,0,3,47.50932,1.221805,22.03893,51.9437,69.961,18.1401,42.77423,,42.77423,0,0
fs,1.8,GWO,1,0,3,46.91667,1.221796,22.04405,51.9436,69.939,18.1352,42.45498,,42.45498,0,0
fs,1.8,GWO,2,0,3,46.94827,1.22178,22.0989,51.9453,69.912,18.1356,42.22683,,42.22683,0,0
fs,1.8,GWO,3,0,3,46.65155,1.221783,22.09885,51.9447,69.93,18.1373,42.17461,,42.17461,0,0
fs,1.8,GWO,4,0,3,47.00707,1.221796,22.03909,51.9454,69.937,18.1361,42.48752,,42.48752000000001,0,0
fs,1.8,GWO,5,0,3,47.27836,1.2218,22.03902,51.9438,69.95,18.1397,42.63536,,42.63536,0,0
fs,1.8,GWO,6,0,3,47.10244,1.221783,22.10877,51.9462,69.918,18.1323,42.31559,,42.31559,0,0
fs,1.8,GWO,7,0,3,46.63981,1.221791,22.05406,51.9436,69.943,18.1417,42.30124,,42.30124,0,0
fs,1.8,GWO,8,0,3,45.17686,1.221771,22.03458,51.9555,69.896,18.133,41.3662,,41.3662,0,0
fs,1.8,GWO,9,0,3,46.94551,1.221781,22.09393,51.9451,69.912,18.1351,42.23338,,42.23338,0,0
fs,1.8,GWO,10,0,3,46.87578,1.221783,22.08397,51.9462,69.918,18.136,42.25273,,42.25273,0,0
fs,1.8,GWO,11,0,3,46.71566,1.221782,22.09391,51.9497,69.921,18.1334,42.1758,,42.1758,0,0
fs,1.8,GWO,12,0,3,47.40837,1.22181,22.01404,51.9434,69.978,18.1456,42.81907,,42.81907,0,0
fs,1.8,GWO,13,0,3,46.92092,1.221779,22.10388,51.9476,69.92,18.1403,42.1942,,42.1942,0,0
fs,1.8,GWO,14,0,3,46.91806,1.221782,22.08399,51.945,69.913,18.1343,42.25266,,42.25266,0,0
fs,1.8,GWO,15,0,3,47.08388,1.221793,22.05403,51.9445,69.931,18.1357,42.46105,,42.46105,0,0
fs,1.8,GWO,16,0,3,47.16174,1.221788,22.07892,51.9449,69.928,18.1379,42.40708,,42.40708,0,0
fs,1.8,GWO,17,0,3,46.77569,1.221788,22.05908,51.9468,69.926,18.1355,42.29903,,42.29903,0,0
fs,1.8,GWO,18,0,3,46.88968,1.221795,22.05399,51.9449,69.95,18.1412,42.43635,,42.43635,0,0
fs,1.8,GWO,19,0,3,47.07388,1.221793,22.05403,51.9446,69.932,18.1358,42.46416,,42.46416,0,0
fs,1.8,GWO,20,0,3,46.86584,1.221781,22.08897,51.9488,69.915,18.1338,42.22091,,42.22091,0,0
fs,1.8,GWO,21,0,3,47.27222,1.221798,22.04898,51.9472,69.943,18.1353,42.59338,,42.59338,0,0
fs,1.8,GWO,22,0,3,46.9789,1.221777,22.10888,51.9461,69.912,18.1379,42.19054,,42.19054,0,0
fs,1.8,GWO,23,0,3,46.92165,1.221791,22.0739,51.9482,69.935,18.1336,42.38095,,42.38095,0,0
fs,1.8,GWO,24,0,3,46.91826,1.221782,22.08399,51.945,69.913,18.1344,42.2525,,42.252500000000005,0,0
fs,1.8,GWO,25,0,3,47.0733,1.221793,22.05403,51.9447,69.932,18.1359,42.46382,,42.46382,0,0
fs,1.8,GWO,26,0,3,46.68755,1.221787,22.06406,51.9518,69.945,18.1446,42.24562,,42.24562,0,0
fs,1.8,GWO,27,0,3,47.79311,1.221807,22.04385,51.9493,69.98,18.1469,42.88205,,42.88205,0,0
fs,1.8,GWO,28,0,3,46.88053,1.221776,22.11386,51.9519,69.929,18.145,42.13469,,42.13469,0,0
fs,1.8,GWO,29,0,3,46.94293,1.22178,22.09394,51.9452,69.912,18.1353,42.23207,,42.23207,0,0
fs,1.8,PSO,0,0,4,25.9201,1.221575,24.42947,52.1925,64.181,29.4399,28.24119,,28.24119,0,0
fs,1.8,PSO,1,0,3,50.54485,1.22196,21.63439,51.9219,70.214,18.1665,46.22096,,46.22096,0,0
fs,1.8,PSO,2,0,3,47.81567,1.221829,21.95913,51.9415,70.007,18.1453,43.22192,,43.22192,0,0
fs,1.8,PSO,3,0,3,50.51344,1.221997,21.52959,51.9109,70.299,18.172,46.8794,,46.8794,0,0
fs,1.8,PSO,4,0,3,46.8568,1.221785,22.07401,51.9456,69.918,18.1344,42.27718,,42.27718000000001,0,0
fs,1.8,PSO,5,0,3,44.1772,1.221537,24.48976,52.1213,67.103,20.0377,27.49001,,27.49001,0,0
fs,1.8,PSO,6,0,3,48.62825,1.221846,21.9241,51.9441,70.02,18.1435,43.72312,,43.72312,0,0
fs,1.8,PSO,7,0,3,48.41744,1.22184,21.93909,51.9423,70.011,18.1413,43.55901,,43.55901000000001,0,0
fs,1.8,PSO,8,0,3,50.5255,1.222001,21.50968,51.9118,70.298,18.1682,46.99991,,46.99991,0,0
fs,1.8,PSO,9,0,4,49.26836,1.221283,24.20207,51.9943,68.753,18.0728,36.37582,,36.37582,0,0
fs,1.8,PSO,10,0,3,50.52023,1.222005,21.49969,51.9107,70.301,18.1674,47.13997,,47.13997,0,0
fs,1.8,PSO,11,0,3,50.55005,1.221923,21.74417,51.9319,70.144,18.1633,45.50715,,45.50715,0,0
fs,1.8,PSO,12,0,3,50.50774,1.221988,21.55454,51.9133,70.28,18.1699,46.72125,,46.72125,0,0
fs,1.8,PSO,13,0,3,44.86215,1.221718,22.19428,51.9702,69.805,18.0214,40.36676,,40.36676,0,0
fs,1.8,PSO,14,0,3,48.49189,1.221836,21.95404,51.9417,70.006,18.1409,43.53453,,43.53453,0,0
fs,1.8,PSO,15,0,3,50.52058,1.222001,21.50968,51.9157,70.302,18.1682,47.00554,,47.00554,0,0
fs,1.8,PSO,16,0,3,50.51875,1.222,21.5097,51.9167,70.302,18.1682,47.00331,,47.00331,0,0
fs,1.8,PSO,17,0,3,44.17881,1.2216,22.59332,52.0205,69.631,17.9855,37.97793,,37.97793,0,0
fs,1.8,PSO,18,0,3,48.63044,1.221862,21.87422,51.9386,70.048,18.1508,43.95483,,43.95483,0,0
fs,1.8,PSO,19,0,3,45.08837,1.22176,22.05958,51.9582,69.866,18.1245,41.17718,,41.17718,0,0
fs,1.8,PSO,20,0,3,47.32187,1.221797,22.05395,51.9441,69.949,18.141,42.60488,,42.60488,0,0
fs,1.8,PSO,21,0,3,50.53855,1.221982,21.56953,51.9168,70.259,18.1681,46.61563,,46.61563,0,0
fs,1.8,PSO,22,0,3,50.50774,1.221988,21.55454,51.9133,70.28,18.1699,46.72125,,46.72125,0,0
fs,1.8,PSO,23,0,3,50.49401,1.221977,21.59442,51.9176,70.265,18.1708,46.52359,,46.52359,0,0
fs,1.8,PSO,24,0,3,50.13923,1.221744,22.60554,51.9426,69.953,18.1751,43.56432,,43.56432,0,0
fs,1.8,PSO,25,0,3,50.22302,1.221913,21.75922,51.9353,70.126,18.1626,45.22088,,45.22088,0,0
fs,1.8,PSO,26,0,3,47.74697,1.221816,21.99905,51.9433,69.973,18.1384,43.01757,,43.01757,0,0
fs,1.8,PSO,27,0,4,25.92558,1.221578,24.42444,52.1927,64.18,29.4275,28.2384,,28.2384,0,0
fs,1.8,PSO,28,0,3,50.51926,1.222005,21.49969,51.9112,70.301,18.1674,47.13887,,47.13887,0,0
fs,1.8,PSO,29,0,1,23.44364,1.22198,21.38606,52.7207,72.931,18.2146,40.21205,,40.21205,0,0
fs,1.98,ABC,0,0,6,-200.0,,,,,,,timeout,,0,0
fs,1.98,ABC,1,0,6,-200.0,,,,,,,timeout,,0,0
fs,1.98,ABC,2,0,6,-200.0,,,,,,,timeout,,0,0
fs,1.98,ABC,3,0,6,-200.0,,,,,,,timeout,,0,0
fs,1.98,ABC,4,0,6,-200.0,,,,,,,timeout,,0,0
fs,1.98,ABC,5,0,6,-200.0,,,,,,,timeout,,0,0
fs,1.98,ABC,6,0,6,-200.0,,,,,,,timeout,,0,0
fs,1.98,ABC,7,0,6,-200.0,,,,,,,timeout,,0,0
fs,1.98,ABC,8,0,6,-200.0,,,,,,,timeout,,0,0
fs,1.98,ABC,9,0,6,-200.0,,,,,,,timeout,,0,0
fs,1.98,ABC,10,0,6,-200.0,,,,,,,timeout,,0,0
fs,1.98,ABC,11,0,6,-200.0,,,,,,,timeout,,0,0
fs,1.98,ABC,12,0,6,-200.0,,,,,,,timeout,,0,0
fs,1.98,ABC,13,0,6,-200.0,,,,,,,timeout,,0,0
fs,1.98,ABC,14,0,6,-200.0,,,,,,,timeout,,0,0
fs,1.98,ABC,15,0,6,-200.0,,,,,,,timeout,,0,0
fs,1.98,ABC,16,0,6,-200.0,,,,,,,timeout,,0,0
fs,1.98,ABC,17,0,6,-200.0,,,,,,,timeout,,0,0
fs,1.98,ABC,18,0,6,-200.0,,,,,,,timeout,,0,0
fs,1.98,ABC,19,0,6,-200.0,,,,,,,timeout,,0,0
fs,1.98,ABC,20,0,6,-200.0,,,,,,,timeout,,0,0
fs,1.98,ABC,21,0,6,-200.0,,,,,,,timeout,,0,0
fs,1.98,ABC,22,0,6,-200.0,,,,,,,timeout,,0,0
fs,1.98,ABC,23,0,6,-200.0,,,,,,,timeout,,0,0
fs,1.98,ABC,24,0,6,-200.0,,,,,,,timeout,,0,0
fs,1.98,ABC,25,0,6,-200.0,,,,,,,timeout,,0,0
fs,1.98,ABC,26,0,6,-200.0,,,,,,,timeout,,0,0
fs,1.98,ABC,27,0,6,-200.0,,,,,,,timeout,,0,0
fs,1.98,ABC,28,0,6,-200.0,,,,,,,timeout,,0,0
fs,1.98,ABC,29,0,6,-200.0,,,,,,,timeout,,0,0
fs,1.98,ACO,0,0,6,-200.0,,,,,,,timeout,,0,0
fs,1.98,ACO,1,0,6,-200.0,,,,,,,timeout,,0,0
fs,1.98,ACO,2,0,6,-200.0,,,,,,,timeout,,0,0
fs,1.98,ACO,3,0,6,-200.0,,,,,,,timeout,,0,0
fs,1.98,ACO,4,0,6,-200.0,,,,,,,timeout,,0,0
fs,1.98,ACO,5,0,6,-200.0,,,,,,,timeout,,0,0
fs,1.98,ACO,6,0,6,-200.0,,,,,,,timeout,,0,0
fs,1.98,ACO,7,0,6,-200.0,,,,,,,timeout,,0,0
fs,1.98,ACO,8,0,6,-200.0,,,,,,,timeout,,0,0
fs,1.98,ACO,9,0,6,-200.0,,,,,,,timeout,,0,0
fs,1.98,ACO,10,0,6,-200.0,,,,,,,timeout,,0,0
fs,1.98,ACO,11,0,6,-200.0,,,,,,,timeout,,0,0
fs,1.98,ACO,12,0,6,-200.0,,,,,,,timeout,,0,0
fs,1.98,ACO,13,0,6,-200.0,,,,,,,timeout,,0,0
fs,1.98,ACO,14,0,6,-200.0,,,,,,,timeout,,0,0
fs,1.98,ACO,15,0,6,-200.0,,,,,,,timeout,,0,0
fs,1.98,ACO,16,0,6,-200.0,,,,,,,timeout,,0,0
fs,1.98,ACO,17,0,6,-200.0,,,,,,,timeout,,0,0
fs,1.98,ACO,18,0,3,48.1624,1.222397,21.35397,52.0545,70.028,18.0578,43.74893,,48.123822999999994,0,0
fs,1.98,ACO,19,0,3,46.62412,1.222368,21.40406,52.055,69.983,18.0518,42.91675,,47.208425,0,0
fs,1.98,ACO,20,0,3,49.1622,1.222431,21.26909,52.0444,70.102,18.0768,44.46445,,48.910895,1,0
fs,1.98,ACO,21,0,3,46.99815,1.222371,21.40896,52.0569,69.982,18.0502,43.05989,,47.365879,0,0
fs,1.98,ACO,22,0,3,47.17429,1.22238,21.38402,52.0534,70.007,18.0573,43.24999,,47.574988999999995,0,0
fs,1.98,ACO,23,0,3,47.87051,1.222391,21.36399,52.0534,70.014,18.055,43.58846,,47.947306,0,0
fs,1.98,ACO,24,0,3,47.82559,1.222393,21.359,52.0537,70.018,18.0555,43.60543,,47.965973,0,0
fs,1.98,ACO,25,0,3,48.89913,1.222423,21.28906,52.0459,70.091,18.0727,44.28842,,48.717262,0,0
fs,1.98,ACO,26,0,3,47.86158,1.222391,21.36399,52.0534,70.015,18.0551,43.59191,,47.951101,0,0
fs,1.98,ACO,27,0,3,47.14789,1.222383,21.37405,52.0528,70.008,18.0562,43.27756,,47.605316,0,0
fs,1.98,ACO,28,0,3,47.56257,1.222384,21.37403,52.0527,70.005,18.0543,43.41602,,47.757622000000005,0,0
fs,1.98,ACO,29,0,3,47.0228,1.222369,21.41396,52.0567,69.979,18.0498,43.05015,,47.35516500000001,0,0
fs,1.98,FA,0,0,2,28.26064,1.222737,23.02832,52.3049,64.08,27.9013,27.65052,,30.415572,0,0
fs,1.98,FA,1,0,3,50.18437,1.222369,21.52304,52.1561,70.052,18.0855,43.88483,,48.273312999999995,0,0
fs,1.98,FA,2,0,2,35.06046,1.222992,22.67167,52.2659,64.159,24.4621,25.9315,,28.524649999999998,0,0
fs,1.98,FA,3,0,1,24.41126,1.223252,23.05826,52.238,76.286,30.5109,40.45982,,44.505801999999996,0,0
fs,1.98,FA,4,0,2,28.24217,1.222736,23.03329,52.3115,64.027,28.0466,27.66755,,30.434305,0,0
fs,1.98,FA,5,0,2,27.56737,1.222825,22.95232,52.3111,64.016,28.8224,27.90715,,30.697865,0,0
fs,1.98,FA,6,0,3,50.29331,1.222457,21.2389,52.1513,70.199,18.1024,45.62073,,50.182803,1,0
fs,1.98,FA,7,0,3,49.69076,1.221994,23.13159,52.1052,69.129,18.1098,38.69957,,42.569527,0,0
fs,1.98,FA,8,0,2,28.13537,1.222745,23.04304,52.3023,64.04,28.3104,27.74315,,30.517465,0,0
fs,1.98,FA,9,0,2,27.74483,1.222772,23.04748,52.2999,64.021,28.5461,27.88738,,30.676118,0,0
fs,1.98,FA,10,0,1,29.68807,1.222773,23.13172,52.3078,67.885,26.512,28.69596,,31.565556,0,0
fs,1.98,FA,11,0,1,29.77597,1.222775,23.1416,52.2941,68.049,26.3853,28.721,,31.593099999999996,0,0
fs,1.98,FA,12,0,3,50.20294,1.222374,21.61219,52.141,70.072,18.1027,44.31454,,48.745994,0,0
fs,1.98,FA,13,0,1,44.23792,1.222566,23.06128,52.2472,66.777,19.4938,27.42134,,30.163474,0,0
fs,1.98,FA,14,0,1,24.8475,1.223331,22.9131,52.2758,74.161,31.0214,36.35804,,39.993843999999996,0,0
fs,1.98,FA,15,0,1,41.15599,1.222434,23.21746,52.2365,66.941,18.9386,27.89444,,30.683884,0,0
fs,1.98,FA,16,0,1,28.37492,1.222743,23.04307,52.3062,64.493,27.7843,27.76001,,30.536011,0,0
fs,1.98,FA,17,0,2,46.40435,1.222347,21.27056,52.4632,70.156,18.0757,42.35229,,46.587519,0,0
fs,1.98,FA,18,0,1,37.39686,1.22166,23.75308,52.6276,68.747,18.3015,38.30274,,42.133013999999996,0,0
fs,1.98,FA,19,0,3,49.90628,1.222053,22.91226,52.0895,69.309,18.1136,40.0117,,44.01286999999999,0,0
fs,1.98,FA,20,0,3,50.09029,1.222304,21.96547,52.0315,69.913,18.1069,43.2459,,47.57049,0,0
fs,1.98,FA,21,0,1,26.25245,1.223058,23.13129,52.2814,69.349,30.056,31.6091,,34.77001,0,0
fs,1.98,FA,22,0,2,27.5244,1.222798,23.04699,52.3017,64.042,28.9313,28.06258,,30.868838,0,0
fs,1.98,FA,23,0,2,28.2399,1.222733,23.02839,52.3091,64.013,27.8654,27.62831,,30.391140999999998,0,0
fs,1.98,FA,24,0,2,41.76431,1.221678,23.8321,52.1563,68.657,18.2745,44.43397,,48.877367,0,0
fs,1.98,FA,25,0,2,27.59605,1.222789,23.03725,52.3107,64.023,28.8647,28.00944,,30.810384000000003,0,0
fs,1.98,FA,26,0,2,27.73516,1.222773,23.04251,52.3013,64.024,28.5473,27.89136,,30.680495999999998,0,0
fs,1.98,FA,27,0,1,38.01025,1.221616,23.77874,52.7322,68.864,18.3115,41.85761,,46.043371,0,0
fs,1.98,FA,28,0,3,48.99534,1.222431,21.25918,52.0613,70.115,18.0801,44.44254,,48.886794,0,0
fs,1.98,FA,29,0,1,24.35348,1.223497,22.66727,52.2445,76.118,31.2535,38.83711,,42.720821,0,0
fs,1.98,GA,0,0,1,44.98003,1.222571,23.18512,52.2966,67.111,20.4753,27.51628,,30.267908,0,0
fs,1.98,GA,1,0,2,48.78471,1.221949,23.24652,52.3265,68.708,18.0921,33.81604,,37.197644000000004,0,0
fs,1.98,GA,2,0,1,44.97914,1.222577,23.16518,52.2484,67.006,20.241,27.44347,,30.187817,0,0
fs,1.98,GA,3,0,1,40.46996,1.222225,23.38011,52.3482,67.174,18.6202,28.79581,,31.675390999999998,0,0
fs,1.98,GA,4,0,1,38.86404,1.222359,23.31805,52.2214,67.143,18.6363,28.29202,,31.121222,0,0
fs,1.98,GA,5,0,2,42.85177,1.222208,21.90769,52.2,69.958,18.1183,38.29505,,42.124555,0,0
fs,1.98,GA,6,0,3,46.50218,1.222373,21.47834,52.0614,70.157,18.1373,42.81881,,47.100691,0,0
fs,1.98,GA,7,0,2,43.15669,1.222172,21.9728,52.2325,69.754,18.0224,37.71369,,41.48505899999999,0,0
fs,1.98,GA,8,0,3,48.18018,1.222389,21.39377,52.0611,70.039,18.0681,43.61549,,47.977039000000005,0,0
fs,1.98,GA,9,0,1,43.04554,1.222393,23.2827,52.2402,67.018,19.0157,28.02769,,30.830458999999998,0,0
fs,1.98,GA,10,0,3,47.65536,1.222375,21.40889,52.0736,70.001,18.0549,43.28662,,47.615282,0,0
fs,1.98,GA,11,0,3,43.68829,1.222281,21.59896,52.1612,69.988,18.0839,40.3087,,44.33957,0,0
fs,1.98,GA,12,0,2,48.67948,1.221991,23.12669,52.5169,68.979,18.0861,33.62625,,36.98887499999999,0,0
fs,1.98,GA,13,0,3,49.91034,1.222411,21.35868,52.0754,70.082,18.0801,44.31704,,48.748743999999995,0,0
fs,1.98,GA,14,0,3,43.72815,1.222286,21.54929,52.1086,69.901,18.0392,40.5293,,44.582229999999996,0,0
fs,1.98,GA,15,0,3,43.26233,1.2222,21.84833,52.1946,69.786,18.0209,38.52724,,42.379964,0,0
fs,1.98,GA,16,0,1,42.49973,1.222323,23.31874,52.2337,67.379,18.735,28.43041,,31.273450999999998,0,0
fs,1.98,GA,17,0,3,45.99632,1.222322,21.61807,52.0877,70.044,18.1111,41.89716,,46.086876,0,0
fs,1.98,GA,18,0,1,44.78864,1.22264,22.99545,52.2613,66.952,20.1163,27.26948,,29.996428,0,0
fs,1.98,GA,19,0,1,42.71913,1.222426,23.21266,52.2141,66.807,18.792,27.87478,,30.662257999999998,0,0
fs,1.98,GA,20,0,2,42.63558,1.222165,21.97293,52.2289,69.728,18.0084,37.12901,,40.841910999999996,0,0
fs,1.98,GA,21,0,1,41.61447,1.22328,21.60114,52.2499,67.816,19.188,26.11408,,28.725488000000002,0,0
fs,1.98,GA,22,0,1,43.76173,1.222886,22.43079,52.2455,67.24,19.7732,26.74822,,29.423042,0,0
fs,1.98,GA,23,0,2,43.04768,1.222146,22.08733,52.2518,69.676,18.0,36.78107,,40.459177,0,0
fs,1.98,GA,24,0,3,42.78074,1.222207,21.83333,52.1673,69.839,18.0446,38.39382,,42.23320199999999,0,0
fs,1.98,GA,25,0,3,45.87407,1.222334,21.52365,52.0667,69.973,18.0668,42.13184,,46.345024,0,0
fs,1.98,GA,26,0,2,42.23995,1.222196,21.95254,52.206,69.963,18.1272,37.54143,,41.295573,0,0
fs,1.98,GA,27,0,3,43.18647,1.222218,21.82322,52.199,69.905,18.079,38.7853,,42.66383,0,0
fs,1.98,GA,28,0,2,43.20192,1.222181,21.89826,52.2153,69.715,17.9902,38.04176,,41.845935999999995,0,0
fs,1.98,GA,29,0,2,42.48569,1.222294,21.69294,52.1306,70.315,18.2589,39.71023,,43.681253000000005,0,0
fs,1.98,GWO,0,0,3,46.74337,1.222359,21.4538,52.0579,69.967,18.0499,42.79687,,47.076556999999994,0,0
fs,1.98,GWO,1,0,3,46.10089,1.22235,21.45396,52.0593,69.951,18.0434,42.47764,,46.725404000000005,0,0
fs,1.98,GWO,2,0,3,46.08636,1.222335,21.49884,52.0626,69.928,18.0429,42.24953,,46.474483,0,0
fs,1.98,GWO,3,0,3,45.77575,1.22234,21.49875,52.0618,69.943,18.0435,42.19736,,46.417096,0,0
fs,1.98,GWO,4,0,3,46.21002,1.222349,21.45397,52.061,69.95,18.045,42.51019,,46.761209,0,0
fs,1.98,GWO,5,0,3,46.49411,1.222354,21.45389,52.0587,69.96,18.0491,42.65802,,46.923821999999994,0,0
fs,1.98,GWO,6,0,3,46.22861,1.222339,21.51861,52.0628,69.93,18.0391,42.33832,,46.572151999999996,0,0
fs,1.98,GWO,7,0,3,45.82451,1.222346,21.45898,52.06,69.957,18.0497,42.32392,,46.556312000000005,0,0
fs,1.98,GWO,8,0,3,44.17735,1.222325,21.41969,52.0806,69.929,18.0352,41.38886,,45.527746,0,0
fs,1.98,GWO,9,0,3,46.0838,1.222335,21.49884,52.0624,69.927,18.0425,42.25608,,46.481688,0,0
fs,1.98,GWO,10,0,3,46.02915,1.222338,21.48392,52.0632,69.934,18.0436,42.27543,,46.502973,0,0
fs,1.98,GWO,11,0,3,45.85183,1.222338,21.50375,52.0669,69.934,18.0398,42.19855,,46.418405,0,0
fs,1.98,GWO,12,0,3,46.66893,1.222363,21.42894,52.0573,69.984,18.056,42.84171,,47.125881,0,0
fs,1.98,GWO,13,0,3,46.05392,1.222334,21.50382,52.0651,69.936,18.0473,42.21691,,46.438601,0,0
fs,1.98,GWO,14,0,3,46.06373,1.222337,21.48889,52.0621,69.929,18.0418,42.27536,,46.502896,0,0
fs,1.98,GWO,15,0,3,46.26834,1.222346,21.4689,52.0604,69.944,18.0443,42.48371,,46.732081,0,0
fs,1.98,GWO,16,0,3,46.32483,1.222342,21.48384,52.0612,69.94,18.0461,42.42976,,46.672736,0,0
fs,1.98,GWO,17,0,3,45.95384,1.222342,21.46401,52.0635,69.941,18.0435,42.32169,,46.553858999999996,0,0
fs,1.98,GWO,18,0,3,46.07577,1.22235,21.45891,52.0606,69.962,18.0495,42.45903,,46.704933,0,0
fs,1.98,GWO,19,0,3,46.26075,1.222347,21.46392,52.0605,69.944,18.0444,42.48682,,46.735502000000004,0,0
fs,1.98,GWO,20,0,3,46.00988,1.222337,21.49385,52.066,69.929,18.0409,42.24361,,46.467971,0,0
fs,1.98,GWO,21,0,3,46.47361,1.222352,21.46384,52.0624,69.952,18.0441,42.61604,,46.877644,0,0
fs,1.98,GWO,22,0,3,46.10653,1.222333,21.51375,52.0636,69.928,18.0449,42.21328,,46.434608,0,0
fs,1.98,GWO,23,0,3,46.08374,1.222346,21.47882,52.0643,69.946,18.041,42.40366,,46.644026000000004,0,0
fs,1.98,GWO,24,0,3,46.06353,1.222337,21.48889,52.0621,69.929,18.0419,42.27518,,46.502697999999995,0,0
fs,1.98,GWO,25,0,3,46.26029,1.222347,21.46392,52.0605,69.945,18.0445,42.48648,,46.735127999999996,0,0
fs,1.98,GWO,26,0,3,45.87114,1.222342,21.47393,52.0686,69.959,18.0524,42.26832,,46.495152,0,0
fs,1.98,GWO,27,0,3,47.061,1.22236,21.4637,52.0631,69.983,18.0571,42.90471,,47.195181000000005,0,0
fs,1.98,GWO,28,0,3,46.00799,1.222332,21.51873,52.0696,69.943,18.0516,42.15744,,46.373184,0,0
fs,1.98,GWO,29,0,3,46.08196,1.222335,21.49884,52.0625,69.928,18.0427,42.25477,,46.480247,0,0
fs,1.98,PSO,0,0,2,27.28382,1.22283,23.04639,52.2979,64.037,29.3829,28.28738,,31.116117999999997,0,0
fs,1.98,PSO,1,0,3,50.34645,1.222505,21.08934,52.0273,70.193,18.0995,46.24331,,50.867641,1,0
fs,1.98,PSO,2,0,3,47.1796,1.22238,21.38402,52.0536,70.007,18.0575,43.2445,,47.56895,0,0
fs,1.98,PSO,3,0,3,50.36678,1.222541,20.98461,52.0113,70.26,18.108,46.90172,,51.591891999999994,1,0
fs,1.98,PSO,4,0,3,46.01623,1.22234,21.47892,52.0625,69.933,18.0422,42.29986,,46.529846,0,0
fs,1.98,PSO,5,0,1,45.06036,1.222537,23.22542,52.2618,66.898,20.1977,27.52767,,30.280437,0,0
fs,1.98,PSO,6,0,3,48.1719,1.222396,21.34903,52.0544,70.027,18.0577,43.74563,,48.12019299999999,0,0
fs,1.98,PSO,7,0,3,47.88831,1.22239,21.36897,52.0532,70.012,18.0548,43.58155,,47.939705,0,0
fs,1.98,PSO,8,0,3,50.37359,1.222544,20.96969,52.0135,70.257,18.1039,47.02223,,51.724453,1,0
fs,1.98,PSO,9,0,3,49.35379,1.221899,23.45579,52.1322,68.681,18.1038,36.40057,,40.040627,0,0
fs,1.98,PSO,10,0,3,50.37459,1.222548,20.96466,52.0122,70.262,18.1033,47.16229,,51.878519,1,0
fs,1.98,PSO,11,0,3,50.32115,1.22247,21.19405,52.0385,70.14,18.094,45.52956,,50.082516,1,0
fs,1.98,PSO,12,0,3,50.36118,1.222533,21.00953,52.0131,70.244,18.1058,46.74359,,51.417949,1,0
fs,1.98,PSO,13,0,3,43.71142,1.222277,21.55936,52.1047,69.854,18.0169,40.38962,,44.428582,0,0
fs,1.98,PSO,14,0,3,47.95047,1.222387,21.37894,52.0528,70.006,18.0542,43.55708,,47.912788,0,0
fs,1.98,PSO,15,0,3,50.3738,1.222544,20.96969,52.0167,70.26,18.104,47.02786,,51.73064599999999,1,0
fs,1.98,PSO,16,0,3,50.37324,1.222544,20.96969,52.0176,70.26,18.1041,47.02563,,51.728193,1,0
fs,1.98,PSO,17,0,3,43.12152,1.222179,21.89334,52.1869,69.678,17.9688,38.00144,,41.801584,0,0
fs,1.98,PSO,18,0,3,48.26505,1.222411,21.30911,52.0478,70.064,18.0663,43.97733,,48.375063000000004,0,0
fs,1.98,PSO,19,0,3,44.09015,1.222314,21.43971,52.0852,69.901,18.0257,41.19986,,45.319846000000005,0,0
fs,1.98,PSO,20,0,3,46.52492,1.222351,21.46881,52.0592,69.958,18.0502,42.62755,,46.890305,0,0
fs,1.98,PSO,21,0,3,50.36201,1.222526,21.02453,52.0206,70.228,18.1026,46.63795,,51.30174499999999,1,0
fs,1.98,PSO,22,0,3,50.36118,1.222533,21.00953,52.0131,70.244,18.1058,46.74359,,51.417949,1,0
fs,1.98,PSO,23,0,3,50.34826,1.222522,21.04938,52.0169,70.231,18.1065,46.54597,,51.20056699999999,1,0
fs,1.98,PSO,24,0,3,50.15436,1.222303,22.01507,52.046,69.899,18.1013,43.58716,,47.945876,0,0
fs,1.98,PSO,25,0,3,50.31877,1.22246,21.2091,52.0416,70.129,18.089,45.24331,,49.767641,1,0
fs,1.98,PSO,26,0,3,47.04715,1.222368,21.41397,52.0565,69.977,18.0496,43.04018,,47.344198,0,0
fs,1.98,PSO,27,0,2,27.27501,1.222834,23.04632,52.298,64.035,29.3702,28.28464,,31.113104,0,0
fs,1.98,PSO,28,0,3,50.3743,1.222548,20.96466,52.0126,70.262,18.1033,47.16119,,51.877309,1,0
fs,1.98,PSO,29,0,1,23.11233,1.22241,20.71417,52.9355,73.08,18.2661,40.23058,,44.253638,0,0
sf,1.62,ABC,0,0,6,-200.0,,,,,,,timeout,,0,0
sf,1.62,ABC,1,0,6,-200.0,,,,,,,timeout,,0,0
sf,1.62,ABC,2,0,6,-200.0,,,,,,,timeout,,0,0
sf,1.62,ABC,3,0,6,-200.0,,,,,,,timeout,,0,0
sf,1.62,ABC,4,0,6,-200.0,,,,,,,timeout,,0,0
sf,1.62,ABC,5,0,6,-200.0,,,,,,,timeout,,0,0
sf,1.62,ABC,6,0,6,-200.0,,,,,,,timeout,,0,0
sf,1.62,ABC,7,0,6,-200.0,,,,,,,timeout,,0,0
sf,1.62,ABC,8,0,6,-200.0,,,,,,,timeout,,0,0
sf,1.62,ABC,9,0,1,33.9863,1.21892,22.77724,47.3817,69.536,21.3824,39.72375,,35.751375,0,0
sf,1.62,ABC,10,0,6,-200.0,,,,,,,timeout,,0,0
sf,1.62,ABC,11,0,6,-200.0,,,,,,,timeout,,0,0
sf,1.62,ABC,12,0,6,-200.0,,,,,,,timeout,,0,0
sf,1.62,ABC,13,0,6,-200.0,,,,,,,timeout,,0,0
sf,1.62,ABC,14,0,6,-200.0,,,,,,,timeout,,0,0
sf,1.62,ABC,15,0,6,-200.0,,,,,,,timeout,,0,0
sf,1.62,ABC,16,0,6,-200.0,,,,,,,timeout,,0,0
sf,1.62,ABC,17,0,6,-200.0,,,,,,,timeout,,0,0
sf,1.62,ABC,18,0,6,-200.0,,,,,,,timeout,,0,0
sf,1.62,ABC,19,0,6,-200.0,,,,,,,timeout,,0,0
sf,1.62,ABC,20,0,6,-200.0,,,,,,,timeout,,0,0
sf,1.62,ABC,21,0,6,-200.0,,,,,,,timeout,,0,0
sf,1.62,ABC,22,0,6,-200.0,,,,,,,timeout,,0,0
sf,1.62,ABC,23,0,6,-200.0,,,,,,,timeout,,0,0
sf,1.62,ABC,24,0,2,26.31814,1.218366,23.9914,50.7334,68.718,19.8753,41.27094,,37.14384600000001,0,0
sf,1.62,ABC,25,0,6,-200.0,,,,,,,timeout,,0,0
sf,1.62,ABC,26,0,6,-200.0,,,,,,,timeout,,0,0
sf,1.62,ABC,27,0,6,-200.0,,,,,,,timeout,,0,0
sf,1.62,ABC,28,0,6,-200.0,,,,,,,timeout,,0,0
sf,1.62,ABC,29,0,6,-200.0,,,,,,,timeout,,0,0
sf,1.62,ACO,0,0,6,-200.0,,,,,,,timeout,,0,0
sf,1.62,ACO,1,0,6,-200.0,,,,,,,timeout,,0,0
sf,1.62,ACO,2,0,6,-200.0,,,,,,,timeout,,0,0
sf,1.62,ACO,3,0,6,-200.0,,,,,,,timeout,,0,0
sf,1.62,ACO,4,0,6,-200.0,,,,,,,timeout,,0,0
sf,1.62,ACO,5,0,6,-200.0,,,,,,,timeout,,0,0
sf,1.62,ACO,6,0,6,-200.0,,,,,,,timeout,,0,0
sf,1.62,ACO,7,0,6,-200.0,,,,,,,timeout,,0,0
sf,1.62,ACO,8,0,6,-200.0,,,,,,,timeout,,0,0
sf,1.62,ACO,9,0,6,-200.0,,,,,,,timeout,,0,0
sf,1.62,ACO,10,0,6,-200.0,,,,,,,timeout,,0,0
sf,1.62,ACO,11,0,6,-200.0,,,,,,,timeout,,0,0
sf,1.62,ACO,12,0,6,-200.0,,,,,,,timeout,,0,0
sf,1.62,ACO,13,0,6,-200.0,,,,,,,timeout,,0,0
sf,1.62,ACO,14,0,6,-200.0,,,,,,,timeout,,0,0
sf,1.62,ACO,15,0,1,27.69028,1.21903,23.56071,49.3242,68.632,20.0982,43.70972,,39.338747999999995,0,0
sf,1.62,ACO,16,0,1,28.03447,1.219048,23.51562,49.1918,68.649,20.1386,43.56002,,39.204018000000005,0,0
sf,1.62,ACO,17,0,2,24.36345,1.218682,23.39338,51.1197,68.461,19.5071,45.47534,,40.927806000000004,0,0
sf,1.62,ACO,18,0,1,27.67414,1.21903,23.56071,49.3332,68.632,20.0948,43.71628,,39.344651999999996,0,0
sf,1.62,ACO,19,0,1,29.48557,1.219096,23.30092,48.695,68.727,20.3048,42.88725,,38.59852500000001,0,0
sf,1.62,ACO,20,0,1,26.18927,1.218946,23.63194,49.9968,68.567,19.891,44.42783,,39.985047,0,0
sf,1.62,ACO,21,0,1,29.17667,1.219084,23.36081,48.7867,68.708,20.2743,43.02992,,38.726927999999994,0,0
sf,1.62,ACO,22,0,1,28.78021,1.219078,23.41561,48.9231,68.7,20.231,43.21948,,38.897532,0,0
sf,1.62,ACO,23,0,1,28.04293,1.219048,23.52059,49.1873,68.649,20.1404,43.55662,,39.200958,0,0
sf,1.62,ACO,24,0,1,27.9993,1.219048,23.51562,49.2106,68.647,20.1314,43.5735,,39.216150000000006,0,0
sf,1.62,ACO,25,0,1,26.55815,1.218974,23.62643,49.8157,68.586,19.9468,44.253,,39.82770000000001,0,0
sf,1.62,ACO,26,0,1,28.03444,1.219048,23.52059,49.1918,68.649,20.1386,43.56005,,39.204044999999994,0,0
sf,1.62,ACO,27,0,1,28.71743,1.219078,23.42058,48.9523,68.693,20.2176,43.24698,,38.922282,0,0
sf,1.62,ACO,28,0,1,28.43084,1.219064,23.47057,49.0406,68.673,20.1894,43.38491,,39.046419,0,0
sf,1.62,ACO,29,0,1,29.20205,1.219084,23.36578,48.7745,68.709,20.2793,43.02022,,38.718198,0,0
sf,1.62,FA,0,0,3,15.12265,1.216406,25.0365,51.294,65.131,28.4107,27.51851,,24.766659,0,0
sf,1.62,FA,1,0,2,25.52105,1.218658,23.79169,50.5789,68.495,19.7645,43.84064,,39.456576,0,0
sf,1.62,FA,2,0,3,22.64459,1.216791,24.77953,51.7493,64.771,24.3109,25.80377,,23.223393,0,0
sf,1.62,FA,3,0,3,19.52325,1.21706,24.55993,51.8972,76.849,30.056,40.33258,,36.299322000000004,0,0
sf,1.62,FA,4,0,3,11.4032,1.216286,24.78982,50.186,65.387,29.1563,27.53156,,24.778404,0,0
sf,1.62,FA,5,0,3,11.96858,1.216317,24.71943,50.3175,65.264,29.8591,27.76925,,24.992324999999997,0,0
sf,1.62,FA,6,0,1,31.33119,1.218,21.95353,52.237,69.071,18.6251,45.5515,,40.99635,0,0
sf,1.62,FA,7,0,2,46.63987,1.217326,23.66837,52.1235,68.583,18.3256,38.62325,,34.760925,0,0
sf,1.62,FA,8,0,3,16.87502,1.216419,25.07609,51.5681,64.937,28.6328,27.61133,,24.850196999999998,0,0
sf,1.62,FA,9,0,3,20.68883,1.216442,25.11049,51.8829,64.756,28.6211,27.75544,,24.979896000000004,0,0
sf,1.62,FA,10,0,3,11.97803,1.216431,24.76196,50.0119,69.414,27.5398,28.56361,,25.707249,0,0
sf,1.62,FA,11,0,3,21.34948,1.216596,25.04255,51.8579,68.936,26.2911,28.5941,,25.73469,0,0
sf,1.62,FA,12,0,1,32.89698,1.217887,22.25912,52.2076,69.021,18.593,44.24431,,39.819879,0,0
sf,1.62,FA,13,0,3,21.91535,1.216703,24.45755,50.3363,67.731,20.12,27.30488,,24.574392000000003,0,0
sf,1.62,FA,14,0,3,14.33081,1.216836,24.40009,50.6415,75.119,31.3722,36.22061,,32.598549,0,0
sf,1.62,FA,15,0,3,36.22408,1.216845,24.74357,52.0105,67.032,18.5682,27.78718,,25.008461999999998,0,0
sf,1.62,FA,16,0,3,13.59486,1.216396,24.97193,50.9345,65.686,28.4787,27.62746,,24.864714,0,0
sf,1.62,FA,17,0,1,28.16029,1.218924,23.3589,49.6099,68.804,20.052,42.31775,,38.085975,0,0
sf,1.62,FA,18,0,3,35.24295,1.217019,24.49104,52.2639,68.193,18.1272,38.22732,,34.404588000000004,0,0
sf,1.62,FA,19,0,2,43.80859,1.217423,23.45242,52.1061,68.706,18.3424,39.93664,,35.942975999999994,0,0
sf,1.62,FA,20,0,2,41.50098,1.217758,22.46553,52.1405,69.121,18.4587,43.17363,,38.85626700000001,0,0
sf,1.62,FA,21,0,3,19.09114,1.216689,24.92109,51.8081,70.237,30.1058,31.47586,,28.328274,0,0
sf,1.62,FA,22,0,3,17.67424,1.216429,25.0709,51.6538,64.874,29.2193,27.92934,,25.136406,0,0
sf,1.62,FA,23,0,3,12.50009,1.216343,24.90825,50.6226,65.282,28.7557,27.49432,,24.744888,0,0
sf,1.62,FA,24,0,3,30.40466,1.21728,25.01354,50.8035,68.236,18.6872,44.36672,,39.930048000000006,0,0
sf,1.62,FA,25,0,3,11.90309,1.216291,24.76979,50.2661,65.264,29.9037,27.87187,,25.084683000000002,0,0
sf,1.62,FA,26,0,3,18.89376,1.216435,25.09569,51.7731,64.827,28.7285,27.75913,,24.983217,0,0
sf,1.62,FA,27,0,3,34.87906,1.21708,24.5894,52.208,68.299,18.1116,41.78578,,37.60720200000001,0,0
sf,1.62,FA,28,0,1,25.59969,1.218818,23.61951,50.4786,68.502,19.737,44.40161,,39.961448999999995,0,0
sf,1.62,FA,29,0,3,19.71524,1.217153,24.28419,51.9367,76.696,30.834,38.70477,,34.834293,0,0
sf,1.62,GA,0,0,3,27.88165,1.216746,24.91494,51.7295,67.723,20.4273,27.40113,,24.661017,0,0
sf,1.62,GA,1,0,2,44.80646,1.217106,24.05607,52.1896,68.36,18.225,33.7338,,30.36042,0,0
sf,1.62,GA,2,0,3,36.59721,1.216777,24.92427,52.005,67.381,19.9481,27.32913,,24.596217,0,0
sf,1.62,GA,3,0,3,30.3675,1.216784,24.70496,51.6139,67.32,18.4763,28.69353,,25.824177000000002,0,0
sf,1.62,GA,4,0,3,31.5399,1.216868,24.78295,51.863,67.218,18.3438,28.18805,,25.369245,0,0
sf,1.62,GA,5,0,1,37.43013,1.218814,21.90406,46.9,69.238,21.2629,38.26145,,34.43530500000001,0,0
sf,1.62,GA,6,0,1,29.58288,1.219085,23.37073,48.6067,68.925,20.4417,42.78877,,38.509893000000005,0,0
sf,1.62,GA,7,0,1,37.90291,1.218727,21.8907,46.8513,69.068,21.2252,37.67832,,33.910488,0,0
sf,1.62,GA,8,0,1,27.88356,1.219028,23.56572,49.235,68.669,20.1465,43.583,,39.2247,0,0
sf,1.62,GA,9,0,3,30.62839,1.216797,24.81428,51.7448,67.286,18.8785,27.92021,,25.128189000000003,0,0
sf,1.62,GA,10,0,1,28.5127,1.219045,23.48087,49.0242,68.68,20.2056,43.25521,,38.929689,0,0
sf,1.62,GA,11,0,1,34.54853,1.219054,22.21295,47.4668,69.046,20.8419,40.28072,,36.252648,0,0
sf,1.62,GA,12,0,1,44.91513,1.217132,23.95099,52.3909,68.643,18.2204,33.54347,,30.189123000000002,0,0
sf,1.62,GA,13,0,1,26.16151,1.2189,23.69747,50.0006,68.573,19.9144,44.27955,,39.851595,0,0
sf,1.62,GA,14,0,1,34.53362,1.2191,22.11269,47.4397,68.939,20.7721,40.50265,,36.452385,0,0
sf,1.62,GA,15,0,1,37.12205,1.218846,21.86867,46.992,69.012,21.0842,38.49496,,34.645464,0,0
sf,1.62,GA,16,0,3,29.92249,1.216806,24.76429,51.6042,67.627,18.6857,28.32557,,25.493013,0,0
sf,1.62,GA,17,0,1,31.35006,1.219055,23.1277,48.0952,68.956,20.6339,41.86784,,37.681056,0,0
sf,1.62,GA,18,0,3,27.15504,1.216786,24.76469,51.6091,67.578,20.1205,27.15332,,24.437988,0,0
sf,1.62,GA,19,0,3,36.22678,1.216836,24.7836,52.0019,66.9,18.4718,27.76747,,24.990723,0,0
sf,1.62,GA,20,0,2,38.45709,1.218678,21.77223,46.7469,69.069,21.274,37.09224,,33.383016,0,0
sf,1.62,GA,21,0,2,22.10276,1.217138,23.48779,50.9284,68.569,19.5273,25.98829,,23.389461,0,0
sf,1.62,GA,22,0,3,26.8534,1.216936,24.32338,51.6054,67.812,19.7708,26.62884,,23.965956000000002,0,0
sf,1.62,GA,23,0,2,38.63997,1.218593,21.94284,46.683,69.082,21.366,36.7421,,33.067890000000006,0,0
sf,1.62,GA,24,0,1,37.46808,1.218856,21.73424,46.9127,69.071,21.135,38.36162,,34.52545800000001,0,0
sf,1.62,GA,25,0,1,31.09541,1.219094,23.0673,48.1904,68.846,20.5214,42.10342,,37.893077999999996,0,0
sf,1.62,GA,26,0,6,-200.0,,,,,,,timeout,,0,0
sf,1.62,GA,27,0,1,36.76803,1.218875,21.94771,47.0473,69.127,21.1123,38.75342,,34.878078,0,0
sf,1.62,GA,28,0,1,37.60667,1.218785,21.82501,46.9227,68.97,21.1128,38.00804,,34.207236,0,0
sf,1.62,GA,29,0,1,35.85248,1.219028,22.06428,47.1338,69.455,21.1954,39.68093,,35.712837,0,0
sf,1.62,GWO,0,0,1,29.6239,1.219089,23.31597,48.5958,68.735,20.368,42.76748,,38.490732,0,0
sf,1.62,GWO,1,0,1,30.20012,1.219105,23.19138,48.4071,68.754,20.4465,42.44906,,38.20415400000001,0,0
sf,1.62,GWO,2,0,1,30.88692,1.219097,23.08216,48.2541,68.785,20.4685,42.22116,,37.999044000000005,0,0
sf,1.62,GWO,3,0,6,-200.0,,,,,,,timeout,,0,0
sf,1.62,GWO,4,0,1,30.33577,1.219102,23.16658,48.4285,68.76,20.4007,42.48151,,38.233359,0,0
sf,1.62,GWO,5,0,1,30.03843,1.219097,23.2313,48.5048,68.754,20.379,42.62902,,38.366118,0,0
sf,1.62,GWO,6,0,1,30.29875,1.219091,23.2165,48.3143,68.755,20.519,42.30965,,38.078685,0,0
sf,1.62,GWO,7,0,1,30.67408,1.219109,23.09685,48.3217,68.787,20.451,42.29561,,38.066049,0,0
sf,1.62,GWO,8,0,6,-200.0,,,,,,,timeout,,0,0
sf,1.62,GWO,9,0,1,30.87988,1.219098,23.08214,48.2563,68.783,20.4667,42.22773,,38.004957000000005,0,0
sf,1.62,GWO,10,0,6,-200.0,,,,,,,timeout,,0,0
sf,1.62,GWO,11,0,1,30.56172,1.219098,23.14677,48.2609,68.769,20.5332,42.17013,,37.953117,0,0
sf,1.62,GWO,12,0,6,-200.0,,,,,,,timeout,,0,0
sf,1.62,GWO,13,0,1,30.94381,1.219095,23.07723,48.2366,68.797,20.4814,42.18853,,37.969677,0,0
sf,1.62,GWO,14,0,1,30.84214,1.2191,23.0821,48.2705,68.78,20.4592,42.24703,,38.022327000000004,0,0
sf,1.62,GWO,15,0,1,30.40669,1.219101,23.1666,48.3981,68.763,20.4143,42.45509,,38.209581,0,0
sf,1.62,GWO,16,0,1,30.51411,1.219095,23.18163,48.3561,68.773,20.4358,42.40111,,38.160999000000004,0,0
sf,1.62,GWO,17,0,1,30.7203,1.219104,23.09197,48.3215,68.776,20.4374,42.29334,,38.064006,0,0
sf,1.62,GWO,18,0,1,30.28353,1.219105,23.18144,48.3959,68.77,20.4479,42.43045,,38.187405,0,0
sf,1.62,GWO,19,0,1,30.39783,1.2191,23.16165,48.4019,68.763,20.4126,42.45818,,38.212362000000006,0,0
sf,1.62,GWO,20,0,1,30.76256,1.219097,23.10205,48.2696,68.776,20.4803,42.21522,,37.993698,0,0
sf,1.62,GWO,21,0,1,29.93263,1.219094,23.25622,48.4935,68.741,20.41,42.58703,,38.328327,0,0
sf,1.62,GWO,22,0,1,30.95162,1.219093,23.08224,48.2311,68.792,20.4822,42.18487,,37.966383,0,0
sf,1.62,GWO,23,0,1,30.15529,1.2191,23.21633,48.3747,68.751,20.491,42.37501,,38.13750900000001,0,0
sf,1.62,GWO,24,0,1,30.84352,1.219102,23.08207,48.27,68.78,20.4594,42.24688,,38.022192,0,0
sf,1.62,GWO,25,0,1,30.39793,1.2191,23.16165,48.4019,68.763,20.4127,42.45784,,38.212056,0,0
sf,1.62,GWO,26,0,1,30.77871,1.219101,23.08706,48.3087,68.798,20.4539,42.23986,,38.015874000000004,0,0
sf,1.62,GWO,27,0,1,29.38419,1.219074,23.37094,48.683,68.737,20.3395,42.87474,,38.587266,0,0
sf,1.62,GWO,28,0,1,30.96896,1.219091,23.08725,48.2162,68.809,20.5072,42.12896,,37.916064,0,0
sf,1.62,GWO,29,0,1,30.87951,1.219097,23.08216,48.2567,68.784,20.4669,42.2264,,38.00376,0,0
sf,1.62,PSO,0,0,3,21.36975,1.216452,25.08537,51.9269,64.694,29.4382,28.15385,,25.338465,0,0
sf,1.62,PSO,1,0,2,24.46645,1.218417,22.76177,51.7561,68.534,19.1616,46.18649,,41.567840999999994,0,0
sf,1.62,PSO,2,0,1,28.79226,1.219078,23.41561,48.9176,68.701,20.2336,43.214,,38.8926,0,0
sf,1.62,PSO,3,0,2,36.76963,1.218043,21.5746,52.1719,69.367,18.4816,46.83109,,42.14798100000001,0,0
sf,1.62,PSO,4,0,1,30.78587,1.219102,23.08704,48.2934,68.777,20.4487,42.27152,,38.044368,0,0
sf,1.62,PSO,5,0,3,36.19936,1.216765,24.9544,52.0145,67.254,19.8978,27.41429,,24.672861,0,0
sf,1.62,PSO,6,0,1,27.68229,1.21903,23.56071,49.3287,68.632,20.0965,43.713,,39.3417,0,0
sf,1.62,PSO,7,0,1,28.05956,1.219048,23.52059,49.1785,68.65,20.1438,43.54972,,39.194748,0,0
sf,1.62,PSO,8,0,2,33.14264,1.218072,21.63379,52.148,69.234,18.5506,46.95246,,42.257214000000005,0,0
sf,1.62,PSO,9,0,2,45.81932,1.217155,24.07502,52.1293,68.259,18.2526,36.32164,,32.689476,0,0
sf,1.62,PSO,10,0,2,35.5489,1.218054,21.56943,52.1685,69.348,18.4912,47.09178,,42.382602,0,0
sf,1.62,PSO,11,0,2,24.35947,1.21868,23.38845,51.1302,68.46,19.5001,45.48271,,40.934439,0,0
sf,1.62,PSO,12,0,2,37.21703,1.218033,21.59468,52.1741,69.357,18.4761,46.67292,,42.005628,0,0
sf,1.62,PSO,13,0,1,34.79633,1.219089,22.04329,47.3882,68.894,20.7731,40.36289,,36.326601000000004,0,0
sf,1.62,PSO,14,0,1,28.11477,1.219047,23.52061,49.1495,68.653,20.1554,43.52531,,39.172779000000006,0,0
sf,1.62,PSO,15,0,2,35.6691,1.218051,21.57943,52.1721,69.339,18.4929,46.95741,,42.261669000000005,0,0
sf,1.62,PSO,16,0,2,36.32736,1.218046,21.56957,52.1774,69.363,18.4809,46.95503,,42.259527000000006,0,0
sf,1.62,PSO,17,0,1,37.79948,1.21879,21.74039,46.8713,68.922,21.105,37.96799,,34.171191,0,0
sf,1.62,PSO,18,0,1,27.21517,1.219016,23.58087,49.532,68.618,20.0316,43.94372,,39.549347999999995,0,0
sf,1.62,PSO,19,0,1,33.48617,1.219164,22.26563,47.6497,68.87,20.6418,41.17442,,37.056977999999994,0,0
sf,1.62,PSO,20,0,1,30.10105,1.219094,23.22639,48.4794,68.76,20.3922,42.59857,,38.338713000000006,0,0
sf,1.62,PSO,21,0,2,26.43877,1.218224,22.16341,52.0028,68.763,18.8845,46.5739,,41.91651,0,0
sf,1.62,PSO,22,0,2,37.21703,1.218033,21.59468,52.1741,69.357,18.4761,46.67292,,42.005628,0,0
sf,1.62,PSO,23,0,2,37.71179,1.21802,21.62974,52.1776,69.352,18.4735,46.47523,,41.827707000000004,0,0
sf,1.62,PSO,24,0,2,43.3641,1.217744,22.5056,52.1641,69.198,18.3935,43.51448,,39.163032,0,0
sf,1.62,PSO,25,0,1,24.73116,1.218767,23.51109,50.8383,68.478,19.614,45.19969,,40.679721,0,0
sf,1.62,PSO,26,0,1,29.22663,1.219083,23.36083,48.7629,68.71,20.2842,43.01024,,38.709216000000005,0,0
sf,1.62,PSO,27,0,3,21.35767,1.216454,25.08035,51.9259,64.695,29.4286,28.15103,,25.335927,0,0
sf,1.62,PSO,28,0,2,35.8955,1.218051,21.56948,52.1713,69.36,18.4846,47.09061,,42.381549,0,0
sf,1.62,PSO,29,0,1,21.30696,1.219394,18.86183,47.3636,72.42,18.7311,40.2097,,36.18873,0,0
sf,1.8,ABC,0,0,6,-200.0,,,,,,,timeout,,0,0
sf,1.8,ABC,1,0,6,-200.0,,,,,,,timeout,,0,0
sf,1.8,ABC,2,0,6,-200.0,,,,,,,timeout,,0,0
sf,1.8,ABC,3,0,6,-200.0,,,,,,,timeout,,0,0
sf,1.8,ABC,4,0,6,-200.0,,,,,,,timeout,,0,0
sf,1.8,ABC,5,0,6,-200.0,,,,,,,timeout,,0,0
sf,1.8,ABC,6,0,6,-200.0,,,,,,,timeout,,0,0
sf,1.8,ABC,7,0,6,-200.0,,,,,,,timeout,,0,0
sf,1.8,ABC,8,0,6,-200.0,,,,,,,timeout,,0,0
sf,1.8,ABC,9,0,6,-200.0,,,,,,,timeout,,0,0
sf,1.8,ABC,10,0,6,-200.0,,,,,,,timeout,,0,0
sf,1.8,ABC,11,0,6,-200.0,,,,,,,timeout,,0,0
sf,1.8,ABC,12,0,6,-200.0,,,,,,,timeout,,0,0
sf,1.8,ABC,13,0,6,-200.0,,,,,,,timeout,,0,0
sf,1.8,ABC,14,0,6,-200.0,,,,,,,timeout,,0,0
sf,1.8,ABC,15,0,6,-200.0,,,,,,,timeout,,0,0
sf,1.8,ABC,16,0,6,-200.0,,,,,,,timeout,,0,0
sf,1.8,ABC,17,0,6,-200.0,,,,,,,timeout,,0,0
sf,1.8,ABC,18,0,6,-200.0,,,,,,,timeout,,0,0
sf,1.8,ABC,19,0,6,-200.0,,,,,,,timeout,,0,0
sf,1.8,ABC,20,0,6,-200.0,,,,,,,timeout,,0,0
sf,1.8,ABC,21,0,6,-200.0,,,,,,,timeout,,0,0
sf,1.8,ABC,22,0,6,-200.0,,,,,,,timeout,,0,0
sf,1.8,ABC,23,0,6,-200.0,,,,,,,timeout,,0,0
sf,1.8,ABC,24,0,6,-200.0,,,,,,,timeout,,0,0
sf,1.8,ABC,25,0,6,-200.0,,,,,,,timeout,,0,0
sf,1.8,ABC,26,0,6,-200.0,,,,,,,timeout,,0,0
sf,1.8,ABC,27,0,6,-200.0,,,,,,,timeout,,0,0
sf,1.8,ABC,28,0,6,-200.0,,,,,,,timeout,,0,0
sf,1.8,ABC,29,0,6,-200.0,,,,,,,timeout,,0,0
sf,1.8,ACO,0,0,6,-200.0,,,,,,,timeout,,0,0
sf,1.8,ACO,1,0,6,-200.0,,,,,,,timeout,,0,0
sf,1.8,ACO,2,0,6,-200.0,,,,,,,timeout,,0,0
sf,1.8,ACO,3,0,6,-200.0,,,,,,,timeout,,0,0
sf,1.8,ACO,4,0,6,-200.0,,,,,,,timeout,,0,0
sf,1.8,ACO,5,0,6,-200.0,,,,,,,timeout,,0,0
sf,1.8,ACO,6,0,6,-200.0,,,,,,,timeout,,0,0
sf,1.8,ACO,7,0,6,-200.0,,,,,,,timeout,,0,0
sf,1.8,ACO,8,0,6,-200.0,,,,,,,timeout,,0,0
sf,1.8,ACO,9,0,6,-200.0,,,,,,,timeout,,0,0
sf,1.8,ACO,10,0,6,-200.0,,,,,,,timeout,,0,0
sf,1.8,ACO,11,0,6,-200.0,,,,,,,timeout,,0,0
sf,1.8,ACO,12,0,6,-200.0,,,,,,,timeout,,0,0
sf,1.8,ACO,13,0,1,35.4067,1.218467,21.22389,52.3697,68.643,18.4452,43.38889,,43.38889,0,0
sf,1.8,ACO,14,0,1,40.38942,1.218492,21.07921,52.416,69.018,18.3425,45.17302,,45.17302,0,0
sf,1.8,ACO,15,0,1,36.0418,1.218468,21.20397,52.3821,68.698,18.4239,43.69489,,43.69489,0,0
sf,1.8,ACO,16,0,1,35.71899,1.218468,21.22387,52.3761,68.669,18.4337,43.54463,,43.544630000000005,0,0
sf,1.8,ACO,17,0,1,41.57842,1.218496,21.05925,52.4221,69.086,18.3278,45.47315,,45.47315,0,0
sf,1.8,ACO,18,0,1,36.07472,1.218468,21.20397,52.3828,68.7,18.4232,43.70146,,43.70146,0,0
sf,1.8,ACO,19,0,1,34.57528,1.218462,21.26874,52.3544,68.569,18.4821,42.87004,,42.87004000000001,0,0
sf,1.8,ACO,20,0,1,37.93865,1.218485,21.11912,52.3968,68.861,18.3867,44.4164,,44.4164,0,0
sf,1.8,ACO,21,0,1,34.73014,1.21846,21.26877,52.3604,68.581,18.4709,43.01303,,43.01303,0,0
sf,1.8,ACO,22,0,1,35.08385,1.218466,21.2438,52.3643,68.625,18.4628,43.20299,,43.20299,0,0
sf,1.8,ACO,23,0,1,35.70257,1.218467,21.21394,52.3758,68.668,18.4341,43.54117,,43.54117,0,0
sf,1.8,ACO,24,0,1,35.78891,1.218468,21.20895,52.3775,68.674,18.4321,43.55811,,43.558110000000006,0,0
sf,1.8,ACO,25,0,1,37.40312,1.218481,21.13909,52.3923,68.82,18.3967,44.24053,,44.24053,0,0
sf,1.8,ACO,26,0,1,35.71903,1.218467,21.21891,52.3761,68.669,18.4337,43.54461,,43.54461,0,0
sf,1.8,ACO,27,0,1,35.19038,1.218467,21.23384,52.3656,68.629,18.4582,43.23055,,43.23055,0,0
sf,1.8,ACO,28,0,1,35.33466,1.218465,21.23387,52.3687,68.639,18.4481,43.36888,,43.36888,0,0
sf,1.8,ACO,29,0,1,34.68619,1.21846,21.27375,52.3593,68.578,18.4722,43.00331,,43.00331,0,0
sf,1.8,FA,0,0,2,26.64999,1.217698,23.72584,52.1965,64.281,27.833,27.56594,,27.56594,0,0
sf,1.8,FA,1,0,1,40.43394,1.218397,21.33951,52.5136,68.933,18.3503,43.83592,,43.83592,0,0
sf,1.8,FA,2,0,2,38.75433,1.218012,23.38137,52.2597,64.061,23.5645,25.84881,,25.84881,0,0
sf,1.8,FA,3,0,1,23.01172,1.218276,23.44595,52.212,76.469,30.2017,40.37749,,40.37749,0,0
sf,1.8,FA,4,0,2,26.02258,1.217693,23.72096,52.1831,64.225,27.9957,27.58286,,27.58286,0,0
sf,1.8,FA,5,0,2,25.39379,1.217745,23.64032,52.1786,64.233,28.7923,27.82123,,27.82123,0,0
sf,1.8,FA,6,0,1,49.32089,1.218452,21.11472,52.5757,69.342,18.2674,45.57073,,45.570730000000005,0,0
sf,1.8,FA,7,0,1,49.3226,1.217916,22.93038,52.4092,68.321,18.2168,38.64712,,38.64712,0,0
sf,1.8,FA,8,0,2,26.50424,1.217699,23.72084,52.1987,64.22,28.2422,27.65837,,27.658369999999998,0,0
sf,1.8,FA,9,0,2,26.32346,1.217713,23.72057,52.1996,64.215,28.4816,27.80217,,27.80217,0,0
sf,1.8,FA,10,0,2,27.22109,1.217794,23.7389,52.186,68.108,26.3852,28.61343,,28.61343,0,0
sf,1.8,FA,11,0,1,28.19532,1.217801,23.72881,52.2096,68.232,26.234,28.63863,,28.63863,0,0
sf,1.8,FA,12,0,1,49.85933,1.218365,21.42961,52.5489,69.228,18.2658,44.26439,,44.26439,0,0
sf,1.8,FA,13,0,1,40.68187,1.21784,23.55387,52.2674,66.51,19.2482,27.34713,,27.34713,0,0
sf,1.8,FA,14,0,2,22.76264,1.218262,23.38155,52.1586,74.41,30.8205,36.27252,,36.27252,0,0
sf,1.8,FA,15,0,2,41.05581,1.217795,23.5846,52.2639,66.548,18.1868,27.82314,,27.82314,0,0
sf,1.8,FA,16,0,2,26.61214,1.21771,23.72561,52.1934,64.695,27.7116,27.67565,,27.675649999999997,0,0
sf,1.8,FA,17,0,1,36.27176,1.218412,21.15023,52.7791,68.856,18.4116,42.30463,,42.30463,0,0
sf,1.8,FA,18,0,2,36.5005,1.217553,23.69382,52.7983,67.948,18.0033,38.24932,,38.24932,0,0
sf,1.8,FA,19,0,1,48.37774,1.21799,22.71502,52.405,68.501,18.2079,39.95973,,39.95973,0,0
sf,1.8,FA,20,0,1,50.23013,1.21829,21.74434,52.435,69.049,18.2618,43.19555,,43.19555,0,0
sf,1.8,FA,21,0,2,24.71967,1.217983,23.67551,52.1924,69.625,29.9583,31.52338,,31.52338,0,0
sf,1.8,FA,22,0,2,25.9825,1.217726,23.71534,52.1947,64.223,28.8797,27.97693,,27.97693,0,0
sf,1.8,FA,23,0,2,26.40924,1.217693,23.72594,52.1897,64.223,27.8077,27.54371,,27.54371,0,0
sf,1.8,FA,24,0,2,39.35546,1.217616,23.70255,52.335,67.909,18.0649,44.38208,,44.38208000000001,0,0
sf,1.8,FA,25,0,2,25.34244,1.217719,23.7105,52.1784,64.243,28.8349,27.92385,,27.92385,0,0
sf,1.8,FA,26,0,2,26.26523,1.217713,23.72057,52.1978,64.217,28.4847,27.80611,,27.80611,0,0
sf,1.8,FA,27,0,2,36.88008,1.21755,23.70384,52.8835,68.071,18.0174,41.80561,,41.80561,0,0
sf,1.8,FA,28,0,1,40.34613,1.218474,21.09444,52.429,68.941,18.3523,44.39414,,44.39414,0,0
sf,1.8,FA,29,0,1,22.89551,1.218433,23.11961,52.2066,76.302,30.9754,38.7518,,38.7518,0,0
sf,1.8,GA,0,0,1,41.54576,1.217812,23.68381,52.3151,66.924,20.2442,27.44098,,27.440979999999996,0,0
sf,1.8,GA,1,0,2,48.53034,1.217777,23.18183,52.5147,68.022,18.1711,33.76039,,33.76039,0,0
sf,1.8,GA,2,0,1,41.63526,1.217821,23.65875,52.2885,66.828,20.0168,27.36824,,27.36824,0,0
sf,1.8,GA,3,0,2,40.07589,1.217682,23.6515,52.2823,66.652,17.8941,28.72775,,28.72775,0,0
sf,1.8,GA,4,0,2,38.71771,1.217784,23.66942,52.3106,66.644,17.8692,28.22287,,28.22287,0,0
sf,1.8,GA,5,0,2,30.75992,1.218403,22.13031,52.1068,68.267,18.9486,38.25169,,38.25169,0,0
sf,1.8,GA,6,0,1,34.1808,1.218459,21.34838,52.3501,68.731,18.5815,42.77183,,42.77183,0,0
sf,1.8,GA,7,0,2,30.88758,1.218385,22.28484,52.0423,68.045,18.8779,37.6709,,37.67090000000001,0,0
sf,1.8,GA,8,0,1,35.75906,1.21846,21.2439,52.3834,68.702,18.4433,43.56805,,43.56805,0,0
sf,1.8,GA,9,0,1,43.07454,1.217765,23.67477,52.3101,66.6,18.2888,27.95675,,27.95675,0,0
sf,1.8,GA,10,0,1,35.27508,1.218454,21.26888,52.3866,68.634,18.4503,43.23942,,43.23942,0,0
sf,1.8,GA,11,0,1,31.43232,1.218439,21.6223,52.3148,68.349,18.7307,40.26411,,40.26411000000001,0,0
sf,1.8,GA,12,0,2,48.17633,1.21781,23.0767,52.7112,68.269,18.1575,33.57031,,33.57031,0,0
sf,1.8,GA,13,0,1,37.77786,1.218459,21.20413,52.4231,68.858,18.3901,44.26882,,44.26882,0,0
sf,1.8,GA,14,0,1,31.42599,1.218456,21.57226,52.2702,68.224,18.6823,40.4851,,40.4851,0,0
sf,1.8,GA,15,0,2,30.96011,1.218401,22.05076,52.1418,68.065,18.8054,38.48409,,38.48409,0,0
sf,1.8,GA,16,0,2,42.13597,1.217745,23.67516,52.3103,66.939,18.0504,28.36114,,28.36114,0,0
sf,1.8,GA,17,0,1,32.94457,1.218427,21.52303,52.3339,68.553,18.6296,41.85081,,41.85081,0,0
sf,1.8,GA,18,0,1,41.34597,1.217866,23.52849,52.285,66.739,19.8844,27.19368,,27.19368,0,0
sf,1.8,GA,19,0,2,42.61017,1.217791,23.60459,52.3001,66.354,18.0528,27.80359,,27.80359,0,0
sf,1.8,GA,20,0,2,31.02519,1.218399,22.40894,51.918,68.013,18.9067,37.08695,,37.08695,0,0
sf,1.8,GA,21,0,1,42.80262,1.218361,22.29523,52.2678,67.513,18.4609,26.03342,,26.03342,0,0
sf,1.8,GA,22,0,1,44.42923,1.218056,23.04218,52.2719,67.003,19.0328,26.67049,,26.67049,0,0
sf,1.8,GA,23,0,2,30.93937,1.218379,22.56849,51.8381,67.983,18.9538,36.73899,,36.73899,0,0
sf,1.8,GA,24,0,2,30.92762,1.218419,22.07033,52.0855,68.105,18.8517,38.35102,,38.35102,0,0
sf,1.8,GA,25,0,1,33.27419,1.218445,21.41826,52.3279,68.489,18.5669,42.08567,,42.08567,0,0
sf,1.8,GA,26,0,2,30.78701,1.218411,22.29929,51.9739,68.269,19.0281,37.49877,,37.49877,0,0
sf,1.8,GA,27,0,2,30.92596,1.218404,21.98604,52.1887,68.211,18.8482,38.74167,,38.74167,0,0
sf,1.8,GA,28,0,2,30.98963,1.218394,22.17027,52.0879,67.987,18.8038,37.99901,,37.99901,0,0
sf,1.8,GA,29,0,1,30.75445,1.21846,21.80099,52.2078,68.63,19.0023,39.66593,,39.66593000000001,0,0
sf,1.8,GWO,0,0,1,34.17518,1.218453,21.31864,52.3502,68.54,18.4954,42.75018,,42.75018000000001,0,0
sf,1.8,GWO,1,0,1,33.74548,1.218453,21.33356,52.3416,68.491,18.5136,42.43122,,42.43122,0,0
sf,1.8,GWO,2,0,1,33.43853,1.218445,21.39339,52.3302,68.452,18.5323,42.20336,,42.20336000000001,0,0
sf,1.8,GWO,3,0,1,33.22456,1.218446,21.38342,52.333,68.454,18.5413,42.15105,,42.15105,0,0
sf,1.8,GWO,4,0,1,33.9043,1.218453,21.32859,52.3428,68.497,18.509,42.4638,,42.4638,0,0
sf,1.8,GWO,5,0,1,34.03573,1.218454,21.32857,52.345,68.52,18.5041,42.61151,,42.61151,0,0
sf,1.8,GWO,6,0,1,33.37051,1.218441,21.39843,52.3379,68.458,18.5263,42.29188,,42.29188,0,0
sf,1.8,GWO,7,0,1,33.67457,1.218454,21.33852,52.3353,68.487,18.5282,42.27768,,42.27768,0,0
sf,1.8,GWO,8,0,1,31.82998,1.218481,21.40768,52.2936,68.299,18.6237,41.34424,,41.344240000000006,0,0
sf,1.8,GWO,9,0,1,33.44129,1.218446,21.3884,52.3303,68.452,18.5316,42.20991,,42.20991,0,0
sf,1.8,GWO,10,0,1,33.52138,1.218448,21.37344,52.3333,68.46,18.5289,42.22924,,42.22924,0,0
sf,1.8,GWO,11,0,1,33.3209,1.218443,21.38348,52.339,68.451,18.533,42.15222,,42.15222,0,0
sf,1.8,GWO,12,0,1,34.34483,1.218458,21.29865,52.3515,68.562,18.4953,42.79502,,42.79502,0,0
sf,1.8,GWO,13,0,1,33.38524,1.218445,21.38841,52.3308,68.459,18.5403,42.17074,,42.17074,0,0
sf,1.8,GWO,14,0,1,33.48709,1.218447,21.37843,52.3314,68.454,18.5286,42.22917,,42.22917,0,0
sf,1.8,GWO,15,0,1,33.79357,1.218451,21.34852,52.3396,68.488,18.5132,42.43736,,42.43736,0,0
sf,1.8,GWO,16,0,1,33.6559,1.218448,21.36847,52.3364,68.48,18.5215,42.38343,,42.38343,0,0
sf,1.8,GWO,17,0,1,33.66942,1.218451,21.35349,52.3376,68.472,18.5218,42.27548,,42.27548,0,0
sf,1.8,GWO,18,0,1,33.73788,1.218453,21.33853,52.3414,68.501,18.5205,42.41263,,42.41263,0,0
sf,1.8,GWO,19,0,1,33.80772,1.218452,21.34352,52.34,68.489,18.5127,42.44047,,42.44047,0,0
sf,1.8,GWO,20,0,1,33.44151,1.218445,21.38344,52.336,68.453,18.5293,42.19738,,42.19738,0,0
sf,1.8,GWO,21,0,6,-200.0,,,,,,,timeout,,0,0
sf,1.8,GWO,22,0,1,33.37351,1.218443,21.40835,52.3288,68.452,18.5387,42.16711,,42.16711,0,0
sf,1.8,GWO,23,0,1,33.56551,1.218448,21.35852,52.3448,68.478,18.5185,42.35719,,42.35719000000001,0,0
sf,1.8,GWO,24,0,1,33.4844,1.218447,21.37843,52.3314,68.454,18.5288,42.22901,,42.22901,0,0
sf,1.8,GWO,25,0,1,33.80817,1.218452,21.34352,52.34,68.489,18.5127,42.44013,,42.44013,0,0
sf,1.8,GWO,26,0,1,33.64742,1.21845,21.35848,52.341,68.488,18.5324,42.22208,,42.22208,0,0
sf,1.8,GWO,27,0,1,34.37606,1.21845,21.32366,52.3588,68.571,18.4919,42.85786,,42.85786,0,0
sf,1.8,GWO,28,0,1,33.30684,1.218442,21.41334,52.3334,68.463,18.5486,42.11123,,42.11123,0,0
sf,1.8,GWO,29,0,1,33.44469,1.218446,21.3884,52.3304,68.452,18.5317,42.2086,,42.2086,0,0
sf,1.8,PSO,0,0,2,25.85718,1.217744,23.69508,52.1967,64.229,29.3353,28.20127,,28.20127,0,0
sf,1.8,PSO,1,0,1,45.20069,1.218516,20.97435,52.4348,69.258,18.2971,46.19385,,46.19385,0,0
sf,1.8,PSO,2,0,1,35.06392,1.218465,21.24382,52.364,68.624,18.4637,43.1975,,43.1975,0,0
sf,1.8,PSO,3,0,1,49.61146,1.218535,20.89941,52.4539,69.418,18.2704,46.85168,,46.85168,0,0
sf,1.8,PSO,4,0,1,33.56474,1.218449,21.36845,52.334,68.461,18.5252,42.25367,,42.25367,0,0
sf,1.8,PSO,5,0,1,41.70121,1.217798,23.70399,52.3063,66.696,19.9632,27.45301,,27.45301,0,0
sf,1.8,PSO,6,0,1,36.05807,1.218468,21.20397,52.3824,68.699,18.4235,43.69819,,43.69819,0,0
sf,1.8,PSO,7,0,1,35.67073,1.218466,21.2239,52.3751,68.665,18.4349,43.53426,,43.53426,0,0
sf,1.8,PSO,8,0,1,49.10731,1.218538,20.88941,52.4522,69.406,18.2663,46.97221,,46.97221,0,0
sf,1.8,PSO,9,0,2,48.9995,1.21778,23.3062,52.3875,67.907,18.184,36.34672,,36.34672,0,0
sf,1.8,PSO,10,0,1,49.15588,1.21854,20.88938,52.4539,69.418,18.2627,47.11217,,47.11217,0,0
sf,1.8,PSO,11,0,1,41.6377,1.218496,21.05427,52.4226,69.089,18.3273,45.48062,,45.48062,0,0
sf,1.8,PSO,12,0,1,49.77662,1.218527,20.92442,52.4556,69.405,18.2699,46.69358,,46.693580000000004,0,0
sf,1.8,PSO,13,0,1,31.37747,1.218452,21.59223,52.2571,68.157,18.6704,40.3456,,40.3456,0,0
sf,1.8,PSO,14,0,1,35.56869,1.218464,21.22891,52.373,68.657,18.4375,43.5098,,43.5098,0,0
sf,1.8,PSO,15,0,1,49.34456,1.218537,20.88943,52.4584,69.415,18.2648,46.9778,,46.9778,0,0
sf,1.8,PSO,16,0,1,49.392,1.218537,20.89441,52.4599,69.417,18.2645,46.97555,,46.97555,0,0
sf,1.8,PSO,17,0,2,30.97856,1.218403,22.19498,52.0386,67.929,18.7946,37.95907,,37.95907,0,0
sf,1.8,PSO,18,0,1,36.67325,1.218478,21.15903,52.3848,68.758,18.4134,43.9297,,43.9297,0,0
sf,1.8,PSO,19,0,1,31.77962,1.218476,21.43761,52.2881,68.255,18.6226,41.1554,,41.15540000000001,0,0
sf,1.8,PSO,20,0,1,33.95015,1.218452,21.33855,52.3433,68.516,18.5089,42.58105,,42.58105,0,0
sf,1.8,PSO,21,0,1,47.57906,1.218528,20.9244,52.4436,69.338,18.2801,46.58819,,46.58819,0,0
sf,1.8,PSO,22,0,1,49.77662,1.218527,20.92442,52.4556,69.405,18.2699,46.69358,,46.693580000000004,0,0
sf,1.8,PSO,23,0,1,49.93447,1.218517,20.94946,52.4588,69.396,18.2696,46.49598,,46.49598,0,0
sf,1.8,PSO,24,0,1,49.75619,1.218281,21.81912,52.4383,69.077,18.2441,43.53658,,43.53658000000001,0,0
sf,1.8,PSO,25,0,1,40.56868,1.218494,21.06425,52.4178,69.026,18.3406,45.1946,,45.1946,0,0
sf,1.8,PSO,26,0,1,34.64489,1.218459,21.27874,52.3582,68.574,18.4734,42.99334,,42.99334,0,0
sf,1.8,PSO,27,0,2,25.852,1.217746,23.69504,52.1963,64.231,29.3257,28.19848,,28.19848,0,0
sf,1.8,PSO,28,0,1,49.18543,1.21854,20.88938,52.4547,69.419,18.2626,47.11108,,47.11108000000001,0,0
sf,1.8,PSO,29,0,1,23.6033,1.219125,23.13134,51.1646,71.937,18.2109,40.20473,,40.204730000000005,0,0
sf,1.98,ABC,0,0,6,-200.0,,,,,,,timeout,,0,0
sf,1.98,ABC,1,0,6,-200.0,,,,,,,timeout,,0,0
sf,1.98,ABC,2,0,6,-200.0,,,,,,,timeout,,0,0
sf,1.98,ABC,3,0,6,-200.0,,,,,,,timeout,,0,0
sf,1.98,ABC,4,0,6,-200.0,,,,,,,timeout,,0,0
sf,1.98,ABC,5,0,6,-200.0,,,,,,,timeout,,0,0
sf,1.98,ABC,6,0,6,-200.0,,,,,,,timeout,,0,0
sf,1.98,ABC,7,0,6,-200.0,,,,,,,timeout,,0,0
sf,1.98,ABC,8,0,6,-200.0,,,,,,,timeout,,0,0
sf,1.98,ABC,9,0,6,-200.0,,,,,,,timeout,,0,0
sf,1.98,ABC,10,0,6,-200.0,,,,,,,timeout,,0,0
sf,1.98,ABC,11,0,6,-200.0,,,,,,,timeout,,0,0
sf,1.98,ABC,12,0,6,-200.0,,,,,,,timeout,,0,0
sf,1.98,ABC,13,0,6,-200.0,,,,,,,timeout,,0,0
sf,1.98,ABC,14,0,6,-200.0,,,,,,,timeout,,0,0
sf,1.98,ABC,15,0,6,-200.0,,,,,,,timeout,,0,0
sf,1.98,ABC,16,0,6,-200.0,,,,,,,timeout,,0,0
sf,1.98,ABC,17,0,6,-200.0,,,,,,,timeout,,0,0
sf,1.98,ABC,18,0,6,-200.0,,,,,,,timeout,,0,0
sf,1.98,ABC,19,0,6,-200.0,,,,,,,timeout,,0,0
sf,1.98,ABC,20,0,6,-200.0,,,,,,,timeout,,0,0
sf,1.98,ABC,21,0,6,-200.0,,,,,,,timeout,,0,0
sf,1.98,ABC,22,0,6,-200.0,,,,,,,timeout,,0,0
sf,1.98,ABC,23,0,6,-200.0,,,,,,,timeout,,0,0
sf,1.98,ABC,24,0,6,-200.0,,,,,,,timeout,,0,0
sf,1.98,ABC,25,0,6,-200.0,,,,,,,timeout,,0,0
sf,1.98,ABC,26,0,6,-200.0,,,,,,,timeout,,0,0
sf,1.98,ABC,27,0,6,-200.0,,,,,,,timeout,,0,0
sf,1.98,ABC,28,0,6,-200.0,,,,,,,timeout,,0,0
sf,1.98,ABC,29,0,6,-200.0,,,,,,,timeout,,0,0
sf,1.98,ACO,0,0,6,-200.0,,,,,,,timeout,,0,0
sf,1.98,ACO,1,0,6,-200.0,,,,,,,timeout,,0,0
sf,1.98,ACO,2,0,6,-200.0,,,,,,,timeout,,0,0
sf,1.98,ACO,3,0,6,-200.0,,,,,,,timeout,,0,0
sf,1.98,ACO,4,0,6,-200.0,,,,,,,timeout,,0,0
sf,1.98,ACO,5,0,6,-200.0,,,,,,,timeout,,0,0
sf,1.98,ACO,6,0,6,-200.0,,,,,,,timeout,,0,0
sf,1.98,ACO,7,0,6,-200.0,,,,,,,timeout,,0,0
sf,1.98,ACO,8,0,1,46.21951,1.218884,20.64979,52.61,68.818,18.0852,40.41247,,44.453717000000005,0,0
sf,1.98,ACO,9,0,6,-200.0,,,,,,,timeout,,0,0
sf,1.98,ACO,10,0,6,-200.0,,,,,,,timeout,,0,0
sf,1.98,ACO,11,0,6,-200.0,,,,,,,timeout,,0,0
sf,1.98,ACO,12,0,6,-200.0,,,,,,,timeout,,0,0
sf,1.98,ACO,13,0,1,50.01802,1.21896,20.58387,52.5869,69.078,18.1415,43.4095,,47.75045,0,0
sf,1.98,ACO,14,0,1,50.31554,1.219011,20.50346,52.5881,69.232,18.1679,45.19453,,49.713983,1,0
sf,1.98,ACO,15,0,1,50.3182,1.218966,20.57879,52.5908,69.099,18.1471,43.7157,,48.08727,0,0
sf,1.98,ACO,16,0,1,50.30631,1.218963,20.57884,52.5889,69.089,18.144,43.56529,,47.92181899999999,0,0
sf,1.98,ACO,17,0,1,50.31042,1.219019,20.49835,52.5873,69.261,18.1718,45.49478,,50.044258,1,0
sf,1.98,ACO,18,0,1,50.31931,1.218967,20.57878,52.5911,69.101,18.1473,43.72227,,48.094497000000004,0,0
sf,1.98,ACO,19,0,1,49.15149,1.218947,20.58906,52.5858,69.035,18.1361,42.89038,,47.179418,0,0
sf,1.98,ACO,20,0,1,50.32344,1.218993,20.52862,52.5866,69.174,18.162,44.43754,,48.881294,0,0
sf,1.98,ACO,21,0,1,49.54798,1.218948,20.59898,52.5884,69.04,18.1356,43.03346,,47.336805999999996,0,0
sf,1.98,ACO,22,0,1,49.67858,1.218956,20.58393,52.5866,69.073,18.1439,43.22351,,47.545860999999995,0,0
sf,1.98,ACO,23,0,1,50.3191,1.218962,20.58383,52.5888,69.089,18.1439,43.56187,,47.918057,0,0
sf,1.98,ACO,24,0,1,50.2545,1.218964,20.56888,52.5895,69.092,18.1444,43.57883,,47.936713000000005,0,0
sf,1.98,ACO,25,0,1,50.32241,1.218987,20.53866,52.5867,69.156,18.159,44.26159,,48.687749,0,0
sf,1.98,ACO,26,0,1,50.30633,1.218963,20.57884,52.5889,69.089,18.144,43.56531,,47.92184099999999,0,0
sf,1.98,ACO,27,0,1,49.62969,1.218958,20.57396,52.5865,69.074,18.1428,43.25107,,47.576176999999994,0,0
sf,1.98,ACO,28,0,1,50.05961,1.218958,20.58887,52.5868,69.077,18.1421,43.38949,,47.728439,0,0
sf,1.98,ACO,29,0,1,49.58515,1.218947,20.60397,52.588,69.037,18.1352,43.02373,,47.326102999999996,0,0
sf,1.98,FA,0,0,1,28.2892,1.218925,22.33463,52.3314,64.084,27.7074,27.61121,,30.372331,0,0
sf,1.98,FA,1,0,6,-200.0,,,,,,,timeout,,0,0
sf,1.98,FA,2,0,6,-200.0,,,,,,,timeout,,0,0
sf,1.98,FA,3,0,6,-200.0,,,,,,,timeout,,0,0
sf,1.98,FA,4,0,6,-200.0,,,,,,,timeout,,0,0
sf,1.98,FA,5,0,6,-200.0,,,,,,,timeout,,0,0
sf,1.98,FA,6,0,6,-200.0,,,,,,,timeout,,0,0
sf,1.98,FA,7,0,2,49.62593,1.218512,22.24273,52.5411,68.291,18.1119,38.67118,,42.538298,0,0
sf,1.98,FA,8,0,1,28.26698,1.218932,22.34445,52.3286,64.04,28.1304,27.70384,,30.474224,0,0
sf,1.98,FA,9,0,1,27.68022,1.218957,22.33902,52.3204,64.046,28.3858,27.848,,30.632799999999996,0,0
sf,1.98,FA,10,1,0,29.98898,1.218978,22.43807,52.3448,67.875,26.2369,28.65722,,31.522941999999997,0,1
sf,1.98,FA,11,1,0,30.0462,1.218981,22.44796,52.335,68.034,26.11,28.6823,,31.55053,0,1
sf,1.98,FA,12,0,1,50.13775,1.218918,20.87296,52.6768,69.232,18.1765,44.28704,,48.715743999999994,0,0
sf,1.98,FA,13,1,0,45.2036,1.218838,22.29148,52.45,66.268,18.9246,27.3847,,30.12317,0,1
sf,1.98,FA,14,1,0,24.24334,1.219536,22.15945,52.2986,74.271,30.935,36.31934,,39.951274,0,1
sf,1.98,FA,15,1,0,41.88148,1.218725,22.40792,52.4051,66.392,18.3615,27.85844,,30.644284000000003,0,1
sf,1.98,FA,16,1,0,28.47012,1.218933,22.3494,52.3334,64.492,27.5805,27.72077,,30.492846999999998,0,1
sf,1.98,FA,17,0,1,48.21352,1.218915,20.51004,52.9891,69.221,18.1394,42.32558,,46.558138,0,0
sf,1.98,FA,18,0,2,37.29111,1.218104,23.0164,52.9555,67.937,17.9684,38.27189,,42.099078999999996,0,0
sf,1.98,FA,19,0,2,49.84052,1.21857,22.06262,52.5336,68.47,18.123,39.98327,,43.981597,0,0
sf,1.98,FA,20,0,1,50.01849,1.218852,21.16249,52.5565,69.047,18.1722,43.21852,,47.540372,0,0
sf,1.98,FA,21,1,0,25.57976,1.219252,22.39823,52.29,69.484,30.0555,31.57006,,34.727066,0,1
sf,1.98,FA,22,0,1,27.41033,1.218982,22.33359,52.3178,64.066,28.7968,28.02316,,30.825476,0,0
sf,1.98,FA,23,0,1,28.24658,1.218921,22.33968,52.3345,64.016,27.6717,27.589,,30.347899999999996,0,0
sf,1.98,FA,24,0,2,41.03048,1.218132,23.1104,52.5086,67.911,18.0424,44.40348,,48.843828,0,0
sf,1.98,FA,25,0,1,27.53123,1.218973,22.32878,52.3266,64.051,28.7225,27.97002,,30.767022,0,0
sf,1.98,FA,26,0,1,27.66217,1.218958,22.339,52.3212,64.051,28.3882,27.85198,,30.637178,0,0
sf,1.98,FA,27,0,2,37.73615,1.218066,23.07185,53.0626,68.065,18.0083,41.827,,46.009699999999995,0,0
sf,1.98,FA,28,0,1,50.30497,1.218993,20.51868,52.6056,69.192,18.1635,44.41561,,48.857171,0,0
sf,1.98,FA,29,1,0,23.71988,1.219704,21.92286,52.2831,76.212,31.1485,38.79851,,42.678360999999995,0,1
sf,1.98,GA,0,1,0,44.97782,1.218834,22.41089,52.4822,66.7,19.9346,27.47938,,30.227317999999997,0,1
sf,1.98,GA,1,0,2,48.73365,1.218439,22.33359,52.6958,67.889,18.0188,33.78668,,37.165347999999994,0,0
sf,1.98,GA,2,1,0,44.98814,1.218842,22.38588,52.4412,66.578,19.7039,27.40658,,30.147238,0,1
sf,1.98,GA,3,0,2,40.94865,1.21854,22.55058,52.44,66.549,18.0608,28.7606,,31.63666,0,0
sf,1.98,GA,4,0,2,39.51622,1.21867,22.53823,52.4603,66.533,18.0395,28.25669,,31.082359,0,0
sf,1.98,GA,5,0,1,45.41736,1.218814,20.93938,52.6749,68.936,18.1827,38.26957,,42.096527,0,0
sf,1.98,GA,6,1,0,49.08367,1.218948,20.66362,52.5887,69.22,18.2242,42.79232,,47.07155199999999,0,1
sf,1.98,GA,7,0,1,45.77345,1.218784,20.98465,52.6995,68.713,18.0829,37.68836,,41.457196,0,0
sf,1.98,GA,8,0,1,50.29402,1.218959,20.61371,52.5957,69.111,18.1575,43.58884,,47.947723999999994,0,0
sf,1.98,GA,9,0,1,44.00179,1.218693,22.49305,52.4672,66.461,18.4614,27.992,,30.7912,0,0
sf,1.98,GA,10,0,1,50.16296,1.218948,20.6139,52.6062,69.075,18.1426,43.26007,,47.586076999999996,0,0
sf,1.98,GA,11,0,1,46.19135,1.218879,20.70457,52.6651,68.981,18.1561,40.28296,,44.31125600000001,0,0
sf,1.98,GA,12,0,2,48.62765,1.21848,22.21844,52.8887,68.177,18.014,33.59687,,36.956557,0,0
sf,1.98,GA,13,0,1,50.2833,1.218972,20.60852,52.6143,69.164,18.1632,44.29008,,48.719088,0,0
sf,1.98,GA,14,0,1,46.25325,1.218888,20.64972,52.6159,68.877,18.1107,40.50367,,44.554036999999994,0,0
sf,1.98,GA,15,0,1,45.84456,1.21881,20.88475,52.6743,68.745,18.0857,38.50187,,42.352056999999995,0,0
sf,1.98,GA,16,0,1,43.07589,1.21864,22.52884,52.4698,66.787,18.2089,28.39525,,31.234775,0,0
sf,1.98,GA,17,0,1,48.75391,1.218904,20.76381,52.6056,69.092,18.1928,41.8709,,46.05799,0,0
sf,1.98,GA,18,1,0,44.9007,1.218898,22.24066,52.4509,66.522,19.5628,27.2324,,29.955639999999995,0,1
sf,1.98,GA,19,1,0,43.48757,1.218723,22.42785,52.4451,66.231,18.2249,27.83896,,30.622856,0,1
sf,1.98,GA,20,0,1,45.10771,1.218781,20.96979,52.688,68.674,18.0659,37.10383,,40.814213,0,0
sf,1.98,GA,21,1,0,43.58342,1.21949,20.95262,52.4406,67.357,18.6075,26.07536,,28.682896,0,1
sf,1.98,GA,22,1,0,44.5842,1.219126,21.72943,52.4365,66.793,19.2033,26.71049,,29.381539,0,1
sf,1.98,GA,23,0,1,45.70512,1.21876,21.07457,52.7031,68.629,18.0559,36.75586,,40.431445999999994,0,0
sf,1.98,GA,24,0,1,45.26646,1.218819,20.86968,52.6456,68.792,18.1105,38.36851,,42.205360999999996,0,0
sf,1.98,GA,25,0,1,48.52826,1.218919,20.67903,52.5892,69.007,18.1474,42.10567,,46.316237,0,0
sf,1.98,GA,26,0,1,44.68275,1.218805,20.95943,52.6703,68.933,18.1888,37.51607,,41.267677,0,0
sf,1.98,GA,27,0,1,45.75154,1.218823,20.87956,52.6818,68.88,18.144,38.7598,,42.635780000000004,0,0
sf,1.98,GA,28,0,1,45.77053,1.218794,20.92481,52.6884,68.665,18.0522,38.01649,,41.818139,0,0
sf,1.98,GA,29,1,0,44.90745,1.21889,20.77399,52.625,69.329,18.332,39.68442,,43.652862,0,1
sf,1.98,GWO,0,0,1,49.36582,1.218938,20.63396,52.5867,69.02,18.1344,42.77052,,47.047571999999995,0,0
sf,1.98,GWO,1,0,1,48.69033,1.218933,20.62907,52.5862,68.991,18.1261,42.4514,,46.69654,0,0
sf,1.98,GWO,2,0,1,48.7487,1.21892,20.65912,52.5866,68.958,18.1234,42.22336,,46.445696,0,0
sf,1.98,GWO,3,0,1,48.39815,1.218924,20.65906,52.586,68.98,18.1259,42.17117,,46.38828699999999,0,0
sf,1.98,GWO,4,0,1,48.79641,1.218932,20.62412,52.588,68.987,18.1268,42.48394,,46.732333999999994,0,0
sf,1.98,GWO,5,0,1,49.1065,1.218935,20.62904,52.5866,69.004,18.1321,42.63172,,46.894892,0,0
sf,1.98,GWO,6,0,1,48.91826,1.218922,20.67898,52.5876,68.971,18.1223,42.31208,,46.543288000000004,0,0
sf,1.98,GWO,7,0,1,48.38112,1.21893,20.62415,52.5857,68.989,18.1306,42.29773,,46.527503,0,0
sf,1.98,GWO,8,0,1,46.70266,1.218921,20.56464,52.5981,68.918,18.1105,41.36306,,45.499366,0,0
sf,1.98,GWO,9,0,1,48.74448,1.21892,20.65912,52.5864,68.958,18.123,42.22991,,46.45290099999999,0,0
sf,1.98,GWO,10,0,1,48.66042,1.218923,20.64913,52.5877,68.964,18.1241,42.24926,,46.474186,0,0
sf,1.98,GWO,11,0,1,48.47137,1.218922,20.65909,52.5912,68.97,18.1218,42.17236,,46.389596,0,0
sf,1.98,GWO,12,0,1,49.24747,1.218942,20.614,52.5868,69.036,18.1402,42.81534,,47.096874,0,0
sf,1.98,GWO,13,0,1,48.7207,1.218919,20.66411,52.5886,68.967,18.1279,42.19074,,46.409814,0,0
sf,1.98,GWO,14,0,1,48.70978,1.218922,20.65412,52.5865,68.959,18.1224,42.24919,,46.474109,0,0
sf,1.98,GWO,15,0,1,48.88919,1.218929,20.63908,52.5868,68.981,18.1261,42.45746,,46.703205999999994,0,0
sf,1.98,GWO,16,0,1,48.98724,1.218925,20.65407,52.5866,68.978,18.1278,42.40354,,46.643893999999996,0,0
sf,1.98,GWO,17,0,1,48.53765,1.218927,20.62917,52.5889,68.972,18.1241,42.29552,,46.52507200000001,0,0
sf,1.98,GWO,18,0,1,48.66344,1.218932,20.63406,52.5872,69.002,18.132,42.43279,,46.67606899999999,0,0
sf,1.98,GWO,19,0,1,48.87715,1.21893,20.63409,52.587,68.982,18.1262,42.46058,,46.706638,0,0
sf,1.98,GWO,20,0,1,48.64807,1.218921,20.64916,52.5902,68.962,18.1219,42.21743,,46.439173,0,0
sf,1.98,GWO,21,0,1,49.09756,1.218933,20.63901,52.5899,68.998,18.1277,42.58975,,46.848725,0,0
sf,1.98,GWO,22,0,1,48.78948,1.218917,20.66912,52.587,68.959,18.1254,42.1871,,46.405809999999995,0,0
sf,1.98,GWO,23,0,1,48.69841,1.218929,20.64903,52.5904,68.988,18.1243,42.3774,,46.61514,0,0
sf,1.98,GWO,24,0,1,48.71,1.218922,20.65412,52.5865,68.959,18.1224,42.24901,,46.473911,0,0
sf,1.98,GWO,25,0,1,48.87652,1.21893,20.63409,52.587,68.982,18.1263,42.46025,,46.706275000000005,0,0
sf,1.98,GWO,26,0,1,48.44158,1.218926,20.63416,52.5935,68.991,18.133,42.24213,,46.466343,0,0
sf,1.98,GWO,27,0,1,49.69138,1.218938,20.64887,52.5922,69.043,18.1426,42.87829,,47.166118999999995,0,0
sf,1.98,GWO,28,0,1,48.67893,1.218917,20.67906,52.5924,68.976,18.1323,42.13127,,46.344397,0,0
sf,1.98,GWO,29,0,1,48.74168,1.21892,20.65912,52.5865,68.958,18.1232,42.22859,,46.451449,0,0
sf,1.98,PSO,0,0,1,27.10271,1.219012,22.3231,52.3105,64.078,29.2655,28.24792,,31.072712,0,0
sf,1.98,PSO,1,0,1,50.31166,1.219047,20.43822,52.5828,69.347,18.182,46.21576,,50.83733600000001,1,0
sf,1.98,PSO,2,0,1,49.68823,1.218955,20.58892,52.5866,69.073,18.1442,43.21802,,47.53982200000001,0,0
sf,1.98,PSO,3,0,1,50.29266,1.219076,20.36813,52.5769,69.443,18.1946,46.87391,,51.561301,1,0
sf,1.98,PSO,4,0,1,48.63497,1.218924,20.64414,52.5874,68.964,18.1228,42.27368,,46.501048,0,0
sf,1.98,PSO,5,1,0,45.09374,1.218806,22.43627,52.4586,66.448,19.6503,27.49093,,30.240022999999997,0,1
sf,1.98,PSO,6,0,1,50.31876,1.218966,20.57879,52.591,69.1,18.1472,43.71898,,48.090878000000004,0,0
sf,1.98,PSO,7,0,1,50.31797,1.218962,20.58383,52.5885,69.087,18.1437,43.55494,,47.910434,0,0
sf,1.98,PSO,8,0,1,50.30416,1.219078,20.35816,52.5782,69.446,18.1914,46.99438,,51.69381799999999,1,0
sf,1.98,PSO,9,0,2,49.29066,1.2184,22.55815,52.5343,67.836,18.0656,36.37159,,40.008748999999995,0,0
sf,1.98,PSO,10,0,1,50.30176,1.21908,20.35812,52.5778,69.454,18.1921,47.13439,,51.847829000000004,1,0
sf,1.98,PSO,11,0,1,50.31149,1.21902,20.49833,52.5876,69.263,18.172,45.50225,,50.052474999999994,1,0
sf,1.98,PSO,12,0,1,50.28669,1.219069,20.38814,52.5782,69.421,18.1912,46.71583,,51.387412999999995,1,0
sf,1.98,PSO,13,0,1,46.24803,1.218881,20.65978,52.6105,68.821,18.0888,40.36406,,44.400466,0,0
sf,1.98,PSO,14,0,1,50.31362,1.218959,20.59383,52.5876,69.082,18.1431,43.53048,,47.883528,0,0
sf,1.98,PSO,15,0,1,50.30094,1.219078,20.35816,52.5823,69.45,18.1917,47.0,,51.7,1,0
sf,1.98,PSO,16,0,1,50.2996,1.219077,20.35817,52.5832,69.451,18.1918,46.99777,,51.697547,1,0
sf,1.98,PSO,17,0,1,45.68522,1.218794,20.91486,52.6595,68.618,18.0325,37.97626,,41.773886000000005,0,0
sf,1.98,PSO,18,0,1,50.32525,1.218979,20.54377,52.5867,69.132,18.1547,43.9506,,48.345659999999995,0,0
sf,1.98,PSO,19,0,1,46.61103,1.218913,20.57969,52.6007,68.884,18.0994,41.17414,,45.291554,0,0
sf,1.98,PSO,20,0,1,49.16113,1.218932,20.644,52.5865,69.003,18.1331,42.60127,,46.861397,0,0
sf,1.98,PSO,21,0,1,50.31011,1.219064,20.38822,52.5806,69.399,18.1874,46.61024,,51.271264,1,0
sf,1.98,PSO,22,0,1,50.28669,1.219069,20.38814,52.5782,69.421,18.1912,46.71583,,51.387412999999995,1,0
sf,1.98,PSO,23,0,1,50.2734,1.21906,20.41314,52.5812,69.402,18.1906,46.51826,,51.170086,1,0
sf,1.98,PSO,24,0,1,50.08117,1.218841,21.24224,52.56,69.077,18.168,43.55944,,47.915384,0,0
sf,1.98,PSO,25,0,1,50.31857,1.219014,20.49843,52.589,69.238,18.1684,45.21611,,49.737721,1,0
sf,1.98,PSO,26,0,1,49.62168,1.218946,20.60896,52.5875,69.035,18.1349,43.01375,,47.315125,0,0
sf,1.98,PSO,27,0,1,27.07755,1.219015,22.31807,52.3101,64.078,29.2557,28.24515,,31.069664999999997,0,0
sf,1.98,PSO,28,0,1,50.30105,1.21908,20.3631,52.5784,69.454,18.1921,47.13329,,51.846619000000004,1,0
sf,1.98,PSO,29,0,1,23.19094,1.218865,20.3816,53.2378,72.123,17.9145,40.20007,,44.220076999999996,0,0
ss,1.62,ABC,0,0,6,-200.0,,,,,,,timeout,,0,0
ss,1.62,ABC,1,0,6,-200.0,,,,,,,timeout,,0,0
ss,1.62,ABC,2,0,6,-200.0,,,,,,,timeout,,0,0
ss,1.62,ABC,3,0,6,-200.0,,,,,,,timeout,,0,0
ss,1.62,ABC,4,0,6,-200.0,,,,,,,timeout,,0,0
ss,1.62,ABC,5,0,6,-200.0,,,,,,,timeout,,0,0
ss,1.62,ABC,6,0,6,-200.0,,,,,,,timeout,,0,0
ss,1.62,ABC,7,0,6,-200.0,,,,,,,timeout,,0,0
ss,1.62,ABC,8,0,6,-200.0,,,,,,,timeout,,0,0
ss,1.62,ABC,9,0,6,-200.0,,,,,,,timeout,,0,0
ss,1.62,ABC,10,0,6,-200.0,,,,,,,timeout,,0,0
ss,1.62,ABC,11,0,6,-200.0,,,,,,,timeout,,0,0
ss,1.62,ABC,12,0,6,-200.0,,,,,,,timeout,,0,0
ss,1.62,ABC,13,0,2,27.44606,1.221062,25.08993,49.6571,68.941,20.8426,37.65337,,33.88803300000001,0,0
ss,1.62,ABC,14,0,2,34.37608,1.220986,24.73411,48.6931,69.32,20.6851,35.59966,,32.039694000000004,0,0
ss,1.62,ABC,15,0,6,-200.0,,,,,,,timeout,,0,0
ss,1.62,ABC,16,0,6,-200.0,,,,,,,timeout,,0,0
ss,1.62,ABC,17,0,6,-200.0,,,,,,,timeout,,0,0
ss,1.62,ABC,18,0,6,-200.0,,,,,,,timeout,,0,0
ss,1.62,ABC,19,0,6,-200.0,,,,,,,timeout,,0,0
ss,1.62,ABC,20,0,6,-200.0,,,,,,,timeout,,0,0
ss,1.62,ABC,21,0,6,-200.0,,,,,,,timeout,,0,0
ss,1.62,ABC,22,0,6,-200.0,,,,,,,timeout,,0,0
ss,1.62,ABC,23,0,6,-200.0,,,,,,,timeout,,0,0
ss,1.62,ABC,24,0,6,-200.0,,,,,,,timeout,,0,0
ss,1.62,ABC,25,0,6,-200.0,,,,,,,timeout,,0,0
ss,1.62,ABC,26,0,6,-200.0,,,,,,,timeout,,0,0
ss,1.62,ABC,27,0,6,-200.0,,,,,,,timeout,,0,0
ss,1.62,ABC,28,0,6,-200.0,,,,,,,timeout,,0,0
ss,1.62,ABC,29,0,6,-200.0,,,,,,,timeout,,0,0
ss,1.62,ACO,0,0,6,-200.0,,,,,,,timeout,,0,0
ss,1.62,ACO,1,0,6,-200.0,,,,,,,timeout,,0,0
ss,1.62,ACO,2,0,6,-200.0,,,,,,,timeout,,0,0
ss,1.62,ACO,3,0,6,-200.0,,,,,,,timeout,,0,0
ss,1.62,ACO,4,0,6,-200.0,,,,,,,timeout,,0,0
ss,1.62,ACO,5,0,6,-200.0,,,,,,,timeout,,0,0
ss,1.62,ACO,6,0,6,-200.0,,,,,,,timeout,,0,0
ss,1.62,ACO,7,0,6,-200.0,,,,,,,timeout,,0,0
ss,1.62,ACO,8,0,6,-200.0,,,,,,,timeout,,0,0
ss,1.62,ACO,9,0,6,-200.0,,,,,,,timeout,,0,0
ss,1.62,ACO,10,0,6,-200.0,,,,,,,timeout,,0,0
ss,1.62,ACO,11,0,6,-200.0,,,,,,,timeout,,0,0
ss,1.62,ACO,12,0,6,-200.0,,,,,,,timeout,,0,0
ss,1.62,ACO,13,0,6,-200.0,,,,,,,timeout,,0,0
ss,1.62,ACO,14,0,6,-200.0,,,,,,,timeout,,0,0
ss,1.62,ACO,15,0,2,26.03147,1.22132,23.52646,51.1887,68.551,19.1933,43.70967,,39.33870300000001,0,0
ss,1.62,ACO,16,0,2,26.05602,1.221334,23.58574,51.1391,68.539,19.2206,43.55986,,39.203874000000006,0,0
ss,1.62,ACO,17,0,2,28.12338,1.221151,22.63141,51.5675,68.928,18.7997,45.4813,,40.93317,0,0
ss,1.62,ACO,18,0,2,26.03531,1.221319,23.52151,51.1924,68.553,19.1911,43.71622,,39.344598,0,0
ss,1.62,ACO,19,0,2,26.35066,1.221381,23.81805,50.9089,68.51,19.3389,42.88707,,38.598363,0,0
ss,1.62,ACO,20,0,2,26.26163,1.221266,23.16523,51.377,68.659,19.0599,44.42879,,39.985911,0,0
ss,1.62,ACO,21,0,2,26.25216,1.22137,23.78353,50.957,68.51,19.316,43.02974,,38.726766,0,0
ss,1.62,ACO,22,0,2,26.16839,1.221361,23.71423,51.0238,68.536,19.2869,43.21922,,38.897298,0,0
ss,1.62,ACO,23,0,2,26.05465,1.221334,23.5907,51.137,68.539,19.2218,43.55645,,39.200804999999995,0,0
ss,1.62,ACO,24,0,2,26.06236,1.221333,23.57087,51.1475,68.542,19.2156,43.57332,,39.215988,0,0
ss,1.62,ACO,25,0,2,26.14553,1.221281,23.2642,51.3334,68.628,19.0973,44.25356,,39.82820400000001,0,0
ss,1.62,ACO,26,0,2,26.05603,1.221334,23.58574,51.1391,68.539,19.2206,43.55987,,39.203883,0,0
ss,1.62,ACO,27,0,2,26.16958,1.22136,23.68944,51.0387,68.535,19.2766,43.24669,,38.922021,0,0
ss,1.62,ACO,28,0,2,26.0977,1.221348,23.6599,51.0756,68.531,19.2563,43.3847,,39.04623000000001,0,0
ss,1.62,ACO,29,0,2,26.25346,1.22137,23.79345,50.9498,68.509,19.3197,43.02005,,38.718045,0,0
ss,1.62,FA,0,0,2,21.00191,1.219499,25.81289,51.8636,64.83,27.9765,27.5454,,24.790860000000002,0,0
ss,1.62,FA,1,0,1,27.3895,1.221067,23.1293,51.5902,68.752,18.9323,43.84456,,39.460104,0,0
ss,1.62,FA,2,0,2,27.94468,1.219868,25.48214,51.9983,64.602,24.2243,25.83014,,23.247125999999998,0,0
ss,1.62,FA,3,0,2,20.45987,1.220118,25.2683,51.9486,76.833,30.0122,40.35827,,36.322443,0,0
ss,1.62,FA,4,0,2,17.15845,1.219477,25.77856,51.5897,64.918,28.3776,27.56171,,24.805539000000003,0,0
ss,1.62,FA,5,0,2,17.29877,1.219503,25.70347,51.6023,64.854,29.1612,27.79924,,25.019316,0,0
ss,1.62,FA,6,1,0,45.14,1.220841,22.20526,52.3655,69.655,18.3502,45.56997,,41.012973,0,1
ss,1.62,FA,7,0,2,45.83108,1.220258,24.3118,52.1126,68.806,18.2486,38.64478,,34.780302,0,0
ss,1.62,FA,8,0,2,21.7775,1.219499,25.81289,51.9044,64.729,28.3461,27.63778,,24.874002,0,0
ss,1.62,FA,9,0,2,23.07041,1.219505,25.81276,51.9473,64.665,28.5455,27.78133,,25.003197,0,0
ss,1.62,FA,10,0,2,17.72228,1.219621,25.71092,51.5476,68.92,26.6982,28.59374,,25.734366,0,0
ss,1.62,FA,11,0,2,24.26123,1.219652,25.73014,51.9299,68.848,26.2245,28.61975,,25.757775000000002,0,0
ss,1.62,FA,12,1,0,46.78256,1.220745,22.60418,52.3162,69.56,18.3369,44.26333,,39.83699700000001,0,1
ss,1.62,FA,13,0,2,31.87377,1.219839,25.46287,51.8507,67.163,19.4721,27.33325,,24.599925,0,0
ss,1.62,FA,14,0,2,17.22859,1.220005,25.21102,51.4161,74.964,30.9861,36.25,,32.625,0,0
ss,1.62,FA,15,0,2,36.66623,1.219867,25.3977,52.0897,67.05,18.7205,27.81173,,25.030557,0,0
ss,1.62,FA,16,0,2,19.80929,1.219513,25.79768,51.8033,65.314,27.9077,27.65515,,24.889635000000002,0,0
ss,1.62,FA,17,0,2,26.30712,1.221136,23.44563,51.9689,68.664,19.145,42.3151,,38.08359000000001,0,0
ss,1.62,FA,18,0,2,35.12101,1.219952,25.06805,52.4824,68.325,18.0992,38.24888,,34.423992,0,0
ss,1.62,FA,19,0,1,45.72304,1.220351,24.0517,52.0989,68.963,18.2505,39.95802,,35.962218,0,0
ss,1.62,FA,20,0,1,47.33807,1.220656,22.96331,52.1953,69.478,18.3105,43.19402,,38.874618,0,0
ss,1.62,FA,21,0,2,21.32776,1.219757,25.64843,51.9359,70.13,29.966,31.50191,,28.351719,0,0
ss,1.62,FA,22,0,2,21.79438,1.219506,25.8028,51.9152,64.694,28.9814,27.95567,,25.160103,0,0
ss,1.62,FA,23,0,2,18.70714,1.219487,25.8032,51.7349,64.85,28.0738,27.52292,,24.770628,0,0
ss,1.62,FA,24,0,2,35.02602,1.220084,25.10508,51.7952,68.274,18.2995,44.38395,,39.945555,0,0
ss,1.62,FA,25,0,2,17.17675,1.219481,25.76357,51.5842,64.858,29.2072,27.90202,,25.111818,0,0
ss,1.62,FA,26,0,2,22.47991,1.219504,25.81278,51.9309,64.685,28.5669,27.78521,,25.006689,0,0
ss,1.62,FA,27,0,2,35.46572,1.219988,25.02757,52.5211,68.47,18.1086,41.80649,,37.625840999999994,0,0
ss,1.62,FA,28,0,2,27.1714,1.221185,22.94344,51.5035,68.748,18.9399,44.40416,,39.963744,0,0
ss,1.62,FA,29,0,2,20.41532,1.220219,24.9682,51.9582,76.682,30.7983,38.73071,,34.857639000000006,0,0
ss,1.62,GA,0,0,2,35.24827,1.219793,25.64767,51.9982,67.54,20.3551,27.42653,,24.683877000000003,0,0
ss,1.62,GA,1,0,1,44.7716,1.220047,24.72334,52.2233,68.478,18.206,33.75562,,30.380058000000002,0,0
ss,1.62,GA,2,0,2,38.12783,1.219807,25.62253,52.0171,67.388,20.097,27.35395,,24.618555,0,0
ss,1.62,GA,3,0,2,35.33681,1.219816,25.40373,52.1001,67.179,18.4115,28.71841,,25.846569,0,0
ss,1.62,GA,4,0,2,34.42814,1.219891,25.45185,52.1059,67.161,18.3849,28.21262,,25.391358000000004,0,0
ss,1.62,GA,5,0,3,32.09225,1.221327,24.44931,48.8504,68.913,20.2972,38.26892,,34.44202800000001,0,0
ss,1.62,GA,6,0,2,26.28374,1.221382,23.91727,50.8445,68.696,19.4677,42.78899,,38.510091,0,0
ss,1.62,GA,7,0,3,32.79183,1.221261,24.48041,48.7317,68.735,20.261,37.68649,,33.917841,0,0
ss,1.62,GA,8,0,2,26.01232,1.221319,23.59595,51.1562,68.565,19.2298,43.58302,,39.224717999999996,0,0
ss,1.62,GA,9,0,2,36.54551,1.219831,25.52763,52.0485,67.155,18.8517,27.94518,,25.150662,0,0
ss,1.62,GA,10,0,2,26.11521,1.221334,23.69987,51.0794,68.53,19.266,43.25515,,38.929635000000005,0,0
ss,1.62,GA,11,0,3,29.0154,1.22145,24.27319,49.7768,68.696,19.8578,40.28423,,36.255807000000004,0,0
ss,1.62,GA,12,0,1,44.86995,1.220073,24.61353,52.4185,68.756,18.2053,33.56528,,30.208752,0,0
ss,1.62,GA,13,0,2,26.22112,1.22123,23.25028,51.3959,68.657,19.0697,44.28088,,39.85279200000001,0,0
ss,1.62,GA,14,0,3,28.973,1.221483,24.22788,49.7592,68.572,19.7959,40.50576,,36.455184,0,0
ss,1.62,GA,15,0,3,31.58973,1.221336,24.41936,49.023,68.664,20.1103,38.50166,,34.651494,0,0
ss,1.62,GA,16,0,2,36.24398,1.219839,25.49268,52.0335,67.471,18.5903,28.35047,,25.515423000000006,0,0
ss,1.62,GA,17,0,3,27.00142,1.221387,24.20497,50.4762,68.66,19.6208,41.86921,,37.682289000000004,0,0
ss,1.62,GA,18,0,2,35.29176,1.219841,25.49761,51.9697,67.353,20.0046,27.17899,,24.461091000000003,0,0
ss,1.62,GA,19,0,2,37.7059,1.219857,25.45753,52.0853,66.897,18.6018,27.79202,,25.012818000000003,0,0
ss,1.62,GA,20,0,3,33.76442,1.221232,24.44625,48.5334,68.75,20.3227,37.10108,,33.390972000000005,0,0
ss,1.62,GA,21,0,2,31.70672,1.220253,24.29203,51.9311,68.14,19.1324,26.01594,,23.414346000000002,0,0
ss,1.62,GA,22,0,2,34.71729,1.219998,25.03233,51.9722,67.597,19.6622,26.65472,,23.989248000000003,0,0
ss,1.62,GA,23,0,3,34.35108,1.221174,24.52186,48.3733,68.772,20.4204,36.75184,,33.076656,0,0
ss,1.62,GA,24,0,3,31.98354,1.221352,24.3843,48.904,68.731,20.1684,38.36851,,34.531659000000005,0,0
ss,1.62,GA,25,0,2,26.90469,1.221407,24.08549,50.5629,68.545,19.5213,42.10418,,37.893762,0,0
ss,1.62,GA,26,0,3,33.28459,1.22128,24.42048,48.5875,68.982,20.4222,37.51411,,33.762699000000005,0,0
ss,1.62,GA,27,0,3,31.19712,1.221357,24.41894,49.1139,68.78,20.1377,38.75983,,34.883847,0,0
ss,1.62,GA,28,0,3,32.24268,1.221295,24.44003,48.8837,68.631,20.1432,38.01542,,34.213878,0,0
ss,1.62,GA,29,0,3,30.16051,1.221472,24.35214,49.2952,69.129,20.2285,39.68608,,35.717471999999994,0,0
ss,1.62,GWO,0,0,2,26.30302,1.221374,23.87277,50.8641,68.493,19.3685,42.7673,,38.490570000000005,0,0
ss,1.62,GWO,1,0,2,26.44454,1.221394,23.95177,50.7515,68.472,19.4277,42.44899,,38.204091000000005,0,0
ss,1.62,GWO,2,0,2,26.82446,1.221404,24.04585,50.6152,68.484,19.4717,42.2217,,37.99953,0,0
ss,1.62,GWO,3,0,2,26.45789,1.221402,24.06078,50.6353,68.467,19.5108,42.16934,,37.952406,0,0
ss,1.62,GWO,4,0,2,26.6169,1.221398,23.95169,50.7449,68.489,19.4138,42.48167,,38.233503000000006,0,0
ss,1.62,GWO,5,0,2,26.49872,1.22139,23.92207,50.792,68.498,19.3951,42.62913,,38.366217000000006,0,0
ss,1.62,GWO,6,0,2,26.36894,1.221388,24.04616,50.6874,68.455,19.48,42.30985,,38.078865,0,0
ss,1.62,GWO,7,0,2,26.73208,1.221402,23.9665,50.6892,68.492,19.439,42.29568,,38.066112,0,0
ss,1.62,GWO,8,0,2,27.90663,1.22151,24.08842,50.123,68.513,19.6381,41.36495,,37.228455000000004,0,0
ss,1.62,GWO,9,0,2,26.82095,1.221404,24.04585,50.6168,68.483,19.4703,42.22827,,38.005443,0,0
ss,1.62,GWO,10,0,2,26.80454,1.221405,24.02598,50.6358,68.486,19.4624,42.24755,,38.022794999999995,0,0
ss,1.62,GWO,11,0,2,26.4943,1.221396,24.05097,50.6533,68.459,19.4935,42.17036,,37.953324,0,0
ss,1.62,GWO,12,0,2,26.37215,1.221383,23.86267,50.8686,68.518,19.3657,42.81224,,38.53101600000001,0,0
ss,1.62,GWO,13,0,2,26.84444,1.221404,24.06074,50.6011,68.496,19.4836,42.18914,,37.970226000000004,0,0
ss,1.62,GWO,14,0,2,26.80774,1.221405,24.03094,50.6285,68.481,19.4638,42.24751,,38.022759,0,0
ss,1.62,GWO,15,0,2,26.63335,1.221398,23.97154,50.7218,68.487,19.4247,42.45532,,38.209788,0,0
ss,1.62,GWO,16,0,2,26.66466,1.221397,24.00133,50.6898,68.491,19.443,42.40148,,38.161331999999994,0,0
ss,1.62,GWO,17,0,2,26.77151,1.221405,23.99621,50.6706,68.486,19.4451,42.29366,,38.064294000000004,0,0
ss,1.62,GWO,18,0,2,26.50428,1.221395,23.95671,50.7421,68.489,19.4318,42.43041,,38.187369000000004,0,0
ss,1.62,GWO,19,0,2,26.63131,1.221398,23.96658,50.7247,68.487,19.4233,42.45842,,38.212578,0,0
ss,1.62,GWO,20,0,2,26.72279,1.221397,24.02118,50.6501,68.47,19.4598,42.21549,,37.99394100000001,0,0
ss,1.62,GWO,21,0,2,26.37458,1.221382,23.92223,50.8055,68.475,19.3978,42.58694,,38.328246,0,0
ss,1.62,GWO,22,0,2,26.84851,1.221403,24.06572,50.5961,68.489,19.4836,42.1855,,37.96695,0,0
ss,1.62,GWO,23,0,6,-200.0,,,,,,,timeout,,0,0
ss,1.62,GWO,24,0,6,-200.0,,,,,,,timeout,,0,0
ss,1.62,GWO,25,0,6,-200.0,,,,,,,timeout,,0,0
ss,1.62,GWO,26,0,6,-200.0,,,,,,,timeout,,0,0
ss,1.62,GWO,27,0,2,26.26126,1.221361,23.84325,50.9131,68.517,19.3495,42.8746,,38.587140000000005,0,0
ss,1.62,GWO,28,0,2,26.82913,1.221396,24.05097,50.605,68.499,19.4864,42.12945,,37.916504999999994,0,0
ss,1.62,GWO,29,0,2,26.82131,1.221404,24.04585,50.6172,68.483,19.4704,42.22694,,38.004246,0,0
ss,1.62,PSO,0,0,2,22.86908,1.219515,25.79267,51.9565,64.633,29.3942,28.17972,,25.361748,0,0
ss,1.62,PSO,1,0,1,32.22715,1.221092,22.22055,51.6505,69.274,18.5757,46.19938,,41.57944199999999,0,0
ss,1.62,PSO,2,0,2,26.16837,1.221361,23.71423,51.0209,68.536,19.2888,43.21375,,38.892375,0,0
ss,1.62,PSO,3,0,1,47.46373,1.221052,21.92347,51.7295,69.814,18.3269,46.85522,,42.169698000000004,0,0
ss,1.62,PSO,4,0,2,26.78959,1.221406,24.01604,50.6474,68.482,19.4548,42.27194,,38.044746,0,0
ss,1.62,PSO,5,0,2,38.02414,1.219795,25.6526,52.0387,67.259,20.0434,27.43909,,24.695181,0,0
ss,1.62,PSO,6,0,2,26.03332,1.22132,23.52646,51.1905,68.552,19.1922,43.71295,,39.341655,0,0
ss,1.62,PSO,7,0,2,26.05213,1.221334,23.59566,51.133,68.538,19.2242,43.54956,,39.194604,0,0
ss,1.62,PSO,8,0,1,46.09631,1.221061,21.91835,51.719,69.777,18.3396,46.97593,,42.278337,0,0
ss,1.62,PSO,9,0,2,45.24514,1.220096,24.75215,52.1079,68.414,18.2157,36.34349,,32.709141,0,0
ss,1.62,PSO,10,0,1,47.05879,1.221062,21.90344,51.7221,69.819,18.3262,47.11586,,42.404274,0,0
ss,1.62,PSO,11,0,2,28.16144,1.22115,22.61654,51.5694,68.932,18.7967,45.48874,,40.939866,0,0
ss,1.62,PSO,12,0,1,47.56818,1.221042,21.95343,51.7349,69.797,18.3238,46.69702,,42.02731800000001,0,0
ss,1.62,PSO,13,0,3,29.18327,1.221478,24.23294,49.6921,68.529,19.7964,40.36621,,36.329589000000006,0,0
ss,1.62,PSO,14,0,2,26.04519,1.221334,23.61551,51.1198,68.534,19.2321,43.52519,,39.172671,0,0
ss,1.62,PSO,15,0,1,47.17853,1.221058,21.90847,51.7298,69.811,18.3266,46.98142,,42.283278,0,0
ss,1.62,PSO,16,0,1,47.31561,1.221056,21.91347,51.7323,69.818,18.324,46.97917,,42.28125300000001,0,0
ss,1.62,PSO,17,0,3,32.44579,1.221302,24.42004,48.8129,68.589,20.1378,37.97543,,34.177887000000005,0,0
ss,1.62,PSO,18,0,2,26.07061,1.221309,23.40261,51.256,68.588,19.1514,43.94378,,39.54940199999999,0,0
ss,1.62,PSO,19,0,2,28.19567,1.221511,24.13305,50.0286,68.507,19.6663,41.17631,,37.058679000000005,0,0
ss,1.62,PSO,20,0,2,26.51312,1.22139,23.94192,50.7742,68.5,19.4056,42.59875,,38.33887500000001,0,0
ss,1.62,PSO,21,0,1,37.69679,1.22107,22.02738,51.6896,69.54,18.4383,46.59255,,41.933295,0,0
ss,1.62,PSO,22,0,1,47.56818,1.221042,21.95343,51.7349,69.797,18.3238,46.69702,,42.02731800000001,0,0
ss,1.62,PSO,23,0,1,47.64294,1.221029,21.98841,51.7419,69.783,18.3236,46.49931,,41.849379000000006,0,0
ss,1.62,PSO,24,0,1,46.8213,1.220655,23.02291,52.1887,69.506,18.2868,43.53529,,39.181761,0,0
ss,1.62,PSO,25,0,2,27.38591,1.221182,22.75987,51.5306,68.838,18.871,45.20387,,40.683483,0,0
ss,1.62,PSO,26,0,2,26.25512,1.22137,23.79841,50.9429,68.507,19.3233,43.01012,,38.709108,0,0
ss,1.62,PSO,27,0,2,22.86889,1.219517,25.78269,51.9562,64.632,29.3831,28.17689,,25.359201,0,0
ss,1.62,PSO,28,0,1,47.15178,1.221061,21.89849,51.7234,69.823,18.3248,47.11475,,42.403275,0,0
ss,1.62,PSO,29,0,2,21.94571,1.222096,22.34611,48.3783,72.363,18.665,40.2235,,36.20115,0,0
ss,1.8,ABC,0,0,6,-200.0,,,,,,,timeout,,0,0
ss,1.8,ABC,1,0,6,-200.0,,,,,,,timeout,,0,0
ss,1.8,ABC,2,0,6,-200.0,,,,,,,timeout,,0,0
ss,1.8,ABC,3,0,6,-200.0,,,,,,,timeout,,0,0
ss,1.8,ABC,4,0,6,-200.0,,,,,,,timeout,,0,0
ss,1.8,ABC,5,0,6,-200.0,,,,,,,timeout,,0,0
ss,1.8,ABC,6,0,6,-200.0,,,,,,,timeout,,0,0
ss,1.8,ABC,7,0,6,-200.0,,,,,,,timeout,,0,0
ss,1.8,ABC,8,0,6,-200.0,,,,,,,timeout,,0,0
ss,1.8,ABC,9,0,6,-200.0,,,,,,,timeout,,0,0
ss,1.8,ABC,10,0,6,-200.0,,,,,,,timeout,,0,0
ss,1.8,ABC,11,0,6,-200.0,,,,,,,timeout,,0,0
ss,1.8,ABC,12,0,6,-200.0,,,,,,,timeout,,0,0
ss,1.8,ABC,13,0,1,47.65652,1.221126,22.61698,52.5238,69.234,18.372,37.65958,,37.65958,0,0
ss,1.8,ABC,14,0,6,-200.0,,,,,,,timeout,,0,0
ss,1.8,ABC,15,0,6,-200.0,,,,,,,timeout,,0,0
ss,1.8,ABC,16,0,6,-200.0,,,,,,,timeout,,0,0
ss,1.8,ABC,17,0,6,-200.0,,,,,,,timeout,,0,0
ss,1.8,ABC,18,0,6,-200.0,,,,,,,timeout,,0,0
ss,1.8,ABC,19,0,6,-200.0,,,,,,,timeout,,0,0
ss,1.8,ABC,20,0,6,-200.0,,,,,,,timeout,,0,0
ss,1.8,ABC,21,0,1,48.42158,1.221201,22.26323,52.2572,68.98,18.3143,38.25653,,38.256530000000005,0,0
ss,1.8,ABC,22,0,6,-200.0,,,,,,,timeout,,0,0
ss,1.8,ABC,23,0,6,-200.0,,,,,,,timeout,,0,0
ss,1.8,ABC,24,0,6,-200.0,,,,,,,timeout,,0,0
ss,1.8,ABC,25,0,6,-200.0,,,,,,,timeout,,0,0
ss,1.8,ABC,26,0,6,-200.0,,,,,,,timeout,,0,0
ss,1.8,ABC,27,0,6,-200.0,,,,,,,timeout,,0,0
ss,1.8,ABC,28,0,6,-200.0,,,,,,,timeout,,0,0
ss,1.8,ABC,29,0,6,-200.0,,,,,,,timeout,,0,0
ss,1.8,ACO,0,0,6,-200.0,,,,,,,timeout,,0,0
ss,1.8,ACO,1,0,6,-200.0,,,,,,,timeout,,0,0
ss,1.8,ACO,2,0,6,-200.0,,,,,,,timeout,,0,0
ss,1.8,ACO,3,0,6,-200.0,,,,,,,timeout,,0,0
ss,1.8,ACO,4,0,6,-200.0,,,,,,,timeout,,0,0
ss,1.8,ACO,5,0,6,-200.0,,,,,,,timeout,,0,0
ss,1.8,ACO,6,0,6,-200.0,,,,,,,timeout,,0,0
ss,1.8,ACO,7,0,6,-200.0,,,,,,,timeout,,0,0
ss,1.8,ACO,8,0,6,-200.0,,,,,,,timeout,,0,0
ss,1.8,ACO,9,0,6,-200.0,,,,,,,timeout,,0,0
ss,1.8,ACO,10,0,6,-200.0,,,,,,,timeout,,0,0
ss,1.8,ACO,11,0,6,-200.0,,,,,,,timeout,,0,0
ss,1.8,ACO,12,0,6,-200.0,,,,,,,timeout,,0,0
ss,1.8,ACO,13,0,6,-200.0,,,,,,,timeout,,0,0
ss,1.8,ACO,14,0,6,-200.0,,,,,,,timeout,,0,0
ss,1.8,ACO,15,0,3,49.66342,1.221435,21.63377,52.0419,69.176,18.1888,43.71763,,43.71763,0,0
ss,1.8,ACO,16,0,3,49.68579,1.22143,21.63882,52.0441,69.16,18.1881,43.56715,,43.56715,0,0
ss,1.8,ACO,17,0,2,49.68573,1.221511,21.4935,51.997,69.416,18.2035,45.49747,,45.49747,0,0
ss,1.8,ACO,18,0,3,49.67909,1.221436,21.62879,52.0422,69.178,18.1888,43.7242,,43.7242,0,0
ss,1.8,ACO,19,0,3,49.7993,1.221405,21.67896,52.0582,69.107,18.1921,42.89193,,42.89193,0,0
ss,1.8,ACO,20,0,3,49.789,1.221472,21.55373,52.0216,69.281,18.1987,44.43979,,44.43979,0,0
ss,1.8,ACO,21,0,3,49.69249,1.221407,21.68388,52.0564,69.111,18.1894,43.03507,,43.03507,0,0
ss,1.8,ACO,22,0,3,49.74235,1.221418,21.65888,52.0502,69.141,18.1942,43.2252,,43.2252,0,0
ss,1.8,ACO,23,0,3,49.67761,1.221429,21.6438,52.0439,69.159,18.1881,43.56373,,43.56373,0,0
ss,1.8,ACO,24,0,3,49.71998,1.221432,21.63382,52.0447,69.163,18.188,43.5807,,43.5807,0,0
ss,1.8,ACO,25,0,3,49.75909,1.221464,21.57371,52.0256,69.256,18.197,44.26376,,44.26376,0,0
ss,1.8,ACO,26,0,3,49.6858,1.22143,21.63882,52.0441,69.16,18.1881,43.56716,,43.56716,0,0
ss,1.8,ACO,27,0,3,49.79282,1.221421,21.6489,52.0501,69.142,18.1923,43.25279,,43.25279,0,0
ss,1.8,ACO,28,0,3,49.67708,1.221423,21.65879,52.0461,69.144,18.1897,43.39125,,43.39125000000001,0,0
ss,1.8,ACO,29,0,3,49.66599,1.221406,21.6839,52.0559,69.108,18.1895,43.02533,,43.02533,0,0
ss,1.8,FA,0,0,2,26.73663,1.220752,24.35657,52.175,64.256,27.8601,27.59153,,27.59153,0,0
ss,1.8,FA,1,0,3,50.15991,1.221393,21.81811,52.1267,69.285,18.1992,43.85961,,43.85961,0,0
ss,1.8,FA,2,0,1,37.74969,1.221067,23.99293,52.2677,64.047,23.7132,25.87446,,25.87446,0,0
ss,1.8,FA,3,0,2,23.1659,1.221331,24.08202,52.1408,76.476,30.2066,40.40307,,40.40307,0,0
ss,1.8,FA,4,0,3,26.56404,1.220749,24.3616,52.1753,64.187,28.0061,27.60851,,27.60851,0,0
ss,1.8,FA,5,0,3,25.967,1.220805,24.28105,52.1728,64.192,28.7912,27.84701,,27.84701,0,0
ss,1.8,FA,6,0,1,50.08879,1.221371,21.56543,52.6258,69.518,18.202,45.59182,,45.59182,0,0
ss,1.8,FA,7,0,1,49.53614,1.220858,23.585,52.3556,68.471,18.1705,38.66899,,38.66899,0,0
ss,1.8,FA,8,0,3,26.57635,1.220755,24.36644,52.177,64.197,28.2716,27.68402,,27.68402,0,0
ss,1.8,FA,9,0,3,26.32876,1.220769,24.36616,52.1736,64.193,28.5059,27.82782,,27.827819999999996,0,0
ss,1.8,FA,10,0,2,27.8317,1.220846,24.36462,52.173,68.076,26.4066,28.63892,,28.63892,0,0
ss,1.8,FA,11,0,2,28.14383,1.220851,24.36452,52.1722,68.223,26.2781,28.66406,,28.66406,0,0
ss,1.8,FA,12,0,2,50.23595,1.221286,21.94904,52.5779,69.405,18.198,44.28556,,44.28556,0,0
ss,1.8,FA,13,1,0,43.93972,1.220867,24.17557,52.2904,66.474,18.921,27.37183,,27.37183,0,1
ss,1.8,FA,14,0,2,23.37054,1.221327,24.01759,52.1443,74.387,30.7896,36.29846,,36.29846,0,0
ss,1.8,FA,15,1,0,40.65392,1.220813,24.18656,52.3161,66.571,18.352,27.84757,,27.84757,0,1
ss,1.8,FA,16,0,2,26.79478,1.220764,24.3613,52.1746,64.666,27.7362,27.70124,,27.70124,0,0
ss,1.8,FA,17,0,2,48.75103,1.221279,21.61172,52.8899,69.31,18.1866,42.32398,,42.32398,0,0
ss,1.8,FA,18,0,2,36.77982,1.220507,24.32174,52.7635,68.06,18.1265,38.2716,,38.2716,0,0
ss,1.8,FA,19,0,1,48.69642,1.220933,23.35521,52.3454,68.659,18.1687,39.98162,,39.98162,0,0
ss,1.8,FA,20,0,2,50.10289,1.221214,22.3027,52.4435,69.232,18.1904,43.21683,,43.21683,0,0
ss,1.8,FA,21,0,2,24.85633,1.221042,24.32101,52.153,69.605,29.9553,31.5491,,31.549099999999996,0,0
ss,1.8,FA,22,0,3,26.08511,1.220784,24.35593,52.1712,64.198,28.8978,28.00264,,28.00264,0,0
ss,1.8,FA,23,0,3,26.67973,1.220748,24.36162,52.1756,64.191,27.8263,27.5693,,27.5693,0,0
ss,1.8,FA,24,0,2,39.86955,1.220573,24.32042,52.2566,68.056,18.1583,44.40443,,44.40443,0,0
ss,1.8,FA,25,0,2,25.95848,1.220778,24.35605,52.1727,64.201,28.8339,27.94961,,27.94961,0,0
ss,1.8,FA,26,0,3,26.30398,1.22077,24.36118,52.1736,64.193,28.5077,27.83178,,27.83178,0,0
ss,1.8,FA,27,0,2,37.08641,1.220505,24.32178,52.8372,68.208,18.1399,41.8279,,41.8279,0,0
ss,1.8,FA,28,0,3,50.3379,1.22147,21.54384,52.0438,69.313,18.1939,44.41781,,44.41781,0,0
ss,1.8,FA,29,0,2,23.03999,1.221498,23.75126,52.1392,76.307,30.9785,38.77771,,38.777710000000006,0,0
ss,1.8,GA,0,0,1,44.84642,1.220839,24.32505,52.2962,66.907,19.9269,27.4657,,27.4657,0,0
ss,1.8,GA,1,0,1,48.61624,1.22072,23.83591,52.5084,68.119,18.1472,33.78229,,33.78229,0,0
ss,1.8,GA,2,0,1,44.6613,1.220847,24.30007,52.2643,66.811,19.6975,27.39294,,27.392939999999996,0,0
ss,1.8,GA,3,0,2,39.9835,1.220691,24.26346,52.3911,66.681,18.0544,28.75185,,28.75185,0,0
ss,1.8,GA,4,0,2,38.58712,1.220794,24.28127,52.3642,66.664,18.0281,28.247,,28.247,0,0
ss,1.8,GA,5,0,2,48.729,1.221202,22.25329,52.1901,68.934,18.3162,38.26877,,38.26877000000001,0,0
ss,1.8,GA,6,0,2,49.58556,1.221402,21.7584,52.0522,69.275,18.2825,42.79372,,42.79372,0,0
ss,1.8,GA,7,0,1,48.70708,1.221165,22.33833,52.2121,68.703,18.2213,37.68736,,37.68736,0,0
ss,1.8,GA,8,0,2,49.56611,1.221426,21.67362,52.0469,69.187,18.2013,43.59067,,43.59067000000001,0,0
ss,1.8,GA,9,0,1,42.75374,1.220779,24.29646,52.3315,66.626,18.457,27.98107,,27.98107,0,0
ss,1.8,GA,10,0,3,49.60879,1.221411,21.68878,52.0663,69.139,18.1904,43.26178,,43.26178,0,0
ss,1.8,GA,11,0,2,49.23592,1.221299,21.8843,52.1808,69.011,18.2501,40.28326,,40.28326,0,0
ss,1.8,GA,12,0,1,48.37905,1.220754,23.72602,52.7006,68.357,18.1428,33.59221,,33.59221,0,0
ss,1.8,GA,13,0,2,49.51795,1.221447,21.64844,52.0468,69.275,18.2028,44.29224,,44.29224,0,0
ss,1.8,GA,14,0,2,49.27794,1.221313,21.82946,52.1346,68.896,18.2006,40.50412,,40.50412,0,0
ss,1.8,GA,15,0,2,48.91215,1.221205,22.18871,52.1935,68.74,18.207,38.50132,,38.50132,0,0
ss,1.8,GA,16,0,1,41.94973,1.220753,24.29698,52.3316,66.963,18.2111,28.38523,,28.38523,0,0
ss,1.8,GA,17,0,2,49.23379,1.221344,21.89838,52.087,69.144,18.2684,41.87183,,41.87183,0,0
ss,1.8,GA,18,1,0,44.66558,1.220896,24.15514,52.2761,66.716,19.5552,27.21848,,27.21848,0,1
ss,1.8,GA,19,0,1,42.09569,1.220807,24.23136,52.324,66.378,18.2204,27.82795,,27.82795,0,0
ss,1.8,GA,20,0,2,49.13852,1.221155,22.36333,52.1975,68.659,18.2124,37.10255,,37.10255,0,0
ss,1.8,GA,21,0,1,42.13419,1.221408,22.89459,52.2873,67.511,18.608,26.05878,,26.05878,0,0
ss,1.8,GA,22,1,0,44.04832,1.221092,23.6599,52.2724,67.008,19.1985,26.69551,,26.69551,0,1
ss,1.8,GA,23,0,6,-200.0,,,,,,,timeout,,0,0
ss,1.8,GA,24,0,2,49.1455,1.221212,22.1737,52.1662,68.781,18.2348,38.3679,,38.3679,0,0
ss,1.8,GA,25,0,2,49.52469,1.221364,21.79878,52.0748,69.076,18.2189,42.10679,,42.10679,0,0
ss,1.8,GA,26,0,6,-200.0,,,,,,,timeout,,0,0
ss,1.8,GA,27,0,2,48.8811,1.22122,22.15867,52.1998,68.883,18.2641,38.75933,,38.75933,0,0
ss,1.8,GA,28,0,2,48.95509,1.221182,22.24869,52.2058,68.656,18.1798,38.01571,,38.015710000000006,0,0
ss,1.8,GA,29,0,6,-200.0,,,,,,,timeout,,0,0
ss,1.8,GWO,0,0,6,-200.0,,,,,,,timeout,,0,0
ss,1.8,GWO,1,0,3,49.77004,1.221383,21.73393,52.068,69.061,18.187,42.45269,,42.45269,0,0
ss,1.8,GWO,2,0,3,49.5437,1.221367,21.77391,52.0722,69.035,18.1929,42.22454,,42.22454,0,0
ss,1.8,GWO,3,0,6,-200.0,,,,,,,timeout,,0,0
ss,1.8,GWO,4,0,3,49.707,1.221384,21.72399,52.0693,69.063,18.1905,42.48527,,42.48527000000001,0,0
ss,1.8,GWO,5,0,3,49.6309,1.221388,21.72888,52.0632,69.078,18.1938,42.63313,,42.63313,0,0
ss,1.8,GWO,6,0,3,49.51735,1.221369,21.78876,52.0692,69.04,18.1875,42.31328,,42.31328,0,0
ss,1.8,GWO,7,0,3,49.89307,1.221379,21.72904,52.0722,69.062,18.1928,42.29896,,42.29896,0,0
ss,1.8,GWO,8,0,3,49.14182,1.221359,21.69466,52.1102,68.953,18.1874,41.36395,,41.36395,0,0
ss,1.8,GWO,9,0,3,49.5433,1.221368,21.76893,52.072,69.035,18.1924,42.2311,,42.2311,0,0
ss,1.8,GWO,10,0,3,49.61134,1.22137,21.75897,52.0734,69.041,18.1927,42.25046,,42.25046,0,0
ss,1.8,GWO,11,0,3,49.67429,1.221368,21.7739,52.0776,69.038,18.188,42.1735,,42.1735,0,0
ss,1.8,GWO,12,0,3,49.6783,1.221398,21.70885,52.059,69.106,18.1983,42.81683,,42.81683,0,0
ss,1.8,GWO,13,0,3,49.51304,1.221366,21.77889,52.0742,69.042,18.198,42.19191,,42.19191,0,0
ss,1.8,GWO,14,0,3,49.57681,1.22137,21.76394,52.0721,69.036,18.1913,42.25039,,42.25039,0,0
ss,1.8,GWO,15,0,3,49.62724,1.22138,21.73895,52.068,69.056,18.1909,42.4588,,42.4588,0,0
ss,1.8,GWO,16,0,3,49.53277,1.221375,21.76385,52.0677,69.053,18.1943,42.40481,,42.404810000000005,0,0
ss,1.8,GWO,17,0,3,49.71874,1.221376,21.73902,52.0748,69.048,18.1909,42.29676,,42.29676,0,0
ss,1.8,GWO,18,0,3,49.77797,1.221383,21.73393,52.069,69.071,18.1929,42.43408,,42.43408,0,0
ss,1.8,GWO,19,0,3,49.63792,1.221381,21.72901,52.0682,69.057,18.1909,42.46191,,42.46191000000001,0,0
ss,1.8,GWO,20,0,3,49.69557,1.221368,21.76893,52.0766,69.034,18.1865,42.2186,,42.2186,0,0
ss,1.8,GWO,21,0,3,49.68416,1.221385,21.7339,52.0672,69.067,18.1862,42.59111,,42.59111,0,0
ss,1.8,GWO,22,0,3,49.49472,1.221364,21.78885,52.0726,69.035,18.1958,42.18827,,42.18827,0,0
ss,1.8,GWO,23,0,3,49.6667,1.221378,21.75387,52.0722,69.055,18.1871,42.37866,,42.37866,0,0
ss,1.8,GWO,24,0,3,49.57461,1.22137,21.76394,52.0721,69.036,18.1914,42.25023,,42.25023,0,0
ss,1.8,GWO,25,0,3,49.6385,1.221381,21.73397,52.0682,69.057,18.191,42.46157,,42.46157,0,0
ss,1.8,GWO,26,0,2,49.73703,1.221374,21.74402,52.0796,69.064,18.2,42.24335,,42.24335,0,0
ss,1.8,GWO,27,0,3,49.63008,1.221394,21.73374,52.0608,69.108,18.1957,42.87978,,42.879780000000004,0,0
ss,1.8,GWO,28,0,3,49.62113,1.221362,21.79385,52.0788,69.046,18.1986,42.13238,,42.13238,0,0
ss,1.8,GWO,29,0,3,49.54725,1.221368,21.76893,52.0721,69.035,18.1926,42.22978,,42.22978,0,0
ss,1.8,PSO,0,0,2,25.90511,1.220802,24.34565,52.1682,64.206,29.3502,28.22701,,28.22701,0,0
ss,1.8,PSO,1,0,2,49.80335,1.221548,21.39362,51.9795,69.513,18.2091,46.21874,,46.21874,0,0
ss,1.8,PSO,2,0,3,49.7327,1.221418,21.66384,52.0502,69.14,18.1946,43.21971,,43.21971,0,0
ss,1.8,PSO,3,0,2,50.10902,1.221583,21.29874,51.9672,69.61,18.2117,46.87713,,46.87713,0,0
ss,1.8,PSO,4,0,3,49.63729,1.221373,21.749,52.0731,69.041,18.1907,42.27491,,42.27491,0,0
ss,1.8,PSO,5,0,1,44.92896,1.220823,24.34026,52.2874,66.675,19.6418,27.47767,,27.47767,0,0
ss,1.8,PSO,6,0,3,49.6712,1.221435,21.63377,52.0421,69.177,18.1888,43.7209,,43.7209,0,0
ss,1.8,PSO,7,0,3,49.6616,1.221429,21.64876,52.0437,69.157,18.1882,43.5568,,43.5568,0,0
ss,1.8,PSO,8,0,2,49.94865,1.221587,21.28875,51.9642,69.603,18.2076,46.99766,,46.99766,0,0
ss,1.8,PSO,9,0,1,49.18149,1.220726,23.96487,52.3415,68.038,18.1513,36.36871,,36.36871,0,0
ss,1.8,PSO,10,0,2,49.88416,1.221591,21.28372,51.9607,69.611,18.2063,47.13772,,47.13772,0,0
ss,1.8,PSO,11,0,2,49.69815,1.221512,21.4786,51.9973,69.418,18.2036,45.50494,,45.50494,0,0
ss,1.8,PSO,12,0,2,50.19456,1.221574,21.32371,51.9726,69.595,18.2101,46.71896,,46.71896,0,0
ss,1.8,PSO,13,0,3,49.2686,1.221305,21.84945,52.1312,68.834,18.1798,40.36448,,40.36448,0,0
ss,1.8,PSO,14,0,3,49.60863,1.221425,21.66372,52.0427,69.151,18.1884,43.53232,,43.53232,0,0
ss,1.8,PSO,15,0,2,49.98583,1.221587,21.28875,51.9688,69.608,18.2072,47.00327,,47.00327,0,0
ss,1.8,PSO,16,0,2,49.99545,1.221587,21.28875,51.97,69.609,18.2071,47.00104,,47.00104000000001,0,0
ss,1.8,PSO,17,0,3,49.00661,1.221183,22.24867,52.1777,68.602,18.1604,37.9755,,37.9755,0,0
ss,1.8,PSO,18,0,3,49.80118,1.221452,21.59377,52.0337,69.218,18.194,43.95263,,43.95263,0,0
ss,1.8,PSO,19,0,3,49.37949,1.221348,21.71471,52.1157,68.914,18.1799,41.17493,,41.17493000000001,0,0
ss,1.8,PSO,20,0,3,49.57582,1.221385,21.73886,52.0631,69.076,18.1958,42.60263,,42.60263,0,0
ss,1.8,PSO,21,0,2,49.90519,1.221569,21.33372,51.9717,69.561,18.2101,46.61338,,46.61338,0,0
ss,1.8,PSO,22,0,2,50.19456,1.221574,21.32371,51.9726,69.595,18.2101,46.71896,,46.71896,0,0
ss,1.8,PSO,23,0,2,50.27261,1.221562,21.36361,51.9798,69.584,18.2086,46.52129,,46.52129,0,0
ss,1.8,PSO,24,0,2,50.02976,1.221211,22.38215,52.4277,69.245,18.185,43.55804,,43.55804,0,0
ss,1.8,PSO,25,0,2,49.74566,1.221502,21.49862,52.0058,69.379,18.201,45.2187,,45.2187,0,0
ss,1.8,PSO,26,0,3,49.64062,1.221405,21.69384,52.0554,69.106,18.1896,43.01534,,43.01534,0,0
ss,1.8,PSO,27,0,2,25.90078,1.220805,24.34062,52.168,64.208,29.3399,28.2242,,28.224199999999996,0,0
ss,1.8,PSO,28,0,2,49.89118,1.221591,21.28372,51.9613,69.612,18.2062,47.13662,,47.13662,0,0
ss,1.8,PSO,29,0,2,24.27458,1.221493,22.06937,52.8417,71.978,18.0883,40.20732,,40.20732,0,0
ss,1.98,ABC,0,0,6,-200.0,,,,,,,timeout,,0,0
ss,1.98,ABC,1,0,6,-200.0,,,,,,,timeout,,0,0
ss,1.98,ABC,2,0,6,-200.0,,,,,,,timeout,,0,0
ss,1.98,ABC,3,0,6,-200.0,,,,,,,timeout,,0,0
ss,1.98,ABC,4,0,6,-200.0,,,,,,,timeout,,0,0
ss,1.98,ABC,5,0,6,-200.0,,,,,,,timeout,,0,0
ss,1.98,ABC,6,0,6,-200.0,,,,,,,timeout,,0,0
ss,1.98,ABC,7,0,6,-200.0,,,,,,,timeout,,0,0
ss,1.98,ABC,8,0,6,-200.0,,,,,,,timeout,,0,0
ss,1.98,ABC,9,0,6,-200.0,,,,,,,timeout,,0,0
ss,1.98,ABC,10,0,6,-200.0,,,,,,,timeout,,0,0
ss,1.98,ABC,11,0,6,-200.0,,,,,,,timeout,,0,0
ss,1.98,ABC,12,0,6,-200.0,,,,,,,timeout,,0,0
ss,1.98,ABC,13,0,6,-200.0,,,,,,,timeout,,0,0
ss,1.98,ABC,14,0,6,-200.0,,,,,,,timeout,,0,0
ss,1.98,ABC,15,0,6,-200.0,,,,,,,timeout,,0,0
ss,1.98,ABC,16,0,6,-200.0,,,,,,,timeout,,0,0
ss,1.98,ABC,17,0,6,-200.0,,,,,,,timeout,,0,0
ss,1.98,ABC,18,0,6,-200.0,,,,,,,timeout,,0,0
ss,1.98,ABC,19,0,6,-200.0,,,,,,,timeout,,0,0
ss,1.98,ABC,20,0,6,-200.0,,,,,,,timeout,,0,0
ss,1.98,ABC,21,0,6,-200.0,,,,,,,timeout,,0,0
ss,1.98,ABC,22,0,6,-200.0,,,,,,,timeout,,0,0
ss,1.98,ABC,23,0,6,-200.0,,,,,,,timeout,,0,0
ss,1.98,ABC,24,0,6,-200.0,,,,,,,timeout,,0,0
ss,1.98,ABC,25,0,6,-200.0,,,,,,,timeout,,0,0
ss,1.98,ABC,26,0,6,-200.0,,,,,,,timeout,,0,0
ss,1.98,ABC,27,0,6,-200.0,,,,,,,timeout,,0,0
ss,1.98,ABC,28,0,6,-200.0,,,,,,,timeout,,0,0
ss,1.98,ABC,29,0,6,-200.0,,,,,,,timeout,,0,0
ss,1.98,ACO,0,0,6,-200.0,,,,,,,timeout,,0,0
ss,1.98,ACO,1,0,6,-200.0,,,,,,,timeout,,0,0
ss,1.98,ACO,2,0,6,-200.0,,,,,,,timeout,,0,0
ss,1.98,ACO,3,0,6,-200.0,,,,,,,timeout,,0,0
ss,1.98,ACO,4,0,6,-200.0,,,,,,,timeout,,0,0
ss,1.98,ACO,5,0,6,-200.0,,,,,,,timeout,,0,0
ss,1.98,ACO,6,0,6,-200.0,,,,,,,timeout,,0,0
ss,1.98,ACO,7,0,6,-200.0,,,,,,,timeout,,0,0
ss,1.98,ACO,8,0,6,-200.0,,,,,,,timeout,,0,0
ss,1.98,ACO,9,0,6,-200.0,,,,,,,timeout,,0,0
ss,1.98,ACO,10,0,6,-200.0,,,,,,,timeout,,0,0
ss,1.98,ACO,11,0,6,-200.0,,,,,,,timeout,,0,0
ss,1.98,ACO,12,0,6,-200.0,,,,,,,timeout,,0,0
ss,1.98,ACO,13,0,3,49.44734,1.221971,21.05887,52.1861,69.276,18.0593,43.43369,,47.777059,0,0
ss,1.98,ACO,14,0,3,50.19585,1.222046,20.94352,52.1361,69.425,18.1003,45.21949,,49.741439,1,0
ss,1.98,ACO,15,0,3,50.08544,1.221981,21.04878,52.1807,69.293,18.0669,43.74002,,48.114022,0,0
ss,1.98,ACO,16,0,3,49.77265,1.221976,21.05383,52.1835,69.283,18.063,43.58956,,47.948516,0,0
ss,1.98,ACO,17,0,3,50.19719,1.222057,20.92349,52.1265,69.453,18.1068,45.51988,,50.071868,1,0
ss,1.98,ACO,18,0,3,50.06231,1.221982,21.04381,52.1809,69.295,18.0671,43.74659,,48.121249,0,0
ss,1.98,ACO,19,0,3,48.50123,1.221952,21.07904,52.1998,69.244,18.05,42.91438,,47.205818,0,0
ss,1.98,ACO,20,0,3,50.18755,1.222018,20.97871,52.1569,69.368,18.0877,44.46218,,48.90839799999999,1,0
ss,1.98,ACO,21,0,3,48.90742,1.221954,21.08893,52.1978,69.249,18.0507,43.05751,,47.363261,0,0
ss,1.98,ACO,22,0,3,49.07309,1.221965,21.0689,52.1907,69.278,18.0604,43.24763,,47.572393000000005,0,0
ss,1.98,ACO,23,0,3,49.78372,1.221976,21.05383,52.1834,69.283,18.0629,43.58612,,47.944732,0,0
ss,1.98,ACO,24,0,3,49.7281,1.221978,21.04883,52.1839,69.286,18.0635,43.60309,,47.963399,0,0
ss,1.98,ACO,25,0,3,50.18272,1.222009,20.99375,52.1618,69.35,18.0832,44.28614,,48.714754000000006,0,0
ss,1.98,ACO,26,0,3,49.77268,1.221976,21.05383,52.1835,69.283,18.063,43.58957,,47.948527,0,0
ss,1.98,ACO,27,0,3,49.03676,1.221967,21.05398,52.1903,69.278,18.0594,43.2752,,47.60272,0,0
ss,1.98,ACO,28,0,3,49.48063,1.221969,21.06387,52.1862,69.275,18.0598,43.41368,,47.755048,0,0
ss,1.98,ACO,29,0,6,-200.0,,,,,,,timeout,,0,0
ss,1.98,FA,0,0,6,-200.0,,,,,,,timeout,,0,0
ss,1.98,FA,1,0,6,-200.0,,,,,,,timeout,,0,0
ss,1.98,FA,2,0,6,-200.0,,,,,,,timeout,,0,0
ss,1.98,FA,3,0,6,-200.0,,,,,,,timeout,,0,0
ss,1.98,FA,4,0,2,28.25335,1.221978,22.96327,52.3046,64.013,27.8921,27.65383,,30.419213,0,0
ss,1.98,FA,5,0,2,27.45752,1.222065,22.88228,52.2964,64.026,28.7068,27.89338,,30.682717999999998,0,0
ss,1.98,FA,6,0,2,50.15424,1.221925,20.99519,52.7412,69.536,18.124,45.61448,,50.175928,1,0
ss,1.98,FA,7,0,2,49.58295,1.221457,22.88871,52.4813,68.431,18.0659,38.69314,,42.562453999999995,0,0
ss,1.98,FA,8,0,2,28.20265,1.221988,22.973,52.298,64.022,28.1669,27.72949,,30.502438999999995,0,0
ss,1.98,FA,9,0,2,27.6627,1.222014,22.97251,52.2891,64.025,28.4135,27.87368,,30.661047999999997,0,0
ss,1.98,FA,10,0,1,29.82424,1.222029,23.06646,52.3038,67.867,26.2854,28.68269,,31.550959,0,0
ss,1.98,FA,11,0,1,29.88373,1.222032,23.07136,52.2911,68.026,26.1581,28.70777,,31.578546999999997,0,0
ss,1.98,FA,12,0,2,50.0683,1.221847,21.36358,52.6925,69.399,18.1135,44.30846,,48.739306,0,0
ss,1.98,FA,13,0,1,44.30784,1.221862,22.90592,52.4478,66.289,19.0978,27.4093,,30.15023,0,0
ss,1.98,FA,14,0,1,24.38956,1.222602,22.79787,52.2367,74.27,30.9279,36.34531,,39.97984099999999,0,0
ss,1.98,FA,15,0,1,41.43405,1.221742,22.99747,52.4529,66.407,18.5231,27.88283,,30.671113,0,0
ss,1.98,FA,16,0,1,28.38426,1.221987,22.97798,52.2999,64.474,27.6193,27.74633,,30.520963,0,0
ss,1.98,FA,17,0,2,47.95442,1.221827,21.01671,53.0313,69.398,18.0614,42.34644,,46.581084,0,0
ss,1.98,FA,18,0,1,37.69199,1.22106,23.64563,52.9064,68.041,18.088,38.29423,,42.123653,0,0
ss,1.98,FA,19,0,2,49.79334,1.221517,22.69409,52.4677,68.616,18.0833,40.00529,,44.005819,0,0
ss,1.98,FA,20,0,2,49.95626,1.221783,21.70201,52.5539,69.214,18.1032,43.24001,,47.564010999999994,0,0
ss,1.98,FA,21,0,1,25.93078,1.222314,23.03629,52.2438,69.46,29.9455,31.59587,,34.755457,0,0
ss,1.98,FA,22,0,2,27.4167,1.22204,22.96706,52.2862,64.045,28.8202,28.04886,,30.853745999999997,0,0
ss,1.98,FA,23,0,2,28.17482,1.221975,22.96828,52.3026,63.997,27.7091,27.61457,,30.376027,0,0
ss,1.98,FA,24,0,1,41.23927,1.221095,23.72436,52.399,68.036,18.1457,44.42603,,48.86863299999999,0,0
ss,1.98,FA,25,0,2,27.52814,1.222031,22.96227,52.2967,64.03,28.7473,27.99574,,30.795314,0,0
ss,1.98,FA,26,0,2,27.64565,1.222015,22.97249,52.2902,64.03,28.4157,27.87764,,30.665403999999995,0,0
ss,1.98,FA,27,0,1,38.03938,1.221025,23.68601,52.9897,68.192,18.126,41.84942,,46.034362,0,0
ss,1.98,FA,28,0,3,50.18203,1.222017,20.96881,52.1747,69.383,18.09,44.44025,,48.884274999999995,0,0
ss,1.98,FA,29,0,1,23.84836,1.222773,22.55182,52.209,76.218,31.1441,38.8246,,42.70705999999999,0,0
ss,1.98,GA,0,0,1,44.98212,1.22186,23.04485,52.4514,66.719,20.1044,27.50405,,30.254455,0,0
ss,1.98,GA,1,0,2,48.72594,1.221383,22.98438,52.6832,67.979,17.9939,33.80863,,37.189493,0,0
ss,1.98,GA,2,0,1,44.9909,1.221868,23.01989,52.4118,66.595,19.8713,27.43126,,30.174386,0,0
ss,1.98,GA,3,0,1,40.80148,1.221547,23.1599,52.5348,66.578,18.2234,28.78466,,31.663125999999995,0,0
ss,1.98,GA,4,0,1,39.36303,1.221678,23.13758,52.5034,66.553,18.2,28.28077,,31.108847,0,0
ss,1.98,GA,5,0,2,44.49156,1.221774,21.52856,52.3999,69.133,18.0736,38.29207,,42.121277,0,0
ss,1.98,GA,6,0,3,48.36679,1.221955,21.15834,52.1964,69.415,18.1407,42.81637,,47.098007,0,0
ss,1.98,GA,7,0,2,44.8849,1.221738,21.58376,52.4431,68.906,17.9707,37.71065,,41.481714999999994,0,0
ss,1.98,GA,8,0,3,50.10624,1.221973,21.0886,52.1868,69.305,18.0773,43.61314,,47.974454,0,0
ss,1.98,GA,9,0,1,43.57023,1.221707,23.10726,52.4765,66.482,18.6277,28.01626,,30.817885999999998,0,0
ss,1.98,GA,10,0,2,49.58769,1.221958,21.09878,52.2069,69.269,18.0604,43.28422,,47.612641999999994,0,0
ss,1.98,GA,11,0,2,45.34608,1.221856,21.24438,52.345,69.186,18.0556,40.30601,,44.336611000000005,0,0
ss,1.98,GA,12,0,2,48.62239,1.221425,22.85954,52.8727,68.256,17.9981,33.61882,,36.980701999999994,0,0
ss,1.98,GA,13,0,3,50.14939,1.221996,21.06836,52.1832,69.356,18.0902,44.3147,,48.74617,0,0
ss,1.98,GA,14,0,2,45.39398,1.221865,21.18966,52.2974,69.085,18.0082,40.52671,,44.579381,0,0
ss,1.98,GA,15,0,2,44.96345,1.221769,21.47408,52.4006,68.943,17.9757,38.52434,,42.376774000000005,0,0
ss,1.98,GA,16,0,1,42.79125,1.221646,23.15306,52.4769,66.812,18.3696,28.41928,,31.261208,0,0
ss,1.98,GA,17,0,2,47.90555,1.221901,21.28328,52.2362,69.3,18.1037,41.89462,,46.084082,0,0
ss,1.98,GA,18,0,1,44.90677,1.221926,22.85513,52.4292,66.539,19.7361,27.25715,,29.982864999999997,0,0
ss,1.98,GA,19,0,1,42.90972,1.221738,23.04219,52.4625,66.253,18.3917,27.86328,,30.649607999999997,0,0
ss,1.98,GA,20,0,2,44.29922,1.221729,21.58392,52.4501,68.865,17.9505,37.12592,,40.838512,0,0
ss,1.98,GA,21,0,1,42.67292,1.222533,21.50032,52.4409,67.359,18.7598,26.10063,,28.710692999999996,0,0
ss,1.98,GA,22,0,1,44.50223,1.22216,22.30527,52.4241,66.801,19.3694,26.73544,,29.408984,0,0
ss,1.98,GA,23,0,2,44.81425,1.221707,21.69344,52.4701,68.817,17.9402,36.77789,,40.455679,0,0
ss,1.98,GA,24,0,2,44.40511,1.221777,21.44914,52.3772,68.991,17.999,38.39094,,42.230033999999996,0,0
ss,1.98,GA,25,0,2,47.74368,1.221916,21.18878,52.221,69.216,18.057,42.12938,,46.342318,0,0
ss,1.98,GA,26,0,2,43.80121,1.22176,21.55857,52.4143,69.12,18.0717,37.53837,,41.292207,0,0
ss,1.98,GA,27,0,2,44.85559,1.221787,21.45392,52.3974,69.078,18.0367,38.78242,,42.660662,0,0
ss,1.98,GA,28,0,2,44.91907,1.221749,21.51411,52.4281,68.86,17.9401,38.03879,,41.842668999999994,0,0
ss,1.98,GA,29,0,1,43.98758,1.221866,21.33349,52.3104,69.535,18.2308,39.70744,,43.678183999999995,0,0
ss,1.98,GWO,0,0,2,48.64991,1.221942,21.12881,52.2009,69.225,18.0454,42.79448,,47.073928,0,0
ss,1.98,GWO,1,0,2,47.95244,1.221933,21.12897,52.2099,69.196,18.0349,42.47523,,46.722753000000004,0,0
ss,1.98,GWO,2,0,2,47.98073,1.221917,21.16892,52.2174,69.167,18.0329,42.24708,,46.471788,0,0
ss,1.98,GWO,3,0,2,47.61372,1.221922,21.16388,52.2155,69.185,18.034,42.19492,,46.414412000000006,0,0
ss,1.98,GWO,4,0,2,48.08446,1.221932,21.12402,52.2128,69.196,18.0379,42.50776,,46.75853599999999,0,0
ss,1.98,GWO,5,0,2,48.39562,1.221937,21.12394,52.2065,69.213,18.0445,42.65561,,46.921171,0,0
ss,1.98,GWO,6,0,2,48.12555,1.221921,21.18373,52.2126,69.176,18.0314,42.33587,,46.569457,0,0
ss,1.98,GWO,7,0,2,47.64643,1.221928,21.12905,52.2145,69.194,18.0374,42.32149,,46.553639,0,0
ss,1.98,GWO,8,0,2,45.85013,1.221906,21.07487,52.2588,69.124,18.0086,41.38639,,45.525028999999996,0,0
ss,1.98,GWO,9,0,2,47.9772,1.221918,21.16891,52.2172,69.166,18.0325,42.25363,,46.478993,0,0
ss,1.98,GWO,10,0,2,47.90803,1.22192,21.15895,52.2183,69.173,18.0338,42.27298,,46.500277999999994,0,0
ss,1.98,GWO,11,0,2,47.69799,1.22192,21.16887,52.2208,69.175,18.0298,42.19609,,46.415699,0,0
ss,1.98,GWO,12,0,2,48.56693,1.221946,21.1089,52.2015,69.245,18.054,42.83932,,47.123252,0,0
ss,1.98,GWO,13,0,2,47.9462,1.221916,21.17886,52.2197,69.175,18.0374,42.21446,,46.435905999999996,0,0
ss,1.98,GWO,14,0,2,47.95046,1.221919,21.15897,52.2171,69.168,18.032,42.27291,,46.500201000000004,0,0
ss,1.98,GWO,15,0,2,48.1592,1.221929,21.13896,52.2119,69.19,18.0371,42.48128,,46.729408,0,0
ss,1.98,GWO,16,0,2,48.23469,1.221924,21.15888,52.2123,69.187,18.0387,42.42733,,46.67006299999999,0,0
ss,1.98,GWO,17,0,2,47.81051,1.221925,21.13407,52.2189,69.18,18.034,42.31926,,46.551186,0,0
ss,1.98,GWO,18,0,2,47.92405,1.221933,21.12897,52.2112,69.207,18.0406,42.45662,,46.702282,0,0
ss,1.98,GWO,19,0,2,48.14949,1.22193,21.13398,52.212,69.19,18.0373,42.48439,,46.732828999999995,0,0
ss,1.98,GWO,20,0,2,47.87635,1.221919,21.16393,52.22,69.166,18.0287,42.24116,,46.465275999999996,0,0
ss,1.98,GWO,21,0,2,48.36436,1.221935,21.13885,52.2091,69.203,18.0376,42.61363,,46.874992999999996,0,0
ss,1.98,GWO,22,0,2,48.00958,1.221914,21.18385,52.2182,69.167,18.0349,42.21083,,46.431913,0,0
ss,1.98,GWO,23,0,2,47.94264,1.221929,21.14888,52.2146,69.193,18.0337,42.40121,,46.641331,0,0
ss,1.98,GWO,24,0,2,47.95034,1.221919,21.15897,52.2171,69.168,18.032,42.27273,,46.50000300000001,0,0
ss,1.98,GWO,25,0,2,48.14894,1.221929,21.134,52.2121,69.191,18.0373,42.48407,,46.732477,0,0
ss,1.98,GWO,26,0,2,47.71609,1.221924,21.13904,52.2239,69.199,18.0429,42.26587,,46.492457,0,0
ss,1.98,GWO,27,0,2,48.99129,1.221943,21.13871,52.2022,69.248,18.0547,42.9023,,47.19253,0,0
ss,1.98,GWO,28,0,2,47.88421,1.221914,21.18385,52.2231,69.18,18.0388,42.15497,,46.370467,0,0
ss,1.98,GWO,29,0,2,47.97496,1.221917,21.16892,52.2173,69.167,18.0327,42.25232,,46.477551999999996,0,0
ss,1.98,PSO,0,0,2,27.13424,1.222072,22.9615,52.2776,64.056,29.2821,28.27368,,31.101048,0,0
ss,1.98,PSO,1,0,3,50.21436,1.222095,20.83853,52.1031,69.538,18.1222,46.24117,,50.865286999999995,1,0
ss,1.98,PSO,2,0,3,49.08036,1.221964,21.06891,52.1908,69.278,18.0606,43.24214,,47.566354,0,0
ss,1.98,PSO,3,0,3,50.21927,1.222132,20.74864,52.0793,69.626,18.1381,46.89961,,51.58957100000001,1,0
ss,1.98,PSO,4,0,2,47.88967,1.221922,21.14404,52.2177,69.172,18.0325,42.29741,,46.527151,0,0
ss,1.98,PSO,5,0,1,45.09678,1.221831,23.07515,52.4342,66.467,19.8203,27.51556,,30.267115999999998,0,0
ss,1.98,PSO,6,0,3,50.07387,1.221982,21.04877,52.1808,69.294,18.067,43.74331,,48.117641,0,0
ss,1.98,PSO,7,0,3,49.80573,1.221975,21.05881,52.1832,69.281,18.0627,43.57921,,47.937131,0,0
ss,1.98,PSO,8,0,3,50.22774,1.222135,20.73867,52.0781,69.62,18.1362,47.02012,,51.722132,1,0
ss,1.98,PSO,9,0,2,49.25819,1.221348,23.22322,52.4817,67.962,18.0327,36.39366,,40.03302599999999,0,0
ss,1.98,PSO,10,0,3,50.22716,1.22214,20.73363,52.0736,69.624,18.1378,47.16018,,51.876197999999995,1,0
ss,1.98,PSO,11,0,3,50.19846,1.222058,20.91851,52.1267,69.455,18.107,45.52735,,50.080085,1,0
ss,1.98,PSO,12,0,3,50.21387,1.222124,20.76861,52.0844,69.608,18.1336,46.74146,,51.415606,1,0
ss,1.98,PSO,13,0,2,45.3862,1.221855,21.20472,52.2974,69.029,17.9849,40.38703,,44.425733,0,0
ss,1.98,PSO,14,0,3,49.88239,1.221972,21.06878,52.1825,69.277,18.062,43.55473,,47.910202999999996,0,0
ss,1.98,PSO,15,0,3,50.22667,1.222136,20.73865,52.0816,69.623,18.1364,47.02576,,51.72833599999999,1,0
ss,1.98,PSO,16,0,3,50.22581,1.222135,20.73867,52.0824,69.623,18.1365,47.02352,,51.725871999999995,1,0
ss,1.98,PSO,17,0,2,44.83132,1.221747,21.50919,52.4037,68.815,17.9186,37.99852,,41.798372,0,0
ss,1.98,PSO,18,0,3,50.11816,1.221997,21.00387,52.171,69.326,18.0762,43.97503,,48.372533,0,0
ss,1.98,PSO,19,0,2,45.77344,1.221895,21.0949,52.2681,69.094,17.9996,41.19737,,45.317107,0,0
ss,1.98,PSO,20,0,2,48.43718,1.221934,21.13887,52.2068,69.212,18.0455,42.62513,,46.887643000000004,0,0
ss,1.98,PSO,21,0,3,50.22333,1.222116,20.78362,52.0908,69.589,18.1301,46.63582,,51.299402,1,0
ss,1.98,PSO,22,0,3,50.21387,1.222124,20.76861,52.0844,69.608,18.1336,46.74146,,51.415606,1,0
ss,1.98,PSO,23,0,3,50.2012,1.222112,20.80849,52.0913,69.588,18.1318,46.54382,,51.198201999999995,1,0
ss,1.98,PSO,24,0,2,50.0207,1.221777,21.78149,52.5399,69.246,18.109,43.5811,,47.939209999999996,0,0
ss,1.98,PSO,25,0,3,50.19954,1.222048,20.9286,52.1368,69.43,18.1008,45.24109,,49.765198999999996,1,0
ss,1.98,PSO,26,0,3,48.96924,1.221952,21.09392,52.1971,69.244,18.05,43.03778,,47.34155799999999,0,0
ss,1.98,PSO,27,0,2,27.11127,1.222075,22.95648,52.2773,64.056,29.2716,28.27091,,31.098000999999996,0,0
ss,1.98,PSO,28,0,3,50.22672,1.22214,20.73363,52.0741,69.624,18.1378,47.15908,,51.874988,1,0
ss,1.98,PSO,29,0,2,23.15493,1.221783,20.84881,53.2988,72.241,18.0116,40.22113,,44.24324300000001,0,0
tt,1.62,ABC,0,0,6,-200.0,,,,,,,timeout,,0,0
tt,1.62,ABC,1,0,6,-200.0,,,,,,,timeout,,0,0
tt,1.62,ABC,2,0,2,24.73085,1.220815,24.53403,50.3953,68.64,20.2069,41.02132,,36.919188,0,0
tt,1.62,ABC,3,0,1,25.09742,1.220563,23.78435,51.4985,68.936,19.4304,42.77099,,38.493891,0,0
tt,1.62,ABC,4,0,1,26.64763,1.220664,23.73274,51.2629,68.857,19.3015,42.65195,,38.386755,0,0
tt,1.62,ABC,5,0,1,25.63241,1.220703,23.70715,51.279,68.848,19.3616,43.35604,,39.020436000000004,0,0
tt,1.62,ABC,6,0,1,26.62893,1.220587,24.02222,51.2722,68.99,19.5078,41.26639,,37.139751000000004,0,0
tt,1.62,ABC,7,0,2,33.56105,1.220695,24.46197,48.7313,69.097,20.2652,38.02354,,34.221185999999996,0,0
tt,1.62,ABC,8,0,6,-200.0,,,,,,,timeout,,0,0
tt,1.62,ABC,9,0,6,-200.0,,,,,,,timeout,,0,0
tt,1.62,ABC,10,0,6,-200.0,,,,,,,timeout,,0,0
tt,1.62,ABC,11,0,6,-200.0,,,,,,,timeout,,0,0
tt,1.62,ABC,12,0,6,-200.0,,,,,,,timeout,,0,0
tt,1.62,ABC,13,0,6,-200.0,,,,,,,timeout,,0,0
tt,1.62,ABC,14,0,6,-200.0,,,,,,,timeout,,0,0
tt,1.62,ABC,15,0,6,-200.0,,,,,,,timeout,,0,0
tt,1.62,ABC,16,0,6,-200.0,,,,,,,timeout,,0,0
tt,1.62,ABC,17,0,6,-200.0,,,,,,,timeout,,0,0
tt,1.62,ABC,18,0,6,-200.0,,,,,,,timeout,,0,0
tt,1.62,ABC,19,0,6,-200.0,,,,,,,timeout,,0,0
tt,1.62,ABC,20,0,6,-200.0,,,,,,,timeout,,0,0
tt,1.62,ABC,21,0,6,-200.0,,,,,,,timeout,,0,0
tt,1.62,ABC,22,0,6,-200.0,,,,,,,timeout,,0,0
tt,1.62,ABC,23,0,6,-200.0,,,,,,,timeout,,0,0
tt,1.62,ABC,24,0,6,-200.0,,,,,,,timeout,,0,0
tt,1.62,ABC,25,0,6,-200.0,,,,,,,timeout,,0,0
tt,1.62,ABC,26,0,6,-200.0,,,,,,,timeout,,0,0
tt,1.62,ABC,27,0,6,-200.0,,,,,,,timeout,,0,0
tt,1.62,ABC,28,0,6,-200.0,,,,,,,timeout,,0,0
tt,1.62,ABC,29,0,6,-200.0,,,,,,,timeout,,0,0
tt,1.62,ACO,0,0,6,-200.0,,,,,,,timeout,,0,0
tt,1.62,ACO,1,0,6,-200.0,,,,,,,timeout,,0,0
tt,1.62,ACO,2,0,6,-200.0,,,,,,,timeout,,0,0
tt,1.62,ACO,3,0,6,-200.0,,,,,,,timeout,,0,0
tt,1.62,ACO,4,0,6,-200.0,,,,,,,timeout,,0,0
tt,1.62,ACO,5,0,6,-200.0,,,,,,,timeout,,0,0
tt,1.62,ACO,6,0,6,-200.0,,,,,,,timeout,,0,0
tt,1.62,ACO,7,0,6,-200.0,,,,,,,timeout,,0,0
tt,1.62,ACO,8,0,6,-200.0,,,,,,,timeout,,0,0
tt,1.62,ACO,9,0,6,-200.0,,,,,,,timeout,,0,0
tt,1.62,ACO,10,0,6,-200.0,,,,,,,timeout,,0,0
tt,1.62,ACO,11,0,6,-200.0,,,,,,,timeout,,0,0
tt,1.62,ACO,12,0,6,-200.0,,,,,,,timeout,,0,0
tt,1.62,ACO,13,0,6,-200.0,,,,,,,timeout,,0,0
tt,1.62,ACO,14,0,6,-200.0,,,,,,,timeout,,0,0
tt,1.62,ACO,15,0,6,-200.0,,,,,,,timeout,,0,0
tt,1.62,ACO,16,0,6,-200.0,,,,,,,timeout,,0,0
tt,1.62,ACO,17,0,6,-200.0,,,,,,,timeout,,0,0
tt,1.62,ACO,18,0,6,-200.0,,,,,,,timeout,,0,0
tt,1.62,ACO,19,0,6,-200.0,,,,,,,timeout,,0,0
tt,1.62,ACO,20,0,6,-200.0,,,,,,,timeout,,0,0
tt,1.62,ACO,21,0,1,27.05833,1.220806,23.73494,50.9918,68.857,19.3314,43.02299,,38.720691,0,0
tt,1.62,ACO,22,0,1,26.95693,1.220797,23.66561,51.0723,68.877,19.2982,43.21244,,38.891196,0,0
tt,1.62,ACO,23,0,1,26.81504,1.220769,23.54701,51.2098,68.882,19.2262,43.54963,,39.194667,0,0
tt,1.62,ACO,24,0,1,26.82131,1.220768,23.52717,51.2216,68.885,19.2196,43.5665,,39.20985,0,0
tt,1.62,ACO,25,0,1,26.87284,1.220713,23.22537,51.4526,68.977,19.0876,44.24665,,39.821985000000005,0,0
tt,1.62,ACO,26,0,1,26.81613,1.220768,23.5371,51.2121,68.882,19.2249,43.55305,,39.197745000000005,0,0
tt,1.62,ACO,27,0,1,26.95529,1.220796,23.64081,51.0892,68.875,19.2875,43.23991,,38.915919,0,0
tt,1.62,ACO,28,0,1,26.872,1.220783,23.61127,51.1356,68.873,19.2643,43.37789,,39.04010100000001,0,0
tt,1.62,ACO,29,0,1,27.06092,1.220807,23.73989,50.9837,68.855,19.3352,43.0133,,38.71197000000001,0,0
tt,1.62,FA,0,0,2,20.53026,1.219113,25.63712,51.8793,64.843,28.0736,27.54455,,24.790095,0,0
tt,1.62,FA,1,0,1,28.17817,1.220507,23.10515,51.7402,69.089,18.9234,43.83796,,39.454164000000006,0,0
tt,1.62,FA,2,0,2,27.1338,1.219473,25.37112,51.9277,64.747,24.4399,25.82901,,23.246109,0,0
tt,1.62,FA,3,0,2,20.50852,1.219715,25.11764,52.0069,76.781,30.0873,40.35686,,36.321174,0,0
tt,1.62,FA,4,0,2,16.59547,1.219088,25.60285,51.5662,64.941,28.491,27.56077,,24.804693,0,0
tt,1.62,FA,5,0,2,16.76851,1.219113,25.51781,51.5797,64.868,29.2654,27.79826,,25.018434,0,0
tt,1.62,FA,6,0,1,46.56522,1.2204,22.22818,52.0714,69.941,18.3488,45.56732,,41.010588,0,0
tt,1.62,FA,7,0,2,45.33649,1.219812,24.22629,51.9671,69.086,18.286,38.64193,,34.777737,0,0
tt,1.62,FA,8,0,2,21.38561,1.219111,25.64213,51.9224,64.742,28.4313,27.63688,,24.873192,0,0
tt,1.62,FA,9,0,2,22.82906,1.219118,25.64199,51.9733,64.665,28.6188,27.78044,,25.002396,0,0
tt,1.62,FA,10,0,2,17.23097,1.219227,25.53531,51.5206,68.946,26.8632,28.59264,,25.733376,0,0
tt,1.62,FA,11,0,2,24.02827,1.219262,25.55943,51.9578,68.851,26.339,28.61878,,25.756902000000004,0,0
tt,1.62,FA,12,0,1,47.8052,1.220301,22.60247,52.0508,69.847,18.3437,44.2606,,39.834540000000004,0,0
tt,1.62,FA,13,0,2,30.90557,1.219432,25.34712,51.7391,67.4,19.636,27.33176,,24.598584,0,0
tt,1.62,FA,14,0,2,16.93356,1.219603,25.03547,51.4087,74.92,31.0756,36.24862,,32.623758,0,0
tt,1.62,FA,15,0,2,36.27668,1.219458,25.3267,51.9771,67.3,18.8747,27.81016,,25.029144,0,0
tt,1.62,FA,16,0,2,19.29593,1.219125,25.62195,51.8115,65.333,28.0161,27.65426,,24.888834,0,0
tt,1.62,FA,17,0,1,26.98553,1.220685,23.40961,51.6323,69.031,19.1713,42.31213,,38.08091700000001,0,0
tt,1.62,FA,18,0,2,34.94555,1.219527,24.9277,52.3763,68.62,18.1831,38.24678,,34.422102,0,0
tt,1.62,FA,19,0,1,45.44357,1.219904,23.98102,51.9556,69.259,18.2797,39.95516,,35.959644000000004,0,0
tt,1.62,FA,20,0,1,46.85484,1.22021,22.95184,51.9529,69.773,18.322,43.1912,,38.872080000000004,0,0
tt,1.62,FA,21,0,2,21.22229,1.219366,25.47275,51.9805,70.08,30.039,31.5009,,28.350810000000003,0,0
tt,1.62,FA,22,0,2,21.48046,1.219119,25.62705,51.94,64.69,29.0507,27.95479,,25.159311,0,0
tt,1.62,FA,23,0,2,18.15401,1.219099,25.62747,51.7319,64.871,28.1859,27.52202,,24.769818000000004,0,0
tt,1.62,FA,24,0,2,35.2963,1.219651,24.98479,51.7172,68.532,18.3626,44.38157,,39.94341300000001,0,0
tt,1.62,FA,25,0,2,16.64826,1.219091,25.5829,51.5593,64.873,29.3089,27.90103,,25.110927,0,0
tt,1.62,FA,26,0,2,22.1836,1.219117,25.63704,51.9553,64.685,28.6436,27.78433,,25.005897,0,0
tt,1.62,FA,27,0,2,35.43449,1.219561,24.90215,52.4189,68.728,18.1781,41.8043,,37.62387,0,0
tt,1.62,FA,28,0,1,27.93806,1.220619,22.91932,51.6483,69.091,18.9271,44.39732,,39.957588,0,0
tt,1.62,FA,29,0,2,20.49114,1.219819,24.81739,52.0191,76.612,30.8725,38.72939,,34.85645100000001,0,0
tt,1.62,GA,0,0,2,34.49828,1.219392,25.51694,51.9423,67.72,20.4913,27.4252,,24.68268,0,0
tt,1.62,GA,1,0,2,43.95889,1.219611,24.63776,52.0746,68.807,18.2665,33.75317,,30.377852999999998,0,0
tt,1.62,GA,2,0,2,37.47905,1.219406,25.4918,51.9605,67.575,20.2301,27.35262,,24.617358000000003,0,0
tt,1.62,GA,3,0,2,34.78717,1.219404,25.33279,51.9815,67.45,18.5616,28.71675,,25.845075000000005,0,0
tt,1.62,GA,4,0,2,33.9953,1.219479,25.35608,51.954,67.43,18.5475,28.21097,,25.389873,0,0
tt,1.62,GA,5,0,2,33.57613,1.220776,24.3412,48.6651,69.321,20.3671,38.2626,,34.43634,0,0
tt,1.62,GA,6,0,1,27.11572,1.220819,23.86376,50.8689,69.066,19.4867,42.78224,,38.504016,0,0
tt,1.62,GA,7,0,2,34.33551,1.220713,24.37721,48.5326,69.157,20.3381,37.68026,,33.912234,0,0
tt,1.62,GA,8,0,1,26.76953,1.220754,23.54729,51.2348,68.915,19.232,43.5762,,39.21858,0,0
tt,1.62,GA,9,0,2,35.80976,1.219421,25.41693,51.9346,67.406,18.9971,27.94356,,25.149204000000005,0,0
tt,1.62,GA,10,0,1,26.8953,1.220771,23.65122,51.1366,68.876,19.2746,43.24838,,38.923542,0,0
tt,1.62,GA,11,0,1,30.18469,1.220896,24.18988,49.6444,69.09,19.91,40.27779,,36.250011,0,0
tt,1.62,GA,12,0,1,44.14859,1.219637,24.53288,52.2737,69.072,18.259,33.56284,,30.206556,0,0
tt,1.62,GA,13,0,1,26.9491,1.220663,23.21639,51.5278,68.999,19.0601,44.27401,,39.846609,0,0
tt,1.62,GA,14,0,1,30.12518,1.220927,24.13963,49.6261,68.974,19.8443,40.49926,,36.449334,0,0
tt,1.62,GA,15,0,2,33.02055,1.220786,24.32114,48.8366,69.083,20.1803,38.49538,,34.645842,0,0
tt,1.62,GA,16,0,2,35.54338,1.219427,25.37705,51.9157,67.737,18.7263,28.34879,,25.513911000000004,0,0
tt,1.62,GA,17,0,1,27.94574,1.220827,24.13664,50.4394,69.02,19.6546,41.86258,,37.676322000000006,0,0
tt,1.62,GA,18,0,2,34.46537,1.219439,25.37183,51.9024,67.545,20.1491,27.17766,,24.459894,0,0
tt,1.62,GA,19,0,2,37.19092,1.219447,25.35178,51.9646,67.153,18.7484,27.79042,,25.011378,0,0
tt,1.62,GA,20,0,2,35.37879,1.220685,24.34798,48.3219,69.18,20.4067,37.0949,,33.38541000000001,0,0
tt,1.62,GA,21,0,1,30.75264,1.219857,24.17074,51.8332,68.361,19.2987,26.01479,,23.413311000000004,0,0
tt,1.62,GA,22,0,2,33.86207,1.219599,24.90138,51.8952,67.805,19.8154,26.65348,,23.988132,0,0
tt,1.62,GA,23,0,2,36.00004,1.220627,24.42361,48.1618,69.199,20.5064,36.74567,,33.071103,0,0
tt,1.62,GA,24,0,2,33.44761,1.220801,24.28113,48.713,69.151,20.241,38.36221,,34.525989,0,0
tt,1.62,GA,25,0,1,27.82061,1.220847,24.02207,50.533,68.91,19.5542,42.09754,,37.887786000000006,0,0
tt,1.62,GA,26,0,2,34.92448,1.220735,24.32216,48.3612,69.406,20.5196,37.50799,,33.757191,0,0
tt,1.62,GA,27,0,2,32.5957,1.220806,24.31578,48.9367,69.189,20.2029,38.75351,,34.878159000000004,0,0
tt,1.62,GA,28,0,2,33.73489,1.220747,24.34178,48.6866,69.057,20.2185,38.0092,,34.20828,0,0
tt,1.62,GA,29,0,2,31.465,1.220915,24.24411,49.1456,69.539,20.2803,39.67954,,35.711586000000004,0,0
tt,1.62,GWO,0,0,1,27.11683,1.220817,23.84891,50.8677,68.851,19.4056,42.76075,,38.484675,0,0
tt,1.62,GWO,1,0,1,27.30164,1.220838,23.92296,50.7324,68.838,19.4683,42.44249,,38.198241,0,0
tt,1.62,GWO,2,0,1,27.7245,1.220843,23.9874,50.5913,68.85,19.5035,42.21506,,37.993553999999996,0,0
tt,1.62,GWO,3,0,1,27.35249,1.220846,24.02209,50.6001,68.837,19.5541,42.1628,,37.94652,0,0
tt,1.62,GWO,4,0,1,27.48275,1.220837,23.8932,50.7399,68.85,19.4403,42.475,,38.2275,0,0
tt,1.62,GWO,5,0,1,27.34577,1.220829,23.86853,50.7973,68.856,19.4214,42.62242,,38.360178000000005,0,0
tt,1.62,GWO,6,0,1,27.24456,1.220832,24.00251,50.6619,68.822,19.5209,42.30333,,38.07299700000001,0,0
tt,1.62,GWO,7,0,1,27.61206,1.220847,23.93768,50.6554,68.863,19.4852,42.28922,,38.060298,0,0
tt,1.62,GWO,8,0,1,28.96133,1.220958,24.03974,50.0031,68.912,19.7007,41.35858,,37.222722000000005,0,0
tt,1.62,GWO,9,0,1,27.72034,1.220844,23.98242,50.5931,68.849,19.502,42.22161,,37.999449,0,0
tt,1.62,GWO,10,0,1,27.70025,1.220844,23.96752,50.614,68.852,19.4936,42.24089,,38.016801,0,0
tt,1.62,GWO,11,0,1,27.38612,1.22084,24.01228,50.6186,68.83,19.5372,42.16387,,37.947483000000005,0,0
tt,1.62,GWO,12,0,1,27.19883,1.22082,23.80913,50.8877,68.871,19.388,42.80551,,38.524959,0,0
tt,1.62,GWO,13,0,1,27.74868,1.220844,24.00227,50.5754,68.862,19.5157,42.1825,,37.96425,0,0
tt,1.62,GWO,14,0,1,27.70432,1.220845,23.97247,50.6061,68.847,19.4951,42.24085,,38.016765,0,0
tt,1.62,GWO,15,0,1,27.50376,1.220837,23.91305,50.7143,68.848,19.4518,42.44864,,38.203776,0,0
tt,1.62,GWO,16,0,1,27.54259,1.220836,23.94286,50.6786,68.852,19.471,42.39481,,38.155329,0,0
tt,1.62,GWO,17,0,1,27.65973,1.220845,23.93772,50.6525,68.851,19.4753,42.28702,,38.058318,0,0
tt,1.62,GWO,18,0,1,27.36458,1.220839,23.92294,50.7209,68.855,19.4734,42.42391,,38.181519,0,0
tt,1.62,GWO,19,0,1,27.50115,1.220837,23.91305,50.7175,68.848,19.4504,42.45174,,38.206566,0,0
tt,1.62,GWO,20,0,1,27.61407,1.220842,23.98245,50.6117,68.842,19.5068,42.20903,,37.988127,0,0
tt,1.62,GWO,21,0,1,27.2102,1.220825,23.89343,50.7967,68.838,19.4382,42.5804,,38.32236,0,0
tt,1.62,GWO,22,0,1,27.75351,1.220842,24.00728,50.5701,68.855,19.5158,42.17886,,37.960974,0,0
tt,1.62,GWO,23,0,1,27.19121,1.220834,23.96275,50.7141,68.828,19.497,42.36849,,38.131641,0,0
tt,1.62,GWO,24,0,1,27.70466,1.220845,23.97247,50.6056,68.847,19.4954,42.24069,,38.01662100000001,0,0
tt,1.62,GWO,25,0,1,27.50129,1.220837,23.91305,50.7176,68.848,19.4504,42.4514,,38.20626,0,0
tt,1.62,GWO,26,0,1,27.68931,1.220843,23.94769,50.6425,68.874,19.4904,42.23362,,38.010258,0,0
tt,1.62,GWO,27,0,1,27.06239,1.220803,23.81443,50.9265,68.868,19.3814,42.86804,,38.581236000000004,0,0
tt,1.62,GWO,28,0,1,27.73485,1.220842,24.0172,50.5601,68.871,19.5356,42.12301,,37.910709000000004,0,0
tt,1.62,GWO,29,0,1,27.72073,1.220844,23.98242,50.5936,68.849,19.5021,42.2203,,37.998270000000005,0,0
tt,1.62,PSO,0,0,2,22.71719,1.219129,25.6169,51.9887,64.626,29.4569,28.17886,,25.360974000000002,0,0
tt,1.62,PSO,1,0,1,33.26741,1.220523,22.23091,51.8623,69.566,18.5573,46.19243,,41.573187000000004,0,0
tt,1.62,PSO,2,0,1,26.95748,1.220797,23.66561,51.069,68.877,19.3003,43.20697,,38.886272999999996,0,0
tt,1.62,PSO,3,0,1,47.88209,1.220486,21.96343,51.9607,70.066,18.3217,46.84835,,42.163515000000004,0,0
tt,1.62,PSO,4,0,1,27.68217,1.220845,23.95757,50.627,68.848,19.4857,42.2653,,38.03877000000001,0,0
tt,1.62,PSO,5,0,2,37.35351,1.219392,25.52688,51.9753,67.456,20.1773,27.43771,,24.693939,0,0
tt,1.62,PSO,6,0,1,26.78269,1.220753,23.47781,51.275,68.898,19.1931,43.70611,,39.335499000000006,0,0
tt,1.62,PSO,7,0,1,26.81309,1.220769,23.55197,51.2053,68.88,19.2287,43.54274,,39.188466000000005,0,0
tt,1.62,PSO,8,0,1,47.32701,1.220494,21.95336,51.9528,70.028,18.3313,46.96902,,42.272118,0,0
tt,1.62,PSO,9,0,2,44.62455,1.219654,24.66671,51.9666,68.716,18.2608,36.34083,,32.706747,0,0
tt,1.62,PSO,10,0,1,47.8457,1.220493,21.93848,51.9597,70.064,18.3178,47.10893,,42.39803700000001,0,0
tt,1.62,PSO,11,0,1,28.96977,1.22058,22.60724,51.7553,69.247,18.7809,45.48173,,40.933557,0,0
tt,1.62,PSO,12,0,1,47.85534,1.220477,21.98842,51.9626,70.052,18.3202,46.6902,,42.02118,0,0
tt,1.62,PSO,13,0,1,30.35513,1.220923,24.14964,49.5521,68.936,19.847,40.35974,,36.323766000000006,0,0
tt,1.62,PSO,14,0,1,26.8082,1.220769,23.57183,51.1903,68.876,19.237,43.51837,,39.166533,0,0
tt,1.62,PSO,15,0,1,47.88191,1.22049,21.9435,51.964,70.059,18.3196,46.97453,,42.277077,0,0
tt,1.62,PSO,16,0,1,47.88895,1.220489,21.94848,51.9666,70.065,18.3172,46.97228,,42.275051999999995,0,0
tt,1.62,PSO,17,0,2,33.95038,1.220754,24.32178,48.6123,69.019,20.2155,37.96918,,34.172262,0,0
tt,1.62,PSO,18,0,1,26.80842,1.220742,23.35887,51.3552,68.937,19.1479,43.9369,,39.54321,0,0
tt,1.62,PSO,19,0,1,29.25647,1.220953,24.05473,49.9216,68.902,19.7118,41.16974,,37.052766,0,0
tt,1.62,PSO,20,0,1,27.36414,1.220828,23.88841,50.7773,68.858,19.4325,42.59203,,38.332827,0,0
tt,1.62,PSO,21,0,1,39.06312,1.220502,22.05749,51.9132,69.812,18.4246,46.58564,,41.927076,0,0
tt,1.62,PSO,22,0,1,47.85534,1.220477,21.98842,51.9626,70.052,18.3202,46.6902,,42.02118,0,0
tt,1.62,PSO,23,0,1,47.79295,1.220467,22.04323,51.9662,70.043,18.3217,46.4926,,41.843340000000005,0,0
tt,1.62,PSO,24,0,1,46.54386,1.220208,23.00154,51.9683,69.775,18.2964,43.53246,,39.179214,0,0
tt,1.62,PSO,25,0,1,28.15321,1.220612,22.74567,51.703,69.161,18.8591,45.19687,,40.67718299999999,0,0
tt,1.62,PSO,26,0,1,27.06387,1.220807,23.74981,50.9759,68.854,19.339,43.00335,,38.70301499999999,0,0
tt,1.62,PSO,27,0,2,22.71849,1.21913,25.61688,51.9884,64.625,29.4449,28.17603,,25.358427000000002,0,0
tt,1.62,PSO,28,0,1,47.87121,1.220493,21.93848,51.9611,70.067,18.3165,47.10782,,42.397038,0,0
tt,1.62,PSO,29,0,2,21.90938,1.221732,21.81205,48.0621,72.74,18.7923,40.22343,,36.20108700000001,0,0
tt,1.8,ABC,0,0,6,-200.0,,,,,,,timeout,,0,0
tt,1.8,ABC,1,0,6,-200.0,,,,,,,timeout,,0,0
tt,1.8,ABC,2,0,6,-200.0,,,,,,,timeout,,0,0
tt,1.8,ABC,3,0,6,-200.0,,,,,,,timeout,,0,0
tt,1.8,ABC,4,0,6,-200.0,,,,,,,timeout,,0,0
tt,1.8,ABC,5,0,6,-200.0,,,,,,,timeout,,0,0
tt,1.8,ABC,6,0,6,-200.0,,,,,,,timeout,,0,0
tt,1.8,ABC,7,0,6,-200.0,,,,,,,timeout,,0,0
tt,1.8,ABC,8,0,6,-200.0,,,,,,,timeout,,0,0
tt,1.8,ABC,9,0,6,-200.0,,,,,,,timeout,,0,0
tt,1.8,ABC,10,0,6,-200.0,,,,,,,timeout,,0,0
tt,1.8,ABC,11,0,6,-200.0,,,,,,,timeout,,0,0
tt,1.8,ABC,12,0,6,-200.0,,,,,,,timeout,,0,0
tt,1.8,ABC,13,0,6,-200.0,,,,,,,timeout,,0,0
tt,1.8,ABC,14,0,6,-200.0,,,,,,,timeout,,0,0
tt,1.8,ABC,15,0,6,-200.0,,,,,,,timeout,,0,0
tt,1.8,ABC,16,0,6,-200.0,,,,,,,timeout,,0,0
tt,1.8,ABC,17,0,6,-200.0,,,,,,,timeout,,0,0
tt,1.8,ABC,18,0,6,-200.0,,,,,,,timeout,,0,0
tt,1.8,ABC,19,0,6,-200.0,,,,,,,timeout,,0,0
tt,1.8,ABC,20,0,6,-200.0,,,,,,,timeout,,0,0
tt,1.8,ABC,21,0,6,-200.0,,,,,,,timeout,,0,0
tt,1.8,ABC,22,0,6,-200.0,,,,,,,timeout,,0,0
tt,1.8,ABC,23,0,6,-200.0,,,,,,,timeout,,0,0
tt,1.8,ABC,24,0,6,-200.0,,,,,,,timeout,,0,0
tt,1.8,ABC,25,0,6,-200.0,,,,,,,timeout,,0,0
tt,1.8,ABC,26,0,6,-200.0,,,,,,,timeout,,0,0
tt,1.8,ABC,27,0,6,-200.0,,,,,,,timeout,,0,0
tt,1.8,ABC,28,0,6,-200.0,,,,,,,timeout,,0,0
tt,1.8,ABC,29,0,6,-200.0,,,,,,,timeout,,0,0
tt,1.8,ACO,0,0,6,-200.0,,,,,,,timeout,,0,0
tt,1.8,ACO,1,0,6,-200.0,,,,,,,timeout,,0,0
tt,1.8,ACO,2,0,6,-200.0,,,,,,,timeout,,0,0
tt,1.8,ACO,3,0,6,-200.0,,,,,,,timeout,,0,0
tt,1.8,ACO,4,0,6,-200.0,,,,,,,timeout,,0,0
tt,1.8,ACO,5,0,6,-200.0,,,,,,,timeout,,0,0
tt,1.8,ACO,6,0,6,-200.0,,,,,,,timeout,,0,0
tt,1.8,ACO,7,0,6,-200.0,,,,,,,timeout,,0,0
tt,1.8,ACO,8,0,6,-200.0,,,,,,,timeout,,0,0
tt,1.8,ACO,9,0,6,-200.0,,,,,,,timeout,,0,0
tt,1.8,ACO,10,0,6,-200.0,,,,,,,timeout,,0,0
tt,1.8,ACO,11,0,6,-200.0,,,,,,,timeout,,0,0
tt,1.8,ACO,12,0,6,-200.0,,,,,,,timeout,,0,0
tt,1.8,ACO,13,0,6,-200.0,,,,,,,timeout,,0,0
tt,1.8,ACO,14,0,6,-200.0,,,,,,,timeout,,0,0
tt,1.8,ACO,15,0,6,-200.0,,,,,,,timeout,,0,0
tt,1.8,ACO,16,0,6,-200.0,,,,,,,timeout,,0,0
tt,1.8,ACO,17,1,0,50.74961,1.22095,21.52819,52.2022,69.673,18.2,45.49077,,45.49077,0,1
tt,1.8,ACO,18,0,6,-200.0,,,,,,,timeout,,0,0
tt,1.8,ACO,19,1,0,51.08292,1.220861,21.69855,52.2,69.43,18.202,42.88585,,42.88585,0,1
tt,1.8,ACO,20,1,0,50.90437,1.220918,21.58336,52.2001,69.569,18.2032,44.43334,,44.43334,0,1
tt,1.8,ACO,21,0,6,-200.0,,,,,,,timeout,,0,0
tt,1.8,ACO,22,1,0,51.04605,1.220872,21.68346,52.2004,69.456,18.2043,43.21904,,43.21904,0,1
tt,1.8,ACO,23,1,0,51.00851,1.220881,21.66841,52.2019,69.467,18.2,43.55748,,43.55748,0,1
tt,1.8,ACO,24,1,0,51.00845,1.220883,21.65844,52.2027,69.471,18.2,43.57445,,43.57445,0,1
tt,1.8,ACO,25,1,0,50.92631,1.220911,21.60334,52.2003,69.547,18.2029,44.25736,,44.25736,0,1
tt,1.8,ACO,26,1,0,51.00856,1.220882,21.66839,52.2021,69.468,18.2,43.56092,,43.56092,0,1
tt,1.8,ACO,27,1,0,51.04665,1.220875,21.66851,52.2001,69.459,18.2026,43.24662,,43.24662,0,1
tt,1.8,ACO,28,1,0,51.02927,1.220876,21.68339,52.2002,69.457,18.2002,43.38506,,43.38506,0,1
tt,1.8,ACO,29,1,0,51.06501,1.220862,21.71342,52.2013,69.428,18.2,43.01921,,43.01921,0,1
tt,1.8,FA,0,1,0,26.66254,1.220359,24.19556,52.2,64.266,27.929,27.59045,,27.59045,0,1
tt,1.8,FA,1,1,0,50.61878,1.220844,21.84281,52.3102,69.563,18.2029,43.85333,,43.85333000000001,0,1
tt,1.8,FA,2,1,0,36.68905,1.220669,23.89152,52.2001,64.2,23.9464,25.87324,,25.87324,0,1
tt,1.8,FA,3,1,0,23.31635,1.220917,23.9512,52.2,76.415,30.2822,40.40125,,40.40125,0,1
tt,1.8,FA,4,1,0,26.43872,1.220356,24.19562,52.2,64.202,28.0746,27.60743,,27.60743,0,1
tt,1.8,FA,5,1,0,25.89724,1.220411,24.11508,52.2,64.2,28.8515,27.84591,,27.84591,0,1
tt,1.8,FA,6,1,0,50.4619,1.220926,21.58818,52.3307,69.811,18.2,45.58905,,45.58905000000001,0,1
tt,1.8,FA,7,1,0,49.60782,1.220407,23.5093,52.2075,68.766,18.2,38.666,,38.666,0,1
tt,1.8,FA,8,1,0,26.49003,1.220361,24.19552,52.2,64.206,28.3349,27.68288,,27.68288,0,1
tt,1.8,FA,9,1,0,26.30161,1.220375,24.19525,52.2,64.201,28.5669,27.8267,,27.8267,0,1
tt,1.8,FA,10,1,0,27.75082,1.220448,24.1938,52.2009,68.078,26.5032,28.63769,,28.63769,0,1
tt,1.8,FA,11,1,0,28.12838,1.220453,24.19867,52.2015,68.227,26.3748,28.66282,,28.66282,0,1
tt,1.8,FA,12,1,0,50.34025,1.220838,21.95213,52.3118,69.682,18.2,44.28268,,44.282680000000006,0,1
tt,1.8,FA,13,1,0,44.08431,1.220459,24.06943,52.2,66.7,19.0787,27.37028,,27.37028,0,1
tt,1.8,FA,14,1,0,23.47363,1.220919,23.88166,52.2,74.326,30.8528,36.29684,,36.29684,0,1
tt,1.8,FA,15,1,0,40.80869,1.220402,24.12022,52.2002,66.83,18.5173,27.84591,,27.84591,0,1
tt,1.8,FA,16,1,0,26.70528,1.220371,24.19532,52.2,64.674,27.8085,27.70015,,27.70015,0,1
tt,1.8,FA,17,1,0,49.53205,1.220835,21.59972,52.6046,69.617,18.2,42.32122,,42.32122,0,1
tt,1.8,FA,18,1,0,36.55035,1.220079,24.19615,52.6593,68.363,18.2,38.26937,,38.26937,0,1
tt,1.8,FA,19,1,0,48.88544,1.220481,23.27945,52.2,68.938,18.2001,39.97861,,39.97861,0,1
tt,1.8,FA,20,1,0,50.18999,1.220762,22.29109,52.2006,69.504,18.2,43.21382,,43.21382,0,1
tt,1.8,FA,21,1,0,24.94752,1.220641,24.16515,52.2,69.566,30.0153,31.54777,,31.54777,0,1
tt,1.8,FA,22,1,0,26.06138,1.220389,24.19497,52.2,64.2,28.9576,28.0015,,28.0015,0,1
tt,1.8,FA,23,1,0,26.58978,1.220355,24.19564,52.2002,64.201,27.8952,27.56824,,27.56824,0,1
tt,1.8,FA,24,1,0,40.13981,1.220134,24.19506,52.2,68.3,18.2,44.40182,,44.40182,0,1
tt,1.8,FA,25,1,0,25.87668,1.220384,24.1901,52.2,64.2,28.8892,27.94847,,27.94847,0,1
tt,1.8,FA,26,1,0,26.27319,1.220376,24.19523,52.2,64.202,28.5682,27.83066,,27.83066,0,1
tt,1.8,FA,27,0,1,37.01647,1.220072,24.19132,52.7529,68.475,18.1999,41.8255,,41.8255,0,0
tt,1.8,FA,28,1,0,50.80658,1.220916,21.57843,52.2222,69.597,18.2,44.41138,,44.41138,0,1
tt,1.8,FA,29,1,0,23.20402,1.221086,23.62031,52.2,76.248,31.037,38.77598,,38.77598,0,1
tt,1.8,GA,0,1,0,44.87954,1.220434,24.19904,52.2427,67.1,20.0718,27.46424,,27.464239999999997,0,1
tt,1.8,GA,1,1,0,48.64913,1.220282,23.76997,52.3522,68.439,18.2002,33.77975,,33.77975,0,1
tt,1.8,GA,2,1,0,44.90026,1.220442,24.17405,52.2096,66.998,19.8409,27.39148,,27.39148,0,1
tt,1.8,GA,3,1,0,39.96173,1.220278,24.19717,52.2756,66.956,18.2098,28.75012,,28.75012,0,1
tt,1.8,GA,4,1,0,38.50478,1.22038,24.19515,52.2109,66.943,18.2,28.24528,,28.24528,0,1
tt,1.8,GA,5,1,0,50.93697,1.22069,22.25766,52.2328,69.289,18.348,38.26377,,38.26377,0,1
tt,1.8,GA,6,1,0,50.98441,1.220858,21.77803,52.2013,69.586,18.2934,42.78764,,42.78764,0,1
tt,1.8,GA,7,1,0,50.98432,1.220658,22.33271,52.2394,69.074,18.2589,37.68248,,37.68248,0,1
tt,1.8,GA,8,1,0,50.96871,1.220877,21.69826,52.2087,69.491,18.2124,43.58443,,43.58443,0,1
tt,1.8,GA,9,1,0,42.70675,1.220367,24.1954,52.2178,66.889,18.6103,27.97936,,27.97936,0,1
tt,1.8,GA,10,1,0,51.00496,1.220865,21.71337,52.2195,69.451,18.2027,43.2556,,43.25560000000001,0,1
tt,1.8,GA,11,1,0,50.94764,1.220776,21.90857,52.2578,69.345,18.2716,40.27784,,40.27784,0,1
tt,1.8,GA,12,1,0,48.54663,1.220316,23.66004,52.5471,68.689,18.2003,33.58969,,33.58969,0,1
tt,1.8,GA,13,1,0,50.84298,1.220895,21.67312,52.2281,69.558,18.207,44.28583,,44.28583,0,1
tt,1.8,GA,14,1,0,51.0549,1.220788,21.85374,52.2083,69.237,18.224,40.49867,,40.49867,0,1
tt,1.8,GA,15,1,0,51.03767,1.220693,22.19306,52.2331,69.104,18.241,38.49629,,38.49629,0,1
tt,1.8,GA,16,1,0,41.96735,1.220339,24.19596,52.2169,67.224,18.3519,28.38348,,28.38348,0,1
tt,1.8,GA,17,1,0,51.02065,1.220807,21.91794,52.2183,69.473,18.2783,41.86598,,41.86598,0,1
tt,1.8,GA,18,1,0,44.80205,1.220491,24.03901,52.2117,66.921,19.709,27.21703,,27.21703,0,1
tt,1.8,GA,19,1,0,42.35328,1.220394,24.13528,52.2002,66.648,18.3794,27.82625,,27.82625,0,1
tt,1.8,GA,20,1,0,51.02928,1.22065,22.35769,52.2091,69.041,18.2551,37.09778,,37.09778,0,1
tt,1.8,GA,21,1,0,41.85476,1.221011,22.76802,52.2001,67.738,18.7765,26.05759,,26.05759,0,1
tt,1.8,GA,22,1,0,43.90007,1.22069,23.54356,52.2004,67.209,19.3598,26.69416,,26.69416,0,1
tt,1.8,GA,23,1,0,50.95678,1.220623,22.48231,52.2126,68.994,18.2598,36.74963,,36.74963,0,1
tt,1.8,GA,24,1,0,51.07989,1.2207,22.17803,52.2009,69.148,18.2703,38.36288,,38.36288,0,1
tt,1.8,GA,25,1,0,51.10961,1.220826,21.81335,52.2027,69.39,18.2281,42.10088,,42.10088,0,1
tt,1.8,GA,26,1,0,50.95247,1.220674,22.32249,52.2089,69.287,18.3734,37.51002,,37.51002,0,1
tt,1.8,GA,27,1,0,50.96612,1.220706,22.16303,52.2492,69.237,18.2942,38.75423,,38.75423,0,1
tt,1.8,GA,28,1,0,51.05366,1.220673,22.253,52.2347,69.028,18.2174,38.01078,,38.01078,0,1
tt,1.8,GA,29,1,0,50.84598,1.220774,22.01286,52.2147,69.669,18.4673,39.67889,,39.67889,0,1
tt,1.8,GWO,0,1,0,51.06659,1.22085,21.74838,52.2001,69.413,18.2039,42.76591,,42.76591,0,1
tt,1.8,GWO,1,1,0,51.09565,1.220843,21.75347,52.2001,69.379,18.2005,42.44672,,42.44672,0,1
tt,1.8,GWO,2,1,0,51.12837,1.220829,21.78847,52.2003,69.343,18.2019,42.21862,,42.21862,0,1
tt,1.8,GWO,3,1,0,51.08262,1.220831,21.78844,52.2,69.362,18.2059,42.1664,,42.1664,0,1
tt,1.8,GWO,4,1,0,51.11616,1.220843,21.74354,52.2019,69.377,18.2001,42.4793,,42.4793,0,1
tt,1.8,GWO,5,1,0,51.09794,1.220846,21.74846,52.2001,69.396,18.2035,42.6271,,42.6271,0,1
tt,1.8,GWO,6,1,0,51.06719,1.22083,21.80831,52.2012,69.356,18.2003,42.30734,,42.30734,0,1
tt,1.8,GWO,7,1,0,51.12383,1.22084,21.74856,52.2,69.376,18.2067,42.29303,,42.29303,0,1
tt,1.8,GWO,8,1,0,51.02448,1.220828,21.71899,52.2002,69.283,18.2081,41.35829,,41.35829,0,1
tt,1.8,GWO,9,1,0,51.13029,1.220829,21.78847,52.2001,69.343,18.2014,42.22517,,42.22517,0,1
tt,1.8,GWO,10,1,0,51.12963,1.220832,21.77353,52.2016,69.35,18.2019,42.24454,,42.24454,0,1
tt,1.8,GWO,11,1,0,51.08225,1.22083,21.79342,52.2053,69.354,18.2012,42.16759,,42.16759,0,1
tt,1.8,GWO,12,1,0,51.07794,1.220855,21.72347,52.2002,69.43,18.2084,42.81077,,42.81077,0,1
tt,1.8,GWO,13,1,0,51.11745,1.220827,21.79844,52.2022,69.351,18.2071,42.18599,,42.18599,0,1
tt,1.8,GWO,14,1,0,51.13224,1.220831,21.78347,52.2003,69.344,18.2003,42.24447,,42.24447,0,1
tt,1.8,GWO,15,1,0,51.11702,1.22084,21.75849,52.2006,69.369,18.2003,42.4528,,42.4528,0,1
tt,1.8,GWO,16,1,0,51.1108,1.220835,21.77844,52.2002,69.365,18.2034,42.39884,,42.39884,0,1
tt,1.8,GWO,17,1,0,51.13134,1.220837,21.75358,52.2031,69.359,18.2004,42.29082,,42.29082,0,1
tt,1.8,GWO,18,1,0,51.09589,1.220842,21.75349,52.2011,69.39,18.2066,42.42811,,42.42811,0,1
tt,1.8,GWO,19,1,0,51.11682,1.22084,21.75353,52.2007,69.37,18.2003,42.45592,,42.45592,0,1
tt,1.8,GWO,20,1,0,51.11567,1.22083,21.78846,52.2042,69.346,18.2003,42.2127,,42.2127,0,1
tt,1.8,GWO,21,1,0,51.07909,1.220844,21.75842,52.2035,69.388,18.2,42.5851,,42.5851,0,1
tt,1.8,GWO,22,1,0,51.12367,1.220826,21.80838,52.2006,69.343,18.2048,42.18237,,42.18237,0,1
tt,1.8,GWO,23,1,0,51.07291,1.220838,21.77342,52.2043,69.374,18.2004,42.3727,,42.3727,0,1
tt,1.8,GWO,24,1,0,51.13184,1.220831,21.78347,52.2003,69.344,18.2004,42.24429,,42.24429,0,1
tt,1.8,GWO,25,1,0,51.11668,1.22084,21.75353,52.2008,69.37,18.2004,42.45559,,42.45559,0,1
tt,1.8,GWO,26,1,0,51.11878,1.220835,21.76354,52.2077,69.378,18.2098,42.23741,,42.23741,0,1
tt,1.8,GWO,27,1,0,51.04098,1.220851,21.7583,52.2054,69.43,18.2101,42.87371,,42.87371,0,1
tt,1.8,GWO,28,1,0,51.10536,1.220824,21.81338,52.2061,69.36,18.2125,42.1265,,42.1265,0,1
tt,1.8,GWO,29,1,0,51.12955,1.220829,21.78847,52.2003,69.343,18.2016,42.22386,,42.22386,0,1
tt,1.8,PSO,0,1,0,25.91322,1.220408,24.18466,52.2,64.2,29.4001,28.22585,,28.22585,0,1
tt,1.8,PSO,1,0,1,50.66137,1.220982,21.43828,52.1999,69.771,18.2006,46.21189,,46.21189,0,0
tt,1.8,PSO,2,1,0,51.0458,1.220872,21.68842,52.2002,69.456,18.2048,43.21354,,43.21354,0,1
tt,1.8,PSO,3,1,0,50.52877,1.221013,21.34839,52.2,69.874,18.2026,46.87011,,46.87011,0,1
tt,1.8,PSO,4,1,0,51.13335,1.220834,21.76853,52.2013,69.35,18.2,42.26897,,42.26897,0,1
tt,1.8,PSO,5,1,0,45.00197,1.220416,24.17953,52.2221,66.872,19.7902,27.47615,,27.47615,0,1
tt,1.8,PSO,6,1,0,50.98598,1.220886,21.65839,52.2041,69.481,18.2,43.71464,,43.71464000000001,0,1
tt,1.8,PSO,7,1,0,51.00833,1.220881,21.67337,52.2016,69.465,18.2,43.55057,,43.55057,0,1
tt,1.8,PSO,8,1,0,50.55076,1.221016,21.33841,52.2,69.864,18.2,46.99062,,46.99062,0,1
tt,1.8,PSO,9,1,0,49.24248,1.22028,23.88424,52.202,68.342,18.2,36.36589,,36.36589,0,1
tt,1.8,PSO,10,1,0,50.53765,1.221019,21.3334,52.2,69.869,18.2,47.13064,,47.13064000000001,0,1
tt,1.8,PSO,11,1,0,50.74975,1.220951,21.52321,52.2025,69.675,18.2,45.49826,,45.49826000000001,0,1
tt,1.8,PSO,12,1,0,50.52217,1.221005,21.37335,52.2018,69.862,18.2,46.71198,,46.71198,0,1
tt,1.8,PSO,13,1,0,51.09186,1.220781,21.86876,52.2004,69.182,18.2036,40.35906,,40.35906,0,1
tt,1.8,PSO,14,1,0,51.00705,1.220878,21.68335,52.2006,69.46,18.2,43.52609,,43.52609,0,1
tt,1.8,PSO,15,1,0,50.53772,1.221016,21.33345,52.2047,69.869,18.2,46.99624,,46.99624,0,1
tt,1.8,PSO,16,1,0,50.53455,1.221015,21.33843,52.2058,69.87,18.2,46.994,,46.994,0,1
tt,1.8,PSO,17,1,0,51.11983,1.220674,22.24802,52.202,68.979,18.2,37.97057,,37.97057,0,1
tt,1.8,PSO,18,1,0,50.96809,1.220901,21.61345,52.2003,69.517,18.203,43.9463,,43.9463,0,1
tt,1.8,PSO,19,1,0,51.05376,1.220819,21.73901,52.2003,69.248,18.2,41.16933,,41.16933000000001,0,1
tt,1.8,PSO,20,1,0,51.09567,1.220844,21.75842,52.2,69.393,18.2053,42.59662,,42.59662,0,1
tt,1.8,PSO,21,1,0,50.60674,1.221,21.3784,52.2,69.83,18.2007,46.60643,,46.60643,0,1
tt,1.8,PSO,22,1,0,50.52217,1.221005,21.37335,52.2018,69.862,18.2,46.71198,,46.71198,0,1
tt,1.8,PSO,23,1,0,50.50746,1.220994,21.40829,52.2055,69.844,18.2,46.51436,,46.51436,0,1
tt,1.8,PSO,24,1,0,50.22872,1.22076,22.35071,52.2068,69.528,18.2,43.55505,,43.55505,0,1
tt,1.8,PSO,25,1,0,50.79431,1.220943,21.53328,52.2034,69.645,18.2,45.21208,,45.21208,0,1
tt,1.8,PSO,26,1,0,51.06482,1.22086,21.71346,52.2008,69.426,18.2,43.00924,,43.00924,0,1
tt,1.8,PSO,27,1,0,25.91319,1.22041,24.17965,52.2,64.201,29.3889,28.22306,,28.223059999999997,0,1
tt,1.8,PSO,28,1,0,50.53575,1.221019,21.32843,52.2005,69.869,18.2,47.12954,,47.12954,0,1
tt,1.8,PSO,29,1,0,24.30589,1.221112,21.95714,52.6138,72.343,18.2002,40.20665,,40.20665,0,1
tt,1.98,ABC,0,0,6,-200.0,,,,,,,timeout,,0,0
tt,1.98,ABC,1,0,6,-200.0,,,,,,,timeout,,0,0
tt,1.98,ABC,2,0,6,-200.0,,,,,,,timeout,,0,0
tt,1.98,ABC,3,0,6,-200.0,,,,,,,timeout,,0,0
tt,1.98,ABC,4,0,6,-200.0,,,,,,,timeout,,0,0
tt,1.98,ABC,5,0,6,-200.0,,,,,,,timeout,,0,0
tt,1.98,ABC,6,0,6,-200.0,,,,,,,timeout,,0,0
tt,1.98,ABC,7,0,6,-200.0,,,,,,,timeout,,0,0
tt,1.98,ABC,8,0,6,-200.0,,,,,,,timeout,,0,0
tt,1.98,ABC,9,0,6,-200.0,,,,,,,timeout,,0,0
tt,1.98,ABC,10,0,6,-200.0,,,,,,,timeout,,0,0
tt,1.98,ABC,11,0,6,-200.0,,,,,,,timeout,,0,0
tt,1.98,ABC,12,0,6,-200.0,,,,,,,timeout,,0,0
tt,1.98,ABC,13,0,6,-200.0,,,,,,,timeout,,0,0
tt,1.98,ABC,14,0,6,-200.0,,,,,,,timeout,,0,0
tt,1.98,ABC,15,0,2,46.2727,1.221353,21.38711,52.4805,69.566,18.0701,41.4733,,45.620630000000006,0,0
tt,1.98,ABC,16,0,6,-200.0,,,,,,,timeout,,0,0
tt,1.98,ABC,17,0,6,-200.0,,,,,,,timeout,,0,0
tt,1.98,ABC,18,0,6,-200.0,,,,,,,timeout,,0,0
tt,1.98,ABC,19,0,6,-200.0,,,,,,,timeout,,0,0
tt,1.98,ABC,20,0,6,-200.0,,,,,,,timeout,,0,0
tt,1.98,ABC,21,0,6,-200.0,,,,,,,timeout,,0,0
tt,1.98,ABC,22,0,6,-200.0,,,,,,,timeout,,0,0
tt,1.98,ABC,23,0,6,-200.0,,,,,,,timeout,,0,0
tt,1.98,ABC,24,0,6,-200.0,,,,,,,timeout,,0,0
tt,1.98,ABC,25,0,6,-200.0,,,,,,,timeout,,0,0
tt,1.98,ABC,26,0,6,-200.0,,,,,,,timeout,,0,0
tt,1.98,ABC,27,0,6,-200.0,,,,,,,timeout,,0,0
tt,1.98,ABC,28,0,6,-200.0,,,,,,,timeout,,0,0
tt,1.98,ABC,29,0,6,-200.0,,,,,,,timeout,,0,0
tt,1.98,ACO,0,0,6,-200.0,,,,,,,timeout,,0,0
tt,1.98,ACO,1,0,6,-200.0,,,,,,,timeout,,0,0
tt,1.98,ACO,2,0,6,-200.0,,,,,,,timeout,,0,0
tt,1.98,ACO,3,0,6,-200.0,,,,,,,timeout,,0,0
tt,1.98,ACO,4,0,6,-200.0,,,,,,,timeout,,0,0
tt,1.98,ACO,5,0,6,-200.0,,,,,,,timeout,,0,0
tt,1.98,ACO,6,0,6,-200.0,,,,,,,timeout,,0,0
tt,1.98,ACO,7,0,6,-200.0,,,,,,,timeout,,0,0
tt,1.98,ACO,8,0,6,-200.0,,,,,,,timeout,,0,0
tt,1.98,ACO,9,0,6,-200.0,,,,,,,timeout,,0,0
tt,1.98,ACO,10,0,6,-200.0,,,,,,,timeout,,0,0
tt,1.98,ACO,11,0,6,-200.0,,,,,,,timeout,,0,0
tt,1.98,ACO,12,0,6,-200.0,,,,,,,timeout,,0,0
tt,1.98,ACO,13,0,6,-200.0,,,,,,,timeout,,0,0
tt,1.98,ACO,14,0,6,-200.0,,,,,,,timeout,,0,0
tt,1.98,ACO,15,0,2,49.00384,1.221428,21.08808,52.3395,69.583,18.0755,43.73363,,48.106992999999996,0,0
tt,1.98,ACO,16,0,2,48.68384,1.221424,21.07823,52.3382,69.568,18.0721,43.58318,,47.941497999999996,0,0
tt,1.98,ACO,17,0,2,50.301,1.221492,20.97286,52.3292,69.709,18.1109,45.51304,,50.06434399999999,1,0
tt,1.98,ACO,18,0,2,48.98248,1.221429,21.0831,52.3398,69.585,18.0758,43.7402,,48.11422,0,0
tt,1.98,ACO,19,0,2,47.42167,1.221405,21.11329,52.3377,69.525,18.0652,42.90817,,47.198987,0,0
tt,1.98,ACO,20,0,2,49.92452,1.22146,21.01807,52.3322,69.65,18.0984,44.45559,,48.901149000000004,1,0
tt,1.98,ACO,21,0,2,47.81302,1.221407,21.12318,52.3399,69.526,18.0645,43.05128,,47.356407999999995,0,0
tt,1.98,ACO,22,0,2,47.98595,1.221416,21.10318,52.3372,69.555,18.0725,43.24135,,47.565484999999995,0,0
tt,1.98,ACO,23,0,2,48.69397,1.221424,21.09311,52.3381,69.568,18.072,43.57976,,47.937736,0,0
tt,1.98,ACO,24,0,2,48.64307,1.221426,21.08316,52.3386,69.572,18.0726,43.59672,,47.956391999999994,0,0
tt,1.98,ACO,25,0,2,49.68243,1.221452,21.03805,52.3331,69.636,18.0934,44.2796,,48.70756,0,0
tt,1.98,ACO,26,0,2,48.68387,1.221424,21.08815,52.3382,69.568,18.0721,43.5832,,47.94152,0,0
tt,1.98,ACO,27,0,2,47.95398,1.221418,21.09322,52.3368,69.556,18.0715,43.26892,,47.595812,0,0
tt,1.98,ACO,28,0,2,48.38603,1.221419,21.10312,52.3368,69.555,18.0704,43.40736,,47.748096,0,0
tt,1.98,ACO,29,0,2,47.84108,1.221406,21.12816,52.3396,69.523,18.0641,43.04155,,47.345704999999995,0,0
tt,1.98,FA,0,0,2,28.33328,1.22158,22.81199,52.3233,64.076,27.8218,27.63549,,30.399039,0,0
tt,1.98,FA,1,0,2,50.16872,1.221396,21.25735,52.4399,69.613,18.1047,43.87592,,48.263512,0,0
tt,1.98,FA,2,0,2,37.09643,1.221838,22.42027,52.3481,64.015,24.1591,25.91654,,28.508194,0,0
tt,1.98,FA,3,0,1,24.09575,1.222115,22.802,52.2695,76.327,30.455,40.44553,,44.49008299999999,0,0
tt,1.98,FA,4,0,2,28.3389,1.221578,22.81699,52.3295,64.025,27.968,27.65252,,30.417771999999996,0,0
tt,1.98,FA,5,0,2,27.54804,1.221664,22.72608,52.3236,64.027,28.7687,27.89203,,30.681233,0,0
tt,1.98,FA,6,0,2,50.25817,1.221474,21.02775,52.4434,69.791,18.124,45.61151,,50.172661000000005,1,0
tt,1.98,FA,7,0,1,49.6581,1.221001,22.8228,52.3345,68.725,18.1009,38.68999,,42.558989,0,0
tt,1.98,FA,8,0,2,28.25812,1.221587,22.82178,52.3206,64.034,28.2377,27.72812,,30.500932,0,0
tt,1.98,FA,9,0,2,27.75913,1.221613,22.82625,52.3151,64.028,28.4814,27.87232,,30.659551999999994,0,0
tt,1.98,FA,10,0,1,29.86107,1.221623,22.91537,52.3323,67.873,26.3909,28.6812,,31.549319999999998,0,0
tt,1.98,FA,11,0,1,29.93821,1.221626,22.92027,52.32,68.034,26.2643,28.70627,,31.576897,0,0
tt,1.98,FA,12,0,2,50.16816,1.221394,21.37151,52.4238,69.658,18.1204,44.30542,,48.735962,0,0
tt,1.98,FA,13,0,1,44.85213,1.22145,22.79953,52.3569,66.516,19.2477,27.40765,,30.148415,0,0
tt,1.98,FA,14,0,1,24.5369,1.222182,22.66686,52.293,74.211,30.9866,36.34331,,39.977641,0,0
tt,1.98,FA,15,0,1,41.57355,1.221329,22.93081,52.3352,66.659,18.6819,27.88108,,30.669188000000002,0,0
tt,1.98,FA,16,0,1,28.47593,1.221586,22.82676,52.3251,64.486,27.6998,27.74502,,30.519522,0,0
tt,1.98,FA,17,0,2,47.02155,1.221379,21.00954,52.743,69.7,18.0852,42.34354,,46.57789399999999,0,0
tt,1.98,FA,18,0,1,37.34192,1.220629,23.52985,52.8015,68.34,18.1639,38.29189,,42.121079,0,0
tt,1.98,FA,19,0,1,49.8728,1.22106,22.62317,52.3232,68.894,18.1099,40.0021,,44.002309999999994,0,0
tt,1.98,FA,20,0,2,50.05376,1.221327,21.69523,52.3082,69.487,18.1189,43.23685,,47.560534999999994,0,0
tt,1.98,FA,21,0,1,26.05407,1.221904,22.89522,52.2905,69.408,30.0097,31.59421,,34.753631,0,0
tt,1.98,FA,22,0,2,27.50436,1.221638,22.81586,52.3147,64.05,28.8815,28.04749,,30.852238999999997,0,0
tt,1.98,FA,23,0,2,28.29779,1.221575,22.81208,52.3271,64.008,27.7859,27.61328,,30.374608,0,0
tt,1.98,FA,24,0,1,41.40141,1.220651,23.61383,52.3433,68.278,18.1853,44.42328,,48.865607999999995,0,0
tt,1.98,FA,25,0,2,27.60045,1.22163,22.81105,52.324,64.032,28.8082,27.99436,,30.793796,0,0
tt,1.98,FA,26,0,2,27.74411,1.221614,22.82127,52.3162,64.032,28.4831,27.87629,,30.663919,0,0
tt,1.98,FA,27,0,1,37.8721,1.220587,23.56541,52.9087,68.456,18.1885,41.84687,,46.03155700000001,0,0
tt,1.98,FA,28,0,2,49.69815,1.22146,21.0131,52.3499,69.664,18.1018,44.43368,,48.877048,0,0
tt,1.98,FA,29,0,1,24.01879,1.222349,22.42577,52.2691,76.161,31.202,38.82244,,42.704684,0,0
tt,1.98,GA,0,0,1,45.01496,1.221451,22.93348,52.3971,66.898,20.2449,27.50247,,30.252716999999997,0,0
tt,1.98,GA,1,0,1,48.75897,1.220942,22.91822,52.5219,68.303,18.0549,33.806,,37.1866,0,0
tt,1.98,GA,2,0,1,45.02243,1.221458,22.89862,52.3521,66.785,20.012,27.42966,,30.172625999999998,0,0
tt,1.98,GA,3,0,1,40.74137,1.221131,23.09831,52.416,66.856,18.3752,28.78286,,31.661146,0,0
tt,1.98,GA,4,0,1,39.21817,1.221263,23.05611,52.349,66.83,18.3669,28.27897,,31.106867,0,0
tt,1.98,GA,5,0,2,43.51252,1.221258,21.52773,52.4581,69.47,18.1173,38.28692,,42.115612,0,0
tt,1.98,GA,6,0,2,47.30684,1.221408,21.18271,52.3424,69.71,18.1525,42.81016,,47.091176000000004,0,0
tt,1.98,GA,7,0,2,43.83294,1.221226,21.58288,52.4871,69.257,18.0199,37.70564,,41.476204,0,0
tt,1.98,GA,8,0,2,49.01478,1.221421,21.11798,52.3454,69.597,18.086,43.60676,,47.967436,0,0
tt,1.98,GA,9,0,1,43.57893,1.221291,23.01092,52.3618,66.733,18.7735,28.01448,,30.815928,0,0
tt,1.98,GA,10,0,2,48.48406,1.221409,21.13307,52.357,69.552,18.0711,43.27794,,47.605734,0,0
tt,1.98,GA,11,0,2,44.37477,1.221327,21.25855,52.4321,69.504,18.0884,40.30043,,44.330473,0,0
tt,1.98,GA,12,0,1,48.65334,1.220985,22.79828,52.7136,68.592,18.0544,33.61621,,36.977831,0,0
tt,1.98,GA,13,0,2,50.24969,1.221439,21.10774,52.3616,69.635,18.1025,44.30817,,48.738986999999995,0,0
tt,1.98,GA,14,0,2,44.41945,1.221335,21.21375,52.3812,69.41,18.043,40.52108,,44.573187999999995,0,0
tt,1.98,GA,15,0,2,43.94022,1.221253,21.47323,52.4548,69.289,18.0215,38.51917,,42.371087,0,0
tt,1.98,GA,16,0,1,42.83463,1.22123,23.04681,52.3599,67.076,18.5065,28.41746,,31.259206,0,0
tt,1.98,GA,17,0,2,46.81449,1.221361,21.31254,52.3644,69.585,18.1223,41.88865,,46.077515,0,0
tt,1.98,GA,18,0,1,44.93616,1.221518,22.73872,52.3638,66.73,19.8793,27.25558,,29.981137999999998,0,0
tt,1.98,GA,19,0,1,43.17722,1.221323,22.94581,52.3373,66.518,18.5449,27.86152,,30.647671999999996,0,0
tt,1.98,GA,20,0,2,43.27074,1.221222,21.57799,52.4802,69.225,18.0046,37.12104,,40.833144,0,0
tt,1.98,GA,21,0,1,42.67474,1.222133,21.3933,52.3529,67.586,18.9236,26.09937,,28.709307,0,0
tt,1.98,GA,22,0,6,-200.0,,,,,,,timeout,,0,0
tt,1.98,GA,23,0,2,43.72153,1.221201,21.68754,52.4996,69.177,17.9945,36.77308,,40.450388000000004,0,0
tt,1.98,GA,24,0,2,43.42717,1.221261,21.45324,52.4271,69.339,18.0463,38.38577,,42.224347,0,0
tt,1.98,GA,25,0,2,46.66883,1.221374,21.21307,52.3456,69.507,18.0773,42.12337,,46.335707,0,0
tt,1.98,GA,26,0,2,42.85947,1.221248,21.56264,52.4596,69.472,18.1247,37.53337,,41.286707,0,0
tt,1.98,GA,27,0,6,-200.0,,,,,,,timeout,,0,0
tt,1.98,GA,28,0,6,-200.0,,,,,,,timeout,,0,0
tt,1.98,GA,29,0,1,43.11958,1.221339,21.34766,52.3973,69.842,18.263,39.70193,,43.67212299999999,0,0
tt,1.98,GWO,0,0,2,47.56431,1.221396,21.16307,52.3396,69.51,18.0634,42.7883,,47.06713,0,0
tt,1.98,GWO,1,0,2,46.89298,1.221389,21.15823,52.3402,69.487,18.0555,42.46913,,46.716043,0,0
tt,1.98,GWO,2,0,2,46.8902,1.221375,21.19817,52.3422,69.46,18.0533,42.24105,,46.465155,0,0
tt,1.98,GWO,3,0,2,46.5633,1.22138,21.19808,52.3414,69.478,18.0551,42.18887,,46.407757,0,0
tt,1.98,GWO,4,0,2,47.00432,1.221388,21.15328,52.342,69.485,18.0565,42.50167,,46.751836999999995,0,0
tt,1.98,GWO,5,0,2,47.30355,1.221392,21.15817,52.3401,69.498,18.0615,42.64947,,46.914417,0,0
tt,1.98,GWO,6,0,2,47.04477,1.221378,21.213,52.3427,69.467,18.0513,42.32981,,46.562791,0,0
tt,1.98,GWO,7,0,2,46.60001,1.221386,21.15828,52.3404,69.49,18.0605,42.31543,,46.546973,0,0
tt,1.98,GWO,8,0,2,44.88614,1.22137,21.10893,52.3578,69.443,18.0414,41.38056,,45.518616,0,0
tt,1.98,GWO,9,0,2,46.88723,1.221376,21.19815,52.342,69.46,18.0529,42.24758,,46.472338,0,0
tt,1.98,GWO,10,0,2,46.82521,1.221378,21.18323,52.3431,69.466,18.0541,42.26695,,46.493645,0,0
tt,1.98,GWO,11,0,2,46.64124,1.221378,21.19811,52.3466,69.469,18.0512,42.19006,,46.409066,0,0
tt,1.98,GWO,12,0,2,47.4781,1.2214,21.13819,52.3394,69.526,18.0694,42.83312,,47.116431999999996,0,0
tt,1.98,GWO,13,0,2,46.85734,1.221374,21.20314,52.3445,69.468,18.0578,42.20843,,46.429272999999995,0,0
tt,1.98,GWO,14,0,2,46.86374,1.221377,21.18821,52.3419,69.461,18.0523,42.26686,,46.493546,0,0
tt,1.98,GWO,15,0,2,47.07118,1.221385,21.16822,52.3411,69.479,18.0558,42.47519,,46.722709,0,0
tt,1.98,GWO,16,0,2,47.13753,1.221381,21.18317,52.3414,69.476,18.0575,42.42125,,46.663374999999995,0,0
tt,1.98,GWO,17,0,2,46.73847,1.221382,21.16331,52.3438,69.473,18.0542,42.31321,,46.54453099999999,0,0
tt,1.98,GWO,18,0,2,46.8664,1.221389,21.16319,52.3414,69.498,18.0614,42.45052,,46.695572,0,0
tt,1.98,GWO,19,0,2,47.06249,1.221386,21.16324,52.3412,69.48,18.0559,42.47831,,46.726141,0,0
tt,1.98,GWO,20,0,2,46.80699,1.221377,21.19317,52.3457,69.463,18.0517,42.23513,,46.458642999999995,0,0
tt,1.98,GWO,21,0,2,47.28524,1.22139,21.16813,52.3435,69.491,18.0569,42.60749,,46.868238999999996,0,0
tt,1.98,GWO,22,0,2,46.91489,1.221373,21.20812,52.343,69.461,18.0553,42.2048,,46.425279999999994,0,0
tt,1.98,GWO,23,0,2,46.88063,1.221385,21.17318,52.3448,69.483,18.0534,42.39513,,46.634643000000004,0,0
tt,1.98,GWO,24,0,2,46.8636,1.221377,21.18821,52.3419,69.461,18.0524,42.2667,,46.493370000000006,0,0
tt,1.98,GWO,25,0,2,47.06198,1.221386,21.16324,52.3413,69.48,18.056,42.47797,,46.725767,0,0
tt,1.98,GWO,26,0,2,46.65041,1.221381,21.16829,52.3486,69.492,18.0631,42.25982,,46.48580199999999,0,0
tt,1.98,GWO,27,0,2,47.89474,1.221397,21.17297,52.345,69.528,18.0714,42.89611,,47.185720999999994,0,0
tt,1.98,GWO,28,0,2,46.81076,1.221372,21.2131,52.3486,69.477,18.0622,42.14894,,46.363834000000004,0,0
tt,1.98,GWO,29,0,2,46.88515,1.221375,21.19817,52.3421,69.46,18.0531,42.24627,,46.47089700000001,0,0
tt,1.98,PSO,0,0,2,27.22202,1.221669,22.81529,52.309,64.052,29.3371,28.27228,,31.099507999999997,0,0
tt,1.98,PSO,1,0,2,50.3203,1.221523,20.89294,52.3212,69.777,18.1204,46.23413,,50.857543,1,0
tt,1.98,PSO,2,0,2,47.99235,1.221415,21.10319,52.3372,69.555,18.0728,43.23586,,47.559446,0,0
tt,1.98,PSO,3,0,2,50.3281,1.221556,20.80804,52.3098,69.856,18.1321,46.89241,,51.581650999999994,1,0
tt,1.98,PSO,4,0,2,46.80949,1.22138,21.17823,52.3425,69.466,18.0528,42.29136,,46.520495999999994,0,0
tt,1.98,PSO,5,0,1,45.12772,1.22142,22.95887,52.3676,66.666,19.9642,27.51394,,30.265334,0,0
tt,1.98,PSO,6,0,2,48.99317,1.221429,21.0831,52.3397,69.584,18.0756,43.7369,,48.110589999999995,0,0
tt,1.98,PSO,7,0,2,48.7141,1.221423,21.09313,52.3379,69.566,18.0718,43.57285,,47.930135,0,0
tt,1.98,PSO,8,0,2,50.33645,1.221558,20.79312,52.3117,69.856,18.1288,47.0129,,51.71419,1,0
tt,1.98,PSO,9,0,1,49.32232,1.220898,23.13747,52.3436,68.265,18.0854,36.39071,,40.029781,0,0
tt,1.98,PSO,10,0,2,50.33627,1.221562,20.79305,52.3108,69.865,18.1291,47.15293,,51.86822299999999,1,0
tt,1.98,PSO,11,0,2,50.30229,1.221492,20.97286,52.3294,69.711,18.1111,45.52051,,50.072561,1,0
tt,1.98,PSO,12,0,2,50.32243,1.221549,20.82304,52.3114,69.837,18.129,46.73432,,51.407751999999995,1,0
tt,1.98,PSO,13,0,2,44.40337,1.221327,21.22381,52.3766,69.359,18.0216,40.38143,,44.419573,0,0
tt,1.98,PSO,14,0,2,48.78422,1.221421,21.10805,52.3372,69.56,18.0712,43.54837,,47.903207,0,0
tt,1.98,PSO,15,0,2,50.33552,1.221558,20.79312,52.3153,69.86,18.129,47.01854,,51.720394,1,0
tt,1.98,PSO,16,0,2,50.33469,1.221558,20.79312,52.3162,69.86,18.1291,47.01631,,51.717940999999996,1,0
tt,1.98,PSO,17,0,2,43.78939,1.221234,21.5083,52.4441,69.172,17.9699,37.99346,,41.792806,0,0
tt,1.98,PSO,18,0,2,49.06408,1.221443,21.04813,52.3341,69.619,18.0852,43.96856,,48.365415999999996,0,0
tt,1.98,PSO,19,0,2,44.79446,1.221361,21.11901,52.3615,69.412,18.0309,41.1916,,45.31076,0,0
tt,1.98,PSO,20,0,2,47.34005,1.221389,21.17311,52.3403,69.497,18.0625,42.61901,,46.880911000000005,0,0
tt,1.98,PSO,21,0,2,50.33059,1.221542,20.83804,52.3166,69.82,18.1254,46.62869,,51.291559,1,0
tt,1.98,PSO,22,0,2,50.32243,1.221549,20.82304,52.3114,69.837,18.129,46.73432,,51.407751999999995,1,0
tt,1.98,PSO,23,0,2,50.30945,1.221539,20.85794,52.3147,69.822,18.1288,46.53671,,51.190380999999995,1,0
tt,1.98,PSO,24,0,2,50.11721,1.22132,21.75986,52.3169,69.493,18.1186,43.57791,,47.935701,0,0
tt,1.98,PSO,25,0,2,50.30254,1.221484,20.97796,52.3318,69.693,18.1079,45.23431,,49.757740999999996,1,0
tt,1.98,PSO,26,0,2,47.86878,1.221404,21.13316,52.3392,69.521,18.0638,43.03156,,47.334716,0,0
tt,1.98,PSO,27,0,2,27.20455,1.221673,22.81025,52.3088,64.052,29.3257,28.26952,,31.096472,0,0
tt,1.98,PSO,28,0,2,50.33585,1.221561,20.78811,52.3113,69.865,18.1292,47.15183,,51.86701299999999,1,0
tt,1.98,PSO,29,0,2,23.02595,1.221376,20.6672,53.1129,72.595,18.1086,40.21961,,44.24157100000001,0,0
