i,w1,w3,w5,m2,k,l_all,cc,x_w1,x_w3,x_w5,x_w6,x_w7,x_l_all,x_cc,sim_ok,sim_failure,GAIN_DB,UGB_MHZ,PHASE_MARGIN_DEG,POWER_UW,VOUT_V,AREA_UM2,PSRR_DB
0,7.005418,19.243329,1.154441,1.628336,1.319782,0.416947,5.729160,7.005000,19.245000,1.155000,31.337321,1.241075,0.415000,5.729160,1,,46.302430,2.413890,50.695600,47.991960,0.116819,36.266184,74.479130
1,19.090196,1.051239,9.552680,4.342772,1.517609,1.367423,7.561367,19.090000,1.050000,9.555000,4.559910,31.486725,1.365000,7.561367,1,,23.448110,0.429121,79.555600,64.117080,0.038498,130.271007,82.937610
2,25.714768,14.102235,9.749980,4.434429,1.291768,0.969763,2.415297,25.715000,14.100000,9.750000,62.525455,27.925241,0.970000,2.415297,1,,46.062160,4.283720,70.988800,72.219060,0.062399,183.893275,94.108460
3,20.767292,2.063227,15.774462,3.486080,0.673584,1.496823,5.113879,20.765000,2.065000,15.775000,7.198755,18.521184,1.495000,5.113879,1,,55.464750,7.576320,-13.569200,58.082940,1.556754,153.880259,56.158364
4,30.243327,2.821884,3.117071,2.496050,0.852577,0.277073,7.394985,30.245000,2.820000,3.115000,7.038862,3.314476,0.275000,7.394985,1,,59.007600,3.057890,36.519200,51.392880,0.340705,22.746168,67.460430
5,22.770720,5.506998,16.746363,2.554138,1.842382,1.625886,8.343393,22.770000,5.505000,16.745000,14.060529,39.398447,1.625000,8.343393,1,,33.698620,0.576501,74.688700,55.542060,0.033211,233.185836,84.924520
6,18.871457,6.730303,15.374766,4.244366,1.997467,1.272873,7.206581,18.870000,6.730000,15.375000,28.564584,65.174488,1.275000,7.206581,1,,34.204070,0.648989,82.756800,69.290460,0.029220,224.003567,86.699970
7,15.501207,10.681321,14.414367,3.522400,1.342003,1.692744,7.340809,15.500000,10.680000,14.415000,37.619232,34.070372,1.695000,7.340809,1,,43.847950,1.138330,72.867800,64.440000,0.058995,259.130929,85.563750
8,23.208863,5.868429,6.084531,4.088649,0.921725,0.455145,0.894638,23.210000,5.870000,6.085000,24.000371,11.465996,0.455000,0.894638,1,,65.673250,17.263300,41.766000,66.425040,0.265670,48.137347,77.875750
9,31.143652,3.933123,17.905023,1.685240,1.549828,0.776582,7.487300,31.145000,3.935000,17.905000,6.631421,23.382425,0.775000,7.487300,1,,34.900800,0.922400,61.291900,48.043440,0.033940,105.387481,85.808300
10,2.928177,6.083304,14.475289,1.019947,0.668842,1.662294,2.722644,2.930000,6.085000,14.475000,6.206378,4.937303,1.660000,2.722644,1,,42.273290,5.589970,-25.589900,40.870800,1.700403,96.485310,42.381190
11,23.846939,19.976909,18.604059,2.469667,0.988598,0.362561,4.332147,23.845000,19.975000,18.605000,49.331598,22.712132,0.365000,4.332147,1,,63.530630,4.227760,51.924700,55.500120,0.480187,71.866211,70.897450
12,4.049878,1.883360,16.633101,1.777767,1.745339,0.961884,3.172675,4.050000,1.885000,16.635000,3.351090,25.807587,0.960000,3.172675,1,,28.759680,0.904887,72.972100,48.224880,0.029499,71.326730,88.124080
13,3.303289,16.710534,4.403151,1.972888,0.760565,1.403583,4.893464,3.305000,16.710000,4.405000,32.966960,3.304874,1.405000,4.893464,1,,53.547500,1.892200,53.138200,48.298680,1.702601,119.582127,53.678368
14,9.271454,4.471940,13.145922,4.660216,1.677258,0.977959,4.303682,9.270000,4.470000,13.145000,20.831164,51.373185,0.980000,4.303682,1,,34.870430,1.072470,82.220600,68.878440,0.031554,123.454862,89.630730
15,23.592625,13.787321,12.698693,2.401072,1.220891,1.368957,7.523428,23.595000,13.785000,12.700000,33.098782,18.614695,1.370000,7.523428,1,,48.436110,1.638240,59.265500,55.427040,0.071646,208.066663,86.579010
16,8.186020,11.841811,10.821190,4.651113,1.567140,0.651739,2.554529,8.185000,11.840000,10.820000,55.069174,39.433183,0.650000,2.554529,1,,38.762260,2.760340,80.213700,72.901260,0.040152,101.525032,87.972660
17,38.237835,2.164269,1.438458,4.710241,1.763879,1.071479,5.614476,38.240000,2.165000,1.440000,10.197671,5.981973,1.070000,5.614476,1,,34.972270,1.066900,75.084300,65.612340,0.055506,106.860519,87.725470
18,34.502731,6.985324,6.575737,1.640489,0.526988,1.914187,4.966036,34.505000,6.985000,6.575000,11.458814,2.842103,1.915000,4.966036,1,,35.765300,9.785680,-45.155400,42.446340,1.738579,211.475206,35.802615
19,33.114500,14.194182,3.089371,2.178854,1.465535,0.655377,9.168647,33.115000,14.195000,3.090000,30.928829,4.933473,0.655000,9.168647,1,,43.027590,1.238570,64.668300,53.358120,0.065296,89.513808,83.783690
20,31.974106,8.272133,12.586461,4.579372,1.307338,0.467170,4.724486,31.975000,8.270000,12.585000,37.871406,37.671857,0.465000,4.724486,1,,41.670480,2.410560,75.317400,72.699480,0.055965,84.259517,78.656180
21,28.990937,1.762139,16.687469,2.093038,0.648213,1.059926,7.619412,28.990000,1.760000,16.685000,3.683747,11.318560,1.060000,7.619412,1,,48.624020,13.283900,-54.292200,48.485160,1.610333,116.464645,48.943300
22,10.880486,10.626695,14.348859,2.233260,0.908238,0.767856,5.581350,10.880000,10.625000,14.350000,23.728385,14.553280,0.770000,5.581350,1,,79.050570,3.542010,58.528300,53.131320,0.610142,84.693582,87.053880
23,28.307448,8.081707,14.134963,2.139593,1.557981,1.099323,0.274751,28.305000,8.080000,14.135000,17.287908,23.559118,1.100000,0.274751,1,,39.538230,19.623700,33.576000,53.037900,0.042633,156.075729,98.228730
24,29.712227,15.356021,2.709176,1.760650,0.649867,1.316116,0.262666,29.710000,15.355000,2.710000,27.034780,1.550375,1.315000,0.262666,1,,43.718190,16.652600,-0.161407,45.361620,1.736453,163.237729,43.764669
25,11.139451,9.594917,12.854120,3.157447,1.184922,0.830186,3.007024,11.140000,9.595000,12.855000,30.295700,24.047389,0.830000,3.007024,1,,47.753590,3.667450,64.811900,60.857820,0.065906,100.864164,91.515590
26,27.629968,9.447091,11.293773,4.020155,1.835947,1.080547,2.634385,27.630000,9.445000,11.295000,37.970364,41.683028,1.080000,2.634385,1,,37.378710,2.339590,78.383500,68.337900,0.035301,190.504863,94.139110
27,19.481074,18.649066,3.519320,3.970868,0.969637,0.395887,0.243802,19.480000,18.650000,3.520000,74.056691,6.776529,0.395000,0.243802,1,,61.604070,38.977200,18.957200,69.538680,0.219362,64.832622,73.371470
28,4.980314,17.214952,5.651533,3.426039,1.444761,0.179896,2.194709,4.980000,17.215000,5.650000,58.979268,13.983211,0.180000,2.194709,1,,43.734180,4.855660,72.599500,67.866480,0.337553,23.157446,49.784100
29,31.446361,5.037839,16.499734,3.556551,1.775086,0.422431,5.679805,31.445000,5.040000,16.500000,17.925017,52.083780,0.420000,5.679805,1,,30.099200,1.103630,80.733900,62.699760,0.028869,73.911095,75.587000
30,33.293543,6.379296,12.741410,1.537782,1.031951,1.395359,0.565791,33.295000,6.380000,12.740000,9.811048,10.108654,1.395000,0.565791,1,,59.290840,17.843600,-20.292000,48.016800,0.121248,174.025834,97.991840
31,25.487520,7.560612,1.062233,3.860098,1.881922,1.784760,9.300640,25.490000,7.560000,1.060000,29.182338,3.850133,1.785000,9.300640,1,,42.305640,0.841676,73.205700,62.363340,0.084174,180.735661,83.101340
32,4.779891,5.268014,18.454378,1.924533,0.825134,1.114521,4.446556,4.780000,5.270000,18.455000,10.142289,14.653256,1.115000,4.446556,1,,79.667990,4.513400,36.155300,49.518180,0.850767,91.213183,87.467290
33,31.611196,8.946001,12.335824,4.352277,0.727493,1.332499,2.793596,31.610000,8.945000,12.335000,38.931117,19.527848,1.330000,2.793596,1,,53.562770,5.110290,50.942500,66.343320,1.681350,218.437823,53.790284
34,39.259671,16.012924,11.666005,2.802730,0.697048,1.295747,3.741478,39.260000,16.015000,11.665000,44.885713,11.394595,1.295000,3.741478,1,,49.008510,3.684570,44.252900,54.385200,1.718490,246.257599,49.123725
35,39.902214,14.878159,9.887609,3.472922,0.785371,0.984167,1.993299,39.900000,14.880000,9.890000,51.677075,13.487647,0.985000,1.993299,1,,66.227910,8.716850,40.648000,61.983540,1.662526,191.587151,67.025441
36,10.323950,6.934242,17.183066,4.686787,1.220437,0.230668,9.246267,10.325000,6.935000,17.185000,32.502867,49.148488,0.230000,9.246267,1,,49.485390,1.436380,74.756200,71.034120,0.161671,34.624512,62.436290
37,20.510058,12.163927,6.556752,3.102429,1.912056,0.588708,6.004407,20.510000,12.165000,6.555000,37.741054,19.442196,0.590000,6.004407,1,,35.559070,1.169640,78.869100,61.012620,0.035121,80.029517,82.929570
38,35.747317,11.991861,11.647562,2.680742,1.873193,1.011243,8.451824,35.745000,11.990000,11.650000,32.142093,29.250512,1.010000,8.451824,1,,37.562660,0.811242,76.091000,57.753720,0.034499,181.964231,85.894760
39,32.862075,4.643559,19.561579,2.944602,1.943865,0.973812,4.452368,32.860000,4.645000,19.560000,13.677674,55.979822,0.975000,4.452368,1,,31.823410,0.990151,78.815200,57.267720,0.024531,179.192809,90.215910
40,6.809819,7.359611,4.678048,1.401410,1.648318,0.669402,1.637713,6.810000,7.360000,4.680000,10.314377,5.405327,0.670000,1.637713,1,,39.183970,4.800530,51.207600,46.578060,0.048302,35.791202,89.163270
41,6.634920,2.857170,1.963528,3.548094,1.278607,1.722495,5.749827,6.635000,2.855000,1.965000,10.129808,4.457227,1.720000,5.749827,1,,39.717100,1.025720,68.218700,57.769740,0.091279,64.494900,83.930600
42,38.264413,15.269289,9.703130,4.769369,1.120959,0.500467,8.991442,38.265000,15.270000,9.705000,72.828270,25.942769,0.500000,8.991442,1,,56.623730,1.788240,74.345500,75.328920,0.107043,112.625519,80.177630
43,3.109350,11.812301,6.279189,1.586656,1.478230,1.208836,0.468061,3.110000,11.810000,6.280000,18.738412,7.364694,1.210000,0.468061,1,,41.916600,10.367600,43.619900,47.721600,0.058929,82.888758,96.805500
44,35.091453,2.291154,4.878739,4.224327,1.691906,1.975185,8.590587,35.090000,2.290000,4.880000,9.673709,17.439084,1.975000,8.590587,1,,29.400860,0.547415,75.028300,66.070260,0.051906,220.474766,83.962460
45,3.374489,8.694884,17.058694,3.119645,1.472743,1.150511,0.193896,3.375000,8.695000,17.060000,27.125314,39.190522,1.150000,0.193896,1,,38.684250,16.098900,54.633200,59.994900,0.042338,143.262211,97.051550
46,25.217195,2.009670,19.137991,1.952597,1.831059,0.357482,1.350910,25.215000,2.010000,19.140000,3.924719,34.215803,0.355000,1.350910,1,,26.348080,3.677200,69.293800,48.870360,0.025439,46.459035,72.323280
47,2.117869,17.391990,8.563446,2.239963,0.792895,1.198724,9.394993,2.120000,17.390000,8.565000,38.952948,7.605956,1.200000,9.394993,1,,69.920440,1.008080,82.866200,51.615900,1.635568,123.250685,71.091830
48,21.123302,6.699029,1.589731,3.363356,0.533918,0.321685,1.900036,21.125000,6.700000,1.590000,22.534488,1.427626,0.320000,1.900036,1,,53.731510,8.712570,37.661800,52.446240,1.678732,26.493476,54.735960
49,21.713825,11.503096,18.384911,2.573079,1.755901,1.424187,6.362987,21.715000,11.505000,18.385000,29.603275,41.532378,1.425000,6.362987,1,,38.005670,0.987387,74.398000,56.718360,0.035631,248.442556,87.781170
50,8.566191,13.386014,11.974206,1.692516,1.362878,1.830777,1.156729,8.565000,13.385000,11.975000,22.654324,13.811324,1.830000,1.156729,1,,45.178400,6.425640,40.508300,49.409820,0.064563,190.897636,91.925100
51,32.172933,6.588822,3.627680,2.563121,1.327002,0.586278,5.712254,32.175000,6.590000,3.630000,16.890969,6.173298,0.585000,5.712254,1,,41.286360,1.915420,64.632200,55.952820,0.064290,63.094746,82.643860
52,2.653677,17.064187,14.265335,2.700811,1.489638,1.879504,6.316654,2.655000,17.065000,14.265000,46.089342,28.695685,1.880000,6.316654,1,,41.480790,0.645528,80.568500,56.602620,0.050270,268.379451,81.921190
53,38.168438,19.063357,9.360566,1.297514,0.742280,1.676835,3.604648,38.170000,19.065000,9.360000,24.737111,4.507395,1.675000,3.604648,1,,46.566910,8.297730,-27.910400,43.906500,1.725716,272.077798,46.650389
54,11.252240,11.767823,7.792919,2.586474,1.581425,0.224266,7.539923,11.250000,11.770000,7.795000,30.442795,15.941996,0.225000,7.539923,1,,39.116160,1.531760,67.883400,55.448460,0.075241,24.303328,61.549660
55,9.403523,3.838789,9.597995,1.624602,1.894636,0.564611,7.707559,9.405000,3.840000,9.600000,6.238470,14.774537,0.565000,7.707559,1,,31.418060,0.678115,69.928600,47.226060,0.029218,37.687199,78.576960
56,13.169704,14.587485,14.201274,3.939244,1.440979,1.593645,4.494721,13.170000,14.585000,14.200000,57.453879,40.302229,1.595000,4.494721,1,,43.288860,1.676740,75.680000,68.030100,0.052338,289.757442,89.417560
57,23.302826,3.089991,13.335123,3.007732,0.688979,1.727924,3.672073,23.305000,3.090000,13.335000,9.293892,13.816828,1.730000,3.672073,1,,52.530910,8.113490,-14.572600,55.316340,1.601752,177.447346,52.911623
58,38.933052,13.997918,8.000073,1.388983,1.239108,0.719435,3.246950,38.935000,14.000000,8.000000,19.445762,6.884400,0.720000,3.246950,1,,49.143570,5.856860,21.997700,47.032200,0.076187,106.704117,89.873070
59,31.543135,4.724074,3.381495,3.151482,1.408745,1.659503,4.270590,31.545000,4.725000,3.380000,14.890752,7.502980,1.660000,4.270590,1,,39.998180,1.948950,62.658300,59.412780,0.073986,168.811595,88.957080
60,13.760739,10.573660,3.294487,3.140788,1.077729,0.848657,2.237572,13.760000,10.575000,3.295000,33.213833,5.576652,0.850000,2.237572,1,,53.268620,5.923630,55.979800,60.218460,0.112350,79.942912,92.843920
61,4.024095,17.591974,4.621746,3.927062,1.530988,1.872403,1.177241,4.025000,17.590000,4.620000,69.077013,13.888379,1.870000,1.177241,1,,43.998680,3.760840,73.433300,66.026160,0.066652,253.264183,91.203380
62,1.535399,15.915213,5.541313,1.530214,1.046854,1.737679,7.677306,1.535000,15.915000,5.540000,24.353363,4.437294,1.740000,7.677306,1,,50.070940,0.644923,69.689100,43.699500,0.107226,130.100943,77.668140
63,34.032708,12.268035,13.584301,3.819372,1.992737,1.935840,0.123724,34.035000,12.270000,13.585000,46.863696,51.697743,1.935000,0.123724,1,,36.700940,12.719000,54.033500,67.372740,0.036007,422.490684,93.729040
64,16.686622,8.798437,15.328901,4.882756,1.592705,1.027790,1.723273,16.685000,8.800000,15.330000,42.968257,59.609102,1.030000,1.723273,1,,38.982790,3.655500,77.883800,74.942100,0.038399,189.733580,95.607490
65,23.113939,2.743613,6.846046,3.848394,1.396418,1.883490,8.266151,23.115000,2.745000,6.845000,10.563842,18.392404,1.885000,8.266151,1,,34.824660,0.727312,70.124200,63.527220,0.060645,177.880374,83.382560
66,19.972221,1.415962,7.000042,4.805590,1.864117,1.548403,3.531164,19.970000,1.415000,7.000000,6.799910,31.353635,1.550000,3.531164,1,,23.986900,0.840638,81.964200,67.848840,0.035296,147.131495,85.466100
67,31.328135,12.812776,1.497726,1.579865,0.562177,0.276270,9.042114,31.330000,12.815000,1.500000,20.245965,0.666123,0.275000,9.042114,1,,59.348240,4.580600,7.380150,44.940240,1.131231,30.855574,63.545240
68,36.669082,5.335602,19.939029,4.058415,0.536471,1.358021,5.468262,36.670000,5.335000,19.940000,21.651644,21.706884,1.360000,5.468262,1,,41.714960,1.943360,49.123400,56.903220,1.712055,227.457998,41.813834
69,34.403760,1.693769,17.467852,1.801754,1.579849,0.622851,3.874366,34.405000,1.695000,17.470000,3.053973,24.864174,0.625000,3.874366,1,,30.437710,1.404240,61.580100,48.550320,0.031643,84.411342,84.266910
70,1.774515,7.865752,18.044846,1.287815,1.087647,1.452515,9.228414,1.775000,7.865000,18.045000,10.128668,12.637713,1.455000,9.228414,1,,48.541500,0.725037,56.301100,44.810460,0.082096,113.688434,78.156000
71,28.761214,18.873440,15.182659,4.911659,1.614764,0.754826,4.396276,28.760000,18.875000,15.185000,92.707560,60.217417,0.755000,4.396276,1,,39.371430,1.788130,80.856700,76.564080,0.037689,210.316558,89.386630
72,26.103368,6.338157,17.427343,2.858974,1.639797,0.799739,5.649161,26.105000,6.340000,17.425000,18.125896,40.845400,0.800000,5.649161,1,,36.018530,1.153470,75.396100,57.872700,0.033147,126.969037,88.001530
73,11.312350,2.353934,18.846037,2.968542,0.591715,1.432389,8.667285,11.310000,2.355000,18.845000,6.990917,16.550910,1.430000,8.667285,1,,45.763470,5.178630,-11.165400,52.393320,1.639791,126.643413,45.986906
74,28.230684,10.833420,10.566233,3.999045,1.312328,0.862506,1.252682,28.230000,10.835000,10.565000,43.329654,27.722866,0.865000,1.252682,1,,44.274580,7.743710,64.796600,68.208300,0.057139,147.320330,94.653080
75,36.122102,18.681046,9.906418,2.877432,1.404385,1.729212,6.480613,36.120000,18.680000,9.905000,53.750432,20.013168,1.730000,6.480613,1,,45.250310,1.575890,66.869100,59.793120,0.064505,351.490328,87.142910
76,7.804256,18.896381,16.356338,4.424126,1.367262,1.196009,9.469861,7.805000,18.895000,16.355000,83.593865,49.465191,1.195000,9.469861,1,,44.892170,0.837038,80.610300,71.962740,0.051278,261.907022,83.335570
77,30.368101,1.787545,15.542035,1.810672,1.234907,0.642313,5.485914,30.370000,1.790000,15.540000,3.241103,17.373807,0.640000,5.485914,1,,37.082320,1.976560,40.075200,48.635820,0.048861,74.249542,84.242420
78,39.386431,14.537286,19.854722,1.941830,0.675996,0.349147,1.490957,39.385000,14.535000,19.855000,28.224496,13.031522,0.350000,1.490957,1,,63.348960,12.346800,12.025000,48.069540,1.293115,66.082106,68.034830
79,30.655089,7.706532,4.983057,2.634165,1.671185,1.051364,3.592178,30.655000,7.705000,4.985000,20.296243,10.972428,1.050000,3.592178,1,,39.621580,2.182110,68.690400,56.860200,0.049213,123.856605,92.051980
80,39.040333,5.060156,4.170699,3.276296,0.514778,1.263946,3.774533,39.040000,5.060000,4.170000,16.578059,3.516492,1.265000,3.774533,1,,39.816830,2.934540,34.723800,51.089580,1.722628,147.542707,39.869703
81,39.137284,14.800150,11.006005,4.600704,0.569203,0.963693,1.866372,39.135000,14.800000,11.005000,68.090415,14.409583,0.965000,1.866372,1,,42.201530,4.516230,63.231600,61.145280,1.743858,204.946698,42.261927
82,30.529510,1.643378,2.091794,1.078515,1.237926,1.650530,9.650965,30.530000,1.645000,2.090000,1.774157,1.395202,1.650000,9.650965,1,,40.367390,13.581400,-70.359500,43.864920,0.150098,118.303942,82.604290
83,21.363163,1.592734,5.891338,4.413372,0.610830,1.443047,3.056259,21.365000,1.595000,5.890000,7.039328,7.939184,1.445000,3.056259,1,,47.722440,7.167700,0.815709,61.587900,1.579969,105.020450,47.997198
84,5.775668,15.076807,16.832108,2.617128,1.177177,1.143996,5.945617,5.775000,15.075000,16.830000,39.453199,25.925123,1.145000,5.945617,1,,49.598990,1.624630,67.889500,56.755080,0.068107,161.145379,86.617490
85,9.130495,9.117267,1.470888,1.612510,0.940290,1.000138,3.450468,9.130000,9.115000,1.470000,14.698030,1.114427,1.000000,3.450468,1,,79.009770,6.657600,18.097170,46.585620,0.460876,55.242457,90.355770
86,14.922073,10.071882,2.920823,2.046341,0.748554,1.599445,9.119255,14.920000,10.070000,2.920000,20.606652,2.236422,1.600000,9.119255,1,,51.148510,2.213480,24.327000,49.107780,1.691240,125.860918,51.248105
87,30.827981,3.293555,7.435160,3.195378,1.868387,1.089180,9.834938,30.830000,3.295000,7.435000,10.528771,22.194229,1.090000,9.834938,1,,32.883710,0.500155,76.873400,58.443480,0.033653,126.268870,84.376310
88,10.692072,14.338976,10.583846,4.947345,1.537447,1.535413,1.494940,10.690000,14.340000,10.585000,70.944934,40.256247,1.535000,1.494940,1,,42.450550,4.052100,74.884000,76.158540,0.050894,280.031863,95.589250
89,34.769882,10.203920,6.606768,2.514205,0.916748,1.958126,7.688927,34.770000,10.205000,6.605000,25.657466,7.611906,1.960000,7.688927,1,,82.377960,3.508170,58.796700,56.187720,0.691654,267.401569,86.503080
90,5.822379,3.307358,19.485437,4.049748,1.168910,0.889698,3.970884,5.820000,3.305000,19.485000,13.384418,46.118969,0.890000,3.970884,1,,39.197280,1.574650,75.095000,63.256320,0.045390,103.883814,88.943280
91,8.415179,9.735171,2.054753,1.554944,0.614317,1.222670,7.845541,8.415000,9.735000,2.055000,15.137383,0.981498,1.225000,7.845541,1,,42.281810,2.203850,13.519100,42.653340,1.735032,69.247879,42.327557
92,19.527881,7.850964,8.278846,4.774421,0.807837,1.685747,9.952548,19.530000,7.850000,8.280000,37.479207,15.967785,1.685000,9.952548,1,,70.018010,1.694930,71.063900,72.415260,1.588691,210.232382,71.329130
93,2.249327,10.387955,12.615781,2.900999,0.843131,1.042786,6.888426,2.250000,10.390000,12.615000,30.141382,15.427662,1.045000,6.888426,1,,78.317400,1.488870,101.640700,57.477240,1.013044,100.402601,82.178630
94,7.331633,14.962853,2.402244,2.277639,0.541605,0.317919,1.043103,7.330000,14.965000,2.400000,34.084862,1.480298,0.320000,1.043103,1,,52.585960,12.969100,17.819000,46.606500,1.696735,27.185651,53.557280
95,14.945198,17.798729,17.685815,4.463285,1.739587,0.976400,3.628312,14.945000,17.800000,17.685000,79.446466,68.655578,0.975000,3.628312,1,,38.935150,1.743890,81.143200,72.554580,0.033717,242.737993,91.670450
96,24.927069,11.641184,17.094005,3.840295,1.703236,1.116615,4.717419,24.925000,11.640000,17.095000,44.701033,55.908600,1.115000,4.717419,1,,38.483070,1.404190,78.918200,67.104540,0.035474,231.841541,90.378170
97,32.537541,16.582283,10.263636,1.410329,0.889924,1.842190,7.476089,32.540000,16.580000,10.265000,23.383251,6.441729,1.840000,7.476089,1,,80.274120,8.297850,-5.265700,47.037060,1.522444,273.414763,83.678150
98,31.902012,11.107491,10.941972,3.299842,1.986598,1.909137,8.696561,31.900000,11.105000,10.940000,36.644750,35.858371,1.910000,8.696561,1,,37.010990,0.681777,77.681400,62.990280,0.038718,344.550861,84.753590
99,38.694575,19.596567,1.543066,1.179456,1.907804,0.704292,7.362632,38.695000,19.595000,1.545000,23.111444,1.738258,0.705000,7.362632,1,,42.447120,1.804590,42.680500,44.772840,0.065785,101.886390,85.726520
100,38.033209,1.891339,14.896507,4.617358,0.713739,1.814693,6.114058,38.035000,1.890000,14.895000,8.726807,24.543891,1.815000,6.114058,1,,62.050180,5.704570,1.285700,67.062240,1.451389,259.382917,64.438350
101,15.245085,19.298961,16.088002,3.791091,0.626103,0.271355,1.289123,15.245000,19.300000,16.090000,73.168058,19.095724,0.270000,1.289123,1,,57.591470,11.504900,46.362100,58.980060,1.214244,52.254121,61.956040
102,11.430185,9.919766,18.173330,3.661620,0.780997,0.994110,2.490180,11.430000,9.920000,18.175000,36.323268,25.987636,0.995000,2.490180,1,,76.194760,6.527580,54.455200,63.343800,1.573863,140.654099,79.638550
103,2.484628,12.993593,5.486206,3.255311,1.912303,0.751173,4.640484,2.485000,12.995000,5.485000,42.302771,17.072450,0.750000,4.640484,1,,36.078130,0.965889,82.968100,60.929820,0.036170,75.978916,86.022130
104,29.936517,16.957816,11.581989,2.123451,1.744318,1.989453,3.898880,29.935000,16.960000,11.580000,36.013723,21.446005,1.990000,3.898880,1,,40.596860,1.903140,64.301200,53.332200,0.046439,347.075359,91.943860
105,33.641065,6.267848,14.016094,1.000870,0.933386,1.669928,0.965228,33.640000,6.270000,14.015000,6.275456,6.546393,1.670000,0.965228,1,,80.756420,15.264400,-48.409600,43.813260,1.116329,201.521988,92.699320
106,22.219139,3.372368,9.198585,3.539652,0.901831,0.282201,2.429289,22.220000,3.370000,9.200000,11.928628,14.683979,0.280000,2.429289,1,,57.777120,6.862400,49.208200,58.975020,0.288484,26.933930,67.699660
107,30.573050,12.422924,13.212010,4.528742,1.447428,0.879879,5.550121,30.575000,12.425000,13.210000,56.269623,43.295950,0.880000,5.550121,1,,41.659780,1.597420,78.196300,72.796320,0.046144,186.547304,88.808180
108,13.317579,19.096219,3.851629,4.252238,1.352209,1.808380,3.411256,13.320000,19.095000,3.850000,81.196481,11.068581,1.810000,3.411256,1,,47.529070,2.556910,72.051700,70.563420,0.086726,298.279062,89.951870
109,13.515355,9.040571,4.518983,2.711101,0.926326,0.470313,7.288611,13.515000,9.040000,4.520000,24.508357,5.675682,0.470000,7.288611,1,,69.025880,2.475720,61.305800,56.689920,0.359293,39.636998,78.257040
110,17.593655,7.306418,7.402591,2.222670,0.716502,0.463211,0.793319,17.595000,7.305000,7.405000,16.236602,5.896409,0.465000,0.793319,1,,69.337390,17.625800,12.071200,50.056380,1.453156,40.335500,73.377800
111,25.034628,14.916427,7.125455,1.133651,1.337008,0.569401,2.991843,25.035000,14.915000,7.125000,16.908411,5.399684,0.570000,2.991843,1,,47.030230,6.652710,13.287700,44.745120,0.071769,66.381114,82.415530
112,19.634469,15.695511,5.574902,3.637857,1.839096,0.940063,7.423762,19.635000,15.695000,5.575000,57.096160,18.649399,0.940000,7.423762,1,,39.721220,0.989674,79.440600,65.604240,0.042014,148.102225,86.501420
113,36.643122,10.439439,3.817783,2.692870,1.643466,0.661218,0.443061,36.645000,10.440000,3.820000,28.113567,8.452977,0.660000,0.443061,1,,39.102740,16.957100,50.903200,57.594060,0.049175,91.328519,88.984940
114,8.627480,2.774563,2.318198,1.842420,0.834934,1.818274,3.716974,8.625000,2.775000,2.320000,5.112715,1.784427,1.820000,3.716974,1,,79.308040,9.525650,-25.390600,47.882520,0.737552,62.493598,86.773950
115,29.497492,4.816734,4.078039,4.687760,1.825653,1.582759,8.649513,29.495000,4.815000,4.080000,22.571563,17.458773,1.585000,8.649513,1,,35.913650,0.681825,78.886600,70.909020,0.048601,185.144383,84.990750
116,36.542001,15.792602,4.765843,3.261898,1.225560,1.858661,6.601774,36.540000,15.795000,4.765000,51.521680,9.524407,1.860000,6.601774,1,,48.885660,1.833350,63.882900,62.859780,0.099094,325.957722,86.886560
117,27.957503,17.980589,19.638662,3.868395,1.498504,1.500592,1.855553,27.960000,17.980000,19.640000,69.553742,56.924626,1.500000,1.855553,1,,42.079770,3.942360,70.093300,67.848300,0.044982,386.457552,95.634370
118,14.715135,9.223898,3.241207,1.569751,1.470164,1.470350,2.220266,14.715000,9.225000,3.240000,14.480956,3.738624,1.470000,2.220266,1,,45.213550,4.865660,35.430300,47.998800,0.082525,106.691983,94.354150
119,21.560794,6.813086,3.059246,3.932417,1.265642,1.547308,3.696383,21.560000,6.815000,3.060000,26.799425,7.614860,1.545000,3.696383,1,,44.756260,2.577460,67.100900,66.535920,0.091114,150.304220,91.088860
120,36.475731,19.001981,12.141034,3.964232,0.612642,1.319972,5.783470,36.475000,19.000000,12.140000,75.320417,14.741939,1.320000,5.783470,1,,44.038080,1.684540,64.672100,59.147460,1.739148,297.385910,44.103923
121,34.873413,18.076361,5.828153,1.997594,1.867577,1.988288,9.971547,34.875000,18.075000,5.830000,36.106512,10.874876,1.990000,9.971547,1,,41.366430,0.842328,65.156100,52.291800,0.053452,327.437362,84.356230
122,33.203814,5.960964,18.702278,3.780607,0.841094,0.267103,2.362917,33.205000,5.960000,18.700000,22.532415,29.731544,0.265000,2.362917,1,,57.985020,6.997020,55.178100,62.577900,0.645465,44.518399,64.712980
123,35.404697,2.955906,17.545431,2.584029,1.485796,1.239680,4.246298,35.405000,2.955000,17.545000,7.635807,33.680608,1.240000,4.246298,1,,33.490470,1.306290,67.377300,54.211860,0.036816,189.876755,90.485270
124,10.033572,3.734544,2.262362,4.181926,1.379298,1.720637,4.386401,10.035000,3.735000,2.260000,15.619493,6.517977,1.720000,4.386401,1,,39.907080,1.449180,71.739800,64.418400,0.081446,93.219648,86.751480
125,32.082664,9.566581,3.319938,1.472110,1.067179,1.605977,3.133068,32.085000,9.565000,3.320000,14.080736,2.607870,1.605000,3.133068,1,,61.148500,9.828500,-22.971600,47.552220,0.181306,171.138913,92.570100
126,27.200853,12.314315,13.668469,4.711499,1.938503,1.982033,9.156755,27.200000,12.315000,13.670000,58.022105,62.425782,1.980000,9.156755,1,,37.227030,0.614681,81.980200,74.578500,0.037122,449.099416,84.782430
127,11.537243,7.227025,8.674894,1.434444,0.795027,1.543425,8.289855,11.535000,7.225000,8.675000,10.363860,4.946582,1.545000,8.289855,1,,51.700790,8.726500,-36.201900,45.444420,1.672826,108.428783,51.893076
128,4.410095,13.968898,4.454283,3.181884,1.793355,1.397908,8.800236,4.410000,13.970000,4.455000,44.450915,12.710664,1.400000,8.800236,1,,40.654040,0.597002,80.792100,60.489000,0.050160,143.964211,82.163940
129,9.775000,8.737219,15.267059,4.736726,1.400169,1.921670,7.216436,9.775000,8.735000,15.265000,41.375306,50.620413,1.920000,7.216436,1,,41.485000,0.879538,79.099700,73.961820,0.054607,306.327780,84.727400
130,15.696065,13.527408,9.113266,4.460077,1.208018,0.893433,0.879695,15.695000,13.525000,9.115000,60.322544,24.555148,0.895000,0.879695,1,,48.378260,11.426900,58.943500,72.092520,0.070661,144.585184,95.864560
131,13.086510,17.953521,16.532281,1.294374,1.281386,0.458014,6.575428,13.085000,17.955000,16.530000,23.240487,13.708266,0.460000,6.575428,1,,48.620890,2.944220,32.341700,45.959040,0.072362,60.760826,77.901290
132,16.297068,6.657849,4.935259,4.592556,1.411465,0.760247,3.470029,16.295000,6.660000,4.935000,30.586426,15.994909,0.760000,3.470029,1,,40.589080,2.391100,77.053100,71.443620,0.053921,77.794615,89.961980
133,4.830821,9.853203,8.039701,2.729913,1.135153,1.704817,6.625096,4.830000,9.855000,8.040000,26.903291,12.457457,1.705000,6.625096,1,,49.931280,1.275240,67.279700,57.155400,0.094592,144.602325,84.098380
134,9.971242,14.053605,10.485642,2.988030,0.900354,1.664272,2.309148,9.970000,14.055000,10.485000,41.996764,14.103825,1.665000,2.309148,1,,84.980990,6.516060,54.891100,59.734260,0.830296,208.325781,94.253970
135,19.764732,14.171783,18.661665,1.041911,0.927884,1.699454,7.447695,19.765000,14.170000,18.660000,14.763880,9.019989,1.700000,7.447695,1,,82.062220,10.735400,-14.661200,44.091180,0.967017,219.255577,86.204420
136,37.294551,12.913238,15.909665,1.641437,1.154375,1.595763,6.082355,37.295000,12.915000,15.910000,21.199157,15.073401,1.595000,6.082355,1,,51.314730,3.352510,23.945500,49.273020,0.083056,268.777530,88.159930
137,5.506657,7.342890,9.423842,1.057045,1.112686,1.046540,8.633056,5.505000,7.345000,9.425000,7.763999,5.542655,1.045000,8.633056,1,,59.761730,7.121280,-23.352500,43.961760,0.117993,60.460203,83.323330
138,15.993918,7.822093,11.712199,4.209779,1.966426,0.151399,2.568644,15.995000,7.820000,11.710000,32.920469,48.468970,0.150000,2.568644,1,,31.024200,3.884360,82.642700,101.186100,0.552744,22.865916,35.206090
139,6.170242,14.082464,3.468744,4.799647,1.321653,0.598334,4.952025,6.170000,14.080000,3.470000,67.579032,11.005918,0.600000,4.952025,1,,43.547460,1.810560,79.772000,74.420820,0.065507,75.614970,84.351260
140,3.519906,6.031653,19.688548,4.419091,0.586934,1.288185,0.491153,3.520000,6.030000,19.690000,26.647117,25.535115,1.290000,0.491153,1,,44.503540,10.378700,48.159800,60.659100,1.703003,142.754279,44.629696
141,15.112640,1.253140,4.019414,2.195852,1.795317,1.447106,8.149476,15.115000,1.255000,4.020000,2.755794,7.923921,1.445000,8.149476,1,,25.933850,0.456673,64.968200,51.021360,0.046046,74.359288,83.259850
142,28.066595,14.705337,4.839058,2.169004,1.262625,0.956690,7.386851,28.065000,14.705000,4.840000,31.895209,6.627509,0.955000,7.386851,1,,47.460660,1.721950,58.891300,53.453880,0.077430,127.724296,86.754060
143,24.485210,12.476109,12.932709,3.751668,0.710929,0.164065,8.557426,24.485000,12.475000,12.935000,46.802054,17.249910,0.165000,8.557426,1,,38.800140,1.405690,72.544000,60.783660,0.886060,27.033924,42.704820
144,23.542934,9.363851,15.659704,4.258066,1.923233,1.164697,2.503353,23.545000,9.365000,15.660000,39.876791,64.121865,1.165000,2.503353,1,,35.988180,2.121180,80.235700,70.185060,0.030707,234.326534,94.606680
145,39.006390,2.434849,4.665456,2.779372,1.493036,1.924723,2.686680,39.005000,2.435000,4.665000,6.767770,9.679180,1.925000,2.686680,1,,32.499940,2.325230,55.690500,56.001600,0.063089,209.164629,86.365340
146,12.758669,3.425697,5.814971,3.082370,1.974145,1.978643,9.618088,12.760000,3.425000,5.815000,10.557117,17.692270,1.980000,9.618088,1,,32.003720,0.406996,76.358200,58.227660,0.042471,143.053786,82.926020
147,5.328004,4.118618,5.448955,3.448174,1.950425,1.434559,3.182385,5.330000,4.120000,5.450000,14.206478,18.326734,1.435000,3.182385,1,,33.763800,1.113730,80.010600,60.149160,0.038048,89.448159,90.156400
148,33.403460,2.973283,19.903030,1.457256,1.062683,1.888084,5.911266,33.405000,2.975000,19.905000,4.335338,15.412460,1.890000,5.911266,1,,45.780420,10.861200,-51.920100,47.050020,0.088993,250.080638,87.785320
149,17.671250,15.045624,11.987987,1.115408,1.791026,0.441470,8.545256,17.670000,15.045000,11.990000,16.781320,11.976367,0.440000,8.545256,1,,34.839930,1.101870,55.502800,44.552340,0.037587,51.993782,76.375530
150,12.483984,18.063600,8.627048,1.344249,0.552662,1.278403,0.370603,12.485000,18.065000,8.625000,24.283855,3.203824,1.280000,0.370603,1,,39.125440,11.446500,4.308360,41.664960,1.756305,135.472229,39.160899
151,18.939342,4.613420,1.403515,1.452898,0.565380,1.895312,5.136635,18.940000,4.615000,1.405000,6.705126,0.577061,1.895000,5.136635,1,,40.879860,10.916900,-56.947200,41.455440,1.699026,108.398144,40.925615
152,26.708221,1.309537,18.763204,2.932154,1.848337,1.418151,6.939219,26.710000,1.310000,18.765000,3.841122,50.849497,1.420000,6.939219,1,,21.914300,0.370741,79.724700,56.148120,0.026953,210.530079,84.836400
153,37.435948,12.462087,16.176628,4.501489,1.889171,1.970484,2.442414,37.435000,12.460000,16.175000,56.088550,68.776763,1.970000,2.442414,1,,36.997780,2.166230,77.223300,72.990000,0.036466,506.300467,93.826780
154,5.209221,16.181858,9.330031,4.514224,0.804303,0.545491,9.609525,5.210000,16.180000,9.330000,73.040144,16.937695,0.545000,9.609525,1,,75.099540,1.490730,95.123800,69.100020,1.028003,82.522722,79.991780
155,23.448041,17.266049,8.235927,3.241740,0.575179,0.255744,0.726558,23.450000,17.265000,8.235000,55.968644,7.677413,0.255000,0.726558,1,,55.609920,17.947700,27.677100,53.638200,1.323014,41.194245,59.152450
156,29.757677,10.100479,11.736625,4.096489,0.897769,1.215699,7.783409,29.760000,10.100000,11.735000,41.374537,21.578900,1.215000,7.783409,1,,81.390760,2.408200,90.650400,68.684040,0.695318,201.864276,86.355490
157,36.002984,11.476799,13.414681,4.987232,1.167495,1.779367,7.303424,36.005000,11.475000,13.415000,57.228487,39.054881,1.780000,7.303424,1,,48.645410,1.600330,71.440900,76.915080,0.080307,388.170595,86.079710
158,2.377305,6.138523,9.406067,4.752427,0.685532,0.573578,8.469277,2.375000,6.140000,9.405000,29.179902,15.320467,0.575000,8.469277,1,,73.278180,1.385910,91.798700,66.500820,1.392616,46.195712,77.433380
159,14.801915,11.706387,17.593060,3.603139,1.916605,0.296434,3.208764,14.800000,11.705000,17.595000,42.174740,60.753728,0.295000,3.208764,1,,30.166340,2.268360,80.637100,66.915360,0.034052,56.382898,67.758540
160,39.648195,18.353081,9.768060,3.701969,1.000689,0.178353,5.247921,39.650000,18.355000,9.770000,67.949646,18.096587,0.180000,5.247921,1,,44.561140,2.488970,71.372200,65.460420,0.658966,39.887322,49.618180
161,7.722546,7.911559,7.485069,4.862684,1.479825,0.550858,7.951685,7.725000,7.910000,7.485000,38.463831,26.930733,0.550000,7.951685,1,,38.401780,0.978420,81.613900,73.764000,0.046159,61.399010,79.021480
162,38.012361,16.527876,17.992919,2.822189,1.903180,0.880918,9.431006,38.010000,16.530000,17.995000,46.650779,48.326759,0.880000,9.431006,1,,36.592170,0.701788,78.686600,59.101560,0.029597,211.241833,84.937170
163,24.781030,1.483296,17.766260,2.851545,0.945911,0.368334,6.141797,24.780000,1.485000,17.765000,4.234545,23.958837,0.370000,6.141797,1,,48.059970,3.174400,34.626300,53.371080,0.086760,43.013751,72.694970
164,16.555893,4.322218,19.407734,3.717159,0.826037,1.851798,4.589552,16.555000,4.320000,19.410000,16.058125,29.799314,1.850000,4.589552,1,,78.867760,4.437710,43.971400,63.408780,0.823054,233.890762,89.248760
165,17.122559,19.126667,5.061569,4.395058,1.058847,0.812524,9.060674,17.125000,19.125000,5.060000,84.055486,11.773851,0.815000,9.060674,1,,54.933140,1.550980,74.286000,72.028080,0.105670,145.436210,84.659840
166,28.608369,6.517086,13.292599,1.362898,0.555879,0.482076,0.517286,28.610000,6.515000,13.295000,8.879281,5.036191,0.480000,0.517286,1,,40.967760,16.975600,-12.353100,42.199380,1.728565,53.162627,41.126055
167,15.366553,6.179362,15.087619,1.025851,1.275551,0.486652,8.036979,15.365000,6.180000,15.090000,6.339758,9.872825,0.485000,8.036979,1,,46.634940,6.781790,-13.964100,43.473060,0.069265,43.399053,79.121240
168,2.295889,18.824882,14.768804,4.520595,1.722488,1.753948,4.669899,2.295000,18.825000,14.770000,85.100193,57.504560,1.755000,4.669899,1,,38.417230,0.668095,85.746000,71.051400,0.039235,376.245242,83.730730
169,16.726153,8.460162,9.654224,1.573395,1.726659,0.943694,4.755805,16.725000,8.460000,9.655000,13.310922,13.114949,0.945000,4.755805,1,,38.718270,1.578590,61.355700,48.358620,0.040407,90.820048,89.594570
170,37.632344,7.987194,1.187679,4.645196,1.528281,0.821485,6.550270,37.630000,7.985000,1.190000,37.091892,4.224005,0.820000,6.550270,1,,43.537640,1.536970,75.864100,70.839900,0.081171,110.639236,87.023140
171,22.634028,8.584778,19.167808,3.464754,1.950119,1.063456,8.831597,22.635000,8.585000,19.170000,29.744916,64.762795,1.065000,8.831597,1,,35.110150,0.597398,81.351000,63.646200,0.028030,207.981412,85.241050
172,15.619184,15.861366,13.568543,1.491971,1.016154,1.208292,8.724893,15.620000,15.860000,13.570000,23.662655,10.286548,1.210000,8.724893,1,,73.595770,4.285900,20.002940,47.854800,0.180750,150.099536,84.977870
173,19.897663,14.308227,5.277300,1.899868,0.530388,1.950182,9.455135,19.900000,14.310000,5.275000,27.187107,2.657724,1.950000,9.455135,1,,37.669450,0.997962,31.559500,43.789140,1.751209,212.188920,37.697139
174,10.458064,5.855773,6.210627,4.603920,1.241422,1.133805,4.533795,10.460000,5.855000,6.210000,26.955951,17.746342,1.135000,4.533795,1,,43.810540,1.836820,74.807700,70.495380,0.067320,101.868853,89.657340
175,31.051559,15.761079,12.665222,1.887008,0.666917,1.656472,2.526457,31.050000,15.760000,12.665000,29.739242,7.969308,1.655000,2.526457,1,,46.047920,5.741120,12.387600,47.464740,1.723529,259.269900,46.134648
176,17.710854,11.886576,18.212412,2.333880,1.537062,0.806461,9.089536,17.710000,11.885000,18.210000,27.738160,32.662527,0.805000,9.089536,1,,39.801020,0.886406,72.040300,54.566280,0.038957,125.588603,84.589820
177,19.668207,9.822968,15.644349,2.125898,1.332329,1.167917,7.173664,19.670000,9.825000,15.645000,20.886948,22.156413,1.170000,7.173664,1,,44.033400,1.401350,61.008200,52.945200,0.054547,155.988332,86.838300
178,22.814835,10.777131,9.034225,3.481411,1.253068,1.507075,1.680713,22.815000,10.775000,9.035000,37.512206,19.707340,1.505000,1.680713,1,,46.703520,5.918280,57.751500,64.117440,0.074332,214.416667,95.792220
179,29.435695,8.167238,11.908133,4.566937,1.201482,0.853029,2.478248,29.435000,8.165000,11.910000,37.289038,32.675633,0.855000,2.478248,1,,45.988960,4.468000,69.326200,72.267120,0.063708,144.481894,92.649660
180,22.162112,10.003977,4.741918,4.847697,1.639072,0.687314,4.697901,22.160000,10.005000,4.740000,48.501208,18.831368,0.685000,4.697901,1,,38.706870,1.687940,80.567800,74.942640,0.045382,96.682665,87.650070
181,6.093022,17.235765,2.195903,3.919478,0.861813,0.772847,8.316580,6.095000,17.235000,2.195000,67.552201,3.707198,0.775000,8.316580,1,,80.189320,1.722950,106.941900,65.214360,0.628575,94.789784,83.651060
182,28.171983,16.643427,8.168998,4.851724,0.942940,1.124012,1.362894,28.170000,16.645000,8.170000,80.756938,18.688411,1.125000,1.362894,1,,82.240490,11.991400,48.967800,75.693960,0.393200,231.092268,96.895090
183,10.101180,9.903240,17.269156,3.023168,0.817508,0.212292,7.194125,10.100000,9.905000,17.270000,29.944484,21.341104,0.210000,7.194125,1,,49.823990,1.833680,63.877300,53.658000,0.613187,26.425473,58.458720
184,15.803430,15.024264,10.730140,2.787813,1.072230,1.251559,2.017687,15.805000,15.025000,10.730000,41.886896,16.036934,1.250000,2.017687,1,,57.545280,7.005020,43.831600,58.532400,0.104008,176.304788,95.974980
185,28.431716,13.327942,13.481966,3.647657,1.289456,1.768797,4.815005,28.430000,13.330000,13.480000,48.623266,31.701542,1.770000,4.815005,1,,45.806180,2.075020,68.102300,65.933460,0.066653,337.724510,88.503480
186,11.674644,18.617715,7.706665,1.202417,1.624124,1.579198,2.142557,11.675000,18.620000,7.705000,22.389000,7.523446,1.580000,2.142557,1,,43.707740,4.136200,39.668300,45.432000,0.056235,167.341665,93.810340
187,34.356760,15.540806,5.320514,2.099858,0.881735,1.742833,8.938051,34.355000,15.540000,5.320000,32.631799,4.925037,1.745000,8.938051,1,,79.684850,3.234270,50.622100,52.518240,1.536735,258.237029,82.153510
188,16.376685,10.312665,15.617455,1.753331,1.226677,1.568021,6.500600,16.375000,10.315000,15.615000,18.085608,16.792143,1.570000,6.500600,1,,47.263940,1.929980,45.043400,49.948920,0.069545,187.595769,86.994440
189,5.050783,5.424490,6.251995,1.275052,0.839389,0.874019,2.284235,5.050000,5.425000,6.250000,6.917155,3.344575,0.875000,2.284235,1,,79.722470,9.627580,-10.546800,44.557560,1.323866,38.247764,85.630900
190,7.161074,3.139558,8.848994,2.609217,1.003787,0.707100,3.310887,7.160000,3.140000,8.850000,8.192940,11.589513,0.705000,3.310887,1,,46.615030,3.566230,48.813500,53.287380,0.075767,40.948129,87.951330
191,11.935709,4.982392,4.144341,4.872770,1.934303,0.413130,9.990492,11.935000,4.980000,4.145000,24.266397,19.534175,0.415000,9.990492,1,,29.495680,0.559847,85.082900,72.119700,0.031261,35.657037,74.892380
192,1.375169,11.049727,6.664869,3.041074,1.824171,1.274147,7.740980,1.375000,11.050000,6.665000,33.603869,18.486841,1.275000,7.740980,1,,34.756760,0.346930,85.656400,56.289420,0.038934,115.095155,78.722860
193,2.798198,7.396349,19.084194,3.358584,0.684298,1.247893,9.275908,2.800000,7.395000,19.085000,24.836728,21.931278,1.250000,9.275908,1,,50.376890,0.881073,68.420300,57.563280,1.682883,131.660007,50.601536
194,29.834608,5.668415,1.989932,3.800755,1.459720,0.948880,7.772459,29.835000,5.670000,1.990000,21.550282,5.520298,0.950000,7.772459,1,,42.186090,1.177370,72.323400,63.034920,0.070952,96.957551,86.005490
195,26.762236,18.472793,3.203342,4.145194,1.006298,1.713598,1.215313,26.760000,18.475000,3.205000,76.582453,6.684508,1.715000,1.215313,1,,56.239070,9.867450,41.121200,69.787980,0.151229,308.952038,94.764870
196,20.300606,19.277185,12.553520,3.172932,1.512142,0.473943,7.986436,20.300000,19.275000,12.555000,61.158260,30.118970,0.475000,7.986436,1,,39.036530,1.227660,75.815000,62.310600,0.045985,92.880184,78.770130
197,1.464391,8.389886,11.341696,1.677190,0.733747,1.570495,7.048788,1.465000,8.390000,11.340000,14.071623,6.977687,1.570000,7.048788,1,,57.597650,0.957622,59.189700,45.489780,1.647095,99.599717,57.975490
198,35.036782,3.053288,18.586508,2.181162,1.179818,0.373520,7.572554,35.035000,3.055000,18.585000,6.663449,23.913069,0.375000,7.572554,1,,40.910780,1.894670,48.942400,50.882760,0.058146,53.972444,73.183880
199,28.535382,17.103654,5.608660,1.322969,0.600287,0.551186,6.188167,28.535000,17.105000,5.610000,22.629390,2.227623,0.550000,6.188167,1,,38.055020,4.644800,-0.538431,41.874660,1.754400,70.046357,38.108177
200,7.417430,13.751210,17.661278,3.272752,1.860752,0.608760,2.058261,7.415000,13.750000,17.660000,45.000335,53.772749,0.610000,2.058261,1,,34.738930,2.693610,79.924800,61.934220,0.028591,107.618081,85.757730
201,13.813525,17.313170,7.503594,3.833844,0.578446,0.925124,9.542717,13.815000,17.315000,7.505000,66.383017,8.321821,0.925000,9.542717,1,,42.824520,0.922122,69.345200,56.796660,1.746203,140.576725,42.878463
202,4.156591,16.286476,4.428597,4.944995,1.347420,1.874822,1.751557,4.155000,16.285000,4.430000,80.529236,14.758511,1.875000,1.751557,1,,46.014130,3.012950,76.109100,74.012940,0.079818,271.927026,90.504730
203,13.699241,13.118582,8.445056,3.217119,0.546074,1.203466,6.759875,13.700000,13.120000,8.445000,42.208601,7.418020,1.205000,6.759875,1,,41.405970,1.176600,61.446100,52.178220,1.744290,144.788728,41.453393
204,12.293997,11.449041,14.046724,1.697338,1.972862,0.160817,7.918916,12.295000,11.450000,14.045000,19.434525,23.515649,0.160000,7.918916,1,,35.231520,1.349680,71.624500,56.047500,0.445550,18.964828,40.280190
205,21.592029,5.985782,5.776529,3.129758,1.960466,0.293098,6.655569,21.590000,5.985000,5.775000,18.731601,17.717074,0.295000,6.655569,1,,28.369700,0.993286,80.509200,60.364080,0.033878,30.428859,68.266900
206,31.778577,17.029777,10.078140,3.405670,0.720645,0.342616,4.283805,31.780000,17.030000,10.080000,57.998554,12.369564,0.345000,4.283805,1,,63.516250,4.171720,57.595400,58.944600,1.145764,64.911101,68.211500
207,13.609810,8.504894,2.760843,3.667026,1.129688,0.955566,8.052542,13.610000,8.505000,2.760000,31.188053,5.716779,0.955000,8.052542,1,,49.835670,1.447890,69.908500,63.623520,0.103393,82.755365,85.233270
208,24.591115,16.311463,12.989401,4.919222,0.624170,1.106434,1.436746,24.590000,16.310000,12.990000,80.232514,19.942439,1.105000,1.436746,1,,45.593580,5.960720,61.519000,65.590380,1.734608,229.790223,45.672941
209,35.441882,8.648587,16.895976,2.708403,0.743524,1.558324,5.504188,35.440000,8.650000,16.895000,23.427687,17.011270,1.560000,5.504188,1,,53.681960,3.611260,28.615800,55.057680,1.671477,253.357973,53.948015
210,14.438855,15.632974,10.016992,2.747991,0.846570,1.893831,0.924319,14.440000,15.635000,10.015000,42.964838,11.649276,1.895000,0.924319,1,,78.609450,12.775600,11.590320,57.497040,1.568944,255.434846,81.758110
211,33.759470,4.350512,8.982974,3.368231,0.978131,1.748300,0.850119,33.760000,4.350000,8.985000,14.651803,14.800859,1.750000,0.850119,1,,51.942440,13.771500,10.556200,61.223580,0.118047,216.374659,91.080340
212,5.480360,13.174169,19.540412,4.934757,1.557614,1.476918,8.522207,5.480000,13.175000,19.540000,65.015422,75.096585,1.475000,8.522207,1,,40.198260,0.616436,83.881500,75.448980,0.040587,319.340460,83.030960
213,20.677947,4.174203,18.900724,2.085494,0.659234,0.392216,8.840632,20.680000,4.175000,18.900000,8.706937,12.992129,0.390000,8.840632,1,,65.467240,3.776770,20.794500,48.215880,1.189824,42.591536,71.046380
214,22.004831,13.481935,3.668745,3.091378,1.893511,0.616679,9.872142,22.005000,13.480000,3.670000,41.671782,10.741281,0.615000,9.872142,1,,36.911480,0.770148,78.567900,61.103520,0.040628,80.394684,82.362680
215,5.705189,13.918733,16.867422,1.868074,1.846872,1.902438,8.509422,5.705000,13.920000,16.865000,26.003590,29.092909,1.900000,8.509422,1,,38.189730,0.523852,75.417600,50.694660,0.037036,243.345348,82.299630
216,10.196760,19.879017,16.580182,1.098487,1.407124,0.323438,1.588254,10.195000,19.880000,16.580000,21.837917,12.813913,0.325000,1.588254,1,,47.415590,10.121100,9.634430,44.325180,0.082229,41.587595,68.918390
217,25.915867,1.085530,12.434387,2.366518,0.751984,1.561640,2.101145,25.915000,1.085000,12.435000,2.567672,11.064557,1.560000,2.101145,1,,61.297180,12.563900,-54.437400,51.988500,1.230868,144.303477,67.725850
218,30.285511,15.672879,10.907985,1.241112,0.952062,1.070401,1.116833,30.285000,15.675000,10.910000,19.454431,6.445713,1.070000,1.116833,1,,83.631720,14.660700,-15.332600,45.775440,0.787955,149.414954,95.286420
219,15.034465,8.229864,8.604776,4.012012,1.204693,1.324876,1.792453,15.035000,8.230000,8.605000,33.018858,20.795030,1.325000,1.792453,1,,46.964960,5.441940,63.071300,67.863240,0.075917,155.758902,96.129960
220,4.337353,17.906345,14.366759,4.202324,0.521130,1.798949,6.825381,4.335000,17.905000,14.365000,75.242608,15.729359,1.800000,6.825381,1,,40.559970,0.661387,75.945900,56.375640,1.746732,295.527541,40.607087
221,8.311382,3.406310,4.194250,2.066505,1.358497,1.412324,8.872752,8.310000,3.405000,4.195000,7.036450,5.888396,1.410000,8.872752,1,,39.371480,0.797479,57.588400,50.211900,0.067423,63.090233,83.425580
222,35.704033,12.760955,17.324864,2.873374,0.618638,1.177132,1.955602,35.705000,12.760000,17.325000,36.664247,15.398270,1.175000,1.955602,1,,44.820810,5.549230,41.022200,52.868880,1.729691,215.779957,44.909146
223,10.764622,3.191037,8.087243,1.821790,1.936511,0.530690,5.601290,10.765000,3.190000,8.085000,5.811510,14.261598,0.530000,5.601290,1,,30.086530,0.885452,71.948900,48.385620,0.028615,34.001147,77.124430
224,33.321814,4.022028,16.703935,2.480649,1.199225,0.337333,6.538725,33.320000,4.020000,16.705000,9.972210,24.847488,0.335000,6.538725,1,,44.028220,2.344350,53.210200,53.940420,0.070279,47.874749,70.846420
225,33.696991,5.626202,2.157013,1.860233,0.598975,1.190691,1.606676,33.695000,5.625000,2.155000,10.463812,1.200586,1.190000,1.606676,1,,42.031680,10.191100,-18.821100,44.769780,1.717963,112.591134,42.090913
226,7.946709,10.859044,6.492091,4.828033,1.660502,1.406399,3.258725,7.945000,10.860000,6.490000,52.432441,26.015031,1.405000,3.258725,1,,41.095550,1.847180,79.999100,74.433420,0.050712,181.297648,91.659450
227,35.949776,2.484859,2.591959,2.188781,0.663097,1.436569,2.256792,35.950000,2.485000,2.590000,5.439120,1.879528,1.435000,2.256792,1,,45.679900,12.572300,-44.999400,48.367620,1.637139,128.244010,45.808953
228,36.314697,3.577688,3.580347,4.295115,1.059751,1.565779,5.009646,36.315000,3.580000,3.580000,15.376513,8.147634,1.565000,5.009646,1,,43.464160,2.124320,61.004500,66.790980,0.101273,172.892040,88.866160
229,25.886499,17.757613,2.338897,4.782068,1.930461,1.292666,0.552955,25.885000,17.760000,2.340000,84.929534,10.800970,1.295000,0.552955,1,,42.104220,9.813210,65.559900,74.224620,0.056755,243.072153,99.605720
230,6.675608,4.099225,8.531208,3.344735,0.572419,0.202615,4.927371,6.675000,4.100000,8.530000,13.713414,8.165723,0.205000,4.927371,1,,48.487880,2.577130,56.559400,48.898620,0.708682,12.400273,56.668910
231,17.934228,11.220436,9.290283,1.380516,1.414406,0.928807,0.706165,17.935000,11.220000,9.290000,15.489390,9.069874,0.930000,0.706165,1,,43.987780,12.836600,22.760000,46.888380,0.056499,94.347816,96.357480
232,9.058492,14.574520,6.508124,4.837179,0.639667,1.717048,1.125963,9.060000,14.575000,6.510000,70.501880,10.071566,1.715000,1.125963,1,,46.192290,5.345170,60.658800,65.183940,1.722714,241.580810,46.259668
233,7.495657,3.900392,6.782943,4.027871,0.783120,1.455692,0.800023,7.495000,3.900000,6.785000,15.708698,10.700981,1.455000,0.800023,1,,81.392350,14.603600,23.048300,64.163880,0.896101,91.329883,93.331050
234,2.185556,7.955579,11.379580,3.057552,1.982165,1.229874,4.481215,2.185000,7.955000,11.380000,24.322824,34.484655,1.230000,4.481215,1,,32.978120,0.637515,84.441400,58.776480,0.031412,125.272399,85.558820
235,1.714481,12.703017,4.565511,4.164853,1.131671,1.682761,4.114241,1.715000,12.705000,4.565000,52.914457,10.757975,1.685000,4.114241,1,,44.726060,0.982740,82.151400,62.664300,0.084015,171.267498,82.905360
236,32.360080,16.378293,12.205054,4.473674,0.764007,1.303163,6.748625,32.360000,16.380000,12.205000,73.278781,20.857853,1.305000,6.748625,1,,58.123130,2.298840,64.445500,68.859000,1.689145,281.914757,58.426571
237,23.937378,12.371814,18.885972,2.762661,0.538475,0.592241,1.008818,23.935000,12.370000,18.885000,34.174119,14.046879,0.590000,1.008818,1,,41.366170,9.762530,39.039100,50.286240,1.742293,93.574589,41.471034
238,1.909477,3.538676,10.973979,2.303956,0.718399,0.991858,6.100488,1.910000,3.540000,10.975000,8.156006,9.082695,0.990000,6.100488,1,,74.505000,1.868240,64.586300,50.246640,1.311551,49.587814,79.498020
239,12.634760,1.154830,18.674847,2.625719,0.583542,1.859206,1.831449,12.635000,1.155000,18.675000,3.032705,14.307082,1.860000,1.831449,1,,27.507070,8.950440,-39.334100,50.024880,1.570379,153.021804,27.749038
240,25.810304,19.344627,14.547865,3.806827,1.020338,0.583105,8.921859,25.810000,19.345000,14.550000,73.643072,28.257924,0.585000,8.921859,1,,69.964270,1.962360,75.710200,67.067100,0.214089,129.466933,82.322770
241,19.369770,8.299633,9.156571,3.190117,1.588096,1.838461,0.302717,19.370000,8.300000,9.155000,26.477971,23.190584,1.840000,0.302717,1,,40.072590,14.121700,44.043500,61.664580,0.053844,226.906141,91.120890
242,31.639300,7.529851,7.916368,2.309965,1.718363,1.609213,3.226296,31.640000,7.530000,7.915000,17.394035,15.708734,1.610000,3.226296,1,,38.593270,2.232310,63.390100,54.487440,0.049177,204.909158,91.274370
243,29.143896,13.662607,13.944810,3.957403,1.153176,0.246189,2.008811,29.145000,13.665000,13.945000,54.077907,31.819562,0.245000,2.008811,1,,53.891420,7.571520,61.872700,69.330420,0.327674,48.854830,61.913070
244,22.028488,7.019592,5.211702,1.935797,1.457469,1.829678,4.526247,22.030000,7.020000,5.210000,13.589293,7.349654,1.830000,4.526247,1,,42.078540,2.102390,49.700600,51.380460,0.072871,163.709873,87.876340
245,19.341391,9.190945,1.365339,3.654587,0.553842,1.171792,3.095741,19.340000,9.190000,1.365000,33.585658,1.381423,1.170000,3.095741,1,,42.358430,2.725420,56.636900,53.461440,1.733878,110.865785,42.396696
246,28.409314,3.170253,10.101000,3.534224,1.210013,1.076142,6.328588,28.410000,3.170000,10.100000,11.203490,21.596102,1.075000,6.328588,1,,39.510380,1.302200,67.302500,60.693120,0.054968,124.871561,87.690480
247,26.204899,11.756204,15.921051,2.559378,0.796651,1.642550,7.865708,26.205000,11.755000,15.920000,30.085484,16.229887,1.645000,7.865708,1,,62.672320,2.707130,37.291400,55.189620,1.649866,253.453985,63.277535
248,27.290813,7.184144,4.821724,3.983488,1.250215,0.674584,7.650484,27.290000,7.185000,4.820000,28.621359,12.002319,0.675000,7.650484,1,,43.346350,1.408120,73.789900,67.375260,0.066624,80.469233,85.020950
249,11.657896,16.429701,12.410915,1.214260,0.681629,0.746944,9.933563,11.660000,16.430000,12.410000,19.950297,5.135727,0.745000,9.933563,1,,46.467800,6.004250,-15.546900,42.747480,1.733684,79.034088,46.579068
250,17.782222,13.857382,5.166658,3.457507,0.911306,1.854945,8.222507,17.780000,13.855000,5.165000,47.903765,8.137062,1.855000,8.222507,1,,79.502550,2.103760,84.487200,63.927900,0.344152,240.483734,85.159400
251,4.551308,2.642041,16.923675,3.613975,0.801015,1.788361,6.865159,4.550000,2.640000,16.925000,9.540893,24.497638,1.790000,6.865159,1,,74.671600,2.064390,59.553900,60.683760,0.500224,147.260670,83.410930
252,18.685235,9.761242,12.267298,2.153856,1.070761,1.917357,0.381869,18.685000,9.760000,12.265000,21.021633,14.143175,1.915000,0.381869,1,,55.330970,18.104400,-4.873270,53.298540,0.110342,223.259907,93.797370
253,28.667975,2.237677,10.319896,3.578930,1.287019,0.227693,1.725301,28.670000,2.240000,10.320000,8.016803,23.767744,0.230000,1.725301,1,,31.391590,5.172760,65.801900,55.701180,0.048278,26.276246,63.525090
254,27.228302,18.940516,10.373181,4.334305,1.545788,1.700928,7.093399,27.230000,18.940000,10.375000,82.091739,34.755825,1.700000,7.093399,1,,43.110580,1.178100,77.348200,71.939700,0.053884,390.893859,86.445380
255,6.390166,16.470750,15.961472,4.150946,1.117916,1.419894,1.085608,6.390000,16.470000,15.960000,68.366089,37.030454,1.420000,1.085608,1,,52.613320,8.028860,56.121700,69.415200,0.080631,259.911891,97.751120
256,1.943050,19.945796,2.841304,3.880034,0.728671,1.516595,4.831982,1.945000,19.945000,2.840000,77.387280,4.014724,1.515000,4.831982,1,,81.746990,1.552780,126.300300,59.841000,1.243187,198.255936,82.908160
257,37.860046,13.420158,11.048054,2.529415,1.635922,0.438707,9.679617,37.860000,13.420000,11.050000,33.944746,22.862042,0.440000,9.679617,1,,36.263910,0.973517,73.240500,56.939220,0.041940,79.845387,76.331110
258,35.588147,6.395203,10.411363,4.699112,1.331797,1.253440,8.774107,35.590000,6.395000,10.410000,30.050822,32.574269,1.255000,8.774107,1,,41.623320,1.006600,75.853400,72.683820,0.056793,210.105939,85.585520
259,4.615382,2.796168,13.072511,1.553148,1.249200,0.604865,8.019999,4.615000,2.795000,13.075000,4.341048,12.684004,0.605000,8.019999,1,,40.392870,1.106770,50.255400,46.477260,0.051572,35.087006,82.438170
260,22.921411,17.815874,6.029813,2.407421,1.427445,1.355027,8.114009,22.920000,17.815000,6.030000,42.888214,10.360932,1.355000,8.114009,1,,45.568550,1.275480,65.916700,55.560960,0.066892,198.885743,85.939150
261,12.956750,5.912215,17.226332,1.395743,1.697674,0.638444,9.137582,12.955000,5.910000,17.225000,8.248839,20.407456,0.640000,9.137582,1,,34.965980,0.741964,63.050900,46.213920,0.032168,64.535229,82.915980
262,12.369049,17.438749,14.090761,3.411879,0.519854,0.528042,1.890770,12.370000,17.440000,14.090000,59.503177,12.495576,0.530000,1.890770,1,,40.297780,4.911100,59.449500,53.146980,1.748509,84.693339,40.397323
263,11.009827,13.091734,5.718003,1.712508,1.735731,0.808461,5.399803,11.010000,13.090000,5.720000,22.416734,8.501219,0.810000,5.399803,1,,39.964630,1.448520,65.804900,49.455180,0.044294,73.351942,88.058030
264,19.216462,19.508125,19.192200,4.300611,1.956213,0.737486,8.424749,19.215000,19.510000,19.190000,83.904924,80.721899,0.735000,8.424749,1,,35.547060,0.711759,83.930100,71.323380,0.027172,206.135765,85.004760
265,25.251142,10.156644,13.759891,2.679471,1.599189,1.385323,5.368450,25.250000,10.155000,13.760000,27.210027,29.480667,1.385000,5.368450,1,,39.771370,1.379330,71.018800,57.544740,0.043610,214.703661,89.302670
266,32.680565,13.146106,10.718872,3.009383,0.880259,0.542330,3.772782,32.680000,13.145000,10.720000,39.558343,14.198833,0.540000,3.772782,1,,73.959570,4.994190,56.747000,59.022900,0.729300,90.097475,82.219350
267,26.839823,19.737243,3.920319,3.068530,1.811471,0.625064,6.807440,26.840000,19.735000,3.920000,60.557448,10.894769,0.625000,6.807440,1,,38.246460,1.216490,77.192400,61.394400,0.043440,107.776386,84.530960
268,1.232337,1.959140,7.076408,4.965348,1.815469,0.502801,5.524789,1.230000,1.960000,7.075000,9.732082,31.888561,0.505000,5.524789,1,,25.484640,0.403017,88.733800,63.197100,0.023532,31.386075,75.575840
269,29.045627,3.259955,18.481969,1.248167,1.714343,0.634449,0.605196,29.045000,3.260000,18.480000,4.069025,19.771629,0.635000,0.605196,1,,32.740100,10.009500,37.546200,45.246960,0.031788,79.635765,87.009100
270,10.573429,13.468038,17.122083,1.546841,1.353185,1.795310,7.000681,10.575000,13.470000,17.120000,20.835952,17.917473,1.795000,7.000681,1,,44.839380,1.316510,53.384700,48.282480,0.058944,217.344748,85.098680
271,5.180758,10.171946,5.034606,2.414827,1.398691,1.864510,1.693972,5.180000,10.170000,5.035000,24.558796,8.503100,1.865000,1.693972,1,,44.116790,3.565600,62.702400,54.379620,0.075340,137.696486,90.392190
272,27.550777,11.079215,1.887144,2.215082,1.423297,1.480668,9.565919,27.550000,11.080000,1.885000,24.543104,2.971438,1.480000,9.565919,1,,47.493330,1.294720,55.729200,52.908660,0.105009,160.645922,84.378030
273,8.060691,6.207735,11.550712,2.973061,0.750783,0.845999,6.267923,8.060000,6.210000,11.550000,18.462706,12.890520,0.845000,6.267923,1,,75.932110,2.827830,61.957600,56.781180,1.527489,70.129276,79.537450
274,27.770341,11.564421,13.057028,3.728108,0.622969,0.656821,2.914788,27.770000,11.565000,13.055000,43.115566,15.160099,0.655000,2.914788,1,,47.251080,4.436800,56.933400,58.591260,1.723719,106.801461,47.409389
275,27.410685,9.647424,2.994971,1.986667,1.098570,0.476123,7.445093,27.410000,9.645000,2.995000,19.161404,3.268282,0.475000,7.445093,1,,55.045300,2.638910,44.618900,51.775200,0.130179,48.701601,78.881900
276,3.497563,18.261617,17.945275,3.308616,1.540880,1.009285,9.753192,3.500000,18.260000,17.945000,60.415329,45.743413,1.010000,9.753192,1,,39.543550,0.560615,82.187800,62.268120,0.039658,187.424429,81.288150
277,23.745901,2.319757,12.040029,1.882726,1.632891,0.208291,4.553227,23.745000,2.320000,12.040000,4.367923,18.507200,0.210000,4.553227,1,,35.033540,2.582820,51.619100,47.770920,0.067764,20.807876,56.290440
278,9.578430,17.714681,11.797158,1.206298,1.230356,1.269762,9.904924,9.580000,17.715000,11.795000,21.369570,8.752927,1.270000,9.904924,1,,50.324310,1.617690,34.636200,45.413460,0.074791,137.544171,83.187710
279,4.667766,11.185804,9.063511,2.598697,0.653933,0.567461,2.929028,4.670000,11.185000,9.065000,29.066429,7.702414,0.565000,2.929028,1,,55.782310,4.581540,48.527400,51.659460,1.699364,48.933996,56.194508
280,17.240148,11.351172,2.035914,4.544723,1.027764,1.021350,3.398868,17.240000,11.350000,2.035000,51.582605,4.752645,1.020000,3.398868,1,,56.089240,3.961250,66.695600,70.653960,0.146775,119.936955,91.814540
281,32.510979,8.617328,5.244869,2.467241,1.375917,1.261464,0.528650,32.510000,8.615000,5.245000,21.255284,8.902651,1.260000,0.528650,1,,43.677470,15.181500,33.226500,55.691280,0.068764,154.851398,98.862570
282,7.571329,16.233171,17.833521,1.514467,1.769162,1.379448,6.431348,7.570000,16.235000,17.835000,24.587374,23.892988,1.380000,6.431348,1,,39.410230,0.908133,68.476200,47.871000,0.036050,181.829300,86.298030
283,10.227359,18.429730,18.236018,1.858385,0.671991,1.392268,0.984636,10.225000,18.430000,18.235000,34.250033,11.386095,1.390000,0.984636,1,,48.177530,8.928300,18.627500,47.409480,1.725848,193.788418,48.284836
284,39.169153,10.882546,13.650552,1.976996,1.382754,0.715179,7.635474,39.170000,10.885000,13.650000,21.519599,18.657495,0.715000,7.635474,1,,42.359020,1.469180,60.519300,51.765480,0.050038,119.824772,85.716520
285,3.034492,14.215318,1.923418,3.397364,1.705814,0.984802,6.372095,3.035000,14.215000,1.925000,48.293530,5.577948,0.985000,6.372095,1,,40.737240,0.860087,80.634300,59.019660,0.060170,90.838156,83.723540
286,16.466264,15.310744,18.811977,4.925980,1.762023,0.304955,0.212245,16.465000,15.310000,18.810000,75.416748,81.632472,0.305000,0.212245,1,,33.034730,29.352900,58.609600,79.918200,0.039886,78.756862,68.094030
287,2.534228,16.802599,11.271501,3.624111,1.979159,1.373456,0.772374,2.535000,16.805000,11.270000,60.903183,40.418125,1.375000,0.772374,1,,36.349920,3.423080,80.526400,64.085580,0.033594,223.494299,96.024620
288,36.054856,17.659321,10.619016,4.816813,1.625292,0.700063,0.662336,36.055000,17.660000,10.620000,85.064917,41.570547,0.700000,0.662336,1,,39.277670,10.379100,70.284400,75.779280,0.040323,178.713825,91.014070
289,30.099969,6.470246,19.313393,4.360323,0.643101,0.533752,5.279136,30.100000,6.470000,19.315000,28.211290,27.080870,0.535000,5.279136,1,,64.561860,3.391970,60.944800,64.092420,1.631351,89.378256,66.523680
290,36.783434,5.738081,2.531695,3.573503,1.315817,1.790826,4.904608,36.785000,5.740000,2.530000,20.511907,5.948125,1.790000,4.904608,1,,43.119400,2.012340,62.431200,63.303840,0.096944,208.660357,87.568700
291,12.712249,5.367096,11.197616,1.167563,0.866364,1.945796,2.821495,12.710000,5.365000,11.200000,6.263978,5.664595,1.945000,2.821495,1,,64.206750,11.646800,-53.897000,44.439300,1.573712,137.080824,65.201610
292,32.838300,15.177981,6.944116,3.952226,1.711663,0.366372,8.371770,32.840000,15.180000,6.945000,59.994795,23.491050,0.365000,8.371770,1,,34.934940,1.110950,79.830100,70.432020,0.045397,70.596783,71.607840
293,28.925102,2.608567,8.256270,1.921322,1.419292,1.844935,5.083494,28.925000,2.610000,8.255000,5.014650,11.255349,1.845000,5.083494,1,,34.435830,1.547110,42.982100,50.214780,0.060331,176.843248,88.253530
294,6.218449,2.149309,7.209200,3.232564,1.524476,1.092113,0.588885,6.220000,2.150000,7.210000,6.950013,17.765314,1.090000,0.588885,1,,33.558340,6.675430,67.283600,57.296700,0.041291,60.904106,93.675340
295,22.513859,18.215675,18.277200,3.047998,1.989162,1.284042,3.359417,22.515000,18.215000,18.275000,55.519283,55.400313,1.285000,3.359417,1,,37.258040,1.681320,77.933100,60.935220,0.029884,294.174531,92.964940
296,25.554785,1.408090,15.443666,1.189657,1.010867,1.630566,6.731680,25.555000,1.410000,15.445000,1.677417,9.286967,1.630000,6.731680,1,,51.167250,13.847800,-76.061200,45.093600,0.141121,156.128546,84.245850
297,21.788011,11.413104,14.652224,2.953202,0.788630,1.515693,4.765098,21.790000,11.415000,14.650000,33.710806,17.059806,1.515000,4.765098,1,,62.703170,3.802610,42.036000,58.021740,1.652694,221.918127,63.291374
298,11.797131,11.149681,6.058645,4.630001,1.875301,0.727796,2.175448,11.795000,11.150000,6.060000,51.624506,26.308412,0.730000,2.175448,1,,37.189850,2.864320,81.037100,73.009260,0.036712,99.238330,91.084850
299,18.158751,4.707292,7.600704,2.267040,0.954174,0.692202,8.103487,18.160000,4.705000,7.600000,10.666425,8.219974,0.690000,8.103487,1,,59.679400,2.896690,32.909700,52.049340,0.124706,55.073315,84.515500
300,28.019614,13.290718,4.540126,2.146162,1.682028,1.299133,0.867365,28.020000,13.290000,4.540000,28.522498,8.194484,1.300000,0.867365,1,,41.908740,8.861160,48.915900,53.235540,0.055671,166.942077,99.023640
301,17.388793,14.828623,2.133849,1.223805,1.137436,1.767677,1.419605,17.390000,14.830000,2.135000,18.149024,1.485959,1.770000,1.419605,1,,57.501800,10.472500,-15.142900,44.929980,0.179948,156.370620,93.736000
302,37.358872,19.521831,11.085096,1.667872,1.650310,0.834468,9.092702,37.360000,19.520000,11.085000,32.556856,15.255759,0.835000,9.092702,1,,40.432320,1.030320,63.683000,49.515120,0.041657,153.425084,85.123120
303,5.354963,1.737239,2.439935,4.278320,1.144045,0.260294,7.595864,5.355000,1.735000,2.440000,7.422886,5.971402,0.260000,7.595864,1,,30.325570,0.915875,77.543600,59.954220,0.050669,8.438115,66.066770
304,9.491183,18.704394,5.973535,1.724764,1.731014,0.254125,3.444060,9.490000,18.705000,5.975000,32.261712,8.919453,0.255000,3.444060,1,,35.057900,3.029190,61.096000,50.362020,0.058640,27.927897,62.888100
305,14.496687,8.780400,17.162570,2.664590,0.907007,1.733883,6.496440,14.495000,8.780000,17.165000,23.395100,20.742203,1.735000,6.496440,1,,81.164630,3.115190,64.133800,57.046140,0.681101,216.905021,86.974790
306,26.292343,8.983295,13.814195,4.833872,1.507616,0.856338,0.226310,26.290000,8.985000,13.815000,43.432338,50.339264,0.855000,0.226310,1,,39.543840,21.982800,54.918800,74.575980,0.041385,164.118620,95.024440
307,14.083742,6.633697,1.747268,2.348386,1.621738,1.083954,0.111543,14.085000,6.635000,1.745000,15.581540,3.322888,1.085000,0.111543,1,,43.321400,32.745800,14.073100,52.651800,0.075757,69.260354,97.064400
308,8.329713,6.424434,16.807083,2.387861,1.689268,1.820269,4.227345,8.330000,6.425000,16.805000,15.342008,33.893475,1.820000,4.227345,1,,36.172350,1.074460,73.141300,54.551160,0.039605,204.486979,86.989050
309,24.718012,10.591528,18.526379,4.036931,0.865763,1.961579,9.348961,24.720000,10.590000,18.525000,42.751095,32.372670,1.960000,9.348961,1,,80.823140,1.946520,94.267800,68.280300,1.157099,358.275779,84.409080
310,28.872554,16.741841,11.438281,1.372125,0.975174,1.867354,2.706730,28.875000,16.740000,11.440000,22.969366,7.653703,1.865000,2.706730,1,,82.927270,9.821980,-13.199800,46.995120,0.452520,269.927174,94.142070
311,9.315817,16.694295,9.462664,2.521055,0.856098,0.442966,4.169158,9.315000,16.695000,9.465000,42.089016,10.214019,0.445000,4.169158,1,,69.456290,4.116750,54.596900,54.253620,0.792864,54.847601,75.912010
312,36.818801,12.966529,15.155431,3.027045,0.885254,1.526219,9.323851,36.820000,12.965000,15.155000,39.245639,20.305461,1.525000,9.323851,1,,81.362750,2.248650,85.859100,60.287400,1.019969,288.882427,84.955630
313,1.043912,9.143949,1.731934,3.740404,1.854848,0.496286,5.874944,1.045000,9.145000,1.730000,34.205993,6.001268,0.495000,5.874944,1,,31.638540,0.598856,85.926600,59.383440,0.039365,31.703394,76.467340
314,36.411422,1.461541,4.349230,2.767274,0.596579,1.141516,8.818368,36.410000,1.460000,4.350000,4.040220,3.590705,1.140000,8.818368,1,,43.824130,12.234700,-49.530700,50.775120,1.621212,104.960855,43.993906
315,27.861393,10.467956,19.614967,1.420298,1.007459,1.363911,5.558426,27.860000,10.470000,19.615000,14.870520,14.033467,1.365000,5.558426,1,,74.477380,9.408480,-19.108900,47.295900,0.198508,197.643792,89.125680
316,32.939614,2.540327,12.907732,1.663250,1.605055,1.993645,3.986770,32.940000,2.540000,12.910000,4.224655,17.232317,1.995000,3.986770,1,,30.168510,1.422340,47.659900,48.536820,0.046082,235.882759,89.552410
317,2.050057,8.853960,14.528746,2.102604,1.502759,1.242620,9.864266,2.050000,8.855000,14.530000,18.618557,22.955276,1.245000,9.864266,1,,37.426770,0.398580,78.962000,51.453540,0.043545,115.092572,78.823970
318,13.470072,19.433324,19.765458,3.376994,0.703419,0.433306,6.458973,13.470000,19.435000,19.765000,65.631877,23.475291,0.435000,6.458973,1,,68.049200,2.644810,65.402900,58.849560,1.336180,84.584518,72.900680
319,15.917814,10.048050,3.889302,1.358184,0.812045,1.038549,3.299641,15.920000,10.050000,3.890000,13.649746,2.145153,1.040000,3.299641,1,,60.666500,9.874990,-22.638100,45.197820,1.669642,78.535495,61.022961
320,7.692852,17.570134,2.640452,2.993989,1.107296,0.858266,5.026358,7.695000,17.570000,2.640000,52.604388,4.376108,0.860000,5.026358,1,,54.182360,2.432130,66.020700,58.736520,0.118240,96.999827,88.145760
321,9.625948,12.072527,18.005986,2.070328,1.094926,0.205493,6.194579,9.625000,12.075000,18.005000,24.999216,20.407371,0.205000,6.194579,1,,47.995570,2.168410,55.258800,48.322260,0.375170,25.587400,57.601030
322,37.501932,8.117026,7.342389,1.438192,0.523722,1.131079,9.740295,37.500000,8.115000,7.340000,11.670929,2.764289,1.130000,9.740295,1,,37.514990,9.743590,-38.522300,41.958720,1.746965,135.990096,37.555719
323,19.157178,19.199143,18.093172,4.674738,0.580514,1.761171,6.783000,19.155000,19.200000,18.095000,89.754972,24.552653,1.760000,6.783000,1,,43.082040,1.133740,70.374200,62.065260,1.739665,399.885420,43.146037
324,30.916257,12.210911,1.134208,3.626639,0.888484,1.763975,9.519744,30.915000,12.210000,1.135000,44.281267,1.828606,1.765000,9.519744,1,,66.508480,1.746950,63.257300,61.924320,0.310996,237.621726,83.906380
325,17.218094,15.818998,9.971142,3.492350,1.532952,0.612556,1.931605,17.220000,15.820000,9.970000,55.248978,26.687725,0.615000,1.931605,1,,39.886390,4.388210,73.508800,64.303380,0.044184,103.293372,86.272590
326,22.311403,7.077733,11.425375,4.484493,0.964662,1.020453,3.278892,22.310000,7.080000,11.425000,31.750212,24.712386,1.020000,3.278892,1,,68.176320,5.214150,58.248300,71.375580,0.155187,140.854450,92.232220
327,21.476551,4.074762,13.207821,3.744434,0.547682,1.510108,6.238876,21.475000,4.075000,13.210000,15.258568,13.545262,1.510000,6.238876,1,,42.265430,1.899470,39.222200,55.271700,1.694615,160.548983,42.371296
328,16.070349,5.244982,16.029490,2.916570,1.561018,0.947222,8.760170,16.070000,5.245000,16.030000,15.297410,36.490827,0.945000,8.760170,1,,36.560460,0.685981,75.652600,57.272760,0.034902,119.521934,84.873860
329,16.405677,15.247411,4.280828,4.122549,1.611825,1.039417,5.855685,16.405000,15.245000,4.280000,62.848266,14.219930,1.040000,5.855685,1,,42.693100,1.397450,78.369900,69.178860,0.054665,154.885324,88.273600
330,17.035161,11.383502,15.556489,1.428067,0.777512,0.386503,8.383545,17.035000,11.385000,15.555000,16.258541,8.635660,0.385000,8.383545,1,,65.762960,5.502850,3.918430,45.084600,1.050636,43.445017,71.211650
331,33.871669,2.565103,11.120641,2.790030,1.272644,1.030568,3.917669,33.870000,2.565000,11.120000,7.156427,19.741970,1.030000,3.917669,1,,37.066440,1.923020,61.121900,55.309680,0.048880,125.668649,90.332040
332,39.565165,5.462757,19.706272,1.782640,1.750012,0.724449,5.236203,39.565000,5.465000,19.705000,9.742127,30.736274,0.725000,5.236203,1,,33.742300,1.192980,67.707400,49.237560,0.029012,123.212591,87.631400
333,29.283814,2.694836,8.327555,3.326452,1.779110,0.936012,5.183210,29.285000,2.695000,8.330000,8.964788,24.648982,0.935000,5.183210,1,,32.021120,0.919203,76.808600,58.823460,0.032205,106.808575,88.529020
334,30.409558,11.949998,7.662809,3.757833,1.309595,0.538836,5.815564,30.410000,11.950000,7.665000,44.906099,18.860649,0.540000,5.815564,1,,43.918940,2.029640,73.064400,66.627000,0.063090,88.461044,78.926440
335,9.900446,3.612244,11.157214,1.333318,1.164519,1.226561,6.058626,9.900000,3.610000,11.155000,4.813277,8.660035,1.225000,6.058626,1,,45.537850,4.985880,-5.311020,45.969840,0.076528,76.934057,87.066550
336,12.992968,18.113900,11.816283,4.284982,1.737400,1.836566,3.485086,12.995000,18.115000,11.815000,77.622446,43.979725,1.835000,3.485086,1,,40.939740,1.698620,78.522900,71.288820,0.044579,380.674734,89.488640
337,18.373032,7.753319,2.242982,3.685167,1.856454,0.309298,2.734203,18.375000,7.755000,2.245000,28.578472,7.679409,0.310000,2.734203,1,,29.947490,2.581360,80.518500,66.346020,0.040806,28.832443,69.173790
338,21.871805,13.559319,10.237905,4.384388,1.630551,0.710662,4.085337,21.870000,13.560000,10.240000,59.452299,36.602712,0.710000,4.085337,1,,38.905130,1.904480,79.780200,71.523720,0.039744,133.050458,88.846330
339,18.820646,3.510873,3.706596,4.177205,0.706132,1.339146,1.470339,18.820000,3.510000,3.705000,14.661990,5.464240,1.340000,1.470339,1,,73.930730,11.376400,21.400100,63.944280,1.506649,96.742948,76.361740
340,5.940192,17.352406,4.302982,1.597440,0.806715,1.183865,4.136615,5.940000,17.350000,4.305000,27.715585,2.773882,1.185000,4.136615,1,,59.817570,3.985830,26.032800,46.768140,1.689500,101.530168,60.074418
341,15.232153,19.801292,8.101638,1.179733,0.643939,1.885655,3.143346,15.230000,19.800000,8.100000,23.358718,3.076690,1.885000,3.143346,1,,40.873980,6.190410,-19.704400,41.464260,1.746965,212.430844,40.913501
342,24.678239,10.743681,8.817864,4.615039,1.124879,0.355366,8.125378,24.680000,10.745000,8.820000,49.588599,22.893903,0.355000,8.125378,1,,57.962470,1.987380,73.550200,74.281320,0.165658,57.145238,71.156970
343,14.275908,18.509898,5.924619,1.495142,1.928937,1.014315,3.027173,14.275000,18.510000,5.925000,27.675074,8.543953,1.015000,3.027173,1,,40.201990,2.468050,61.396500,47.877300,0.041427,115.343612,92.919590
344,19.030505,16.895746,12.774607,4.044980,1.432198,0.431638,6.033859,19.030000,16.895000,12.775000,68.339945,37.004160,0.430000,6.033859,1,,40.449760,1.791090,76.878200,70.208460,0.052830,87.179965,75.880760
345,37.912738,12.132295,19.823595,3.116886,1.038203,0.285483,3.573961,37.915000,12.130000,19.825000,37.807827,32.076448,0.285000,3.573961,1,,58.576420,4.831600,57.284000,60.919920,0.398296,59.742918,66.478420
346,3.637562,12.572404,15.996698,2.650431,1.655368,0.505240,3.111010,3.640000,12.570000,15.995000,33.315921,35.088539,0.505000,3.111010,1,,36.070640,1.941720,77.722500,56.297520,0.034747,67.071302,79.693240
347,38.789627,18.755624,9.256342,4.450991,1.519972,1.811934,1.562625,38.790000,18.755000,9.255000,83.478344,31.306815,1.810000,1.562625,1,,43.533620,4.839290,66.457000,73.110060,0.058724,449.577138,91.749220
348,27.083063,9.262022,4.110353,3.502350,0.500945,1.616843,2.885358,27.085000,9.260000,4.110000,32.431765,3.605467,1.615000,2.885358,1,,38.143900,2.379440,52.367800,51.543720,1.742246,188.869780,38.176759
349,19.851861,2.474221,7.016741,1.728141,0.895094,1.337782,8.622360,19.850000,2.475000,7.015000,4.277148,5.425568,1.340000,8.622360,1,,77.123880,12.832100,-33.059800,48.617100,0.786770,91.632839,84.158670
350,21.066101,11.653446,6.187185,3.692932,1.244993,1.591182,8.164580,21.065000,11.655000,6.185000,43.041124,14.218308,1.590000,8.164580,1,,47.547280,1.316560,70.233200,65.885220,0.084454,214.760397,85.482380
351,4.937728,10.419185,5.937003,3.824150,0.692314,0.220280,5.322698,4.940000,10.420000,5.935000,39.847641,7.856488,0.220000,5.322698,1,,51.966580,2.310600,67.851000,57.097980,0.787668,19.864708,59.011200
352,27.468718,15.948631,13.508513,2.162873,0.636550,0.696691,1.188982,27.470000,15.950000,13.510000,34.497832,9.300133,0.695000,1.188982,1,,46.494690,10.362900,24.402000,48.852360,1.732196,109.572286,46.622987
353,20.196443,13.026703,6.442592,1.009861,1.294257,1.527911,6.839858,20.195000,13.025000,6.445000,13.153441,4.211870,1.530000,6.839858,1,,51.073650,7.890370,-27.378600,43.925940,0.096484,147.943826,86.951650
354,39.430799,15.115794,11.837283,1.075241,1.094397,1.460855,2.624944,39.430000,15.115000,11.835000,16.252261,6.963358,1.460000,2.624944,1,,60.321980,11.321100,-35.603900,44.601840,0.118104,227.724404,94.540080
355,39.765241,17.145740,14.872200,4.996604,1.887610,1.623486,7.889809,39.765000,17.145000,14.870000,85.666768,70.124216,1.625000,7.889809,1,,38.164790,0.812990,82.074600,77.457420,0.035920,486.445349,86.104090
356,37.664963,14.911480,15.036767,2.641551,1.025735,0.184613,2.036276,37.665000,14.910000,15.035000,39.385518,20.368895,0.185000,2.036276,1,,44.862510,6.366870,56.331400,55.010880,0.573286,36.070266,51.425550
357,18.671516,12.505236,1.784770,2.545542,1.345279,1.964796,6.270677,18.670000,12.505000,1.785000,31.832005,3.056333,1.965000,6.270677,1,,49.063330,1.769690,57.625600,54.828720,0.123203,198.088384,86.889830
358,20.950634,7.259386,7.370385,2.114098,1.391752,1.236984,6.038015,20.950000,7.260000,7.370000,15.348354,10.842381,1.235000,6.038015,1,,43.112260,1.646310,57.673700,52.695360,0.062982,120.228158,88.218060
359,30.085404,13.249687,6.400288,4.228502,1.482287,0.560116,0.407563,30.085000,13.250000,6.400000,56.027656,20.057130,0.560000,0.407563,1,,40.218000,19.520500,57.906200,70.838100,0.051298,98.310680,81.320300
360,20.142874,13.694979,16.606728,2.328023,0.814342,1.410510,8.082793,20.145000,13.695000,16.605000,31.882280,15.739941,1.410000,8.082793,1,,72.009050,2.732310,45.901700,53.765820,1.619584,209.402232,73.689740
361,27.007762,9.276884,7.549855,2.426209,1.159768,1.533777,9.659141,27.010000,9.275000,7.550000,22.503092,10.622250,1.535000,9.659141,1,,49.747860,1.464710,52.623100,55.460160,0.093956,185.420850,84.416860
362,29.597186,6.283490,9.226974,2.923522,1.548623,1.671903,7.323986,29.595000,6.285000,9.225000,18.374337,20.882793,1.670000,7.323986,1,,38.774730,0.998769,69.230200,58.993020,0.052514,216.210107,85.970030
363,16.804675,5.776173,3.423523,1.315453,1.145010,1.139803,6.215918,16.805000,5.775000,3.425000,7.596743,2.579381,1.140000,6.215918,1,,51.694370,7.901050,-20.940700,45.470700,0.119882,70.892181,87.545070
364,25.342018,15.619543,8.151646,3.317348,1.919356,1.692995,7.991048,25.340000,15.620000,8.150000,51.816975,25.946231,1.695000,7.991048,1,,39.632960,0.855380,77.286200,63.240120,0.043438,298.291534,85.458060
365,16.224215,5.586154,7.162701,1.157119,1.679070,1.554222,1.235082,16.225000,5.585000,7.165000,6.462510,6.960379,1.555000,1.235082,1,,38.517110,6.595450,21.928600,44.850240,0.053044,110.984842,92.517810
366,16.121684,1.822252,8.483150,3.512123,1.782151,0.186543,6.907789,16.120000,1.820000,8.485000,6.392063,26.554375,0.185000,6.907789,1,,22.860520,0.875965,80.987200,55.515960,0.038930,15.872341,51.935120
367,16.879386,12.863714,16.415139,1.266587,0.630329,0.450487,7.249930,16.880000,12.865000,16.415000,16.294648,6.552598,0.450000,7.249930,1,,54.389880,9.332070,-26.862700,42.780240,1.697741,51.825261,55.093828
368,37.787585,16.329035,6.798115,2.013829,1.043185,0.410122,8.200641,37.790000,16.330000,6.800000,32.885824,7.142706,0.410000,8.200641,1,,65.236180,2.617520,47.926200,52.050780,0.329834,66.366097,74.119490
369,25.648296,4.585096,7.279872,2.434075,1.389977,1.708924,8.959199,25.650000,4.585000,7.280000,11.160232,12.315240,1.710000,8.959199,1,,39.388280,0.932221,58.822900,54.254520,0.063636,168.444357,84.124680
370,34.090491,16.861852,11.228545,2.892810,1.090782,1.933909,7.136484,34.090000,16.860000,11.230000,48.772782,17.717708,1.935000,7.136484,1,,55.701670,2.178780,53.925600,59.834520,0.108860,369.295698,86.735970
371,3.945152,12.675659,17.496257,4.402199,0.605859,0.515420,9.769897,3.945000,12.675000,17.495000,55.797879,23.330552,0.515000,9.769897,1,,54.738700,1.237700,73.243100,62.457660,1.703183,75.889592,55.253673
372,12.008798,15.557531,4.925072,4.369208,1.946277,1.903958,1.049482,12.010000,15.560000,4.925000,67.984871,20.940337,1.905000,1.049482,1,,40.771200,4.462100,73.260700,71.515800,0.050633,293.208471,92.924200
373,10.929139,1.003898,17.384148,4.671217,0.509846,1.447660,0.315250,10.930000,1.005000,17.385000,4.694573,20.702056,1.450000,0.315250,1,,35.449080,16.014900,-1.477080,58.463280,1.597357,121.853112,35.676630
374,29.953481,8.552583,14.233452,1.463163,1.372513,0.346972,2.588536,29.955000,8.555000,14.235000,12.517363,14.293442,0.345000,2.588536,1,,44.647320,6.684940,27.842700,47.524680,0.071013,45.643778,71.041420
375,12.195499,8.378007,19.344265,4.903169,1.905598,0.762580,6.306607,12.195000,8.380000,19.345000,41.088554,90.374722,0.765000,6.306607,1,,34.231400,0.807545,84.685300,74.495160,0.026542,161.647006,86.777800
376,3.704508,10.324530,3.007462,2.741901,1.653776,0.306036,4.156394,3.705000,10.325000,3.005000,28.310130,6.813074,0.305000,4.156394,1,,31.121640,1.617730,78.542300,57.893760,0.044675,21.103927,68.232840
377,32.051623,15.378116,18.998573,2.617864,1.509789,1.618284,9.413243,32.050000,15.380000,19.000000,40.262749,37.548018,1.620000,9.413243,1,,41.604200,0.891085,70.732000,57.419280,0.046048,341.286643,84.607700
378,33.066341,4.871713,13.766262,3.529309,0.695116,1.502155,3.642037,33.065000,4.870000,13.765000,17.187737,16.884696,1.500000,3.642037,1,,53.096070,5.124640,26.089300,59.248260,1.645278,206.208649,53.399107
379,13.930608,17.446440,12.284365,4.114708,0.737288,0.154526,3.710819,13.930000,17.445000,12.285000,71.781084,18.634666,0.155000,3.710819,1,,34.395140,2.813150,75.863100,66.639600,0.913190,27.549041,37.642920
380,1.437182,17.544946,2.599718,3.886971,1.926359,1.345903,2.385772,1.435000,17.545000,2.600000,68.196901,9.734011,1.345000,2.385772,1,,37.007860,1.065650,84.907100,58.026600,0.043837,162.867277,86.683160
381,18.346087,14.276183,7.611276,4.492307,1.462687,1.101856,1.274850,18.345000,14.275000,7.610000,64.127685,25.002048,1.100000,1.274850,1,,43.836740,6.262000,70.275500,72.604440,0.055878,186.548706,97.543740
382,8.103295,15.963727,7.740546,1.251894,1.217710,1.930871,2.594505,8.105000,15.965000,7.740000,19.986485,5.899597,1.930000,2.594505,1,,51.759360,4.940270,17.835900,45.694620,0.099636,172.746738,91.503660
383,2.882814,6.838926,7.843749,2.289125,1.814482,1.940231,5.215508,2.885000,6.840000,7.845000,15.657617,16.292402,1.940000,5.215508,1,,36.020370,0.584748,78.882100,52.299000,0.045206,130.154637,83.299570
384,20.381435,9.642342,18.114638,4.190916,1.833449,0.521365,5.165713,20.380000,9.640000,18.115000,40.400427,69.596308,0.520000,5.165713,1,,33.201580,1.236930,82.674300,69.891840,0.029290,107.258702,77.331680
385,32.253021,5.538856,1.099242,2.883355,1.685914,0.996519,9.318779,32.255000,5.540000,1.100000,15.973787,2.673599,0.995000,9.318779,1,,42.248530,0.996384,66.394700,55.357920,0.077377,95.955199,84.416730
386,32.384866,4.917945,14.462216,4.484096,0.858138,1.631818,1.376867,32.385000,4.920000,14.460000,22.061752,27.820856,1.630000,1.376867,1,,78.946820,12.199400,24.155400,69.572880,0.495993,250.062551,95.972120
387,18.105280,18.537126,15.725177,3.439121,0.828685,0.328133,5.385639,18.105000,18.535000,15.725000,63.744108,22.407716,0.330000,5.385639,1,,62.342400,3.117370,63.591700,61.069320,0.814225,62.991002,68.089210
388,21.232191,9.074758,17.704864,4.758003,1.052202,1.032412,2.085497,21.230000,9.075000,17.705000,43.178878,44.319002,1.030000,2.085497,1,,55.597310,6.655680,59.534700,74.052900,0.088495,189.023416,94.845010
389,34.612844,15.402208,10.503397,1.967782,1.269377,1.386888,1.089004,34.615000,15.400000,10.505000,30.303840,13.119997,1.385000,1.089004,1,,47.679420,10.025200,28.618500,51.987060,0.071661,227.782414,98.460420
390,4.498671,7.130537,2.963956,2.755380,1.572028,0.290609,5.035611,4.500000,7.130000,2.965000,19.645858,6.421499,0.290000,5.035611,1,,31.142380,1.416860,77.352500,57.373380,0.047031,16.024634,67.525080
391,33.508843,7.647173,19.969825,2.207109,0.962000,1.584567,0.336801,33.510000,7.645000,19.970000,16.873346,21.200530,1.585000,0.336801,1,,77.174770,23.132400,-16.771300,53.582580,0.282243,254.113343,98.177470
392,5.982848,8.429088,12.360688,1.849958,1.450612,1.911118,9.593412,5.985000,8.430000,12.360000,15.595145,16.584474,1.910000,9.593412,1,,41.279380,0.628218,66.402600,50.372100,0.056741,163.743572,81.380980
393,34.268613,11.258756,6.877841,4.729933,1.663501,0.420913,8.491141,34.270000,11.260000,6.880000,53.259048,27.066770,0.420000,8.491141,1,,35.356450,1.041820,81.537700,75.623220,0.043423,77.761244,75.247150
394,13.346372,16.946834,15.752277,4.161176,0.757461,1.465943,6.584638,13.345000,16.945000,15.750000,70.511130,24.821435,1.465000,6.584638,1,,57.918910,2.045010,65.656900,66.259980,1.689522,274.559408,58.217714
395,37.221916,16.619987,3.999251,4.888471,1.693496,1.955062,0.820610,37.220000,16.620000,4.000000,81.246393,16.557218,1.955000,0.820610,1,,42.874540,7.154250,62.565300,76.356000,0.065402,417.360460,95.658440
396,33.973142,14.389714,12.218111,2.488975,1.212665,0.673225,3.808192,33.975000,14.390000,12.220000,35.816352,18.441771,0.675000,3.808192,1,,48.455760,3.659050,57.160500,56.089080,0.068370,118.413983,88.233960
397,22.406368,9.317873,16.439238,4.125122,1.852968,0.390190,2.162648,22.405000,9.320000,16.440000,38.446137,62.831356,0.390000,2.162648,1,,31.204070,3.149180,81.000700,70.155360,0.031181,77.066922,73.718070
398,25.380934,18.386002,5.374451,1.740201,1.752505,1.006238,5.893983,25.380000,18.385000,5.375000,31.993599,8.196099,1.005000,5.893983,1,,41.357200,1.504920,63.477300,50.022900,0.047589,139.162046,88.541900
399,23.084214,10.992437,13.860484,4.377280,0.994933,1.107533,3.819486,23.085000,10.990000,13.860000,48.106310,30.180859,1.110000,3.819486,1,,67.284720,4.387780,61.753300,71.323920,0.139585,193.314458,91.800520
400,22.370932,5.821917,7.246219,1.957125,1.055193,0.781434,2.356702,22.370000,5.820000,7.245000,11.390466,7.480986,0.780000,2.356702,1,,52.960850,7.708660,20.826500,50.589720,0.097218,69.998333,91.323750
401,24.435127,10.909645,16.218455,2.288603,0.997418,1.232385,5.097301,24.435000,10.910000,16.220000,24.968661,18.512640,1.230000,5.097301,1,,71.565940,4.387910,35.946400,54.341640,0.166810,180.331900,89.760840
402,17.374547,14.444578,19.269772,2.061249,1.597572,0.579754,9.483876,17.375000,14.445000,19.270000,29.774749,31.728009,0.580000,9.483876,1,,37.839590,0.880170,71.164000,52.410060,0.036823,94.936000,80.934890
403,26.042529,3.808681,10.300192,4.311762,1.189047,1.157822,1.521763,26.045000,3.810000,10.300000,16.427812,26.403466,1.160000,1.521763,1,,40.834670,5.370320,64.078500,66.594780,0.058121,142.843882,95.344570
404,8.963057,5.214135,6.910850,1.706553,0.937674,0.823022,2.873142,8.965000,5.215000,6.910000,8.899672,5.528656,0.825000,2.873142,1,,75.143650,8.827740,1.139110,48.126780,0.267016,46.701871,90.746250
405,34.562489,8.877011,6.701399,1.119439,1.877978,1.180655,0.683840,34.560000,8.875000,6.700000,9.935017,7.042640,1.180000,0.683840,1,,38.777040,10.892400,22.415900,44.904060,0.044479,138.352235,98.393540
406,13.238420,10.701724,18.434986,2.398016,0.870792,1.484496,1.780166,13.240000,10.700000,18.435000,25.658767,19.247729,1.485000,1.780166,1,,83.149550,9.356060,26.704700,54.765000,1.086564,192.539897,94.173850
407,34.190680,7.096825,15.238265,3.858379,1.106400,0.525337,9.016116,34.190000,7.095000,15.240000,27.375197,32.529100,0.525000,9.016116,1,,52.800650,1.735980,67.636500,66.420900,0.087497,90.801006,77.493950
408,29.258293,14.482594,13.954546,1.742429,1.767258,0.897079,8.578030,29.260000,14.485000,13.955000,25.239088,21.485969,0.895000,8.578030,1,,38.440430,0.898607,67.846200,50.015880,0.035457,145.101926,85.540730
409,36.992268,16.048459,18.953901,3.099130,0.738808,1.972306,3.368941,36.990000,16.050000,18.955000,49.741031,21.700257,1.970000,3.368941,1,,52.161310,4.143450,39.958900,57.811500,1.696023,424.399637,52.346486
410,11.112141,4.764429,6.323140,1.031771,1.173905,1.756152,3.553015,11.110000,4.765000,6.325000,4.916391,3.830424,1.755000,3.553015,1,,53.367160,10.848700,-49.612000,43.887600,0.130292,93.272660,90.716060
411,30.942027,3.778498,8.391937,3.588888,0.981410,0.233282,3.966931,30.940000,3.780000,8.390000,13.565995,14.775499,0.235000,3.966931,1,,52.229730,3.939810,57.490100,58.835880,0.250843,26.921951,62.987130
412,12.222308,18.793888,10.446019,1.833899,1.804359,0.166414,4.785354,12.220000,18.795000,10.445000,34.468134,17.281313,0.165000,4.785354,1,,37.676390,2.307830,69.314300,55.912320,0.442076,22.220459,42.793260
413,6.515830,1.221607,14.948767,1.604208,1.083282,0.610553,4.216080,6.515000,1.220000,14.950000,1.957133,12.990122,0.610000,4.216080,1,,40.655660,4.680580,3.951990,46.305360,0.061106,36.793526,84.783960
414,32.712692,16.813659,8.376302,3.892329,1.013613,0.483845,1.612799,32.715000,16.815000,8.375000,65.449514,16.521013,0.485000,1.612799,1,,68.108470,10.437600,53.840000,67.625460,0.274055,95.923556,80.138270
415,11.475509,12.039356,5.097221,2.808857,1.967891,1.161007,3.943134,11.475000,12.040000,5.095000,33.818633,14.081363,1.160000,3.943134,1,,39.154790,1.561480,75.978500,58.340340,0.041342,121.939195,91.025690
416,35.190946,10.268870,12.488277,2.953103,1.673978,0.237797,5.661786,35.190000,10.270000,12.490000,30.328366,30.871722,0.240000,5.661786,1,,36.455070,2.035130,70.676700,61.239420,0.059147,42.504021,62.797370
417,20.078820,3.634837,2.501858,2.659619,1.021991,0.907766,5.343319,20.080000,3.635000,2.500000,9.667715,3.397633,0.910000,5.343319,1,,48.857490,2.762040,43.731000,53.550180,0.114224,59.600767,88.112790
418,9.724971,2.113244,17.001616,2.253447,1.758437,0.678735,5.985530,9.725000,2.115000,17.000000,4.766041,33.681628,0.680000,5.985530,1,,29.872390,0.658894,75.345400,51.246540,0.026306,65.366815,85.352290
419,26.544565,3.691101,14.297386,4.317524,1.771972,1.648658,7.821345,26.545000,3.690000,14.295000,15.931662,54.682155,1.650000,7.821345,1,,31.800340,0.547743,80.440400,67.457160,0.033821,263.461798,85.141140
420,37.079621,13.604502,5.676351,3.285146,1.553870,0.172670,8.201976,37.080000,13.605000,5.675000,44.694418,14.484558,0.175000,8.201976,1,,41.996790,1.557660,75.832700,71.658000,0.341827,30.082321,47.780460
421,14.348512,9.496061,3.747557,3.037405,1.121378,0.665394,3.850893,14.350000,9.495000,3.750000,28.840156,6.386398,0.665000,3.850893,1,,49.077740,3.347250,63.036100,59.824800,0.091706,60.127008,87.684240
422,15.737984,5.133471,8.737540,1.066854,1.799555,1.803870,5.977372,15.740000,5.135000,8.740000,5.478296,8.389800,1.805000,5.977372,1,,36.359720,1.374940,35.714800,44.296200,0.048440,131.942063,86.128820
423,6.779411,5.159557,12.837153,2.460623,1.721128,0.241287,8.402667,6.780000,5.160000,12.835000,12.696815,27.178411,0.240000,8.402667,1,,29.407190,0.896880,74.531200,53.216640,0.041298,21.462054,62.929290
424,8.828490,19.474059,1.686521,1.649876,0.876706,0.932049,8.881383,8.830000,19.475000,1.685000,32.131337,1.218640,0.930000,8.881383,1,,81.182300,2.504670,74.946300,47.047680,1.217881,86.796879,83.251400
425,9.194895,19.644290,19.451843,4.271542,1.035234,0.729445,1.809930,9.195000,19.645000,19.450000,83.914437,43.004393,0.730000,1.809930,1,,66.083980,8.032460,59.503900,70.582680,0.125072,163.154146,91.555880
426,21.833552,1.977098,18.339885,2.371492,0.762208,1.175497,2.843617,21.835000,1.975000,18.340000,4.683696,16.575417,1.175000,2.843617,1,,74.655500,12.190800,-29.265300,52.409700,1.236763,124.031958,82.884730
427,22.944740,4.548702,13.272182,1.769637,1.709736,1.780475,0.738243,22.945000,4.550000,13.270000,8.051849,20.074934,1.780000,0.738243,1,,34.350850,6.719890,46.329100,49.337280,0.040567,195.189074,89.330250
428,18.286566,9.947690,6.154531,1.479198,1.500217,0.684213,5.799525,18.285000,9.950000,6.155000,14.718021,6.829335,0.685000,5.799525,1,,41.364050,1.860220,52.834800,47.568240,0.053131,61.874239,86.610350
429,24.188676,3.973643,5.378958,3.225910,1.356478,1.331183,2.285898,24.190000,3.975000,5.380000,12.822990,11.771102,1.330000,2.285898,1,,39.169840,3.312630,63.030100,59.183280,0.060424,121.939842,94.116140
430,34.721581,19.770729,2.812646,4.558985,1.576571,1.678640,5.060308,34.720000,19.770000,2.815000,90.131124,10.116496,1.680000,5.060308,1,,44.962280,1.841970,74.847200,73.331820,0.075642,360.960802,88.959680
431,39.821739,16.117789,5.140340,3.904500,1.195566,1.462418,9.720978,39.820000,16.120000,5.140000,62.940539,11.996982,1.460000,9.720978,1,,49.213640,1.279420,70.924300,68.086620,0.092451,287.762381,84.796540
432,3.887135,4.437208,10.159872,2.036831,1.431062,0.800665,5.825893,3.885000,4.435000,10.160000,9.033344,14.807336,0.800000,5.825893,1,,37.380150,0.946123,70.120800,49.854240,0.041937,48.640544,85.533150
433,1.682507,8.340251,15.433772,3.784025,1.994163,0.171641,5.306900,1.685000,8.340000,15.435000,31.558768,58.235976,0.170000,5.306900,1,,36.713140,1.489430,82.370400,76.356360,0.224021,23.921506,43.731130
434,31.248082,19.388816,11.911460,4.578022,1.787167,1.349211,4.075007,31.250000,19.390000,11.910000,88.767844,48.721964,1.350000,4.075007,1,,39.856200,1.699260,79.452400,73.884420,0.039363,354.496241,91.723700
435,30.716251,12.587915,14.689734,1.795925,1.385792,1.521869,0.654944,30.715000,12.590000,14.690000,22.610701,18.280081,1.520000,0.654944,1,,43.778970,12.118800,25.458700,50.494500,0.056508,238.458789,97.184570
436,24.333892,16.155826,14.971012,3.913205,1.366170,1.576381,4.853130,24.335000,16.155000,14.970000,63.217823,40.015568,1.575000,4.853130,1,,44.626820,1.875460,72.870900,68.126220,0.056701,337.291591,89.606120
437,35.272742,13.642827,11.492865,3.987849,1.618774,1.128614,7.727075,35.275000,13.645000,11.495000,54.414203,37.102569,1.130000,7.727075,1,,40.538880,1.036130,78.385300,68.632560,0.043132,239.951852,86.718780
438,6.917691,8.141026,15.835380,3.563051,0.558747,1.947286,4.347432,6.920000,8.140000,15.835000,29.003236,15.762501,1.945000,4.347432,1,,41.557970,1.435080,59.927500,54.537300,1.718529,207.250908,41.634204
439,20.971812,14.621519,13.369300,2.539004,1.302848,0.510998,7.027403,20.970000,14.620000,13.370000,37.120243,22.113549,0.510000,7.027403,1,,45.055350,1.804330,65.621500,56.601000,0.061303,80.148434,77.985650
440,38.390646,4.933992,12.529105,1.091933,1.807735,0.556667,9.514358,38.390000,4.935000,12.530000,5.388690,12.366647,0.555000,9.514358,1,,33.711000,0.891515,50.985900,44.306280,0.034228,71.853262,77.904600
441,18.478777,11.610519,8.868192,4.075535,1.302525,0.378884,5.297962,18.480000,11.610000,8.870000,47.316966,23.543143,0.380000,5.297962,1,,44.829060,2.459360,72.991200,70.044840,0.073141,56.536441,72.794660
442,6.257523,5.694218,10.836749,3.596579,1.101527,0.740140,6.700988,6.260000,5.695000,10.835000,20.482519,21.462663,0.740000,6.700988,1,,46.861610,1.494680,70.818100,62.113500,0.067436,64.768635,85.456210
443,24.095920,4.192505,1.649635,1.127057,0.702111,1.999319,2.337251,24.095000,4.195000,1.650000,4.728004,0.652838,2.000000,2.337251,1,,44.536890,12.886400,-68.384200,41.508900,1.660766,130.521684,44.615422
444,34.954500,19.819124,1.842396,1.154528,0.934850,0.382816,5.445028,34.955000,19.820000,1.840000,22.882753,0.992966,0.385000,5.445028,1,,66.401060,9.518780,-19.100500,43.650000,0.886607,52.785702,71.457820
445,37.136162,4.514274,1.599854,4.063432,1.954888,1.612804,7.933866,37.135000,4.515000,1.600000,18.346395,6.354845,1.615000,7.933866,1,,37.254230,0.844454,74.048900,64.759140,0.062364,179.590003,85.286630
446,1.107136,4.385221,14.138147,3.431270,1.259862,0.633107,6.648904,1.105000,4.385000,14.140000,15.046119,30.563083,0.635000,6.648904,1,,34.891690,0.572603,82.779700,57.490020,0.040536,53.891943,79.643190
447,33.549352,7.432244,19.377445,3.169909,0.604945,0.401863,2.948283,33.550000,7.430000,19.375000,23.552426,18.576941,0.400000,2.948283,1,,64.467500,6.474610,42.966300,55.149120,1.547517,65.135747,68.191110
448,17.509812,6.880640,13.098193,2.024213,1.785701,0.794450,9.887372,17.510000,6.880000,13.100000,13.926586,23.675887,0.795000,9.887372,1,,35.878620,0.639203,72.171200,51.652980,0.032951,89.503066,83.811620
449,39.978556,4.266868,3.178320,4.326093,1.186407,1.476036,4.430522,39.980000,4.265000,3.180000,18.450786,8.160683,1.475000,4.430522,1,,42.257620,2.177940,65.731100,67.354020,0.087805,179.155667,90.232920
450,26.374498,2.221407,5.526163,4.635637,0.725114,1.775772,6.410401,26.375000,2.220000,5.525000,10.291115,9.285772,1.775000,6.410401,1,,74.867160,4.331270,28.965300,67.789980,1.286821,155.874974,80.988930
451,7.236266,1.368908,14.704720,4.892662,1.603945,0.339948,0.411905,7.235000,1.370000,14.705000,6.702947,57.699204,0.340000,0.411905,1,,24.702570,8.909040,80.125300,62.871840,0.023131,37.747531,71.815170
452,14.704344,6.755519,15.013296,1.815070,0.966629,0.734918,0.944025,14.705000,6.755000,15.015000,12.260799,13.171899,0.735000,0.944025,1,,73.668380,15.650000,3.468960,49.749660,0.250733,72.311283,91.233880
453,24.867480,7.760014,3.716186,1.502203,0.831682,1.055734,1.333871,24.865000,7.760000,3.715000,11.657092,2.320677,1.055000,1.333871,1,,68.165260,13.706700,-19.501900,46.630260,1.623312,91.423946,69.082308
454,1.175103,6.958601,10.023088,4.721740,0.770296,0.913340,6.396758,1.175000,6.960000,10.025000,32.863309,18.231151,0.915000,6.396758,1,,75.651250,1.177150,108.531500,68.160420,1.059897,79.984231,79.571630
455,36.234505,4.238379,16.398997,2.246488,0.873763,1.094785,7.151883,36.235000,4.240000,16.400000,9.525108,16.095756,1.095000,7.151883,1,,75.684390,7.863360,-1.376400,52.161300,0.289580,152.611096,86.947790
456,10.375041,9.506963,7.973231,3.703447,1.564474,0.784082,1.400703,10.375000,9.505000,7.975000,35.201265,23.103367,0.785000,1.400703,1,,39.976650,5.066130,73.717600,65.133180,0.044611,89.501486,93.036150
457,35.560752,12.351246,7.760586,2.339362,1.193541,1.312394,0.995489,35.560000,12.350000,7.760000,28.891121,10.833441,1.310000,0.995489,1,,49.678630,11.698100,27.825400,54.947880,0.085858,197.894576,98.677730
458,2.738700,7.590989,8.948472,3.421358,1.158613,1.321493,0.463079,2.740000,7.590000,8.950000,25.968109,17.739039,1.320000,0.463079,1,,45.265250,11.181400,53.693100,61.713720,0.076488,108.592635,95.760250
459,12.067559,12.890811,16.184111,2.450628,1.495677,1.154142,2.120269,12.070000,12.890000,16.185000,31.588593,29.661826,1.155000,2.120269,1,,41.911030,3.497380,66.697800,55.603440,0.044423,165.789184,95.310230
460,25.133807,6.097315,14.757728,3.244734,1.376189,0.217804,5.692283,25.135000,6.095000,14.760000,19.776654,32.954422,0.220000,5.692283,1,,41.794820,2.273130,65.956200,58.295700,0.088917,31.836437,61.041120
461,17.861805,2.381244,4.243110,3.767832,1.041195,1.256463,4.060576,17.860000,2.380000,4.245000,8.967440,8.326669,1.255000,4.060576,1,,41.706430,2.289080,58.767400,61.441380,0.086171,83.161457,90.018730
462,8.913635,17.130756,16.294456,2.983899,1.141284,1.065382,5.434550,8.915000,17.130000,16.295000,51.114181,27.746114,1.065000,5.434550,1,,52.450480,2.153220,66.492400,60.064020,0.074803,174.170414,88.238080
463,14.121747,1.138657,2.697019,4.742285,1.728415,0.826059,4.659359,14.120000,1.140000,2.695000,5.406205,11.044966,0.825000,4.659359,1,,29.634210,0.815625,79.711100,63.513360,0.037370,43.197966,83.784810
464,26.485249,8.026938,19.040202,4.444400,1.883231,1.188164,8.242906,26.485000,8.025000,19.040000,35.666312,79.680783,1.190000,8.242906,1,,35.238820,0.648555,82.667400,71.468280,0.029794,264.712043,85.939020
465,20.628762,17.882067,16.280966,3.720193,1.659289,1.426241,7.268213,20.630000,17.880000,16.280000,66.517056,50.247198,1.425000,7.268213,1,,40.536380,0.976533,78.719800,66.500280,0.040166,322.540562,86.705080
466,3.785237,14.751188,13.457257,4.976523,1.258344,0.871047,4.619472,3.785000,14.750000,13.455000,73.403714,42.128817,0.870000,4.619472,1,,45.070680,1.638160,80.623200,75.503160,0.057110,156.175902,87.557680
467,38.526841,16.075551,17.330076,2.052819,0.849513,0.375289,1.533434,38.525000,16.075000,17.330000,32.999062,15.110852,0.375000,1.533434,1,,65.081430,11.811700,22.257400,50.839560,0.824268,71.988718,71.164740
468,11.817650,18.966879,3.532327,2.724232,1.802369,0.595456,2.653884,11.820000,18.965000,3.530000,51.665054,8.666275,0.595000,2.653884,1,,38.052420,2.873040,74.299100,58.153320,0.044042,76.731991,84.579420
469,38.716201,1.594644,1.030254,4.977127,1.594476,0.195301,8.902021,38.715000,1.595000,1.030000,7.938517,4.086993,0.195000,8.902021,1,,19.997410,0.578681,86.554600,60.998400,0.036308,18.467574,55.960710
470,38.450537,1.293894,7.122763,4.538924,0.505135,1.490645,3.330088,38.450000,1.295000,7.125000,5.877906,8.167993,1.490000,3.330088,1,,34.693060,6.862130,-12.113900,57.294540,1.635193,160.600990,34.822486
471,3.254553,7.607463,10.649303,2.314359,0.913427,1.218561,1.974424,3.255000,7.605000,10.650000,17.600703,11.257035,1.220000,1.974424,1,,79.197490,5.907420,47.726900,53.363880,0.415600,87.690840,92.180790
472,8.478197,12.188505,8.908134,1.102221,1.147843,1.638760,3.853901,8.480000,12.190000,8.910000,13.436070,5.636358,1.640000,3.853901,1,,56.184320,6.599850,-12.400600,44.488980,0.112410,128.301182,89.716220
473,8.746819,19.698518,12.129276,4.791753,1.584781,0.921008,7.902654,8.745000,19.700000,12.130000,94.397535,46.056867,0.920000,7.902654,1,,41.408410,0.904119,82.577700,75.121380,0.041823,203.876050,85.168510
474,31.772520,7.487261,17.804787,4.350080,1.171618,0.884925,5.199684,31.775000,7.485000,17.805000,32.560350,45.372764,0.885000,5.199684,1,,46.411500,2.225920,70.951100,70.417080,0.061643,169.975856,89.104900
475,24.016995,18.226380,18.295825,3.383749,1.074873,0.917060,5.935930,24.015000,18.225000,18.295000,61.668826,33.270362,0.915000,5.935930,1,,59.052240,2.688100,63.390200,63.694800,0.094377,197.648407,88.325840
476,27.676031,3.858241,15.871953,1.910964,0.972319,1.378182,4.363553,27.675000,3.860000,15.870000,7.376322,14.743759,1.380000,4.363553,1,,53.760730,8.659650,-20.560100,49.854960,0.102067,161.363512,90.424230
477,35.884126,8.917849,15.123218,1.521475,0.589683,0.513574,7.115060,35.885000,8.920000,15.125000,13.571557,6.784985,0.515000,7.115060,1,,44.226180,6.829250,-12.453400,43.956360,1.725066,72.211519,44.407729
478,36.929050,9.409236,1.323797,3.342358,1.438168,0.840909,6.678464,36.930000,9.410000,1.325000,31.451591,3.184552,0.840000,6.678464,1,,45.595780,1.694030,69.024800,61.183800,0.091842,109.171560,87.033880
479,4.229655,15.499141,9.635580,3.070540,1.338458,0.301630,9.792441,4.230000,15.500000,9.635000,47.593368,19.798904,0.300000,9.792441,1,,46.079800,1.241810,71.761800,61.119360,0.086427,37.836682,67.132000
480,16.959964,19.149431,16.969269,2.444656,0.769368,0.248565,7.804710,16.960000,19.150000,16.970000,46.815163,15.958920,0.250000,7.804710,1,,54.957840,2.218510,52.177100,51.849360,0.909974,42.233521,59.607000
481,12.511519,5.393392,12.954137,3.334983,0.990081,0.199530,4.868924,12.510000,5.395000,12.955000,17.992236,21.388083,0.200000,4.868924,1,,45.805220,2.564160,63.442700,54.073620,0.292302,20.220064,55.971320
482,14.019022,5.087281,7.895099,2.019440,1.081473,0.689516,2.750383,14.020000,5.085000,7.895000,10.268853,8.621218,0.690000,2.750383,1,,48.496910,5.428390,35.129900,50.402520,0.079616,50.294149,88.843910
483,10.648382,17.507552,1.234832,1.891447,1.112215,1.309356,2.768608,10.650000,17.510000,1.235000,33.119237,1.299032,1.310000,2.768608,1,,56.395540,4.856500,37.307600,48.495240,0.177335,122.102832,92.668140
484,35.331805,16.491418,18.997675,1.233119,1.610066,1.540572,9.807068,35.330000,16.490000,19.000000,20.334131,18.861327,1.540000,9.807068,1,,40.832160,1.004440,49.857700,45.912060,0.042845,278.486605,84.468860
485,15.405169,1.528206,9.816115,1.052046,1.982503,0.424780,0.160274,15.405000,1.530000,9.815000,1.609630,10.235494,0.425000,0.160274,1,,27.373040,21.843300,24.043900,43.252020,0.030448,27.771678,76.723040
486,26.907525,19.561188,17.849395,1.142607,1.699106,0.406285,7.021322,26.910000,19.560000,17.850000,22.349390,17.327088,0.405000,7.021322,1,,35.970830,1.598460,50.939800,45.129600,0.040724,68.168174,74.035830
487,7.320812,12.621281,2.876503,3.210480,0.949645,1.488347,1.301559,7.320000,12.620000,2.875000,40.516263,4.382672,1.490000,1.301559,1,,62.040570,8.858360,41.551600,60.422760,0.183925,134.888113,96.422370
488,21.298375,3.462484,2.466834,2.836777,1.964754,0.191029,9.203535,21.300000,3.460000,2.465000,9.815248,6.869424,0.190000,9.203535,1,,22.092980,0.649574,81.510100,53.137080,0.039893,13.515588,53.643280
489,24.286452,11.284118,3.936896,2.004657,0.983752,1.745271,1.663045,24.285000,11.285000,3.935000,22.622552,3.880078,1.745000,1.663045,1,,73.085110,10.689500,0.169840,51.951600,0.249555,184.119539,94.752710
490,14.250223,9.719290,15.303984,4.136964,0.819669,0.331935,9.693622,14.250000,9.720000,15.305000,40.211290,25.949187,0.330000,9.693622,1,,62.568880,1.678840,72.019900,65.565900,0.738855,47.754457,68.814010
491,20.490098,12.767575,19.257203,4.235075,1.572271,0.645964,4.040461,20.490000,12.770000,19.255000,54.081905,64.106501,0.645000,4.040461,1,,38.029540,1.902680,79.648500,70.187580,0.036055,143.975872,86.906140
492,23.329378,17.667090,15.499403,1.263206,1.422776,0.868208,7.072558,23.330000,17.665000,15.500000,22.314537,13.928756,0.870000,7.072558,1,,43.780220,1.760470,45.657000,46.021140,0.049422,129.832965,86.860720
493,26.231317,18.582832,11.503470,2.862834,1.298227,1.285912,2.854726,26.230000,18.585000,11.505000,53.205774,21.379796,1.285000,2.854726,1,,47.079980,3.779930,61.532900,59.452920,0.064720,240.584857,94.205180
494,39.530853,4.855469,9.845049,2.357955,1.453842,0.629327,4.183849,39.530000,4.855000,9.845000,11.447870,16.874793,0.630000,4.183849,1,,36.920580,1.990900,65.511800,53.035380,0.041694,86.173078,85.580880
495,3.173131,18.319646,6.346276,4.083437,0.632006,0.744870,4.579078,3.175000,18.320000,6.345000,74.808563,8.187456,0.745000,4.579078,1,,47.355020,1.834120,72.943500,60.486300,1.732356,103.313634,47.458337
496,7.869771,15.435806,13.716747,2.260250,1.435714,0.312789,4.979218,7.870000,15.435000,13.715000,34.886952,22.253077,0.315000,4.979218,1,,42.412810,2.493860,62.987400,54.562860,0.066578,41.321709,68.534010
497,23.661562,13.214863,6.733501,4.955116,1.048812,0.838918,8.323177,23.660000,13.215000,6.735000,65.481862,17.500856,0.840000,8.323177,1,,57.707600,1.829240,73.734100,76.207320,0.111445,142.970283,85.564400
498,20.855001,3.034388,17.573510,3.675888,1.819003,0.264013,4.010284,20.855000,3.035000,17.575000,11.156319,58.757196,0.265000,4.010284,1,,25.847440,1.375160,82.086700,60.772860,0.027164,40.503531,66.915540
499,26.659433,13.833399,14.613933,1.342054,1.829488,0.898278,6.158009,26.660000,13.835000,14.615000,18.567315,17.941898,0.900000,6.158009,1,,37.888700,1.242970,61.153100,46.683000,0.033889,132.056292,88.027900
500,29.401108,2.918711,12.085332,4.215563,1.325768,1.349747,0.143626,29.400000,2.920000,12.085000,12.309443,33.770665,1.350000,0.143626,1,,35.856370,24.629600,36.062100,65.519100,0.047588,182.101646,95.740770
501,12.860480,19.894287,10.175636,2.817883,1.468229,0.817769,6.881717,12.860000,19.895000,10.175000,56.061781,21.048494,0.820000,6.881717,1,,43.055900,1.308860,73.643000,58.825620,0.049162,133.635626,86.551800
502,22.594429,11.922917,13.890458,2.506908,0.506595,0.449848,8.996772,22.595000,11.925000,13.890000,29.894876,8.820068,0.450000,8.996772,1,,40.465530,1.463810,49.816500,48.063420,1.740003,60.990725,40.616092
503,31.224477,10.509761,8.782750,2.832236,0.656557,1.824306,2.978394,31.225000,10.510000,8.785000,29.766800,8.167963,1.825000,2.978394,1,,45.238050,3.974100,34.383900,53.167860,1.710981,253.628942,45.321798
504,6.446350,18.152483,10.796505,2.379328,0.774551,0.910458,6.976362,6.445000,18.150000,10.795000,43.184795,9.947115,0.910000,6.976362,1,,66.006710,2.220030,56.688900,53.032860,1.673073,112.759838,66.760586
505,7.065171,14.677004,16.118123,1.307636,0.513558,0.771283,6.958250,7.065000,14.675000,16.120000,19.189554,5.412668,0.770000,6.958250,1,,38.573600,1.982000,19.562400,41.298660,1.756242,77.248111,38.625006
506,14.559701,14.397107,14.822960,2.907713,1.898119,1.637545,9.371818,14.560000,14.395000,14.825000,41.856528,40.910958,1.640000,9.371818,1,,38.209780,0.605971,78.603600,59.587200,0.035622,279.337077,83.775180
507,23.866396,18.006896,19.784906,4.554647,0.924208,0.491976,9.214495,23.865000,18.005000,19.785000,82.006412,41.641909,0.490000,9.214495,1,,70.682100,1.851300,81.004400,72.117900,0.538245,121.009577,78.927790
508,5.572332,10.945761,1.275183,4.004090,0.959213,1.121944,3.070151,5.570000,10.945000,1.275000,43.824766,2.448494,1.120000,3.070151,1,,56.554110,3.392570,67.614800,62.783460,0.180476,91.675651,90.473510
509,18.594979,13.901110,8.715083,3.135560,1.282610,0.787760,3.505546,18.595000,13.900000,8.715000,43.584284,17.524554,0.790000,3.505546,1,,46.111600,3.146280,67.686000,61.252380,0.063357,113.387782,90.731100
510,38.625574,6.538010,9.510559,3.292718,1.668656,0.901923,8.710133,38.625000,6.540000,9.510000,21.534374,26.125941,0.900000,8.710133,1,,37.238820,0.817922,76.358300,61.614900,0.039055,141.309283,85.478320
511,18.030906,15.142226,3.347514,4.108261,1.516470,0.792900,0.638747,18.030000,15.140000,3.350000,62.199064,10.435338,0.795000,0.638747,1,,42.814090,12.102000,63.665200,68.767740,0.059421,115.811150,94.016890
