lambda,case,run,algo,best_fitness,PSRR_DB,penalty,is_feasible,runtime_sec
10.0,base,0,ABC,-116.05865699132715,116.05865699132715,0,1,13.512495899980422
10.0,base,0,GWO,-115.80721014909128,115.80721014909128,0,1,16.23313770000823
10.0,base,0,FA,-116.03160551437713,116.03160551437713,0,1,45.68600149999838
10.0,base,0,PSO,-115.72853316484941,115.72853316484941,0,1,10.649640000017826
10.0,base,0,GA,-116.09397354312247,116.09397354312247,0,1,21.990409399964847
10.0,base,0,ACO,-109.98251720775758,109.98251720775758,0,1,20.10877040005289
10.0,base,1,ABC,-110.285602660346,110.285602660346,0,1,22.060695299995132
10.0,base,1,GWO,-109.82346457734324,109.82346457734324,0,1,17.039820199948736
10.0,base,1,FA,-110.25777917682403,110.25777917682403,0,1,44.877584699948784
10.0,base,1,PSO,-109.4928206548903,109.4928206548903,0,1,11.804413800011389
10.0,base,1,GA,-110.29300249055208,110.29300249055208,0,1,21.91778090002481
10.0,base,1,ACO,-109.84371267502951,109.84371267502951,0,1,21.178799899993464
10.0,base,2,ABC,-110.12394531120898,110.12394531120898,0,1,21.62392560002627
10.0,base,2,GWO,-97.38239327885037,97.38239327885037,0,1,3.5284166999626905
10.0,base,2,FA,-104.18876811294551,104.18876811294551,0,1,8.673286399978679
10.0,base,2,PSO,-110.18331186684763,110.18331186684763,0,1,2.190587399993092
10.0,base,2,GA,-109.9190781789534,109.9190781789534,0,1,4.343340000021271
10.0,base,2,ACO,-110.18271448078127,110.18271448078127,0,1,3.951750800013542
10.0,base,3,ABC,-111.3411465952162,111.3411465952162,0,1,3.9488035999820568
10.0,base,3,GWO,-109.9323177887187,109.9323177887187,0,1,3.5770985999843106
10.0,base,3,FA,-111.1349038529802,111.1349038529802,0,1,9.249862500000745
10.0,base,3,PSO,-111.56339332198795,111.56339332198795,0,1,2.211536399961915
10.0,base,3,GA,-111.44860039980742,111.44860039980742,0,1,4.487171499989927
10.0,base,3,ACO,-111.56332057750188,111.56332057750188,0,1,4.036001400032546
10.0,base,4,ABC,-98.4006322796024,98.4006322796024,0,1,3.973580199992284
10.0,base,4,GWO,-86.36658318358982,96.36658318358982,1,0,3.6083228000206873
10.0,base,4,FA,-83.21549721425063,93.21549721425063,1,0,9.045288200024515
10.0,base,4,PSO,-97.46429540584607,107.46429540584607,1,0,2.2161922000232153
10.0,base,4,GA,-97.71507221195972,107.71507221195972,1,0,4.532115000009071
10.0,base,4,ACO,-86.33890907143754,96.33890907143754,1,0,4.035366799973417
10.0,base,5,ABC,-100.82267413510786,100.82267413510786,0,1,3.924492400023155
10.0,base,5,GWO,-86.3342694408838,96.3342694408838,1,0,3.5696611999883316
10.0,base,5,FA,-100.8036698400623,100.8036698400623,0,1,9.029369800002314
10.0,base,5,PSO,-101.94635877259391,101.94635877259391,0,1,2.235699900018517
10.0,base,5,GA,-93.13372578641294,103.13372578641294,1,0,4.447489399986807
10.0,base,5,ACO,-86.34218263207254,96.34218263207254,1,0,3.983127500046976
10.0,base,6,ABC,-102.71223312545115,102.71223312545115,0,1,4.001194899959955
10.0,base,6,GWO,-90.06756702189828,90.06756702189828,0,1,3.525529100035783
10.0,base,6,FA,-101.56747894400453,101.56747894400453,0,1,8.902877199987415
10.0,base,6,PSO,-102.280729264066,102.280729264066,0,1,2.3033919999725185
10.0,base,6,GA,-102.78340094116096,102.78340094116096,0,1,4.633840200025588
10.0,base,6,ACO,-86.3768377035711,96.3768377035711,1,0,4.060637699963991
10.0,base,7,ABC,-115.38357980618694,115.38357980618694,0,1,4.127566300041508
10.0,base,7,GWO,-105.46217465313478,105.46217465313478,0,1,3.6210899999714456
10.0,base,7,FA,-112.41427263400763,112.41427263400763,0,1,9.428695900016464
10.0,base,7,PSO,-114.94580308865785,114.94580308865785,0,1,2.307568199990783
10.0,base,7,GA,-115.30712603084633,115.30712603084633,0,1,4.57271999999648
10.0,base,7,ACO,-115.40071030993539,115.40071030993539,0,1,4.072434199973941
10.0,base,8,ABC,-111.38257192241016,111.38257192241016,0,1,4.027568600024097
10.0,base,8,GWO,-94.79662731789686,104.79662731789686,1,0,3.5799805999849923
10.0,base,8,FA,-110.66496154698618,110.66496154698618,0,1,9.199063399981242
10.0,base,8,PSO,-110.69740378134688,110.69740378134688,0,1,2.2266832999885082
10.0,base,8,GA,-111.37266385432358,111.37266385432358,0,1,4.5316680000396445
10.0,base,8,ACO,-105.5157965339993,105.5157965339993,0,1,4.1465762999723665
10.0,base,9,ABC,-107.88123759381449,107.88123759381449,0,1,4.021650200011209
10.0,base,9,GWO,-86.32787422184066,96.32787422184066,1,0,3.5822896000463516
10.0,base,9,FA,-105.1102024378016,105.1102024378016,0,1,9.048382100008894
10.0,base,9,PSO,-105.20091841757967,105.20091841757967,0,1,2.307358000020031
10.0,base,9,GA,-108.29305674078783,108.29305674078783,0,1,4.6235296000377275
10.0,base,9,ACO,-86.76350352909694,96.76350352909694,1,0,4.304566799954046
10.0,base,10,ABC,-96.27640680738162,96.27640680738162,0,1,18.74693490000209
10.0,base,10,GWO,-86.33176563390585,96.33176563390585,1,0,18.38347470003646
10.0,base,10,FA,-84.19483729112726,94.19483729112726,1,0,51.540652099996805
10.0,base,10,PSO,-80.64327942059357,100.64327942059357,2,0,11.959441000013612
10.0,base,10,GA,-96.32980363488828,96.32980363488828,0,1,25.193027500004973
10.0,base,10,ACO,-85.004054899948,95.004054899948,1,0,24.00928300002124
10.0,base,11,ABC,-110.04380191442408,110.04380191442408,0,1,23.49799110001186
10.0,base,11,GWO,-96.58330318946207,106.58330318946207,1,0,18.34494260000065
10.0,base,11,FA,-110.04473778858254,110.04473778858254,0,1,50.704733499966096
10.0,base,11,PSO,-110.06540681299816,110.06540681299816,0,1,11.648585400020238
10.0,base,11,GA,-109.99513485290437,109.99513485290437,0,1,24.212124200013932
10.0,base,11,ACO,-110.0672221969928,110.0672221969928,0,1,18.719912600005046
10.0,base,12,ABC,-97.15308060914556,97.15308060914556,0,1,3.8499339999980293
10.0,base,12,GWO,-86.03515702726055,96.03515702726055,1,0,3.4320038000005297
10.0,base,12,FA,-75.10120018543404,95.10120018543404,2,0,8.591561199980788
10.0,base,12,PSO,-99.42997802554348,99.42997802554348,0,1,2.174208699958399
10.0,base,12,GA,-91.32424381288963,101.32424381288963,1,0,4.368329899967648
10.0,base,12,ACO,-84.69184705112892,94.69184705112892,1,0,4.0051155999535695
10.0,base,13,ABC,-92.38007961905176,92.38007961905176,0,1,3.954884500009939
10.0,base,13,GWO,-86.33442286348601,96.33442286348601,1,0,3.533109100011643
10.0,base,13,FA,-74.45784496744145,94.45784496744145,2,0,8.742486800008919
10.0,base,13,PSO,-75.2026411444524,95.2026411444524,2,0,2.1875951999682
10.0,base,13,GA,-84.97064624623,94.97064624623,1,0,4.514050199999474
10.0,base,13,ACO,-86.3378870146157,96.3378870146157,1,0,3.9749081999761984
10.0,base,14,ABC,-86.33973072210071,96.33973072210071,1,0,3.9775140000274405
10.0,base,14,GWO,-86.33510023221318,96.33510023221318,1,0,3.604386799968779
10.0,base,14,FA,-83.8308061729126,93.8308061729126,1,0,8.807119900011458
10.0,base,14,PSO,-95.34394523841598,95.34394523841598,0,1,2.2291005000006407
10.0,base,14,GA,-85.96486212669124,95.96486212669124,1,0,4.3791218000114895
10.0,base,14,ACO,-86.3430449956564,96.3430449956564,1,0,3.9413946999702603
10.0,base,15,ABC,-112.80510215252788,112.80510215252788,0,1,3.8620107999886386
10.0,base,15,GWO,-112.70011782279619,112.70011782279619,0,1,3.4565130000119098
10.0,base,15,FA,-96.09542160624422,106.09542160624422,1,0,9.000893699994776
10.0,base,15,PSO,-112.74415254668158,112.74415254668158,0,1,2.165972300048452
10.0,base,15,GA,-103.86170153425749,113.86170153425749,1,0,4.338835800008383
10.0,base,15,ACO,-112.86482264366813,112.86482264366813,0,1,3.955734399962239
10.0,base,16,ABC,-109.493483277044,109.493483277044,0,1,3.8733227999764495
10.0,base,16,GWO,-88.27092557346872,88.27092557346872,0,1,3.475853299954906
10.0,base,16,FA,-105.32703897388703,105.32703897388703,0,1,8.93916559999343
10.0,base,16,PSO,-109.49272407431998,109.49272407431998,0,1,2.233301699976437
10.0,base,16,GA,-109.43372122751114,109.43372122751114,0,1,4.546971999981906
10.0,base,16,ACO,-86.3569121503666,96.3569121503666,1,0,4.042762999946717
10.0,base,17,ABC,-111.3135631508446,111.3135631508446,0,1,4.116782900004182
10.0,base,17,GWO,-98.77685469081116,98.77685469081116,0,1,3.5514858000096865
10.0,base,17,FA,-111.12930655521367,111.12930655521367,0,1,9.225084199977573
10.0,base,17,PSO,-111.30806961601841,111.30806961601841,0,1,2.1775312999961898
10.0,base,17,GA,-109.34394681993638,109.34394681993638,0,1,4.416517700010445
10.0,base,17,ACO,-111.31404201766033,111.31404201766033,0,1,3.936439299955964
10.0,base,18,ABC,-114.84555406976405,114.84555406976405,0,1,3.9474109999719076
10.0,base,18,GWO,-102.83167574521941,102.83167574521941,0,1,3.508691099996213
10.0,base,18,FA,-115.11443379904321,115.11443379904321,0,1,8.75184939999599
10.0,base,18,PSO,-115.15302814052585,115.15302814052585,0,1,2.1724840000388213
10.0,base,18,GA,-115.07278771236625,115.07278771236625,0,1,4.315357099985704
10.0,base,18,ACO,-115.1542881947453,115.1542881947453,0,1,3.994269799964968
10.0,base,19,ABC,-104.95404378901651,104.95404378901651,0,1,3.8760752999805845
10.0,base,19,GWO,-86.33049841510507,96.33049841510507,1,0,3.5057328999973834
10.0,base,19,FA,-104.76325770323787,104.76325770323787,0,1,9.187016699986998
10.0,base,19,PSO,-104.91377937228181,104.91377937228181,0,1,2.253757999977097
10.0,base,19,GA,-105.07242857054503,105.07242857054503,0,1,4.431730700016487
10.0,base,19,ACO,-86.3386400168556,96.3386400168556,1,0,4.050733099982608
10.0,base,20,ABC,-110.08122624439123,110.08122624439123,0,1,3.9560055999900214
10.0,base,20,GWO,-101.5651613329177,101.5651613329177,0,1,3.5158649999648333
10.0,base,20,FA,-109.28407599652068,109.28407599652068,0,1,8.92907109996304
10.0,base,20,PSO,-110.09416056907145,110.09416056907145,0,1,2.214518099965062
10.0,base,20,GA,-110.5875841857734,110.5875841857734,0,1,4.415246199991088
10.0,base,20,ACO,-110.09599700846026,110.09599700846026,0,1,4.007254500000272
10.0,base,21,ABC,-107.41482123983045,107.41482123983045,0,1,3.9932643999927677
10.0,base,21,GWO,-86.37799147243305,96.37799147243305,1,0,3.490195699967444
10.0,base,21,FA,-107.36201247421522,107.36201247421522,0,1,9.059271799982525
10.0,base,21,PSO,-107.4595652081213,107.4595652081213,0,1,2.233508500037715
10.0,base,21,GA,-107.4527664632536,107.4527664632536,0,1,4.51294660003623
10.0,base,21,ACO,-85.21149023521137,95.21149023521137,1,0,4.193753799947444
10.0,base,22,ABC,-114.84942043955381,114.84942043955381,0,1,4.084080400003586
10.0,base,22,GWO,-106.9706161702664,106.9706161702664,0,1,3.626487299974542
10.0,base,22,FA,-114.95857348648254,114.95857348648254,0,1,8.912440499989316
10.0,base,22,PSO,-115.02433275437184,115.02433275437184,0,1,2.2849676000187173
10.0,base,22,GA,-114.96884375901631,114.96884375901631,0,1,4.462964500009548
10.0,base,22,ACO,-115.04652097139896,115.04652097139896,0,1,3.9968263000482693
10.0,base,23,ABC,-94.57815004257158,94.57815004257158,0,1,3.944571800006088
10.0,base,23,GWO,-86.0994740437732,96.0994740437732,1,0,3.578441399964504
10.0,base,23,FA,-90.37856491520786,100.37856491520786,1,0,8.948875600006431
10.0,base,23,PSO,-92.52993070731867,92.52993070731867,0,1,2.2383849999750964
10.0,base,23,GA,-84.06191638926292,104.06191638926292,2,0,4.478199000004679
10.0,base,23,ACO,-86.35469663686979,96.35469663686979,1,0,4.177918299974408
10.0,base,24,ABC,-86.33954253222305,96.33954253222305,1,0,3.9523588999873027
10.0,base,24,GWO,-86.32800323453348,96.32800323453348,1,0,3.543573400005698
10.0,base,24,FA,-86.1263152890943,96.1263152890943,1,0,9.090846700011753
10.0,base,24,PSO,-84.14332679840486,94.14332679840486,1,0,2.2547828999813646
10.0,base,24,GA,-73.28988194838,93.28988194838,2,0,4.658588099991903
10.0,base,24,ACO,-86.3383922841293,96.3383922841293,1,0,4.044455500028562
10.0,base,25,ABC,-101.15288621261111,101.15288621261111,0,1,4.000148200022522
10.0,base,25,GWO,-86.33513979211591,96.33513979211591,1,0,3.5508168999804184
10.0,base,25,FA,-97.10712466557719,107.10712466557719,1,0,9.0028270999901
10.0,base,25,PSO,-96.6251187723911,106.6251187723911,1,0,2.3025311999954283
10.0,base,25,GA,-97.17322932679858,107.17322932679858,1,0,4.45689410000341
10.0,base,25,ACO,-86.34491180400715,96.34491180400715,1,0,4.032716399990022
10.0,base,26,ABC,-107.61253370916137,107.61253370916137,0,1,4.027076500002295
10.0,base,26,GWO,-91.82701672009874,101.82701672009874,1,0,3.531673600024078
10.0,base,26,FA,-107.75190955207799,107.75190955207799,0,1,9.17107419995591
10.0,base,26,PSO,-107.78567125530739,107.78567125530739,0,1,2.292301200039219
10.0,base,26,GA,-105.29313314182427,105.29313314182427,0,1,4.459566999983508
10.0,base,26,ACO,-107.78368473158403,107.78368473158403,0,1,4.099795299989637
10.0,base,27,ABC,-107.85803908439469,107.85803908439469,0,1,4.109658400004264
10.0,base,27,GWO,-97.81560170606177,107.81560170606177,1,0,3.5770304999896325
10.0,base,27,FA,-100.8163428030973,110.8163428030973,1,0,8.93021379999118
10.0,base,27,PSO,-100.7845291191093,110.7845291191093,1,0,2.3133167999912985
10.0,base,27,GA,-109.0453776493993,109.0453776493993,0,1,4.502530400000978
10.0,base,27,ACO,-109.12546604146169,109.12546604146169,0,1,4.120582600007765
10.0,base,28,ABC,-116.13399674060237,116.13399674060237,0,1,3.863160800014157
10.0,base,28,GWO,-109.98640365707405,109.98640365707405,0,1,3.477375700022094
10.0,base,28,FA,-116.24516482129174,116.24516482129174,0,1,8.763694000022952
10.0,base,28,PSO,-114.86401545528602,114.86401545528602,0,1,2.2165128000197
10.0,base,28,GA,-116.24496713229063,116.24496713229063,0,1,4.345828499994241
10.0,base,28,ACO,-116.27816944363472,116.27816944363472,0,1,3.959890300000552
10.0,base,29,ABC,-99.32353627307202,99.32353627307202,0,1,3.889344799972605
10.0,base,29,GWO,-86.34677031673137,96.34677031673137,1,0,3.511205799994059
10.0,base,29,FA,-84.21865787605077,94.21865787605077,1,0,8.91016510000918
10.0,base,29,PSO,-85.06220729917494,95.06220729917494,1,0,2.2015241000335664
10.0,base,29,GA,-93.5374931261416,93.5374931261416,0,1,4.587722899974324
10.0,base,29,ACO,-86.34429857139898,96.34429857139898,1,0,4.17455009999685
10.0,hard,0,ABC,-104.94015777795454,104.94015777795454,0,1,3.8902171999798156
10.0,hard,0,GWO,-97.83502000008045,107.83502000008045,1,0,3.455828299978748
10.0,hard,0,FA,-103.56163804411374,113.56163804411374,1,0,8.87615879997611
10.0,hard,0,PSO,-103.92948631109877,113.92948631109877,1,0,2.1828917000093497
10.0,hard,0,GA,-103.92182665779703,113.92182665779703,1,0,4.382175799983088
10.0,hard,0,ACO,-102.01629493713037,112.01629493713037,1,0,3.954611500026658
10.0,hard,1,ABC,-97.23408901709783,97.23408901709783,0,1,3.89124600001378
10.0,hard,1,GWO,-75.67908623622047,95.67908623622047,2,0,3.4809570999932475
10.0,hard,1,FA,-83.64237143036614,103.64237143036614,2,0,9.034713900007773
10.0,hard,1,PSO,-83.99266682222193,103.99266682222193,2,0,2.2387446999782696
10.0,hard,1,GA,-83.97887784486959,103.97887784486959,2,0,4.391855499998201
10.0,hard,1,ACO,-75.7063841811674,95.7063841811674,2,0,3.927128100011032
10.0,hard,2,ABC,-77.22444018431672,97.22444018431672,2,0,3.907832099997904
10.0,hard,2,GWO,-75.66538268708166,95.66538268708166,2,0,3.520397999964189
10.0,hard,2,FA,-73.18921464680265,93.18921464680265,2,0,9.122283499978948
10.0,hard,2,PSO,-77.25072750323328,97.25072750323328,2,0,2.231973999994807
10.0,hard,2,GA,-77.25002645152321,97.25002645152321,2,0,4.42398730001878
10.0,hard,2,ACO,-75.68134546089252,95.68134546089252,2,0,4.028959000017494
10.0,hard,3,ABC,-105.16301823760317,105.16301823760317,0,1,3.97341769997729
10.0,hard,3,GWO,-86.78057739948885,106.78057739948885,2,0,3.5196424999739975
10.0,hard,3,FA,-107.29506869157201,107.29506869157201,0,1,8.948734599980526
10.0,hard,3,PSO,-107.5112728308801,107.5112728308801,0,1,2.1989042999921367
10.0,hard,3,GA,-99.07211667483122,109.07211667483122,1,0,4.353513799957
10.0,hard,3,ACO,-107.65533295560842,107.65533295560842,0,1,4.016506399959326
10.0,hard,4,ABC,-91.0875892686587,101.0875892686587,1,0,3.96007999998983
10.0,hard,4,GWO,-82.78315377571006,102.78315377571006,2,0,3.550576200010255
10.0,hard,4,FA,-87.3192145399149,107.3192145399149,2,0,8.801235599967185
10.0,hard,4,PSO,-86.4749881537688,106.4749881537688,2,0,2.194277700036764
10.0,hard,4,GA,-92.52809951010991,102.52809951010991,1,0,4.489499999966938
10.0,hard,4,ACO,-82.78315377571006,102.78315377571006,2,0,4.08160420000786
10.0,hard,5,ABC,-107.4090988792627,107.4090988792627,0,1,4.128031299973372
10.0,hard,5,GWO,-75.67888206292506,95.67888206292506,2,0,3.6011984000215307
10.0,hard,5,FA,-107.31115457685942,107.31115457685942,0,1,8.887567600002512
10.0,hard,5,PSO,-98.01114594016506,108.01114594016506,1,0,2.231910499976948
10.0,hard,5,GA,-106.40289612565662,106.40289612565662,0,1,4.482985299953725
10.0,hard,5,ACO,-75.68110442860534,95.68110442860534,2,0,4.040779699978884
10.0,hard,6,ABC,-102.82105504100579,112.82105504100579,1,0,3.999053700012155
10.0,hard,6,GWO,-90.14876733089834,110.14876733089834,2,0,3.5596371000283398
10.0,hard,6,FA,-103.15554615945919,113.15554615945919,1,0,8.855321899987757
10.0,hard,6,PSO,-103.21636180110185,113.21636180110185,1,0,2.2343421000405215
10.0,hard,6,GA,-103.00600828120575,113.00600828120575,1,0,4.5248712000320666
10.0,hard,6,ACO,-90.14876733089834,110.14876733089834,2,0,3.9927723999717273
10.0,hard,7,ABC,-75.63981655246232,95.63981655246232,2,0,3.9438233000109904
10.0,hard,7,GWO,-75.6723588047532,95.6723588047532,2,0,3.615635599999223
10.0,hard,7,FA,-73.99856846981697,93.99856846981697,2,0,8.982251600013115
10.0,hard,7,PSO,-74.637305980149,94.637305980149,2,0,2.233266499999445
10.0,hard,7,GA,-73.44111227786289,93.44111227786289,2,0,4.7368130999966525
10.0,hard,7,ACO,-75.68317696593249,95.68317696593249,2,0,4.4151520999730565
10.0,hard,8,ABC,-102.28837644027033,112.28837644027033,1,0,4.262710699986201
10.0,hard,8,GWO,-96.81798712501208,106.81798712501208,1,0,3.6522191999829374
10.0,hard,8,FA,-100.28364970109438,110.28364970109438,1,0,8.987685700005386
10.0,hard,8,PSO,-102.24892863181242,112.24892863181242,1,0,2.275620400032494
10.0,hard,8,GA,-102.31581119887498,112.31581119887498,1,0,4.582541600044351
10.0,hard,8,ACO,-102.31926266491263,112.31926266491263,1,0,4.0558616000344045
10.0,hard,9,ABC,-101.49945648926001,101.49945648926001,0,1,3.996480000030715
10.0,hard,9,GWO,-75.66744218530049,95.66744218530049,2,0,3.5589901999919675
10.0,hard,9,FA,-93.13647203415456,103.13647203415456,1,0,9.049970499996562
10.0,hard,9,PSO,-103.63658575205126,103.63658575205126,0,1,2.243484999984503
10.0,hard,9,GA,-103.63559811123301,103.63559811123301,0,1,4.534245999995619
10.0,hard,9,ACO,-102.78454180439614,102.78454180439614,0,1,4.037383599963505
10.0,hard,10,ABC,-116.94195287682281,116.94195287682281,0,1,4.1341302000219
10.0,hard,10,GWO,-116.92127173577279,116.92127173577279,0,1,3.729355600022245
10.0,hard,10,FA,-116.93332468951547,116.93332468951547,0,1,9.049525399983395
10.0,hard,10,PSO,-116.9501641787677,116.9501641787677,0,1,2.2364686999935657
10.0,hard,10,GA,-116.9077579199393,116.9077579199393,0,1,4.542844900046475
10.0,hard,10,ACO,-116.95154843119123,116.95154843119123,0,1,4.057603300025221
10.0,hard,11,ABC,-106.31730303579015,116.31730303579015,1,0,4.038640499988105
10.0,hard,11,GWO,-106.32267346346121,116.32267346346121,1,0,3.5062064999947324
10.0,hard,11,FA,-106.47307041532434,116.47307041532434,1,0,8.627899600018281
10.0,hard,11,PSO,-105.8788173820626,115.8788173820626,1,0,2.2086944000329822
10.0,hard,11,GA,-106.31527181333979,116.31527181333979,1,0,4.409397799987346
10.0,hard,11,ACO,-106.51809503205581,116.51809503205581,1,0,4.013689599989448
10.0,hard,12,ABC,-78.74665662267121,98.74665662267121,2,0,3.891232799971476
10.0,hard,12,GWO,-75.66772603168718,95.66772603168718,2,0,3.5028325999737717
10.0,hard,12,FA,-73.37577238512907,103.37577238512907,3,0,16.575438199972268
10.0,hard,12,PSO,-76.15253311833413,106.15253311833413,3,0,2.3101883999770507
10.0,hard,12,GA,-77.80897163612624,97.80897163612624,2,0,4.40661760000512
10.0,hard,12,ACO,-75.6828695829135,95.6828695829135,2,0,3.9727447000332177
10.0,hard,13,ABC,-104.66754444845913,104.66754444845913,0,1,3.9043318000040017
10.0,hard,13,GWO,-82.31565408521129,92.31565408521129,1,0,3.4903597999946214
10.0,hard,13,FA,-84.17509072144142,94.17509072144142,1,0,8.880058799986728
10.0,hard,13,PSO,-95.90900947936537,105.90900947936537,1,0,2.1768747000023723
10.0,hard,13,GA,-105.49772940473868,105.49772940473868,0,1,4.412350200000219
10.0,hard,13,ACO,-105.584097499692,105.584097499692,0,1,3.942244500038214
10.0,hard,14,ABC,-111.06500888385352,111.06500888385352,0,1,3.956223300017882
10.0,hard,14,GWO,-87.91890135079143,107.91890135079143,2,0,3.5276184999966063
10.0,hard,14,FA,-111.21545716523258,111.21545716523258,0,1,8.733244499948341
10.0,hard,14,PSO,-102.02887725890135,112.02887725890135,1,0,2.191977600043174
10.0,hard,14,GA,-110.87654195992934,110.87654195992934,0,1,4.412648300000001
10.0,hard,14,ACO,-87.91890135079143,107.91890135079143,2,0,4.006164100021124
10.0,hard,15,ABC,-109.5516086286099,109.5516086286099,0,1,4.158012299973052
10.0,hard,15,GWO,-107.18418054398184,117.18418054398184,1,0,3.6323117000283673
10.0,hard,15,FA,-111.00737484710258,111.00737484710258,0,1,9.873121900018305
10.0,hard,15,PSO,-104.62759595559429,114.62759595559429,1,0,2.2754957000142895
10.0,hard,15,GA,-106.16298541796236,116.16298541796236,1,0,4.4554948000004515
10.0,hard,15,ACO,-114.13403455014603,114.13403455014603,0,1,4.084530399995856
10.0,hard,16,ABC,-102.82476427814716,102.82476427814716,0,1,3.970532400009688
10.0,hard,16,GWO,-76.46222091153503,96.46222091153503,2,0,3.5592130000004545
10.0,hard,16,FA,-77.16487197383367,87.16487197383367,1,0,10.09934549999889
10.0,hard,16,PSO,-102.59405788667127,102.59405788667127,0,1,2.34289319999516
10.0,hard,16,GA,-102.83165837389052,102.83165837389052,0,1,4.523619599989615
10.0,hard,16,ACO,-75.71325663168702,95.71325663168702,2,0,4.0730101999943145
10.0,hard,17,ABC,-111.63297247824764,111.63297247824764,0,1,4.060313499998301
10.0,hard,17,GWO,-105.34762674474277,105.34762674474277,0,1,3.6131480999756604
10.0,hard,17,FA,-106.01023298720838,106.01023298720838,0,1,24.715621999988798
10.0,hard,17,PSO,-111.64763522013708,111.64763522013708,0,1,2.3187636000220664
10.0,hard,17,GA,-111.641003699612,111.641003699612,0,1,4.478578299982473
10.0,hard,17,ACO,-108.27391447779243,108.27391447779243,0,1,4.038777700043283
10.0,hard,18,ABC,-91.23441750836902,101.23441750836902,1,0,3.9805415999726392
10.0,hard,18,GWO,-75.67633908139916,95.67633908139916,2,0,3.618978899961803
10.0,hard,18,FA,-87.04938385451366,97.04938385451366,1,0,9.090149700001348
10.0,hard,18,PSO,-82.07217034482898,102.07217034482898,2,0,2.2971687999670394
10.0,hard,18,GA,-89.78024649781939,99.78024649781939,1,0,4.39009449997684
10.0,hard,18,ACO,-75.69713759381028,95.69713759381028,2,0,4.060363100026734
10.0,hard,19,ABC,-107.80216824345749,107.80216824345749,0,1,3.952318599971477
10.0,hard,19,GWO,-83.60328501959548,103.60328501959548,2,0,3.571415100013837
10.0,hard,19,FA,-109.83236372103609,109.83236372103609,0,1,9.247238599986304
10.0,hard,19,PSO,-102.20818820883909,112.20818820883909,1,0,2.2227467999910004
10.0,hard,19,GA,-102.50842055395984,112.50842055395984,1,0,4.631548800040036
10.0,hard,19,ACO,-105.57138476783737,105.57138476783737,0,1,4.086288699996658
10.0,hard,20,ABC,-90.63510582047395,100.63510582047395,1,0,4.024483199988026
10.0,hard,20,GWO,-76.4374042303363,96.4374042303363,2,0,3.6630521999904886
10.0,hard,20,FA,-76.4374042303363,96.4374042303363,2,0,17.122574699984398
10.0,hard,20,PSO,-84.64301321058045,104.64301321058045,2,0,2.2378680999972858
10.0,hard,20,GA,-86.18423795748228,106.18423795748228,2,0,4.503712799982168
10.0,hard,20,ACO,-86.8144716532593,96.8144716532593,1,0,4.095434000017121
10.0,hard,21,ABC,-114.6202486612484,114.6202486612484,0,1,3.9768998000072315
10.0,hard,21,GWO,-109.60810773294375,109.60810773294375,0,1,3.6122092999867164
10.0,hard,21,FA,-103.56309673707135,113.56309673707135,1,0,18.4320383000304
10.0,hard,21,PSO,-114.81399085545816,114.81399085545816,0,1,2.442376199993305
10.0,hard,21,GA,-110.75532368205329,110.75532368205329,0,1,4.459463199949823
10.0,hard,21,ACO,-114.75671779937922,114.75671779937922,0,1,4.153229799994733
10.0,hard,22,ABC,-83.3478507952938,93.3478507952938,1,0,4.101151500013657
10.0,hard,22,GWO,-75.66489750189105,95.66489750189105,2,0,3.5523074999800883
10.0,hard,22,FA,-72.65565471662768,92.65565471662768,2,0,8.935648899991065
10.0,hard,22,PSO,-74.88441861377811,94.88441861377811,2,0,2.219276199990418
10.0,hard,22,GA,-74.74142571816891,94.74142571816891,2,0,4.495340900029987
10.0,hard,22,ACO,-75.68093452984192,95.68093452984192,2,0,3.938371399999596
10.0,hard,23,ABC,-93.4142455718726,103.4142455718726,1,0,3.8957026000134647
10.0,hard,23,GWO,-75.66403244890748,95.66403244890748,2,0,3.4833006000262685
10.0,hard,23,FA,-73.86081618169648,93.86081618169648,2,0,8.72855790000176
10.0,hard,23,PSO,-92.85367918386375,102.85367918386375,1,0,2.1867773000267334
10.0,hard,23,GA,-93.68350454691667,103.68350454691667,1,0,4.404610000026878
10.0,hard,23,ACO,-75.6821410858824,95.6821410858824,2,0,3.998624200001359
10.0,hard,24,ABC,-85.60111098337144,95.60111098337144,1,0,4.023180899966974
10.0,hard,24,GWO,-75.67886784342303,95.67886784342303,2,0,3.547111899999436
10.0,hard,24,FA,-75.3470796005266,95.3470796005266,2,0,16.664908900042064
10.0,hard,24,PSO,-81.42469960106854,101.42469960106854,2,0,2.1972402000101283
10.0,hard,24,GA,-81.39356311926434,101.39356311926434,2,0,4.330488600011449
10.0,hard,24,ACO,-75.68399358920598,95.68399358920598,2,0,3.9667300999863073
10.0,hard,25,ABC,-88.73130761009348,98.73130761009348,1,0,3.9624865000369027
10.0,hard,25,GWO,-75.70493650817309,95.70493650817309,2,0,3.5172375999973156
10.0,hard,25,FA,-73.76470193141178,93.76470193141178,2,0,8.687332699948456
10.0,hard,25,PSO,-81.43874133267363,101.43874133267363,2,0,2.2085869000293314
10.0,hard,25,GA,-89.10754690540038,99.10754690540038,1,0,4.45268450002186
10.0,hard,25,ACO,-75.68463704469985,95.68463704469985,2,0,3.9910595000255853
10.0,hard,26,ABC,-107.89571965792564,107.89571965792564,0,1,3.9129831999889575
10.0,hard,26,GWO,-104.55936037189004,114.55936037189004,1,0,3.546959400002379
10.0,hard,26,FA,-104.81535704181906,114.81535704181906,1,0,8.967793400050141
10.0,hard,26,PSO,-104.5120660187317,114.5120660187317,1,0,2.2785997999599203
10.0,hard,26,GA,-106.29550000653795,116.29550000653795,1,0,4.478752300026827
10.0,hard,26,ACO,-106.28844037042144,116.28844037042144,1,0,4.063735899981111
10.0,hard,27,ABC,-86.92524460288114,96.92524460288114,1,0,3.9517193000065163
10.0,hard,27,GWO,-77.67144329988145,97.67144329988145,2,0,3.5794253000058234
10.0,hard,27,FA,-77.67144329988145,97.67144329988145,2,0,17.298810800013598
10.0,hard,27,PSO,-83.67595343075402,103.67595343075402,2,0,2.2807052000425756
10.0,hard,27,GA,-83.66600543515933,103.66600543515933,2,0,4.511038800003007
10.0,hard,27,ACO,-77.67144329988145,97.67144329988145,2,0,4.052160499966703
10.0,hard,28,ABC,-113.15590762438269,113.15590762438269,0,1,4.063501299999189
10.0,hard,28,GWO,-98.24837370128616,108.24837370128616,1,0,3.5720509000238962
10.0,hard,28,FA,-113.1203527017032,113.1203527017032,0,1,8.932656200020574
10.0,hard,28,PSO,-113.18276736083291,113.18276736083291,0,1,2.249462899984792
10.0,hard,28,GA,-112.7784847507386,112.7784847507386,0,1,4.529222599987406
10.0,hard,28,ACO,-113.21042459081048,113.21042459081048,0,1,4.20064579998143
10.0,hard,29,ABC,-99.12104349868792,99.12104349868792,0,1,4.164214699994773
10.0,hard,29,GWO,-84.13179243282498,94.13179243282498,1,0,3.612141799996607
10.0,hard,29,FA,-100.04438286458408,110.04438286458408,1,0,8.960542500019073
10.0,hard,29,PSO,-93.26405769802348,113.26405769802348,2,0,2.2236396000371315
10.0,hard,29,GA,-93.2629529900169,113.2629529900169,2,0,4.502159999974538
10.0,hard,29,ACO,-97.78363330577038,107.78363330577038,1,0,4.045887999993283
10.0,highdim,0,ABC,-113.50262985680877,113.50262985680877,0,1,5.902533299988136
10.0,highdim,0,GWO,-105.89082876112528,105.89082876112528,0,1,5.3024883000180125
10.0,highdim,0,FA,-105.89082876112528,105.89082876112528,0,1,23.63901939999778
10.0,highdim,0,PSO,-113.49137003904914,113.49137003904914,0,1,3.573458299972117
10.0,highdim,0,GA,-113.50969588721739,113.50969588721739,0,1,8.42000459996052
10.0,highdim,0,ACO,-105.89082876112528,105.89082876112528,0,1,6.125201099959668
10.0,highdim,1,ABC,-111.50041689416811,111.50041689416811,0,1,5.893744700006209
10.0,highdim,1,GWO,-97.01744992903444,107.01744992903444,1,0,5.271027599985246
10.0,highdim,1,FA,-97.01744992903444,107.01744992903444,1,0,11.878739200008567
10.0,highdim,1,PSO,-109.99117023085813,109.99117023085813,0,1,3.332400700019207
10.0,highdim,1,GA,-111.8789502061899,111.8789502061899,0,1,8.309948299953248
10.0,highdim,1,ACO,-97.01744992903444,107.01744992903444,1,0,6.242036700015888
10.0,highdim,2,ABC,-106.4613259043231,106.4613259043231,0,1,5.976523499994073
10.0,highdim,2,GWO,-89.78523089258816,99.78523089258816,1,0,5.328765399986878
10.0,highdim,2,FA,-89.78523089258816,99.78523089258816,1,0,23.770014600013383
10.0,highdim,2,PSO,-101.01360663642444,111.01360663642444,1,0,3.3919466999941505
10.0,highdim,2,GA,-100.85316673265629,110.85316673265629,1,0,8.109149000025354
10.0,highdim,2,ACO,-89.78523089258816,99.78523089258816,1,0,6.25979510002071
10.0,highdim,3,ABC,-102.605381364716,102.605381364716,0,1,5.8001694999984466
10.0,highdim,3,GWO,-86.12181851445142,96.12181851445142,1,0,5.19525650003925
10.0,highdim,3,FA,-84.38174432403241,94.38174432403241,1,0,10.097328100004233
10.0,highdim,3,PSO,-98.1798611287589,108.1798611287589,1,0,3.2224987000226974
10.0,highdim,3,GA,-99.10312412583436,109.10312412583436,1,0,7.952062399999704
10.0,highdim,3,ACO,-86.6635304830161,96.6635304830161,1,0,6.162283999961801
10.0,highdim,4,ABC,-104.0055605690937,104.0055605690937,0,1,5.838167600042652
10.0,highdim,4,GWO,-86.3359699047435,96.3359699047435,1,0,5.203342500026338
10.0,highdim,4,FA,-78.49185303773763,98.49185303773763,2,0,23.032860800041817
10.0,highdim,4,PSO,-105.22432942685907,105.22432942685907,0,1,3.5679541999707
10.0,highdim,4,GA,-101.75943324297079,101.75943324297079,0,1,8.099782899953425
10.0,highdim,4,ACO,-86.33867606464791,96.33867606464791,1,0,6.121572699979879
10.0,highdim,5,ABC,-111.57548766661017,111.57548766661017,0,1,5.747043400013354
10.0,highdim,5,GWO,-94.76886886898971,104.76886886898971,1,0,5.218941700004507
10.0,highdim,5,FA,-94.76886886898971,104.76886886898971,1,0,23.829525799956173
10.0,highdim,5,PSO,-110.26628772519092,110.26628772519092,0,1,3.3435113000450656
10.0,highdim,5,GA,-111.5664959576982,111.5664959576982,0,1,8.247301800001878
10.0,highdim,5,ACO,-94.76886886898971,104.76886886898971,1,0,6.190355500031728
10.0,highdim,6,ABC,-111.14010285125688,111.14010285125688,0,1,5.928876799996942
10.0,highdim,6,GWO,-96.772701337637,106.772701337637,1,0,5.318661199999042
10.0,highdim,6,FA,-96.772701337637,106.772701337637,1,0,23.79547830001684
10.0,highdim,6,PSO,-113.22295346025734,113.22295346025734,0,1,3.469969499972649
10.0,highdim,6,GA,-113.22730141021752,113.22730141021752,0,1,8.405678700015415
10.0,highdim,6,ACO,-113.23406080311929,113.23406080311929,0,1,6.199347299989313
10.0,highdim,7,ABC,-112.61210707777262,112.61210707777262,0,1,6.065999699989334
10.0,highdim,7,GWO,-99.0531123400219,109.0531123400219,1,0,5.472805600031279
10.0,highdim,7,FA,-99.0531123400219,109.0531123400219,1,0,23.806952300015837
10.0,highdim,7,PSO,-112.66398458957414,112.66398458957414,0,1,3.3090532000060193
10.0,highdim,7,GA,-112.66783893973877,112.66783893973877,0,1,8.146049699978903
10.0,highdim,7,ACO,-99.0531123400219,109.0531123400219,1,0,6.252138799987733
10.0,highdim,8,ABC,-103.62101991482665,103.62101991482665,0,1,6.044490800006315
10.0,highdim,8,GWO,-86.13630832003227,96.13630832003227,1,0,5.413017000013497
10.0,highdim,8,FA,-83.32059815594171,93.32059815594171,1,0,10.689832800009754
10.0,highdim,8,PSO,-102.87192961799202,102.87192961799202,0,1,3.510835299966857
10.0,highdim,8,GA,-96.81018997473551,106.81018997473551,1,0,8.351703200023621
10.0,highdim,8,ACO,-86.34545751589307,96.34545751589307,1,0,6.2176715999958105
10.0,highdim,9,ABC,-112.82704210997507,112.82704210997507,0,1,5.893115300044883
10.0,highdim,9,GWO,-104.08434108330788,114.08434108330788,1,0,5.213868200022262
10.0,highdim,9,FA,-104.08434108330788,114.08434108330788,1,0,23.685359800001606
10.0,highdim,9,PSO,-113.77372806960848,113.77372806960848,0,1,3.344494999968447
10.0,highdim,9,GA,-109.14703854193345,109.14703854193345,0,1,7.950652500032447
10.0,highdim,9,ACO,-104.08434108330788,114.08434108330788,1,0,6.265455199987628
10.0,highdim,10,ABC,-113.66252954522044,113.66252954522044,0,1,5.936973900010344
10.0,highdim,10,GWO,-102.00742345843513,102.00742345843513,0,1,5.2691009000409395
10.0,highdim,10,FA,-102.00742345843513,102.00742345843513,0,1,23.231477199995425
10.0,highdim,10,PSO,-113.31842719873167,113.31842719873167,0,1,3.2928469000034966
10.0,highdim,10,GA,-113.72878850374414,113.72878850374414,0,1,8.139243400015403
10.0,highdim,10,ACO,-106.51302907611694,106.51302907611694,0,1,6.343214900000021
10.0,highdim,11,ABC,-109.41146049791645,109.41146049791645,0,1,5.835149199992884
10.0,highdim,11,GWO,-90.96819245778616,100.96819245778616,1,0,5.1534858999657445
10.0,highdim,11,FA,-90.96819245778616,100.96819245778616,1,0,23.18326869996963
10.0,highdim,11,PSO,-109.21658814818846,109.21658814818846,0,1,3.430368000001181
10.0,highdim,11,GA,-109.67223709955523,109.67223709955523,0,1,7.9929021000280045
10.0,highdim,11,ACO,-90.96819245778616,100.96819245778616,1,0,5.992535299970768
10.0,highdim,12,ABC,-105.55841273871664,105.55841273871664,0,1,5.744831799995154
10.0,highdim,12,GWO,-86.07799905411228,96.07799905411228,1,0,5.157772799953818
10.0,highdim,12,FA,-84.30794692902587,94.30794692902587,1,0,10.441789300006349
10.0,highdim,12,PSO,-104.09205723205957,104.09205723205957,0,1,3.448074199957773
10.0,highdim,12,GA,-105.96992048329491,105.96992048329491,0,1,7.948461399995722
10.0,highdim,12,ACO,-86.56543893545967,96.56543893545967,1,0,6.128618000017013
10.0,highdim,13,ABC,-109.56286573392609,109.56286573392609,0,1,5.847997299977578
10.0,highdim,13,GWO,-99.87271193272908,99.87271193272908,0,1,5.284024699998554
10.0,highdim,13,FA,-99.87271193272908,99.87271193272908,0,1,24.295329899992794
10.0,highdim,13,PSO,-109.24288789238771,109.24288789238771,0,1,3.3165153000154532
10.0,highdim,13,GA,-109.55457476290316,109.55457476290316,0,1,8.013354900002014
10.0,highdim,13,ACO,-99.87271193272908,99.87271193272908,0,1,6.157178200024646
10.0,highdim,14,ABC,-99.80418158317993,99.80418158317993,0,1,5.839757599984296
10.0,highdim,14,GWO,-86.33188622335642,96.33188622335642,1,0,5.254132799978834
10.0,highdim,14,FA,-84.65975568596731,94.65975568596731,1,0,10.500176700006705
10.0,highdim,14,PSO,-85.0482504941697,95.0482504941697,1,0,3.3332159999990836
10.0,highdim,14,GA,-85.05893686513224,95.05893686513224,1,0,8.612664500018582
10.0,highdim,14,ACO,-86.3422670450625,96.3422670450625,1,0,6.311156100011431
10.0,highdim,15,ABC,-110.7603943033552,110.7603943033552,0,1,5.974408000009134
10.0,highdim,15,GWO,-86.33495649124406,96.33495649124406,1,0,5.323320600029547
10.0,highdim,15,FA,-84.84076547976915,104.84076547976915,2,0,23.963254700007383
10.0,highdim,15,PSO,-109.87193914716771,109.87193914716771,0,1,3.317315599997528
10.0,highdim,15,GA,-106.8661486281444,106.8661486281444,0,1,8.137424800021108
10.0,highdim,15,ACO,-86.40046407876511,96.40046407876511,1,0,6.048531999986153
10.0,highdim,16,ABC,-101.90294634785519,101.90294634785519,0,1,6.000216200016439
10.0,highdim,16,GWO,-86.07632242076639,96.07632242076639,1,0,5.307400999998208
10.0,highdim,16,FA,-85.04785176800002,95.04785176800002,1,0,23.926499900000636
10.0,highdim,16,PSO,-93.78166638204846,103.78166638204846,1,0,3.2906739999889396
10.0,highdim,16,GA,-102.63520203090958,102.63520203090958,0,1,8.483798400033265
10.0,highdim,16,ACO,-86.33896923029465,96.33896923029465,1,0,6.362369899987243
10.0,highdim,17,ABC,-109.11472615166807,109.11472615166807,0,1,5.9128905000397936
10.0,highdim,17,GWO,-86.07888316657659,96.07888316657659,1,0,5.349363000015728
10.0,highdim,17,FA,-82.37063770855403,92.37063770855403,1,0,10.537191100011114
10.0,highdim,17,PSO,-107.93621408479358,107.93621408479358,0,1,3.4608008000068367
10.0,highdim,17,GA,-108.87887643381804,108.87887643381804,0,1,9.260169500019401
10.0,highdim,17,ACO,-86.34011657888773,96.34011657888773,1,0,6.0915392999886535
10.0,highdim,18,ABC,-105.0808136260667,105.0808136260667,0,1,5.77713090000907
10.0,highdim,18,GWO,-96.29978693555955,106.29978693555955,1,0,5.191009300004225
10.0,highdim,18,FA,-96.29978693555955,106.29978693555955,1,0,23.844163300003856
10.0,highdim,18,PSO,-101.26794081104745,111.26794081104745,1,0,3.3193725000019185
10.0,highdim,18,GA,-101.3482112159333,111.3482112159333,1,0,7.9663007000344805
10.0,highdim,18,ACO,-96.29978693555955,106.29978693555955,1,0,6.033909399993718
10.0,highdim,19,ABC,-115.58978711703374,115.58978711703374,0,1,5.818402900011279
10.0,highdim,19,GWO,-99.90112166010749,109.90112166010749,1,0,5.167770300002303
10.0,highdim,19,FA,-99.90112166010749,109.90112166010749,1,0,23.065507899969816
10.0,highdim,19,PSO,-115.57734852730593,115.57734852730593,0,1,3.2583948000101373
10.0,highdim,19,GA,-115.11791268681313,115.11791268681313,0,1,8.318380600016098
10.0,highdim,19,ACO,-115.47019140007056,115.47019140007056,0,1,6.104328699992038
10.0,highdim,20,ABC,-105.8773327059177,105.8773327059177,0,1,5.727747400000226
10.0,highdim,20,GWO,-86.33343716059689,96.33343716059689,1,0,5.210337299969979
10.0,highdim,20,FA,-84.76982523966014,94.76982523966014,1,0,10.559481999953277
10.0,highdim,20,PSO,-106.48009719646232,106.48009719646232,0,1,3.534024099993985
10.0,highdim,20,GA,-106.63836555321654,106.63836555321654,0,1,8.518947900040075
10.0,highdim,20,ACO,-86.40503641844752,96.40503641844752,1,0,6.414586800034158
10.0,highdim,21,ABC,-96.54494327638444,96.54494327638444,0,1,6.072481399984099
10.0,highdim,21,GWO,-86.33437856521071,96.33437856521071,1,0,5.256801999988966
10.0,highdim,21,FA,-83.12381195204989,93.12381195204989,1,0,10.417227199999616
10.0,highdim,21,PSO,-84.40122420025413,94.40122420025413,1,0,3.5222621000139043
10.0,highdim,21,GA,-83.35801597440394,93.35801597440394,1,0,8.582392400014214
10.0,highdim,21,ACO,-86.3386808214047,96.3386808214047,1,0,6.15927040000679
10.0,highdim,22,ABC,-106.15835253734517,106.15835253734517,0,1,6.008752199995797
10.0,highdim,22,GWO,-86.1277931173317,96.1277931173317,1,0,5.342582699959166
10.0,highdim,22,FA,-82.28229523410938,92.28229523410938,1,0,10.536305899964646
10.0,highdim,22,PSO,-106.0525581743946,106.0525581743946,0,1,3.3673981999745592
10.0,highdim,22,GA,-107.01945136307823,107.01945136307823,0,1,8.262969100032933
10.0,highdim,22,ACO,-86.3378797858652,96.3378797858652,1,0,6.119705100019928
10.0,highdim,23,ABC,-95.28111523410465,95.28111523410465,0,1,6.008938299957663
10.0,highdim,23,GWO,-86.33403143643866,96.33403143643866,1,0,5.305041799962055
10.0,highdim,23,FA,-76.34793912634467,96.34793912634467,2,0,24.31765089998953
10.0,highdim,23,PSO,-87.913704643758,97.913704643758,1,0,3.299580799997784
10.0,highdim,23,GA,-81.83069823562391,101.83069823562391,2,0,8.129497200017795
10.0,highdim,23,ACO,-86.33828271527473,96.33828271527473,1,0,6.265111899992917
10.0,highdim,24,ABC,-90.88410571174235,90.88410571174235,0,1,5.86204059998272
10.0,highdim,24,GWO,-85.9617226703136,95.9617226703136,1,0,5.249328100006096
10.0,highdim,24,FA,-84.28697977854037,94.28697977854037,1,0,10.232266600010917
10.0,highdim,24,PSO,-84.42237927512109,94.42237927512109,1,0,3.357343600015156
10.0,highdim,24,GA,-84.45032708298719,94.45032708298719,1,0,8.727875300042797
10.0,highdim,24,ACO,-86.33931749168926,96.33931749168926,1,0,6.341625500004739
10.0,highdim,25,ABC,-110.42624510580501,110.42624510580501,0,1,5.9008391999523155
10.0,highdim,25,GWO,-92.26608982760226,102.26608982760226,1,0,5.24095429998124
10.0,highdim,25,FA,-92.26608982760226,102.26608982760226,1,0,24.156474100018386
10.0,highdim,25,PSO,-110.23494910041178,110.23494910041178,0,1,3.423313800012693
10.0,highdim,25,GA,-108.3463681640049,108.3463681640049,0,1,8.256782600015868
10.0,highdim,25,ACO,-92.26608982760226,102.26608982760226,1,0,5.988929000042845
10.0,highdim,26,ABC,-105.05215571049096,105.05215571049096,0,1,5.714255099999718
10.0,highdim,26,GWO,-86.3344101532046,96.3344101532046,1,0,5.486428500036709
10.0,highdim,26,FA,-83.58459112874279,93.58459112874279,1,0,10.559488300001249
10.0,highdim,26,PSO,-104.67768234692845,104.67768234692845,0,1,3.293307999963872
10.0,highdim,26,GA,-85.75678526281284,95.75678526281284,1,0,8.361541000020225
10.0,highdim,26,ACO,-86.37336332213232,96.37336332213232,1,0,6.167827800032683
10.0,highdim,27,ABC,-98.0100815906481,98.0100815906481,0,1,5.792838699999265
10.0,highdim,27,GWO,-86.3361164924091,96.3361164924091,1,0,5.214695100032259
10.0,highdim,27,FA,-73.24896623026117,93.24896623026117,2,0,10.11484339996241
10.0,highdim,27,PSO,-84.97144548909316,94.97144548909316,1,0,3.262862399977166
10.0,highdim,27,GA,-84.81454995747885,94.81454995747885,1,0,8.302982900000643
10.0,highdim,27,ACO,-84.69641594490528,94.69641594490528,1,0,6.040426600025967
10.0,highdim,28,ABC,-108.36508823134204,108.36508823134204,0,1,5.9375612999428995
10.0,highdim,28,GWO,-88.66406424331218,98.66406424331218,1,0,5.398669800022617
10.0,highdim,28,FA,-88.66406424331218,98.66406424331218,1,0,23.048830599989742
10.0,highdim,28,PSO,-107.53131791403837,107.53131791403837,0,1,3.34122570004547
10.0,highdim,28,GA,-108.39297589989907,108.39297589989907,0,1,8.08943699998781
10.0,highdim,28,ACO,-107.53946493534234,107.53946493534234,0,1,6.117839200014714
10.0,highdim,29,ABC,-107.97193245027492,107.97193245027492,0,1,5.908260700001847
10.0,highdim,29,GWO,-86.33257749506019,96.33257749506019,1,0,5.233484100026544
10.0,highdim,29,FA,-84.97658016509779,94.97658016509779,1,0,10.599838100024499
10.0,highdim,29,PSO,-106.44262729693479,106.44262729693479,0,1,3.3576666999724694
10.0,highdim,29,GA,-106.49910462605929,106.49910462605929,0,1,8.467846199986525
10.0,highdim,29,ACO,-86.34230092770373,96.34230092770373,1,0,6.1023538000299595
100.0,base,0,ABC,-116.12611169528036,116.12611169528036,0,1,4.015907299995888
100.0,base,0,GWO,-104.97267187183058,104.97267187183058,0,1,3.5934692000155337
100.0,base,0,FA,-114.92840826490036,114.92840826490036,0,1,9.061970699985977
100.0,base,0,PSO,-115.69578488702875,115.69578488702875,0,1,2.2890151000465266
100.0,base,0,GA,-116.0425241148285,116.0425241148285,0,1,4.57548980001593
100.0,base,0,ACO,-109.98251756921051,109.98251756921051,0,1,4.06705419998616
100.0,base,1,ABC,-110.2885430109089,110.2885430109089,0,1,4.111273600021377
100.0,base,1,GWO,-104.26400790478885,104.26400790478885,0,1,3.569016700028442
100.0,base,1,FA,-110.27444988515802,110.27444988515802,0,1,8.832055100006983
100.0,base,1,PSO,-109.4928212645697,109.4928212645697,0,1,2.2624509999877773
100.0,base,1,GA,-110.25584715437682,110.25584715437682,0,1,4.554129099997226
100.0,base,1,ACO,-109.84381488726756,109.84381488726756,0,1,4.28081469994504
100.0,base,2,ABC,-110.0558805816336,110.0558805816336,0,1,4.379834000021219
100.0,base,2,GWO,-94.16274207877862,94.16274207877862,0,1,3.965954299957957
100.0,base,2,FA,-107.96115962639617,107.96115962639617,0,1,9.159301200008485
100.0,base,2,PSO,-109.95589724018733,109.95589724018733,0,1,2.3645916000241414
100.0,base,2,GA,-110.14477549787739,110.14477549787739,0,1,4.59262559999479
100.0,base,2,ACO,-110.1820682126521,110.1820682126521,0,1,4.03351019998081
100.0,base,3,ABC,-111.4063867929455,111.4063867929455,0,1,3.9777897999738343
100.0,base,3,GWO,-111.37045551922199,111.37045551922199,0,1,3.6062087999889627
100.0,base,3,FA,-111.08706566615318,111.08706566615318,0,1,9.342228499997873
100.0,base,3,PSO,-111.5633984566664,111.5633984566664,0,1,2.2892019999562763
100.0,base,3,GA,-111.48029720215757,111.48029720215757,0,1,4.5985279000015
100.0,base,3,ACO,-111.56332951505343,111.56332951505343,0,1,4.12758870003745
100.0,base,4,ABC,-99.43399257741137,99.43399257741137,0,1,4.031587400007993
100.0,base,4,GWO,3.7047090609029,96.2952909390971,1,0,3.6349229000043124
100.0,base,4,FA,-0.8801995720256741,100.88019957202567,1,0,25.20754020003369
100.0,base,4,PSO,6.081306774133509,93.91869322586649,1,0,2.230744100001175
100.0,base,4,GA,4.495821942666112,95.50417805733389,1,0,4.606309399998281
100.0,base,4,ACO,3.6547657879199136,96.34523421208009,1,0,4.166044099954888
100.0,base,5,ABC,-100.84221061977341,100.84221061977341,0,1,4.006173799978569
100.0,base,5,GWO,3.6657305591161986,96.3342694408838,1,0,3.6113923999946564
100.0,base,5,FA,5.029609785578302,94.9703902144217,1,0,9.068777600012254
100.0,base,5,PSO,-101.81071357813194,101.81071357813194,0,1,2.3083221000269987
100.0,base,5,GA,-4.082294404228833,104.08229440422883,1,0,4.566899099969305
100.0,base,5,ACO,3.63283672145549,96.36716327854451,1,0,3.9915247000171803
100.0,base,6,ABC,-102.68952165204443,102.68952165204443,0,1,3.987906700000167
100.0,base,6,GWO,-90.15111253776487,90.15111253776487,0,1,3.5765042999992147
100.0,base,6,FA,7.211972152739278,92.78802784726072,1,0,9.367762000008952
100.0,base,6,PSO,-102.27440202846998,102.27440202846998,0,1,2.303190700011328
100.0,base,6,GA,4.6163802862829755,95.38361971371702,1,0,4.648925900051836
100.0,base,6,ACO,3.647211623522267,96.35278837647773,1,0,4.028891899972223
100.0,base,7,ABC,-115.35957682619572,115.35957682619572,0,1,3.9509995999978855
100.0,base,7,GWO,-11.00331370505387,111.00331370505387,1,0,3.510536100016907
100.0,base,7,FA,-112.46366037434571,112.46366037434571,0,1,8.915638600010425
100.0,base,7,PSO,-115.39862772574992,115.39862772574992,0,1,2.2010399000137113
100.0,base,7,GA,-115.31667237330522,115.31667237330522,0,1,4.4360106000094675
100.0,base,7,ACO,-115.40123914761472,115.40123914761472,0,1,3.9847538999747485
100.0,base,8,ABC,-111.36756194432333,111.36756194432333,0,1,3.919081800035201
100.0,base,8,GWO,-4.7966273178968635,104.79662731789686,1,0,3.4821113999933004
100.0,base,8,FA,-4.7966273178968635,104.79662731789686,1,0,17.168046599952504
100.0,base,8,PSO,-111.38344741638251,111.38344741638251,0,1,2.253661099995952
100.0,base,8,GA,-111.38316782725296,111.38316782725296,0,1,4.713670499972068
100.0,base,8,ACO,-110.69745982256792,110.69745982256792,0,1,4.029298199980985
100.0,base,9,ABC,-104.68661300600374,104.68661300600374,0,1,3.994962500000838
100.0,base,9,GWO,-93.45732852724332,93.45732852724332,0,1,3.4594689999939874
100.0,base,9,FA,-108.70860269749934,108.70860269749934,0,1,8.781017400033306
100.0,base,9,PSO,-103.89233959752363,103.89233959752363,0,1,2.17071139998734
100.0,base,9,GA,-108.5301703592985,108.5301703592985,0,1,4.453645100002177
100.0,base,9,ACO,-103.89233959752357,103.89233959752357,0,1,3.994030900008511
100.0,base,10,ABC,-96.28186750955291,96.28186750955291,0,1,3.9597274000407197
100.0,base,10,GWO,3.664288099731948,96.33571190026805,1,0,3.589924699976109
100.0,base,10,FA,7.773955001161696,92.2260449988383,1,0,8.835636100033298
100.0,base,10,PSO,-96.4300877934452,96.4300877934452,0,1,2.208044500031974
100.0,base,10,GA,5.170894990473471,94.82910500952653,1,0,4.55852620000951
100.0,base,10,ACO,3.5775609544610916,96.42243904553891,1,0,4.023828099947423
100.0,base,11,ABC,-110.05122190979668,110.05122190979668,0,1,4.025638499995694
100.0,base,11,GWO,-93.9711980627969,93.9711980627969,0,1,3.6727015000069514
100.0,base,11,FA,-108.31749988670911,108.31749988670911,0,1,9.154246599995531
100.0,base,11,PSO,-108.33419109813511,108.33419109813511,0,1,2.217803100007586
100.0,base,11,GA,-109.92151076418045,109.92151076418045,0,1,4.531931900011841
100.0,base,11,ACO,-110.06693447291103,110.06693447291103,0,1,4.025337899976876
100.0,base,12,ABC,-1.248793129296189,101.24879312929619,1,0,3.964557099970989
100.0,base,12,GWO,3.66398638660786,96.33601361339214,1,0,3.590850699984003
100.0,base,12,FA,6.7171622215605,93.2828377784395,1,0,8.989120899990667
100.0,base,12,PSO,-99.42783512967017,99.42783512967017,0,1,2.2870544000179507
100.0,base,12,GA,-99.40208088245939,99.40208088245939,0,1,4.566789100004826
100.0,base,12,ACO,3.661584722877649,96.33841527712235,1,0,3.9936566000105813
100.0,base,13,ABC,-91.73810193748304,91.73810193748304,0,1,3.992050200002268
100.0,base,13,GWO,3.6653398256851233,96.33466017431488,1,0,3.5386966000078246
100.0,base,13,FA,5.809942942951807,94.1900570570482,1,0,8.953387500019744
100.0,base,13,PSO,105.36989472097146,94.63010527902854,2,0,2.2222718000411987
100.0,base,13,GA,4.905387376963773,95.09461262303623,1,0,4.537413600017317
100.0,base,13,ACO,3.6595546953447524,96.34044530465525,1,0,4.1200640999595635
100.0,base,14,ABC,-92.59084358496976,92.59084358496976,0,1,4.196289599989541
100.0,base,14,GWO,3.6718496506748863,96.32815034932511,1,0,3.9709442000021227
100.0,base,14,FA,5.9025686267977875,94.09743137320221,1,0,10.522274899994954
100.0,base,14,PSO,4.145432701591773,95.85456729840823,1,0,2.5467824999941513
100.0,base,14,GA,-94.97471853180708,94.97471853180708,0,1,5.231760399998166
100.0,base,14,ACO,3.656955004343587,96.34304499565641,1,0,4.607752999989316
100.0,base,15,ABC,-112.25409087540703,112.25409087540703,0,1,4.509550600021612
100.0,base,15,GWO,-5.988752949689754,105.98875294968975,1,0,4.12197959999321
100.0,base,15,FA,-5.988752949689754,105.98875294968975,1,0,19.640700199990533
100.0,base,15,PSO,-110.00162305425106,110.00162305425106,0,1,2.6051867000060156
100.0,base,15,GA,-13.861263924313022,113.86126392431302,1,0,5.237954100011848
100.0,base,15,ACO,-112.86492625067861,112.86492625067861,0,1,4.564269099966623
100.0,base,16,ABC,-109.48239183887168,109.48239183887168,0,1,4.519432400004007
100.0,base,16,GWO,3.6648328315162644,96.33516716848374,1,0,4.0624162999447435
100.0,base,16,FA,-109.37351196461005,109.37351196461005,0,1,10.17258239997318
100.0,base,16,PSO,-107.28618831434416,107.28618831434416,0,1,2.5580660000559874
100.0,base,16,GA,-107.28367004614636,107.28367004614636,0,1,5.088890100014396
100.0,base,16,ACO,3.658844853852173,96.34115514614783,1,0,4.5895684999995865
100.0,base,17,ABC,-111.09319572587697,111.09319572587697,0,1,4.588783400016837
100.0,base,17,GWO,-90.01484107825038,90.01484107825038,0,1,4.057279100001324
100.0,base,17,FA,-109.23224985056507,109.23224985056507,0,1,10.16380099998787
100.0,base,17,PSO,-111.30791333811968,111.30791333811968,0,1,2.5742668000166304
100.0,base,17,GA,-111.30937764630337,111.30937764630337,0,1,5.124408799980301
100.0,base,17,ACO,-104.75798600154711,104.75798600154711,0,1,4.83301709999796
100.0,base,18,ABC,-115.13800045671842,115.13800045671842,0,1,4.779684799956158
100.0,base,18,GWO,-115.16464014825732,115.16464014825732,0,1,4.089971199980937
100.0,base,18,FA,-100.65419115026083,100.65419115026083,0,1,10.616398799989838
100.0,base,18,PSO,-113.35886250977461,113.35886250977461,0,1,2.672445999982301
100.0,base,18,GA,-115.16431246634203,115.16431246634203,0,1,5.385464799997862
100.0,base,18,ACO,-115.15426549600849,115.15426549600849,0,1,4.83134010003414
100.0,base,19,ABC,-104.9594261035051,104.9594261035051,0,1,4.733864100009669
100.0,base,19,GWO,3.669501584894931,96.33049841510507,1,0,4.215732200013008
100.0,base,19,FA,7.975701126829961,92.02429887317004,1,0,10.623247399984393
100.0,base,19,PSO,-104.91399598873957,104.91399598873957,0,1,2.655305699969176
100.0,base,19,GA,-104.8874370868353,104.8874370868353,0,1,5.100972000043839
100.0,base,19,ACO,3.6621211875640967,96.3378788124359,1,0,4.621737600013148
100.0,base,20,ABC,-110.4615863572957,110.4615863572957,0,1,4.824654500000179
100.0,base,20,GWO,-101.5651613329177,101.5651613329177,0,1,4.068864600034431
100.0,base,20,FA,-109.54613595548346,109.54613595548346,0,1,10.299565300054383
100.0,base,20,PSO,-110.09369703941445,110.09369703941445,0,1,2.558534600015264
100.0,base,20,GA,-110.58191414460966,110.58191414460966,0,1,5.343599699961487
100.0,base,20,ACO,-110.09602822484113,110.09602822484113,0,1,4.781295900000259
100.0,base,21,ABC,-107.43352929482732,107.43352929482732,0,1,4.710093399975449
100.0,base,21,GWO,3.6229849604661837,96.37701503953382,1,0,4.088241600024048
100.0,base,21,FA,-98.50485183575422,98.50485183575422,0,1,10.415176599984989
100.0,base,21,PSO,-107.45956520812106,107.45956520812106,0,1,2.6078647000249475
100.0,base,21,GA,-107.4488151466131,107.4488151466131,0,1,5.196844099962618
100.0,base,21,ACO,3.615658234531253,96.38434176546875,1,0,4.709861500014085
100.0,base,22,ABC,-114.80716159587793,114.80716159587793,0,1,4.606357400014531
100.0,base,22,GWO,-107.36593736878602,107.36593736878602,0,1,4.133239999995567
100.0,base,22,FA,-110.89508331812961,110.89508331812961,0,1,10.289953500032425
100.0,base,22,PSO,-114.95584203191595,114.95584203191595,0,1,2.541757700033486
100.0,base,22,GA,-114.78105364282628,114.78105364282628,0,1,5.075101900030859
100.0,base,22,ACO,-115.04469514715673,115.04469514715673,0,1,4.6272865000064485
100.0,base,23,ABC,-97.04763006364462,97.04763006364462,0,1,4.6376168000278994
100.0,base,23,GWO,3.906798937842197,96.0932010621578,1,0,4.135402299987618
100.0,base,23,FA,4.298408366691092,95.70159163330891,1,0,10.323360399983358
100.0,base,23,PSO,4.179036423660676,95.82096357633932,1,0,2.582118000020273
100.0,base,23,GA,4.091331089830831,95.90866891016917,1,0,5.281440899998415
100.0,base,23,ACO,3.6612997053606335,96.33870029463937,1,0,4.699781800038181
100.0,base,24,ABC,3.6604574677696746,96.33954253223033,1,0,4.6793606000137515
100.0,base,24,GWO,3.6663145543126205,96.33368544568738,1,0,4.12343440001132
100.0,base,24,FA,5.422386875863282,94.57761312413672,1,0,10.347988999972586
100.0,base,24,PSO,-91.69175728754612,91.69175728754612,0,1,2.588659800007008
100.0,base,24,GA,3.6988784333776863,96.30112156662231,1,0,5.301442899974063
100.0,base,24,ACO,3.66212012086649,96.33787987913351,1,0,4.5280775999999605
100.0,base,25,ABC,-100.75092670248546,100.75092670248546,0,1,4.463074399973266
100.0,base,25,GWO,3.665535153162125,96.33446484683788,1,0,4.069199099962134
100.0,base,25,FA,-7.105398766575945,107.10539876657595,1,0,10.342834200011566
100.0,base,25,PSO,-6.62514001576281,106.62514001576281,1,0,2.6672056000097655
100.0,base,25,GA,-7.19495710095633,107.19495710095633,1,0,5.191308000008576
100.0,base,25,ACO,3.6611464459954846,96.33885355400452,1,0,4.689715699991211
100.0,base,26,ABC,-107.65443621556999,107.65443621556999,0,1,4.637582800001837
100.0,base,26,GWO,-1.8270167200987402,101.82701672009874,1,0,4.151227299997117
100.0,base,26,FA,-105.28685585814011,105.28685585814011,0,1,10.304687800002284
100.0,base,26,PSO,-107.78567913879681,107.78567913879681,0,1,2.5436683000298217
100.0,base,26,GA,-107.40128770609117,107.40128770609117,0,1,5.139212400012184
100.0,base,26,ACO,-107.7852831223009,107.7852831223009,0,1,4.595155399991199
100.0,base,27,ABC,-108.11941332432879,108.11941332432879,0,1,4.54441809997661
100.0,base,27,GWO,-7.81560170606177,107.81560170606177,1,0,4.0314582999562845
100.0,base,27,FA,-103.19822004000014,103.19822004000014,0,1,10.184182600001805
100.0,base,27,PSO,-108.78390241427641,108.78390241427641,0,1,2.551849699986633
100.0,base,27,GA,-109.03691130285733,109.03691130285733,0,1,5.161392099980731
100.0,base,27,ACO,-109.12546604146164,109.12546604146164,0,1,4.608990699984133
100.0,base,28,ABC,-116.19714511531984,116.19714511531984,0,1,4.631900099979248
100.0,base,28,GWO,-116.16992218273151,116.16992218273151,0,1,4.085806799994316
100.0,base,28,FA,-116.2183834109804,116.2183834109804,0,1,10.265576399979182
100.0,base,28,PSO,-115.25967292285958,115.25967292285958,0,1,2.5798963999841362
100.0,base,28,GA,-116.17616411655972,116.17616411655972,0,1,5.205662699998356
100.0,base,28,ACO,-115.62002178374462,115.62002178374462,0,1,4.705442300008144
100.0,base,29,ABC,-98.4725078160877,98.4725078160877,0,1,4.695516899984796
100.0,base,29,GWO,3.862656166586987,96.13734383341301,1,0,4.069245799968485
100.0,base,29,FA,6.106295117007818,93.89370488299218,1,0,10.354139500006568
100.0,base,29,PSO,4.9377927008238345,95.06220729917617,1,0,2.51488169998629
100.0,base,29,GA,-93.55950995721444,93.55950995721444,0,1,5.132270800007973
100.0,base,29,ACO,3.6608438552466254,96.33915614475337,1,0,4.61479830002645
100.0,hard,0,ABC,-106.35764817701781,106.35764817701781,0,1,4.587055700016208
100.0,hard,0,GWO,-9.22839332829895,109.22839332829895,1,0,4.140445499971975
100.0,hard,0,FA,-13.848600301147002,113.848600301147,1,0,10.277986100001726
100.0,hard,0,PSO,-13.919482616774886,113.91948261677489,1,0,2.5868829999817535
100.0,hard,0,GA,-13.92146808111751,113.92146808111751,1,0,5.205154300027061
100.0,hard,0,ACO,-12.016294724444961,112.01629472444496,1,0,4.670876800024416
100.0,hard,1,ABC,-97.35070465893381,97.35070465893381,0,1,4.580808700004127
100.0,hard,1,GWO,104.31777475226097,95.68222524773903,2,0,4.061467899999116
100.0,hard,1,FA,106.2797479578682,93.7202520421318,2,0,10.217030400002841
100.0,hard,1,PSO,104.29985223152802,95.70014776847198,2,0,2.5065025000367314
100.0,hard,1,GA,104.23741790445605,95.76258209554395,2,0,5.1522123999893665
100.0,hard,1,ACO,104.29361581883262,95.70638418116738,2,0,4.54793909995351
100.0,hard,2,ABC,103.06105723541883,96.93894276458117,2,0,4.65885360003449
100.0,hard,2,GWO,104.32582303008573,95.67417696991427,2,0,4.236368400044739
100.0,hard,2,FA,102.82511759748243,97.17488240251757,2,0,10.48537040001247
100.0,hard,2,PSO,102.74919059507775,97.25080940492225,2,0,2.5890498999506235
100.0,hard,2,GA,102.75159069468779,97.24840930531221,2,0,5.351871000020765
100.0,hard,2,ACO,104.31880188414068,95.68119811585932,2,0,4.7704545999877155
100.0,hard,3,ABC,-105.025572651219,105.025572651219,0,1,4.559838599991053
100.0,hard,3,GWO,93.21942260051115,106.78057739948885,2,0,4.0478549000108615
100.0,hard,3,FA,-107.21887737203957,107.21887737203957,0,1,10.348175299994182
100.0,hard,3,PSO,-8.944118270505285,108.94411827050529,1,0,2.5459532999666408
100.0,hard,3,GA,-107.4852776473263,107.4852776473263,0,1,5.154102699947543
100.0,hard,3,ACO,-107.65540630800652,107.65540630800652,0,1,4.55402400001185
100.0,hard,4,ABC,-1.5126071094619675,101.51260710946197,1,0,4.481446699996013
100.0,hard,4,GWO,97.21684622428994,102.78315377571006,2,0,4.089466199977323
100.0,hard,4,FA,92.68705249996563,107.31294750003437,2,0,10.315189899993129
100.0,hard,4,PSO,93.5250118462312,106.4749881537688,2,0,2.5590902999974787
100.0,hard,4,GA,92.6715644748389,107.3284355251611,2,0,5.1719885999918915
100.0,hard,4,ACO,97.21684622428994,102.78315377571006,2,0,4.665413100039586
100.0,hard,5,ABC,-106.9077071414255,106.9077071414255,0,1,4.634086100035347
100.0,hard,5,GWO,104.32111793707494,95.67888206292506,2,0,4.1692399000166915
100.0,hard,5,FA,106.81276206522996,93.18723793477004,2,0,10.229944099963177
100.0,hard,5,PSO,-107.53198351394096,107.53198351394096,0,1,2.6025550000485964
100.0,hard,5,GA,-106.46271591838985,106.46271591838985,0,1,5.313364600006025
100.0,hard,5,ACO,104.31889557139465,95.68110442860535,2,0,4.6258389000431634
100.0,hard,6,ABC,-12.01287411721573,112.01287411721573,1,0,4.533271699969191
100.0,hard,6,GWO,89.85123266910166,110.14876733089834,2,0,3.9880825000000186
100.0,hard,6,FA,-10.447970919587078,110.44797091958708,1,0,10.079958500049543
100.0,hard,6,PSO,-12.443046200911226,112.44304620091123,1,0,2.56707649998134
100.0,hard,6,GA,85.69734520608867,114.30265479391133,2,0,5.089695500035305
100.0,hard,6,ACO,-13.21791204339219,113.21791204339219,1,0,4.594245399988722
100.0,hard,7,ABC,104.4340702698404,95.5659297301596,2,0,4.578982700011693
100.0,hard,7,GWO,104.32288931711187,95.67711068288813,2,0,4.061924899986479
100.0,hard,7,FA,106.37581352377256,93.62418647622744,2,0,10.211230000015348
100.0,hard,7,PSO,105.36275180709994,94.63724819290006,2,0,2.5354897000361234
100.0,hard,7,GA,105.97218323596103,94.02781676403897,2,0,5.162622299976647
100.0,hard,7,ACO,104.31917369828012,95.68082630171988,2,0,4.569267800019588
100.0,hard,8,ABC,-98.84568531107585,98.84568531107585,0,1,4.54500869999174
100.0,hard,8,GWO,-6.817987125012081,106.81798712501208,1,0,4.045972699997947
100.0,hard,8,FA,-10.287739600213456,110.28773960021346,1,0,10.12097069999436
100.0,hard,8,PSO,-12.319174004951549,112.31917400495155,1,0,2.5294690000009723
100.0,hard,8,GA,-12.31391273063457,112.31391273063457,1,0,5.050697700004093
100.0,hard,8,ACO,-101.35824690250733,101.35824690250733,0,1,4.616035700018983
100.0,hard,9,ABC,-101.48281096655067,101.48281096655067,0,1,4.575837499985937
100.0,hard,9,GWO,104.32814603899641,95.67185396100359,2,0,4.040694900031667
100.0,hard,9,FA,104.64150572877341,95.35849427122659,2,0,9.904704700049479
100.0,hard,9,PSO,-103.63658016442845,103.63658016442845,0,1,2.567767200001981
100.0,hard,9,GA,-103.62741185712193,103.62741185712193,0,1,5.211925100011285
100.0,hard,9,ACO,-102.78454028093549,102.78454028093549,0,1,4.589535499981139
100.0,hard,10,ABC,-116.93941620366752,116.93941620366752,0,1,4.60276460001478
100.0,hard,10,GWO,-12.364047134931297,112.3640471349313,1,0,4.058560999983456
100.0,hard,10,FA,-116.92312330884401,116.92312330884401,0,1,10.094488099974114
100.0,hard,10,PSO,-116.95103712192723,116.95103712192723,0,1,2.5546564999967813
100.0,hard,10,GA,-116.92539256343109,116.92539256343109,0,1,5.0916624999954365
100.0,hard,10,ACO,-116.95189930008748,116.95189930008748,0,1,4.580106500012334
100.0,hard,11,ABC,-15.869975720459209,115.86997572045921,1,0,4.551891600014642
100.0,hard,11,GWO,-16.36539438576969,116.36539438576969,1,0,4.093052299984265
100.0,hard,11,FA,-16.486779910183387,116.48677991018339,1,0,10.165103699953761
100.0,hard,11,PSO,-16.28312609274009,116.28312609274009,1,0,2.5435192000004463
100.0,hard,11,GA,-16.47960934857379,116.47960934857379,1,0,5.204220999963582
100.0,hard,11,ACO,-16.521262445872253,116.52126244587225,1,0,4.675317099958193
100.0,hard,12,ABC,4.133156256639694,95.8668437433603,1,0,4.5658062000293285
100.0,hard,12,GWO,104.32614158531638,95.67385841468362,2,0,4.114193300018087
100.0,hard,12,FA,106.46893526878014,93.53106473121986,2,0,10.22368200001074
100.0,hard,12,PSO,100.18818042563281,99.81181957436719,2,0,2.3893473999924026
100.0,hard,12,GA,104.34044461306512,95.65955538693488,2,0,4.7545688999816775
100.0,hard,12,ACO,104.31774205217343,95.68225794782657,2,0,4.232174400007352
100.0,hard,13,ABC,-105.45955628759295,105.45955628759295,0,1,3.942724799970165
100.0,hard,13,GWO,7.36797570907801,92.63202429092199,1,0,3.486534300027415
100.0,hard,13,FA,5.618946230559828,94.38105376944017,1,0,8.520594300003722
100.0,hard,13,PSO,-6.42060604616681,106.42060604616681,1,0,2.0921823999960907
100.0,hard,13,GA,-105.5232023582451,105.5232023582451,0,1,4.262118099955842
100.0,hard,13,ACO,104.30533125651095,95.69466874348905,2,0,3.844217200006824
100.0,hard,14,ABC,-111.20512760880861,111.20512760880861,0,1,3.834211300010793
100.0,hard,14,GWO,92.08109864920857,107.91890135079143,2,0,3.374621900031343
100.0,hard,14,FA,-111.0869755840647,111.0869755840647,0,1,8.509131999977399
100.0,hard,14,PSO,-111.2815245904908,111.2815245904908,0,1,2.121206499985419
100.0,hard,14,GA,-110.93491021704244,110.93491021704244,0,1,4.27761270001065
100.0,hard,14,ACO,92.08109864920857,107.91890135079143,2,0,3.8698016999987885
100.0,hard,15,ABC,-109.3886543852004,109.3886543852004,0,1,3.8255755999707617
100.0,hard,15,GWO,-105.55615607015929,105.55615607015929,0,1,3.446261099947151
100.0,hard,15,FA,-109.60221900078658,109.60221900078658,0,1,8.796589000034146
100.0,hard,15,PSO,-17.171684090501344,117.17168409050134,1,0,2.223636499955319
100.0,hard,15,GA,-109.21164180790288,109.21164180790288,0,1,4.865166300034616
100.0,hard,15,ACO,-114.13433854393914,114.13433854393914,0,1,3.9577969000092708
100.0,hard,16,ABC,-102.90201274977915,102.90201274977915,0,1,3.8046243999851868
100.0,hard,16,GWO,103.40494746191152,96.59505253808848,2,0,3.3881693999865092
100.0,hard,16,FA,106.20990912965144,93.79009087034856,2,0,8.480077199987136
100.0,hard,16,PSO,100.0758848668729,99.9241151331271,2,0,2.132215499994345
100.0,hard,16,GA,6.454276896895678,93.54572310310432,1,0,4.287681700021494
100.0,hard,16,ACO,5.157099535593815,94.84290046440618,1,0,3.8514854999957606
100.0,hard,17,ABC,-111.57059994188204,111.57059994188204,0,1,3.7580742999562062
100.0,hard,17,GWO,-105.34762674474277,105.34762674474277,0,1,3.3770595000241883
100.0,hard,17,FA,-111.5758655334518,111.5758655334518,0,1,8.628017300041392
100.0,hard,17,PSO,-111.65058265814375,111.65058265814375,0,1,2.1383194000227377
100.0,hard,17,GA,-111.66273214306622,111.66273214306622,0,1,4.245664499991108
100.0,hard,17,ACO,-108.27391447779242,108.27391447779242,0,1,3.8420255000237375
100.0,hard,18,ABC,-0.619518999839272,100.61951899983927,1,0,3.7893110000295565
100.0,hard,18,GWO,104.32520566863624,95.67479433136376,2,0,3.414244699990377
100.0,hard,18,FA,104.44623455777956,95.55376544222044,2,0,10.312097400019411
100.0,hard,18,PSO,97.47480983808816,102.52519016191184,2,0,2.19990730000427
100.0,hard,18,GA,-1.3645425177689816,101.36454251776898,1,0,4.442530700005591
100.0,hard,18,ACO,104.26469312907402,95.73530687092598,2,0,3.861079199996311
100.0,hard,19,ABC,-107.8344234563248,107.8344234563248,0,1,3.8175137999933213
100.0,hard,19,GWO,96.39671498040452,103.60328501959548,2,0,3.41156979999505
100.0,hard,19,FA,-12.410705187739751,112.41070518773975,1,0,8.570293399970978
100.0,hard,19,PSO,-12.208188208839104,112.2081882088391,1,0,2.117971599975135
100.0,hard,19,GA,-110.09817518072077,110.09817518072077,0,1,4.367355800000951
100.0,hard,19,ACO,-110.11603054887281,110.11603054887281,0,1,3.851075599959586
100.0,hard,20,ABC,-1.8723308548584896,101.87233085485849,1,0,3.8047825999674387
100.0,hard,20,GWO,103.5625957696637,96.4374042303363,2,0,3.3918666999670677
100.0,hard,20,FA,103.5625957696637,96.4374042303363,2,0,16.875327899993863
100.0,hard,20,PSO,-1.2265396275194433,101.22653962751944,1,0,2.137279399961699
100.0,hard,20,GA,93.79189334880617,106.20810665119383,2,0,4.442446500004735
100.0,hard,20,ACO,-1.0991399182316286,101.09913991823163,1,0,3.880793599993922
100.0,hard,21,ABC,-114.46551672569875,114.46551672569875,0,1,3.8406103999586776
100.0,hard,21,GWO,-109.26721604287931,109.26721604287931,0,1,3.462006200046744
100.0,hard,21,FA,-114.67800482768516,114.67800482768516,0,1,8.55942549998872
100.0,hard,21,PSO,-114.8112946965536,114.8112946965536,0,1,2.143276400049217
100.0,hard,21,GA,-114.6592331939099,114.6592331939099,0,1,4.371969999978319
100.0,hard,21,ACO,-114.7557930028782,114.7557930028782,0,1,3.9049579999991693
100.0,hard,22,ABC,6.568623577653028,93.43137642234697,1,0,3.872590899991337
100.0,hard,22,GWO,104.3321294702442,95.6678705297558,2,0,3.4158411999815144
100.0,hard,22,FA,107.29174262907603,92.70825737092397,2,0,8.748668299987912
100.0,hard,22,PSO,106.50432051992487,93.49567948007513,2,0,2.4090928999939933
100.0,hard,22,GA,107.06068016317036,92.93931983682964,2,0,4.867035799950827
100.0,hard,22,ACO,104.31779653181393,95.68220346818607,2,0,4.37052890000632
100.0,hard,23,ABC,-99.4506737772032,99.4506737772032,0,1,4.051248400006443
100.0,hard,23,GWO,104.32770272165307,95.67229727834693,2,0,3.475387900019996
100.0,hard,23,FA,105.2040961103356,94.7959038896644,2,0,8.510106400004588
100.0,hard,23,PSO,-3.7712529678581177,103.77125296785812,1,0,2.2343542000162415
100.0,hard,23,GA,-3.722619844178112,103.72261984417811,1,0,4.390516999992542
100.0,hard,23,ACO,104.29604476410375,95.70395523589625,2,0,3.9361645000171848
100.0,hard,24,ABC,4.876468916441723,95.12353108355828,1,0,3.7676337999873795
100.0,hard,24,GWO,104.32614325243472,95.67385674756528,2,0,3.3745700000436045
100.0,hard,24,FA,103.4338262115143,96.5661737884857,2,0,9.243011400045361
100.0,hard,24,PSO,98.57529472852154,101.42470527147846,2,0,2.131276000000071
100.0,hard,24,GA,98.57493828177023,101.42506171822977,2,0,4.307639400009066
100.0,hard,24,ACO,104.31918762184418,95.68081237815582,2,0,3.850949799991213
100.0,hard,25,ABC,1.2843383616070412,98.71566163839296,1,0,3.7947521999594755
100.0,hard,25,GWO,104.28876123424882,95.71123876575118,2,0,3.3836252000182867
100.0,hard,25,FA,107.06902318691992,92.93097681308008,2,0,8.532847099995706
100.0,hard,25,PSO,98.56125866732637,101.43874133267363,2,0,2.1723105999990366
100.0,hard,25,GA,0.8856249907123868,99.11437500928761,1,0,4.367838400008623
100.0,hard,25,ACO,104.31536295530015,95.68463704469985,2,0,3.857117300038226
100.0,hard,26,ABC,-107.26236144775605,107.26236144775605,0,1,3.806713999947533
100.0,hard,26,GWO,-93.32177760112434,93.32177760112434,0,1,3.475026000000071
100.0,hard,26,FA,-16.21759003667617,116.21759003667617,1,0,8.607008099963423
100.0,hard,26,PSO,-14.473825051406081,114.47382505140608,1,0,2.125374600000214
100.0,hard,26,GA,-14.573155134216705,114.5731551342167,1,0,4.199174300010782
100.0,hard,26,ACO,-113.41032775267435,113.41032775267435,0,1,3.844255899952259
100.0,hard,27,ABC,96.61480541374377,103.38519458625623,2,0,3.8062748000374995
100.0,hard,27,GWO,102.32855670011855,97.67144329988145,2,0,3.419489199994132
100.0,hard,27,FA,98.98339162740714,101.01660837259286,2,0,9.671125199995004
100.0,hard,27,PSO,96.32405032158762,103.67594967841238,2,0,2.1285653000231832
100.0,hard,27,GA,96.33399456484067,103.66600543515933,2,0,4.216405500017572
100.0,hard,27,ACO,102.32855670011855,97.67144329988145,2,0,3.8627053999807686
100.0,hard,28,ABC,-113.09533858042782,113.09533858042782,0,1,3.7852161999908276
100.0,hard,28,GWO,-8.248373701286155,108.24837370128616,1,0,3.4417085999739356
100.0,hard,28,FA,-113.05352231950056,113.05352231950056,0,1,8.76705409999704
100.0,hard,28,PSO,-111.42022914745567,111.42022914745567,0,1,2.1339912000112236
100.0,hard,28,GA,-113.12647563335311,113.12647563335311,0,1,4.496145000040997
100.0,hard,28,ACO,-113.2087645044059,113.2087645044059,0,1,4.124732099997345
100.0,hard,29,ABC,-99.24710341470481,99.24710341470481,0,1,4.299955299997237
100.0,hard,29,GWO,104.26325500633527,95.73674499366473,2,0,3.4204392999527045
100.0,hard,29,FA,-1.652176821554022,101.65217682155402,1,0,8.625580299994908
100.0,hard,29,PSO,-8.781553813426939,108.78155381342694,1,0,2.1284760999842547
100.0,hard,29,GA,86.772759758483,113.227240241517,2,0,4.166356100002304
100.0,hard,29,ACO,104.30469722028117,95.69530277971883,2,0,3.8714824999915436
100.0,highdim,0,ABC,-113.5054027971318,113.5054027971318,0,1,5.586818800016772
100.0,highdim,0,GWO,-105.89082876112528,105.89082876112528,0,1,5.029609499964863
100.0,highdim,0,FA,-105.92190878115778,105.92190878115778,0,1,10.39817529998254
100.0,highdim,0,PSO,-113.49028379127218,113.49028379127218,0,1,3.268046199984383
100.0,highdim,0,GA,-113.39331011368898,113.39331011368898,0,1,7.76331539999228
100.0,highdim,0,ACO,-105.89082876112528,105.89082876112528,0,1,5.851342900015879
100.0,highdim,1,ABC,-111.47006861810115,111.47006861810115,0,1,5.662224699975923
100.0,highdim,1,GWO,-7.017449929034441,107.01744992903444,1,0,5.158402299974114
100.0,highdim,1,FA,-7.017449929034441,107.01744992903444,1,0,22.63069129997166
100.0,highdim,1,PSO,-109.70811064388349,109.70811064388349,0,1,3.196658600005321
100.0,highdim,1,GA,-109.59661060596498,109.59661060596498,0,1,7.865718099987134
100.0,highdim,1,ACO,-7.017449929034441,107.01744992903444,1,0,5.884163399983663
100.0,highdim,2,ABC,-107.66402180194922,107.66402180194922,0,1,5.701453499961644
100.0,highdim,2,GWO,0.21476910741183985,99.78523089258816,1,0,5.077755499980412
100.0,highdim,2,FA,0.03174133833027781,99.96825866166972,1,0,10.685305199993309
100.0,highdim,2,PSO,-11.013606636424441,111.01360663642444,1,0,3.7195821999921463
100.0,highdim,2,GA,-11.015498504908408,111.01549850490841,1,0,8.21433829999296
100.0,highdim,2,ACO,0.21476910741183985,99.78523089258816,1,0,5.833456999971531
100.0,highdim,3,ABC,-100.57053757438266,100.57053757438266,0,1,5.644765399978496
100.0,highdim,3,GWO,3.6643071342800084,96.33569286571999,1,0,5.028911000001244
100.0,highdim,3,FA,6.611853809766174,93.38814619023383,1,0,9.869418199989013
100.0,highdim,3,PSO,-8.179861128758901,108.1798611287589,1,0,3.1737569000106305
100.0,highdim,3,GA,-9.023080254450548,109.02308025445055,1,0,7.641715999983717
100.0,highdim,3,ACO,3.618037078968868,96.38196292103113,1,0,5.84091129997978
100.0,highdim,4,ABC,-104.5516243874152,104.5516243874152,0,1,5.596420099958777
100.0,highdim,4,GWO,3.6705104823297603,96.32948951767024,1,0,5.031121300009545
100.0,highdim,4,FA,101.50814696226237,98.49185303773763,2,0,22.554754899989348
100.0,highdim,4,PSO,-105.11313531135823,105.11313531135823,0,1,3.235475299996324
100.0,highdim,4,GA,-102.02203068617537,102.02203068617537,0,1,7.6999562999699265
100.0,highdim,4,ACO,3.655662297830972,96.34433770216903,1,0,5.818293199990876
100.0,highdim,5,ABC,-111.58659064045207,111.58659064045207,0,1,5.549473599996418
100.0,highdim,5,GWO,-4.768868868989713,104.76886886898971,1,0,5.014489400025923
100.0,highdim,5,FA,-4.768868868989713,104.76886886898971,1,0,22.549180299974978
100.0,highdim,5,PSO,-110.5884173236557,110.5884173236557,0,1,3.328173899964895
100.0,highdim,5,GA,-110.83298979933691,110.83298979933691,0,1,7.7824307000264525
100.0,highdim,5,ACO,-4.768868868989713,104.76886886898971,1,0,5.905654199945275
100.0,highdim,6,ABC,-111.56829949834098,111.56829949834098,0,1,5.630548099987209
100.0,highdim,6,GWO,-6.772701337637002,106.772701337637,1,0,5.050990799965803
100.0,highdim,6,FA,-6.772701337637002,106.772701337637,1,0,22.397111499973107
100.0,highdim,6,PSO,-112.79333515422185,112.79333515422185,0,1,3.238569700042717
100.0,highdim,6,GA,-113.11995775210822,113.11995775210822,0,1,7.821872500004247
100.0,highdim,6,ACO,-6.772701337637002,106.772701337637,1,0,5.841490800026804
100.0,highdim,7,ABC,-112.65416951201489,112.65416951201489,0,1,5.75472779996926
100.0,highdim,7,GWO,-9.053112340021897,109.0531123400219,1,0,5.286074000003282
100.0,highdim,7,FA,-9.053112340021897,109.0531123400219,1,0,23.570429800020065
100.0,highdim,7,PSO,-108.98049248051488,108.98049248051488,0,1,3.186946500034537
100.0,highdim,7,GA,-112.64556235286031,112.64556235286031,0,1,7.842158199986443
100.0,highdim,7,ACO,-9.053112340021897,109.0531123400219,1,0,5.8515993999899365
100.0,highdim,8,ABC,-103.24017153419224,103.24017153419224,0,1,5.656088599993382
100.0,highdim,8,GWO,3.974679236799844,96.02532076320016,1,0,5.026957999973092
100.0,highdim,8,FA,6.387331768058701,93.6126682319413,1,0,9.880432299978565
100.0,highdim,8,PSO,5.595980239589494,94.4040197604105,1,0,3.170725600037258
100.0,highdim,8,GA,-103.6933618561986,103.6933618561986,0,1,8.118302899994887
100.0,highdim,8,ACO,3.654808870732282,96.34519112926772,1,0,5.894327100017108
100.0,highdim,9,ABC,-109.30190330313856,109.30190330313856,0,1,5.579400100046769
100.0,highdim,9,GWO,-14.084341083307876,114.08434108330788,1,0,5.034654800023418
100.0,highdim,9,FA,-15.570457682819665,115.57045768281967,1,0,9.823413599980995
100.0,highdim,9,PSO,-113.58677936056041,113.58677936056041,0,1,3.199244700022973
100.0,highdim,9,GA,-109.09439302829084,109.09439302829084,0,1,7.692064499948174
100.0,highdim,9,ACO,-14.084341083307876,114.08434108330788,1,0,5.845468899991829
100.0,highdim,10,ABC,-113.74101094532419,113.74101094532419,0,1,5.567106499976944
100.0,highdim,10,GWO,-102.00742345843513,102.00742345843513,0,1,5.020109299977776
100.0,highdim,10,FA,-102.00742345843513,102.00742345843513,0,1,22.940553099964745
100.0,highdim,10,PSO,-113.37590492420507,113.37590492420507,0,1,3.152517899987288
100.0,highdim,10,GA,-113.64041106685123,113.64041106685123,0,1,7.756720700010192
100.0,highdim,10,ACO,-106.51302907611698,106.51302907611698,0,1,5.8517209000419825
100.0,highdim,11,ABC,-109.57680690459156,109.57680690459156,0,1,5.602121400006581
100.0,highdim,11,GWO,-0.9681924577861594,100.96819245778616,1,0,5.043848900008015
100.0,highdim,11,FA,-0.9681924577861594,100.96819245778616,1,0,22.42245399998501
100.0,highdim,11,PSO,-109.30288310106906,109.30288310106906,0,1,3.210583400039468
100.0,highdim,11,GA,-109.67545022460094,109.67545022460094,0,1,8.041275100025814
100.0,highdim,11,ACO,-0.9681924577861594,100.96819245778616,1,0,6.683619700022973
100.0,highdim,12,ABC,-105.56938902468488,105.56938902468488,0,1,6.254230799968354
100.0,highdim,12,GWO,3.663549734532353,96.33645026546765,1,0,5.651011299982201
100.0,highdim,12,FA,4.1034018299971535,95.89659817000285,1,0,10.887831399973948
100.0,highdim,12,PSO,-105.57478517351633,105.57478517351633,0,1,3.5270349999773316
100.0,highdim,12,GA,-106.01007208522776,106.01007208522776,0,1,8.598613499954809
100.0,highdim,12,ACO,3.661250729856363,96.33874927014364,1,0,6.5516090000164695
100.0,highdim,13,ABC,-109.56116681870687,109.56116681870687,0,1,5.901134999992792
100.0,highdim,13,GWO,-99.87271193272908,99.87271193272908,0,1,4.984455200028606
100.0,highdim,13,FA,-99.87271193272908,99.87271193272908,0,1,22.661274400015827
100.0,highdim,13,PSO,-109.54370526928793,109.54370526928793,0,1,3.1894322000443935
100.0,highdim,13,GA,-109.55406050343342,109.55406050343342,0,1,7.909603500040248
100.0,highdim,13,ACO,-99.87271193272908,99.87271193272908,0,1,5.906362700043246
100.0,highdim,14,ABC,-2.3733653254185896,102.37336532541859,1,0,5.6443014999968
100.0,highdim,14,GWO,3.6639860318504702,96.33601396814953,1,0,5.035215899988543
100.0,highdim,14,FA,7.109563907245885,92.89043609275411,1,0,9.678024500026368
100.0,highdim,14,PSO,5.574288491780152,94.42571150821985,1,0,3.168683099967893
100.0,highdim,14,GA,6.011918256447203,93.9880817435528,1,0,8.12645139999222
100.0,highdim,14,ACO,3.660420021113552,96.33957997888645,1,0,5.939370899985079
100.0,highdim,15,ABC,-110.46902765610348,110.46902765610348,0,1,5.692637100000866
100.0,highdim,15,GWO,3.665978398746276,96.33402160125372,1,0,5.37314660003176
100.0,highdim,15,FA,8.441608370834999,91.558391629165,1,0,10.11124669999117
100.0,highdim,15,PSO,-110.90490707877927,110.90490707877927,0,1,3.286289499956183
100.0,highdim,15,GA,-106.86366159922143,106.86366159922143,0,1,7.860859200009145
100.0,highdim,15,ACO,3.651292331089408,96.34870766891059,1,0,5.851015100022778
100.0,highdim,16,ABC,-99.64413453176304,99.64413453176304,0,1,5.577321299992036
100.0,highdim,16,GWO,4.002219369279544,95.99778063072046,1,0,5.081787600007374
100.0,highdim,16,FA,4.952148231999985,95.04785176800002,1,0,22.4212242999929
100.0,highdim,16,PSO,-3.789387027075975,103.78938702707597,1,0,3.210900599951856
100.0,highdim,16,GA,-3.7887210471382247,103.78872104713822,1,0,7.68682770000305
100.0,highdim,16,ACO,3.648218014793315,96.35178198520669,1,0,5.895251500012819
100.0,highdim,17,ABC,-108.9739983349322,108.9739983349322,0,1,5.576930399984121
100.0,highdim,17,GWO,3.6687643148735987,96.3312356851264,1,0,5.060797899961472
100.0,highdim,17,FA,5.832987379097915,94.16701262090209,1,0,9.83803290000651
100.0,highdim,17,PSO,-107.98245419071402,107.98245419071402,0,1,3.176223899994511
100.0,highdim,17,GA,-108.6187449400565,108.6187449400565,0,1,7.746244999987539
100.0,highdim,17,ACO,3.6578255286683543,96.34217447133165,1,0,5.923321400012355
100.0,highdim,18,ABC,-104.38775905177276,104.38775905177276,0,1,5.752641599974595
100.0,highdim,18,GWO,-6.299786935559553,106.29978693555955,1,0,5.08562189998338
100.0,highdim,18,FA,-6.299786935559553,106.29978693555955,1,0,24.248238499974832
100.0,highdim,18,PSO,-11.298395049405258,111.29839504940526,1,0,3.530977000016719
100.0,highdim,18,GA,-11.345501869470638,111.34550186947064,1,0,8.629449200001545
100.0,highdim,18,ACO,-6.299786935559553,106.29978693555955,1,0,6.502210900012869
100.0,highdim,19,ABC,-115.58093523297202,115.58093523297202,0,1,6.343336799996905
100.0,highdim,19,GWO,-9.901121660107492,109.90112166010749,1,0,5.649665799981449
100.0,highdim,19,FA,-9.901121660107492,109.90112166010749,1,0,24.97989100002451
100.0,highdim,19,PSO,-112.87994589394015,112.87994589394015,0,1,3.6375544000184163
100.0,highdim,19,GA,-115.5488183669785,115.5488183669785,0,1,8.724276099994313
100.0,highdim,19,ACO,-9.901121660107492,109.90112166010749,1,0,6.4972246999968775
100.0,highdim,20,ABC,-102.92764717658764,102.92764717658764,0,1,6.275137899967376
100.0,highdim,20,GWO,3.9511327740886486,96.04886722591135,1,0,5.532553499971982
100.0,highdim,20,FA,5.910418713869873,94.08958128613013,1,0,10.742469099990558
100.0,highdim,20,PSO,-106.61113575703664,106.61113575703664,0,1,3.5147862000158057
100.0,highdim,20,GA,-106.69335605628444,106.69335605628444,0,1,8.60495239996817
100.0,highdim,20,ACO,3.659325605244689,96.34067439475531,1,0,6.503706399991643
100.0,highdim,21,ABC,-96.64463337003092,96.64463337003092,0,1,6.290796400047839
100.0,highdim,21,GWO,3.6639296739681697,96.33607032603183,1,0,5.39732589997584
100.0,highdim,21,FA,106.65519521686629,93.34480478313371,2,0,9.779779799981043
100.0,highdim,21,PSO,6.41189612538885,93.58810387461115,1,0,3.163735700014513
100.0,highdim,21,GA,4.481525916309991,95.51847408369001,1,0,8.169558499997947
100.0,highdim,21,ACO,3.6515760952620724,96.34842390473793,1,0,5.953237999987323
100.0,highdim,22,ABC,-104.10177495698605,104.10177495698605,0,1,5.538497799949255
100.0,highdim,22,GWO,3.676282404608955,96.32371759539105,1,0,5.007828400004655
100.0,highdim,22,FA,6.8005090850315355,93.19949091496846,1,0,9.840911899984349
100.0,highdim,22,PSO,-102.92750537683176,102.92750537683176,0,1,3.18305719998898
100.0,highdim,22,GA,5.37758613550767,94.62241386449233,1,0,8.29505670000799
100.0,highdim,22,ACO,3.661631010936105,96.3383689890639,1,0,5.81292100000428
100.0,highdim,23,ABC,2.203665245013795,97.7963347549862,1,0,5.604192500002682
100.0,highdim,23,GWO,3.914789216246021,96.08521078375398,1,0,5.033236499992199
100.0,highdim,23,FA,6.130888107823395,93.8691118921766,1,0,9.938469399989117
100.0,highdim,23,PSO,6.411844608341767,93.58815539165823,1,0,3.2123313000192866
100.0,highdim,23,GA,5.972966427250853,94.02703357274915,1,0,8.285596199973952
100.0,highdim,23,ACO,3.659401500642062,96.34059849935794,1,0,6.275703199964482
100.0,highdim,24,ABC,-90.72481742985964,90.72481742985964,0,1,6.312903099984396
100.0,highdim,24,GWO,3.669566269891405,96.3304337301086,1,0,5.616843800002243
100.0,highdim,24,FA,11.874703224362179,88.12529677563782,1,0,11.913175399997272
100.0,highdim,24,PSO,5.578745074985164,94.42125492501484,1,0,3.5436454999726266
100.0,highdim,24,GA,5.549314206287093,94.4506857937129,1,0,9.005125399969984
100.0,highdim,24,ACO,3.6621258585418133,96.33787414145819,1,0,6.708253499993589
100.0,highdim,25,ABC,-110.4029318256387,110.4029318256387,0,1,6.248157900001388
100.0,highdim,25,GWO,-2.266089827602258,102.26608982760226,1,0,5.5421261000446975
100.0,highdim,25,FA,-105.44046680905882,105.44046680905882,0,1,10.397929099970497
100.0,highdim,25,PSO,-110.23503874593693,110.23503874593693,0,1,3.1557159000076354
100.0,highdim,25,GA,-110.47338543731017,110.47338543731017,0,1,7.6653170000063255
100.0,highdim,25,ACO,-2.266089827602258,102.26608982760226,1,0,5.844422199996188
100.0,highdim,26,ABC,-105.06557114127001,105.06557114127001,0,1,5.595872899983078
100.0,highdim,26,GWO,3.665589846795399,96.3344101532046,1,0,5.08441720000701
100.0,highdim,26,FA,4.5796890945591,95.4203109054409,1,0,10.004134399991017
100.0,highdim,26,PSO,-105.44521848601109,105.44521848601109,0,1,3.1684679000172764
100.0,highdim,26,GA,-104.56156052915227,104.56156052915227,0,1,8.29319920000853
100.0,highdim,26,ACO,2.7513943608277884,97.24860563917221,1,0,6.0211945999762975
100.0,highdim,27,ABC,-97.45819551251489,97.45819551251489,0,1,5.5309172999695875
100.0,highdim,27,GWO,3.665795263712539,96.33420473628746,1,0,5.060942100011744
100.0,highdim,27,FA,106.34201102716203,93.65798897283797,2,0,9.789259499986656
100.0,highdim,27,PSO,5.028597685082687,94.97140231491731,1,0,3.218956500000786
100.0,highdim,27,GA,4.455486303526499,95.5445136964735,1,0,8.060798199963756
100.0,highdim,27,ACO,3.655501085763561,96.34449891423644,1,0,5.882377400004771
100.0,highdim,28,ABC,-108.17290796699304,108.17290796699304,0,1,5.713555600028485
100.0,highdim,28,GWO,1.3359357566878174,98.66406424331218,1,0,5.108524599985685
100.0,highdim,28,FA,1.3359357566878174,98.66406424331218,1,0,25.289756799989846
100.0,highdim,28,PSO,-107.53131791403837,107.53131791403837,0,1,3.5314472999889404
100.0,highdim,28,GA,-108.18162406330657,108.18162406330657,0,1,8.631774800014682
100.0,highdim,28,ACO,1.3359357566878174,98.66406424331218,1,0,6.42593119997764
100.0,highdim,29,ABC,-107.88503982671655,107.88503982671655,0,1,6.276891200046521
100.0,highdim,29,GWO,3.9161084964001702,96.08389150359983,1,0,5.53957329998957
100.0,highdim,29,FA,5.704027463416338,94.29597253658366,1,0,9.90292279998539
100.0,highdim,29,PSO,-106.72974510238566,106.72974510238566,0,1,3.129032199969515
100.0,highdim,29,GA,-106.964551461507,106.964551461507,0,1,8.134213700017426
100.0,highdim,29,ACO,3.919773978110797,96.0802260218892,1,0,6.528877999982797
1000.0,base,0,ABC,-116.09809531011298,116.09809531011298,0,1,4.0689184999791905
1000.0,base,0,GWO,-104.97267187183058,104.97267187183058,0,1,3.3662599000381306
1000.0,base,0,FA,-114.92840826489889,114.92840826489889,0,1,8.400591399986297
1000.0,base,0,PSO,-115.69578488702875,115.69578488702875,0,1,2.1262497999705374
1000.0,base,0,GA,-116.0425241148285,116.0425241148285,0,1,4.21164300001692
1000.0,base,0,ACO,-109.98251756921051,109.98251756921051,0,1,3.8963195999967866
1000.0,base,1,ABC,-110.2911746823488,110.2911746823488,0,1,3.780686700018123
1000.0,base,1,GWO,-104.26400790478885,104.26400790478885,0,1,3.3952233000309207
1000.0,base,1,FA,-110.27444988515802,110.27444988515802,0,1,8.563840200018603
1000.0,base,1,PSO,-109.4928212645697,109.4928212645697,0,1,2.1899896999821067
1000.0,base,1,GA,-110.25584715437682,110.25584715437682,0,1,4.242616400006227
1000.0,base,1,ACO,-109.84381488726756,109.84381488726756,0,1,3.866113400028553
1000.0,base,2,ABC,-110.07747200849052,110.07747200849052,0,1,3.8121683999779634
1000.0,base,2,GWO,-94.16274207877862,94.16274207877862,0,1,3.394587999966461
1000.0,base,2,FA,-107.96115962635842,107.96115962635842,0,1,8.67196080001304
1000.0,base,2,PSO,-109.95589724018733,109.95589724018733,0,1,2.1505729999626055
1000.0,base,2,GA,-110.14477549787739,110.14477549787739,0,1,4.413640599988867
1000.0,base,2,ACO,-110.1820682126521,110.1820682126521,0,1,4.364175499998964
1000.0,base,3,ABC,-111.2645463036128,111.2645463036128,0,1,4.265391199965961
1000.0,base,3,GWO,-111.37045551922199,111.37045551922199,0,1,3.8233247000025585
1000.0,base,3,FA,-111.08706566673601,111.08706566673601,0,1,9.540227799967397
1000.0,base,3,PSO,-111.5633984566664,111.5633984566664,0,1,2.3809020000044256
1000.0,base,3,GA,-111.48029720215757,111.48029720215757,0,1,4.787131100019906
1000.0,base,3,ACO,-111.56332951505343,111.56332951505343,0,1,4.3075574999675155
1000.0,base,4,ABC,892.3565685883492,107.64343141165084,1,0,4.253983500006143
1000.0,base,4,GWO,903.7047090609029,96.2952909390971,1,0,3.7399737000232562
1000.0,base,4,FA,899.1198004279743,100.88019957202567,1,0,16.8542512000422
1000.0,base,4,PSO,906.0813067741335,93.91869322586643,1,0,2.3622003000346012
1000.0,base,4,GA,905.0467244172595,94.9532755827405,1,0,4.92841920000501
1000.0,base,4,ACO,903.6547657879199,96.34523421208003,1,0,4.466904900036752
1000.0,base,5,ABC,-100.73757776983707,100.73757776983707,0,1,3.877597799990326
1000.0,base,5,GWO,903.6657305591162,96.3342694408838,1,0,3.3710447000339627
1000.0,base,5,FA,905.029609789044,94.97039021095603,1,0,7.970399800047744
1000.0,base,5,PSO,-101.81071357813194,101.81071357813194,0,1,2.1031569000333548
1000.0,base,5,GA,895.8559217336469,104.1440782663531,1,0,4.243361900036689
1000.0,base,5,ACO,903.6328367214555,96.36716327854444,1,0,3.8791595999500714
1000.0,base,6,ABC,-102.77485077568063,102.77485077568063,0,1,3.832244899997022
1000.0,base,6,GWO,-90.15111253776487,90.15111253776487,0,1,3.3777236999594606
1000.0,base,6,FA,907.2119721972008,92.78802780279919,1,0,8.103164600033779
1000.0,base,6,PSO,-102.27440202846998,102.27440202846998,0,1,2.1273386999964714
1000.0,base,6,GA,904.6162802271363,95.38371977286373,1,0,4.305919100006577
1000.0,base,6,ACO,903.6472116235223,96.35278837647772,1,0,3.8296350999735296
1000.0,base,7,ABC,-115.29300612166534,115.29300612166534,0,1,3.783409300027415
1000.0,base,7,GWO,888.9966862949461,111.00331370505387,1,0,3.380384000018239
1000.0,base,7,FA,-112.46366037437363,112.46366037437363,0,1,8.724195700022392
1000.0,base,7,PSO,-115.39862772574992,115.39862772574992,0,1,2.281889899983071
1000.0,base,7,GA,-115.33268915041984,115.33268915041984,0,1,4.58942069998011
1000.0,base,7,ACO,-115.40123914761472,115.40123914761472,0,1,3.887236699985806
1000.0,base,8,ABC,-111.38176499475597,111.38176499475597,0,1,3.8327896000118926
1000.0,base,8,GWO,895.2033726821031,104.79662731789686,1,0,3.392008499999065
1000.0,base,8,FA,895.2033726821031,104.79662731789686,1,0,16.451740900054574
1000.0,base,8,PSO,-111.38344741638251,111.38344741638251,0,1,2.1673950000549667
1000.0,base,8,GA,-111.38316782725296,111.38316782725296,0,1,4.251120199973229
1000.0,base,8,ACO,-110.69745982256792,110.69745982256792,0,1,3.950119999994058
1000.0,base,9,ABC,-108.42994788468053,108.42994788468053,0,1,3.8185191999655217
1000.0,base,9,GWO,-93.45732852724332,93.45732852724332,0,1,3.3924421000410803
1000.0,base,9,FA,-108.70860269749255,108.70860269749255,0,1,8.494135899993125
1000.0,base,9,PSO,-103.89233959752363,103.89233959752363,0,1,2.1225523999892175
1000.0,base,9,GA,-108.5301703592985,108.5301703592985,0,1,4.305037399986759
1000.0,base,9,ACO,-103.89233959752357,103.89233959752357,0,1,4.330598199972883
1000.0,base,10,ABC,-95.95682335034464,95.95682335034464,0,1,4.317594300024211
1000.0,base,10,GWO,903.664288099732,96.33571190026805,1,0,3.683398599969223
1000.0,base,10,FA,907.7739550019169,92.22604499808311,1,0,8.1284941000049
1000.0,base,10,PSO,-96.4300877934452,96.4300877934452,0,1,2.130690500023775
1000.0,base,10,GA,905.7202141653561,94.27978583464386,1,0,4.34924080001656
1000.0,base,10,ACO,903.5775609544611,96.4224390455389,1,0,3.8538322999957018
1000.0,base,11,ABC,-110.05752238261616,110.05752238261616,0,1,3.9305578999919817
1000.0,base,11,GWO,-93.9711980627969,93.9711980627969,0,1,3.4279142000013962
1000.0,base,11,FA,-108.3174998866682,108.3174998866682,0,1,8.569911600032356
1000.0,base,11,PSO,-108.33419109813511,108.33419109813511,0,1,2.1441575000062585
1000.0,base,11,GA,-109.92151076418045,109.92151076418045,0,1,4.290243600029498
1000.0,base,11,ACO,-110.06693447291103,110.06693447291103,0,1,3.953492100001313
1000.0,base,12,ABC,-96.53699618029081,96.53699618029081,0,1,3.809849400015082
1000.0,base,12,GWO,903.6639863866078,96.33601361339214,1,0,3.3757872999995016
1000.0,base,12,FA,906.7171622275581,93.28283777244188,1,0,8.315929699980188
1000.0,base,12,PSO,-99.42783512967017,99.42783512967017,0,1,2.1525025000446476
1000.0,base,12,GA,-99.40208088245939,99.40208088245939,0,1,4.32685189996846
1000.0,base,12,ACO,903.6615847228777,96.33841527712225,1,0,3.94110619998537
1000.0,base,13,ABC,903.6615629100472,96.33843708995272,1,0,3.821948099997826
1000.0,base,13,GWO,903.6653398256851,96.33466017431488,1,0,3.4306765999644995
1000.0,base,13,FA,905.8099429425696,94.19005705743038,1,0,8.691777899977751
1000.0,base,13,PSO,1905.3698947209716,94.63010527902829,2,0,2.3598087999853306
1000.0,base,13,GA,904.9065661218418,95.09343387815822,1,0,4.810860200028401
1000.0,base,13,ACO,903.6595546953447,96.34044530465525,1,0,4.256004099966958
1000.0,base,14,ABC,-95.181179461396,95.181179461396,0,1,3.8179309999686666
1000.0,base,14,GWO,903.6718496506749,96.32815034932511,1,0,3.3954793000011705
1000.0,base,14,FA,905.902568630572,94.09743136942801,1,0,8.002551899990067
1000.0,base,14,PSO,904.146006424201,95.85399357579894,1,0,2.135504400008358
1000.0,base,14,GA,-94.97799616451182,94.97799616451182,0,1,4.3686825999757275
1000.0,base,14,ACO,903.6569550043436,96.3430449956564,1,0,3.861695099971257
1000.0,base,15,ABC,-108.13761535419378,108.13761535419378,0,1,3.792165399994701
1000.0,base,15,GWO,894.0112470503102,105.98875294968975,1,0,3.422086099977605
1000.0,base,15,FA,894.0112470503102,105.98875294968975,1,0,16.089150700019673
1000.0,base,15,PSO,-110.00162305425106,110.00162305425106,0,1,2.137430199945811
1000.0,base,15,GA,886.1469960251521,113.85300397484782,1,0,4.313973799988162
1000.0,base,15,ACO,-112.86492625067861,112.86492625067861,0,1,3.9084843000164255
1000.0,base,16,ABC,-109.12789047770504,109.12789047770504,0,1,3.859588099992834
1000.0,base,16,GWO,903.6648328315163,96.33516716848374,1,0,3.411492299987003
1000.0,base,16,FA,-109.37351196465318,109.37351196465318,0,1,8.575847100000829
1000.0,base,16,PSO,-107.28618831434416,107.28618831434416,0,1,2.1343696999829262
1000.0,base,16,GA,-107.28367004614636,107.28367004614636,0,1,4.280726799974218
1000.0,base,16,ACO,903.6588448538522,96.34115514614777,1,0,3.8590001999982633
1000.0,base,17,ABC,-111.25123274689425,111.25123274689425,0,1,3.7981803999864496
1000.0,base,17,GWO,-90.01484107825038,90.01484107825038,0,1,3.3976091000367887
1000.0,base,17,FA,-109.23224984826635,109.23224984826635,0,1,8.696380999987014
1000.0,base,17,PSO,-111.30791333811968,111.30791333811968,0,1,2.141957200015895
1000.0,base,17,GA,-111.30937764630337,111.30937764630337,0,1,4.3282805000199005
1000.0,base,17,ACO,-104.75798600154711,104.75798600154711,0,1,3.982549400010612
1000.0,base,18,ABC,-115.12253380806372,115.12253380806372,0,1,3.8953045000089332
1000.0,base,18,GWO,-115.16464014825732,115.16464014825732,0,1,3.4610756000038236
1000.0,base,18,FA,-100.17014723769185,100.17014723769185,0,1,8.81961509998655
1000.0,base,18,PSO,-113.35886250977461,113.35886250977461,0,1,2.151057100039907
1000.0,base,18,GA,-115.16431246634203,115.16431246634203,0,1,4.312100899987854
1000.0,base,18,ACO,-115.15426549600849,115.15426549600849,0,1,3.904244299978018
1000.0,base,19,ABC,-102.14502255048943,102.14502255048943,0,1,3.820123900019098
1000.0,base,19,GWO,903.669501584895,96.33049841510507,1,0,3.4542570000048727
1000.0,base,19,FA,907.9757011205423,92.02429887945765,1,0,8.152795900008641
1000.0,base,19,PSO,-104.91399598873957,104.91399598873957,0,1,2.141867899976205
1000.0,base,19,GA,-104.8874370868353,104.8874370868353,0,1,4.258439500001259
1000.0,base,19,ACO,903.6621211875641,96.33787881243583,1,0,3.87269250000827
1000.0,base,20,ABC,-110.46231003326997,110.46231003326997,0,1,4.015622199978679
1000.0,base,20,GWO,-101.5651613329177,101.5651613329177,0,1,3.7935643999953754
1000.0,base,20,FA,-109.54613595555804,109.54613595555804,0,1,9.340396600018721
1000.0,base,20,PSO,-110.09369703941445,110.09369703941445,0,1,2.168989500030875
1000.0,base,20,GA,-110.58191414460966,110.58191414460966,0,1,4.484763999993447
1000.0,base,20,ACO,-110.09602822484113,110.09602822484113,0,1,4.101931400015019
1000.0,base,21,ABC,-107.45170523681524,107.45170523681524,0,1,4.189756600011606
1000.0,base,21,GWO,903.6229849604662,96.37701503953382,1,0,3.471321299963165
1000.0,base,21,FA,-98.50485183545935,98.50485183545935,0,1,8.452032700006384
1000.0,base,21,PSO,-107.45956520812106,107.45956520812106,0,1,2.136509300034959
1000.0,base,21,GA,-107.4488151466131,107.4488151466131,0,1,4.633868100005202
1000.0,base,21,ACO,903.6156582345312,96.38434176546873,1,0,3.886552100011613
1000.0,base,22,ABC,-114.63255696203242,114.63255696203242,0,1,3.9002774999826215
1000.0,base,22,GWO,-107.36593736878602,107.36593736878602,0,1,3.466823499999009
1000.0,base,22,FA,-110.8950833181381,110.8950833181381,0,1,8.775467699975707
1000.0,base,22,PSO,-114.95584203191595,114.95584203191595,0,1,2.1867780000320636
1000.0,base,22,GA,-114.78105364282628,114.78105364282628,0,1,4.348140400019474
1000.0,base,22,ACO,-115.04469514715673,115.04469514715673,0,1,3.8966425000107847
1000.0,base,23,ABC,900.3650512874977,99.63494871250221,1,0,3.8239866999792866
1000.0,base,23,GWO,903.9067989378422,96.0932010621578,1,0,3.423994600016158
1000.0,base,23,FA,904.2984083671693,95.70159163283073,1,0,8.125173499982338
1000.0,base,23,PSO,904.1790364236607,95.82096357633925,1,0,2.1439866999862716
1000.0,base,23,GA,904.0913491790817,95.90865082091825,1,0,4.482831300003454
1000.0,base,23,ACO,903.6612997053606,96.33870029463935,1,0,3.879516099987086
1000.0,base,24,ABC,903.6608767020141,96.33912329798588,1,0,3.864852500031702
1000.0,base,24,GWO,903.6663145543126,96.33368544568738,1,0,3.441182500042487
1000.0,base,24,FA,905.4223868755109,94.577613124489,1,0,8.283867799967993
1000.0,base,24,PSO,-91.69175728754612,91.69175728754612,0,1,2.1302915000123903
1000.0,base,24,GA,903.6997822636333,96.3002177363667,1,0,4.311261999944691
1000.0,base,24,ACO,903.6621201208665,96.3378798791335,1,0,3.90544260002207
1000.0,base,25,ABC,-100.88837549522658,100.88837549522658,0,1,3.772557499993127
1000.0,base,25,GWO,903.6655351531622,96.33446484683788,1,0,3.383173700014595
1000.0,base,25,FA,892.8946012340099,107.10539876599007,1,0,8.066695899993647
1000.0,base,25,PSO,893.3748599842451,106.62514001575495,1,0,2.136617899988778
1000.0,base,25,GA,892.8275246988496,107.17247530115037,1,0,4.857256099989172
1000.0,base,25,ACO,903.6611464459954,96.33885355400452,1,0,4.4134811000549234
1000.0,base,26,ABC,-107.66472841077922,107.66472841077922,0,1,4.288427399995271
1000.0,base,26,GWO,898.1729832799012,101.82701672009874,1,0,3.8169943999964744
1000.0,base,26,FA,-105.28685585812977,105.28685585812977,0,1,9.100419600028545
1000.0,base,26,PSO,-107.78567913879681,107.78567913879681,0,1,2.1222203000215814
1000.0,base,26,GA,-107.40128770609117,107.40128770609117,0,1,4.323572800029069
1000.0,base,26,ACO,-107.7852831223009,107.7852831223009,0,1,3.8609833999653347
1000.0,base,27,ABC,-107.80550836082294,107.80550836082294,0,1,3.802413700032048
1000.0,base,27,GWO,892.1843982939382,107.81560170606177,1,0,3.4223559999954887
1000.0,base,27,FA,-103.19822004038777,103.19822004038777,0,1,8.531983199995011
1000.0,base,27,PSO,-108.78390241427641,108.78390241427641,0,1,2.134776699997019
1000.0,base,27,GA,889.1640033410059,110.83599665899403,1,0,4.30109960003756
1000.0,base,27,ACO,-109.12546604146164,109.12546604146164,0,1,3.8733554999926127
1000.0,base,28,ABC,-116.27586401100703,116.27586401100703,0,1,3.8435701000271365
1000.0,base,28,GWO,-116.16992218273151,116.16992218273151,0,1,3.422507499984931
1000.0,base,28,FA,-116.21838341099331,116.21838341099331,0,1,8.833610600035172
1000.0,base,28,PSO,-115.25967292285958,115.25967292285958,0,1,2.255747599992901
1000.0,base,28,GA,-116.17616411655972,116.17616411655972,0,1,4.4348270000191405
1000.0,base,28,ACO,-115.62002178374462,115.62002178374462,0,1,3.9528158000321127
1000.0,base,29,ABC,-99.16852104727721,99.16852104727721,0,1,3.789219999976922
1000.0,base,29,GWO,903.8626561665869,96.13734383341301,1,0,3.424166199984029
1000.0,base,29,FA,906.1062951180843,93.89370488191567,1,0,8.12881159997778
1000.0,base,29,PSO,904.9377927008236,95.06220729917635,1,0,2.1348646999686025
1000.0,base,29,GA,-93.55861417147106,93.55861417147106,0,1,4.268544800055679
1000.0,base,29,ACO,903.6608438552466,96.33915614475332,1,0,3.867337000032421
1000.0,hard,0,ABC,-108.26100674627766,108.26100674627766,0,1,3.9054268999607302
1000.0,hard,0,GWO,890.7716066717011,109.22839332829895,1,0,3.4352074999478646
1000.0,hard,0,FA,886.1513996974588,113.84860030254116,1,0,8.12930359999882
1000.0,hard,0,PSO,886.0805173829522,113.91948261704778,1,0,2.1264274999848567
1000.0,hard,0,GA,886.0842356639901,113.91576433600993,1,0,4.252902399981394
1000.0,hard,0,ACO,887.983705275555,112.01629472444496,1,0,3.861026500002481
1000.0,hard,1,ABC,-95.76936339998574,95.76936339998574,0,1,3.8690156000084244
1000.0,hard,1,GWO,1904.317774752261,95.68222524773903,2,0,3.477033900038805
1000.0,hard,1,FA,1906.279747960163,93.72025203983704,2,0,8.132248500012793
1000.0,hard,1,PSO,1904.2998522315281,95.70014776847181,2,0,2.121896199998446
1000.0,hard,1,GA,1904.7072742452633,95.29272575473672,2,0,4.506063900014851
1000.0,hard,1,ACO,1904.2936158188327,95.70638418116725,2,0,3.8474796999944374
1000.0,hard,2,ABC,1902.7906686074532,97.2093313925467,2,0,3.8013955000205897
1000.0,hard,2,GWO,1904.3258230300858,95.67417696991427,2,0,3.3947470999555662
1000.0,hard,2,FA,1902.8251175976297,97.17488240237019,2,0,7.942408000002615
1000.0,hard,2,PSO,1902.749190590747,97.25080940925294,2,0,2.138173800020013
1000.0,hard,2,GA,1902.7563826374392,97.24361736256077,2,0,4.351120500010438
1000.0,hard,2,ACO,1904.3188018841406,95.68119811585929,2,0,3.8515290999785066
1000.0,hard,3,ABC,-102.92676599162247,102.92676599162247,0,1,3.794105999986641
1000.0,hard,3,GWO,1893.219422600511,106.78057739948885,2,0,3.3881687000393867
1000.0,hard,3,FA,-107.21887737221019,107.21887737221019,0,1,8.576572599995416
1000.0,hard,3,PSO,891.0558817295373,108.94411827046265,1,0,2.151660899980925
1000.0,hard,3,GA,890.9359072695245,109.06409273047548,1,0,4.368429999973159
1000.0,hard,3,ACO,-107.65540630800652,107.65540630800652,0,1,4.243439699988812
1000.0,hard,4,ABC,898.5460514378301,101.45394856216984,1,0,4.423572900006548
1000.0,hard,4,GWO,1897.2168462242898,102.78315377571006,2,0,3.8629536000080407
1000.0,hard,4,FA,1892.6870525001088,107.31294749989107,2,0,8.899944799952209
1000.0,hard,4,PSO,1893.5250118462561,106.47498815374381,2,0,2.442664100031834
1000.0,hard,4,GA,897.4738027045627,102.5261972954373,1,0,4.9171677000122145
1000.0,hard,4,ACO,1897.2168462242898,102.78315377571006,2,0,4.334924399969168
1000.0,hard,5,ABC,-107.13731221547238,107.13731221547238,0,1,4.295946400030516
1000.0,hard,5,GWO,1904.3211179370749,95.67888206292506,2,0,3.837553300021682
1000.0,hard,5,FA,1906.8127620643536,93.1872379356463,2,0,8.873326400003862
1000.0,hard,5,PSO,-107.53198351394096,107.53198351394096,0,1,2.388340200006496
1000.0,hard,5,GA,-106.51386808505309,106.51386808505309,0,1,4.909446700010449
1000.0,hard,5,ACO,1904.3188955713947,95.68110442860524,2,0,4.445047399960458
1000.0,hard,6,ABC,-93.95272803179734,93.95272803179734,0,1,4.2572353999712504
1000.0,hard,6,GWO,1889.8512326691016,110.14876733089834,2,0,3.8491736000287347
1000.0,hard,6,FA,889.5520290831442,110.44797091685572,1,0,8.44664769998053
1000.0,hard,6,PSO,887.5566897534144,112.44331024658565,1,0,2.1409355999785475
1000.0,hard,6,GA,887.0242681451552,112.97573185484471,1,0,4.321408900024835
1000.0,hard,6,ACO,886.7820879566078,113.21791204339219,1,0,3.934703000006266
1000.0,hard,7,ABC,1904.3179386086083,95.68206139139163,2,0,3.7795789999654517
1000.0,hard,7,GWO,1904.322889317112,95.67711068288813,2,0,3.374961199995596
1000.0,hard,7,FA,1906.3758135236317,93.62418647636824,2,0,7.920845800021198
1000.0,hard,7,PSO,1905.3627518071023,94.63724819289773,2,0,2.1229269999894314
1000.0,hard,7,GA,1905.285207726018,94.71479227398208,2,0,4.545598199998494
1000.0,hard,7,ACO,1904.31917369828,95.68082630171979,2,0,3.871264700021129
1000.0,hard,8,ABC,887.7087406266445,112.29125937335552,1,0,3.8093607999617234
1000.0,hard,8,GWO,893.1820128749879,106.81798712501208,1,0,3.37639799999306
1000.0,hard,8,FA,889.7122603997973,110.28773960020267,1,0,7.816466099990066
1000.0,hard,8,PSO,887.6808259949822,112.31917400501779,1,0,2.1343712000525557
1000.0,hard,8,GA,887.6859434348635,112.31405656513657,1,0,4.358180100040045
1000.0,hard,8,ACO,-101.35824690250733,101.35824690250733,0,1,3.9014163000392728
1000.0,hard,9,ABC,-101.47372176801663,101.47372176801663,0,1,4.172337599971797
1000.0,hard,9,GWO,1904.3281460389965,95.67185396100359,2,0,3.5845493999659084
1000.0,hard,9,FA,1904.6415057282807,95.35849427171932,2,0,7.906268600025214
1000.0,hard,9,PSO,-103.63658016442845,103.63658016442845,0,1,2.1298613999970257
1000.0,hard,9,GA,-103.62741185712193,103.62741185712193,0,1,4.348457499989308
1000.0,hard,9,ACO,-102.78454028093549,102.78454028093549,0,1,3.8831076999776997
1000.0,hard,10,ABC,-116.94753987484813,116.94753987484813,0,1,3.9186293999664485
1000.0,hard,10,GWO,887.6359528650687,112.3640471349313,1,0,3.384630200045649
1000.0,hard,10,FA,-116.92312330884967,116.92312330884967,0,1,8.391079099965282
1000.0,hard,10,PSO,-116.95103712192723,116.95103712192723,0,1,2.1359438999788836
1000.0,hard,10,GA,-116.92539256343109,116.92539256343109,0,1,4.278927300008945
1000.0,hard,10,ACO,-116.95189930008748,116.95189930008748,0,1,3.9264005000004545
1000.0,hard,11,ABC,-101.1226665760887,101.1226665760887,0,1,3.8091058999998495
1000.0,hard,11,GWO,883.6346056142303,116.36539438576969,1,0,3.43183349998435
1000.0,hard,11,FA,883.513220088265,116.48677991173494,1,0,8.057465000019874
1000.0,hard,11,PSO,883.7168739072599,116.28312609274002,1,0,2.1523773999651894
1000.0,hard,11,GA,883.5209589698159,116.47904103018408,1,0,4.400288199947681
1000.0,hard,11,ACO,883.4787375541277,116.52126244587225,1,0,3.9251370999845676
1000.0,hard,12,ABC,1901.1341794379969,98.86582056200314,2,0,3.835884400003124
1000.0,hard,12,GWO,1904.3261415853165,95.67385841468362,2,0,3.4072290000040084
1000.0,hard,12,FA,1906.46893526929,93.53106473071007,2,0,7.921825399971567
1000.0,hard,12,PSO,1900.1881804258785,99.81181957412143,2,0,2.1618086000089534
1000.0,hard,12,GA,1904.3415015265814,95.65849847341849,2,0,4.59879479999654
1000.0,hard,12,ACO,1904.3177420521733,95.68225794782654,2,0,4.383334599959198
1000.0,hard,13,ABC,-105.50144763052455,105.50144763052455,0,1,4.2948233999777585
1000.0,hard,13,GWO,907.367975709078,92.63202429092199,1,0,3.8688160000019707
1000.0,hard,13,FA,905.6189462307234,94.38105376927656,1,0,8.575361900031567
1000.0,hard,13,PSO,893.5793939538332,106.42060604616677,1,0,2.19966199999908
1000.0,hard,13,GA,-105.5232023582451,105.5232023582451,0,1,4.269372300012037
1000.0,hard,13,ACO,1904.305331256511,95.69466874348896,2,0,3.846565800020471
1000.0,hard,14,ABC,-110.6728776837526,110.6728776837526,0,1,3.8657936999807134
1000.0,hard,14,GWO,1892.0810986492086,107.91890135079143,2,0,3.403065400023479
1000.0,hard,14,FA,-111.08697558407499,111.08697558407499,0,1,8.604540600033943
1000.0,hard,14,PSO,-111.2815245904908,111.2815245904908,0,1,2.131920599960722
1000.0,hard,14,GA,-111.02380560086637,111.02380560086637,0,1,4.324242500006221
1000.0,hard,14,ACO,1892.0810986492086,107.91890135079143,2,0,3.8590329999569803
1000.0,hard,15,ABC,-112.05632461259351,112.05632461259351,0,1,3.783324900025036
1000.0,hard,15,GWO,-105.55615607015929,105.55615607015929,0,1,3.4310318000498228
1000.0,hard,15,FA,-109.60221899898643,109.60221899898643,0,1,8.672029400011525
1000.0,hard,15,PSO,882.8283159094987,117.17168409050134,1,0,2.1584217999479733
1000.0,hard,15,GA,-110.5419767072832,110.5419767072832,0,1,4.366005000018049
1000.0,hard,15,ACO,-114.13433854393914,114.13433854393914,0,1,3.8664904999895953
1000.0,hard,16,ABC,-102.38719965819811,102.38719965819811,0,1,3.808327000006102
1000.0,hard,16,GWO,1903.4049474619114,96.59505253808848,2,0,3.3962168999714777
1000.0,hard,16,FA,1906.209909126796,93.79009087320391,2,0,8.05270629998995
1000.0,hard,16,PSO,1900.075884866872,99.92411513312796,2,0,2.135371100041084
1000.0,hard,16,GA,906.4120735900726,93.58792640992735,1,0,4.39902259997325
1000.0,hard,16,ACO,905.157099535109,94.84290046489099,1,0,3.9074357000063173
1000.0,hard,17,ABC,-111.54599768055908,111.54599768055908,0,1,3.859215000004042
1000.0,hard,17,GWO,-105.34762674474277,105.34762674474277,0,1,3.444848799961619
1000.0,hard,17,FA,-111.5758655334518,111.5758655334518,0,1,8.94696390000172
1000.0,hard,17,PSO,-111.65058265814375,111.65058265814375,0,1,2.226304500014521
1000.0,hard,17,GA,-111.66273214306622,111.66273214306622,0,1,4.295663699973375
1000.0,hard,17,ACO,-108.27391447779242,108.27391447779242,0,1,3.9095118999830447
1000.0,hard,18,ABC,898.8244933628657,101.1755066371343,1,0,3.8783318999921903
1000.0,hard,18,GWO,1904.3252056686363,95.67479433136376,2,0,3.4004678999772295
1000.0,hard,18,FA,1905.5878309050702,94.41216909492975,2,0,16.733295699988957
1000.0,hard,18,PSO,1897.4750208974974,102.52497910250248,2,0,2.1241903000045568
1000.0,hard,18,GA,898.6349345089131,101.36506549108687,1,0,4.333001799997874
1000.0,hard,18,ACO,1904.264693129074,95.73530687092595,2,0,3.844003000005614
1000.0,hard,19,ABC,-109.16286619753163,109.16286619753163,0,1,3.8104286000016145
1000.0,hard,19,GWO,1896.3967149804046,103.60328501959548,2,0,3.415299899992533
1000.0,hard,19,FA,887.589294815275,112.41070518472495,1,0,8.32235989999026
1000.0,hard,19,PSO,887.791811791161,112.20818820883899,1,0,2.1627059999736957
1000.0,hard,19,GA,-110.09817518072077,110.09817518072077,0,1,4.3365058999625035
1000.0,hard,19,ACO,-110.11603054887281,110.11603054887281,0,1,3.8911467000143602
1000.0,hard,20,ABC,899.3199622918698,100.68003770813016,1,0,3.7975863000028767
1000.0,hard,20,GWO,1903.5625957696636,96.4374042303363,2,0,3.3938443000079133
1000.0,hard,20,FA,1903.5625957696636,96.4374042303363,2,0,16.56515809998382
1000.0,hard,20,PSO,898.7734604286519,101.22653957134807,1,0,2.1268440999556333
1000.0,hard,20,GA,897.7933301433042,102.20666985669584,1,0,4.321068899997044
1000.0,hard,20,ACO,898.9008600817683,101.09913991823163,1,0,3.869074999995064
1000.0,hard,21,ABC,-114.43592499603007,114.43592499603007,0,1,3.8034958000062034
1000.0,hard,21,GWO,-109.26721604287931,109.26721604287931,0,1,3.4262860999442637
1000.0,hard,21,FA,-114.67800482779647,114.67800482779647,0,1,8.580963200016413
1000.0,hard,21,PSO,-114.8112946965536,114.8112946965536,0,1,2.1882757000275888
1000.0,hard,21,GA,-114.6592331939099,114.6592331939099,0,1,4.347536100016441
1000.0,hard,21,ACO,-114.7557930028782,114.7557930028782,0,1,4.144170199986547
1000.0,hard,22,ABC,911.3071555800408,88.69284441995917,1,0,3.9516604999662377
1000.0,hard,22,GWO,1904.3321294702441,95.6678705297558,2,0,3.4439824000000954
1000.0,hard,22,FA,1907.2917426263948,92.7082573736051,2,0,8.052497800032143
1000.0,hard,22,PSO,1906.5043205198822,93.49567948011774,2,0,2.141163000022061
1000.0,hard,22,GA,1907.770132139436,92.22986786056394,2,0,4.30558630003361
1000.0,hard,22,ACO,1904.3177965318139,95.68220346818603,2,0,3.8729272999917157
1000.0,hard,23,ABC,-100.26460410036654,100.26460410036654,0,1,3.814339100033976
1000.0,hard,23,GWO,1904.3277027216532,95.67229727834693,2,0,3.447311499970965
1000.0,hard,23,FA,1905.2040961101352,94.79590388986475,2,0,7.973819900013041
1000.0,hard,23,PSO,896.2288400873274,103.77115991267256,1,0,2.1594443999929354
1000.0,hard,23,GA,896.3593298417658,103.6406701582342,1,0,4.421308099990711
1000.0,hard,23,ACO,1904.2960447641037,95.70395523589619,2,0,3.9219790000352077
1000.0,hard,24,ABC,904.4100419992767,95.58995800072329,1,0,3.8780864999862388
1000.0,hard,24,GWO,1904.3261432524348,95.67385674756528,2,0,3.4189172000042163
1000.0,hard,24,FA,1903.397387095547,96.60261290445297,2,0,8.705176099960227
1000.0,hard,24,PSO,1898.575294728524,101.42470527147577,2,0,2.1730154000106268
1000.0,hard,24,GA,1898.576413524836,101.42358647516403,2,0,4.380445999966469
1000.0,hard,24,ACO,1904.3191876218443,95.68081237815562,2,0,3.915336699981708
1000.0,hard,25,ABC,901.1673325197897,98.83266748021029,1,0,3.8670991999679245
1000.0,hard,25,GWO,1904.2887612342488,95.71123876575118,2,0,3.4154816000373103
1000.0,hard,25,FA,1907.0690231769586,92.93097682304138,2,0,7.945145200006664
1000.0,hard,25,PSO,1898.5612586673265,101.43874133267347,2,0,2.132281400030479
1000.0,hard,25,GA,900.9413866269862,99.05861337301384,1,0,4.44844639999792
1000.0,hard,25,ACO,1904.3153629553,95.68463704469987,2,0,3.9266271999804303
1000.0,hard,26,ABC,-108.08128504840828,108.08128504840828,0,1,3.8079799999832176
1000.0,hard,26,GWO,-93.32177760112434,93.32177760112434,0,1,3.4309487999998964
1000.0,hard,26,FA,883.7824099613114,116.21759003868863,1,0,8.12934329995187
1000.0,hard,26,PSO,885.5261749485976,114.47382505140234,1,0,2.1455288999713957
1000.0,hard,26,GA,885.4228140149055,114.57718598509453,1,0,4.346826000022702
1000.0,hard,26,ACO,-113.41032775267435,113.41032775267435,0,1,3.914050799969118
1000.0,hard,27,ABC,1896.5361485694884,103.4638514305115,2,0,3.831683400028851
1000.0,hard,27,GWO,1902.3285567001185,97.67144329988145,2,0,3.4337964999722317
1000.0,hard,27,FA,1901.730548692622,98.26945130737785,2,0,8.737205200013705
1000.0,hard,27,PSO,1896.324050420275,103.67594957972506,2,0,2.2056436000275426
1000.0,hard,27,GA,1896.3572617768098,103.64273822319015,2,0,4.345886099967174
1000.0,hard,27,ACO,1902.3285567001185,97.67144329988145,2,0,3.991278200002853
1000.0,hard,28,ABC,-112.68767669213885,112.68767669213885,0,1,3.8560442000161856
1000.0,hard,28,GWO,891.7516262987139,108.24837370128616,1,0,3.7488684999989346
1000.0,hard,28,FA,-113.05352231961129,113.05352231961129,0,1,9.642936400021426
1000.0,hard,28,PSO,-111.42022914745567,111.42022914745567,0,1,2.420198799984064
1000.0,hard,28,GA,-113.12647563335311,113.12647563335311,0,1,4.783322500006761
1000.0,hard,28,ACO,-113.2087645044059,113.2087645044059,0,1,4.399462900008075
1000.0,hard,29,ABC,-99.2845946308516,99.2845946308516,0,1,4.313754200004041
1000.0,hard,29,GWO,1904.2632550063354,95.73674499366473,2,0,3.7782800999702886
1000.0,hard,29,FA,898.3478231803201,101.65217681967987,1,0,9.293848700006492
1000.0,hard,29,PSO,891.2184444289719,108.78155557102815,1,0,2.400949099974241
1000.0,hard,29,GA,1886.7418224164003,113.2581775835996,2,0,4.856180700007826
1000.0,hard,29,ACO,1904.3046972202812,95.6953027797187,2,0,4.250039700011257
1000.0,highdim,0,ABC,-113.51171019894893,113.51171019894893,0,1,5.777127799985465
1000.0,highdim,0,GWO,-105.89082876112528,105.89082876112528,0,1,5.088713800010737
1000.0,highdim,0,FA,-105.89082876112528,105.89082876112528,0,1,22.372432500007562
1000.0,highdim,0,PSO,-113.49028379127218,113.49028379127218,0,1,3.240016099996865
1000.0,highdim,0,GA,-113.39331011368898,113.39331011368898,0,1,7.6693213999969885
1000.0,highdim,0,ACO,-105.89082876112528,105.89082876112528,0,1,5.86095750000095
1000.0,highdim,1,ABC,-111.80002077837898,111.80002077837898,0,1,5.609580199990887
1000.0,highdim,1,GWO,892.9825500709655,107.01744992903444,1,0,5.051975800015498
1000.0,highdim,1,FA,892.9825500709655,107.01744992903444,1,0,23.147005400038324
1000.0,highdim,1,PSO,-109.70811064388349,109.70811064388349,0,1,3.204252000025008
1000.0,highdim,1,GA,-109.59661060596498,109.59661060596498,0,1,7.83192050002981
1000.0,highdim,1,ACO,892.9825500709655,107.01744992903444,1,0,5.935759500018321
1000.0,highdim,2,ABC,-107.743077857963,107.743077857963,0,1,5.844830700021703
1000.0,highdim,2,GWO,900.2147691074118,99.78523089258816,1,0,5.180522600014228
1000.0,highdim,2,FA,900.2147691074118,99.78523089258816,1,0,22.377231499995105
1000.0,highdim,2,PSO,888.9863933635754,111.01360663642453,1,0,3.305358699988574
1000.0,highdim,2,GA,888.9241091490467,111.07589085095327,1,0,8.340951399994083
1000.0,highdim,2,ACO,900.2147691074118,99.78523089258816,1,0,5.8590250999550335
1000.0,highdim,3,ABC,-102.52811804820821,102.52811804820821,0,1,5.652624899987131
1000.0,highdim,3,GWO,903.66430713428,96.33569286571999,1,0,5.0611334999557585
1000.0,highdim,3,FA,906.6118538099304,93.38814619006958,1,0,9.586404600006063
1000.0,highdim,3,PSO,891.8201388712412,108.17986112875877,1,0,3.1897229999885894
1000.0,highdim,3,GA,890.8803896194685,109.1196103805315,1,0,7.788610599993262
1000.0,highdim,3,ACO,903.6180370789687,96.3819629210313,1,0,5.898600300017279
1000.0,highdim,4,ABC,-104.19133752659287,104.19133752659287,0,1,5.699476800044067
1000.0,highdim,4,GWO,903.6705104823297,96.32948951767024,1,0,5.109928499965463
1000.0,highdim,4,FA,1901.5081469622623,98.49185303773763,2,0,23.312205700029153
1000.0,highdim,4,PSO,-105.11313531135823,105.11313531135823,0,1,3.2501403000205755
1000.0,highdim,4,GA,-102.02203068617537,102.02203068617537,0,1,7.78164989996003
1000.0,highdim,4,ACO,903.655662297831,96.34433770216906,1,0,5.915083100029733
1000.0,highdim,5,ABC,-111.6177336708982,111.6177336708982,0,1,5.699107800028287
1000.0,highdim,5,GWO,895.2311311310103,104.76886886898971,1,0,5.187360899988562
1000.0,highdim,5,FA,895.2311311310103,104.76886886898971,1,0,22.307766799989622
1000.0,highdim,5,PSO,-110.5884173236557,110.5884173236557,0,1,3.2151308999746107
1000.0,highdim,5,GA,-110.83298979933691,110.83298979933691,0,1,7.753432400000747
1000.0,highdim,5,ACO,895.2311311310103,104.76886886898971,1,0,5.823986799980048
1000.0,highdim,6,ABC,-113.1467418349957,113.1467418349957,0,1,5.686181399971247
1000.0,highdim,6,GWO,893.227298662363,106.772701337637,1,0,5.053443500015419
1000.0,highdim,6,FA,893.227298662363,106.772701337637,1,0,22.239637100021355
1000.0,highdim,6,PSO,-112.79333515422185,112.79333515422185,0,1,3.17670749995159
1000.0,highdim,6,GA,-113.21567638384596,113.21567638384596,0,1,7.838374300044961
1000.0,highdim,6,ACO,893.227298662363,106.772701337637,1,0,5.830603800015524
1000.0,highdim,7,ABC,-112.65765450758315,112.65765450758315,0,1,5.657165200042073
1000.0,highdim,7,GWO,890.9468876599781,109.0531123400219,1,0,5.067007799982093
1000.0,highdim,7,FA,890.9468876599781,109.0531123400219,1,0,22.312739599961787
1000.0,highdim,7,PSO,-108.98049248051488,108.98049248051488,0,1,3.193962199962698
1000.0,highdim,7,GA,-112.11282116516763,112.11282116516763,0,1,7.832206099992618
1000.0,highdim,7,ACO,890.9468876599781,109.0531123400219,1,0,5.816988799953833
1000.0,highdim,8,ABC,-103.8893080860415,103.8893080860415,0,1,5.677191000024322
1000.0,highdim,8,GWO,903.9746792367998,96.02532076320016,1,0,5.044518800044898
1000.0,highdim,8,FA,906.387331768052,93.61266823194791,1,0,9.52411729999585
1000.0,highdim,8,PSO,905.5959802395901,94.40401976040988,1,0,3.191281500039622
1000.0,highdim,8,GA,-103.62989129621194,103.62989129621194,0,1,8.286882499989588
1000.0,highdim,8,ACO,903.6548088707322,96.34519112926785,1,0,6.221993899962399
1000.0,highdim,9,ABC,-113.65117505216666,113.65117505216666,0,1,5.658532999979798
1000.0,highdim,9,GWO,885.9156589166921,114.08434108330788,1,0,5.105307799996808
1000.0,highdim,9,FA,884.4295423179566,115.57045768204337,1,0,9.392522000009194
1000.0,highdim,9,PSO,-113.58677936056041,113.58677936056041,0,1,3.183429899974726
1000.0,highdim,9,GA,-109.38461987051173,109.38461987051173,0,1,7.99696059996495
1000.0,highdim,9,ACO,885.9156589166921,114.08434108330788,1,0,6.600230899988674
1000.0,highdim,10,ABC,-113.6402323868472,113.6402323868472,0,1,6.253765099972952
1000.0,highdim,10,GWO,-102.00742345843513,102.00742345843513,0,1,5.683392400038429
1000.0,highdim,10,FA,-102.00742345843513,102.00742345843513,0,1,24.27089550002711
1000.0,highdim,10,PSO,-113.37590492420507,113.37590492420507,0,1,3.208566499990411
1000.0,highdim,10,GA,-113.64041106685123,113.64041106685123,0,1,7.719380100024864
1000.0,highdim,10,ACO,-106.51302907611698,106.51302907611698,0,1,5.895346699981019
1000.0,highdim,11,ABC,-109.5365224760946,109.5365224760946,0,1,5.661130100023001
1000.0,highdim,11,GWO,899.0318075422139,100.96819245778616,1,0,5.101801000011619
1000.0,highdim,11,FA,899.0318075422139,100.96819245778616,1,0,22.352027599990834
1000.0,highdim,11,PSO,-109.30288310106906,109.30288310106906,0,1,3.1998440999886952
1000.0,highdim,11,GA,-109.67545022460094,109.67545022460094,0,1,8.077144399983808
1000.0,highdim,11,ACO,899.0318075422139,100.96819245778616,1,0,6.0171077999984846
1000.0,highdim,12,ABC,-105.56972996568707,105.56972996568707,0,1,5.6120483000413515
1000.0,highdim,12,GWO,903.6635497345324,96.33645026546765,1,0,5.057587900024373
1000.0,highdim,12,FA,904.1034018304634,95.89659816953652,1,0,9.43132010003319
1000.0,highdim,12,PSO,-105.57478517351633,105.57478517351633,0,1,3.204415299987886
1000.0,highdim,12,GA,-106.01007208522776,106.01007208522776,0,1,7.746267200040165
1000.0,highdim,12,ACO,903.6612507298563,96.33874927014367,1,0,5.90493769996101
1000.0,highdim,13,ABC,-109.56361535600603,109.56361535600603,0,1,5.681271300010849
1000.0,highdim,13,GWO,-99.87271193272908,99.87271193272908,0,1,5.052980399981607
1000.0,highdim,13,FA,-99.87271193272908,99.87271193272908,0,1,22.319447799993213
1000.0,highdim,13,PSO,-109.54370526928793,109.54370526928793,0,1,3.185663500044029
1000.0,highdim,13,GA,-109.55406050343342,109.55406050343342,0,1,7.726319299952593
1000.0,highdim,13,ACO,-99.87271193272908,99.87271193272908,0,1,5.8460158000234514
1000.0,highdim,14,ABC,-96.63641460131859,96.63641460131859,0,1,5.623414399975445
1000.0,highdim,14,GWO,903.6639860318505,96.33601396814953,1,0,5.058970599959139
1000.0,highdim,14,FA,907.1095639073568,92.89043609264318,1,0,9.387196400028188
1000.0,highdim,14,PSO,905.5742884917803,94.42571150821966,1,0,3.2837598000187427
1000.0,highdim,14,GA,906.4799596682373,93.52004033176276,1,0,8.357747600006405
1000.0,highdim,14,ACO,903.6604200211135,96.3395799788865,1,0,5.954539500002284
1000.0,highdim,15,ABC,-111.00592029950919,111.00592029950919,0,1,5.69779980002204
1000.0,highdim,15,GWO,903.6659783987462,96.33402160125372,1,0,5.226411700015888
1000.0,highdim,15,FA,908.441608368011,91.55839163198897,1,0,10.174730699975044
1000.0,highdim,15,PSO,-110.90490707877927,110.90490707877927,0,1,3.2116317999898456
1000.0,highdim,15,GA,-108.59058794793606,108.59058794793606,0,1,7.902475300012156
1000.0,highdim,15,ACO,903.6512923310894,96.34870766891065,1,0,5.957630099961534
1000.0,highdim,16,ABC,-101.12980398926216,101.12980398926216,0,1,5.701011700031813
1000.0,highdim,16,GWO,904.0022193692796,95.99778063072046,1,0,5.0728509000036865
1000.0,highdim,16,FA,904.952148232,95.04785176800002,1,0,22.416344200028107
1000.0,highdim,16,PSO,896.2106129729243,103.78938702707563,1,0,3.212638099968899
1000.0,highdim,16,GA,896.2113684491737,103.78863155082621,1,0,7.979433199972846
1000.0,highdim,16,ACO,903.6482180147933,96.35178198520666,1,0,5.974709599977359
1000.0,highdim,17,ABC,-109.10775158832612,109.10775158832612,0,1,5.696561200020369
1000.0,highdim,17,GWO,903.6687643148736,96.3312356851264,1,0,5.0724717999692075
1000.0,highdim,17,FA,905.8329873787088,94.16701262129115,1,0,9.476640400011092
1000.0,highdim,17,PSO,-107.98245419071402,107.98245419071402,0,1,3.1984583999728784
1000.0,highdim,17,GA,-108.6187449400565,108.6187449400565,0,1,7.76930009998614
1000.0,highdim,17,ACO,903.6578255286682,96.34217447133172,1,0,5.931761100015137
1000.0,highdim,18,ABC,-104.08844972719535,104.08844972719535,0,1,5.711352300015278
1000.0,highdim,18,GWO,893.7002130644405,106.29978693555955,1,0,5.0644939999911
1000.0,highdim,18,FA,893.7002130644405,106.29978693555955,1,0,23.007663400028832
1000.0,highdim,18,PSO,888.7016049528969,111.29839504710306,1,0,3.2023289000499062
1000.0,highdim,18,GA,888.6542560961444,111.34574390385558,1,0,7.812373300024774
1000.0,highdim,18,ACO,893.7002130644405,106.29978693555955,1,0,5.834709699964151
1000.0,highdim,19,ABC,-115.40614342439966,115.40614342439966,0,1,5.664379499969073
1000.0,highdim,19,GWO,890.0988783398925,109.90112166010749,1,0,5.065081700042356
1000.0,highdim,19,FA,890.0988783398925,109.90112166010749,1,0,22.42834500002209
1000.0,highdim,19,PSO,-112.87994589394015,112.87994589394015,0,1,3.198090600024443
1000.0,highdim,19,GA,-115.5488183669785,115.5488183669785,0,1,8.536336099961773
1000.0,highdim,19,ACO,890.0988783398925,109.90112166010749,1,0,6.595926699985284
1000.0,highdim,20,ABC,-102.84066704623625,102.84066704623625,0,1,5.927437099977396
1000.0,highdim,20,GWO,903.9511327740886,96.04886722591135,1,0,5.043751899967901
1000.0,highdim,20,FA,905.9104187145056,94.08958128549439,1,0,9.42749620001996
1000.0,highdim,20,PSO,-106.61113575703664,106.61113575703664,0,1,3.1911718000192195
1000.0,highdim,20,GA,-106.69335605628444,106.69335605628444,0,1,7.806538400007412
1000.0,highdim,20,ACO,903.6593256052448,96.34067439475518,1,0,6.006098400044721
1000.0,highdim,21,ABC,-95.42506009610882,95.42506009610882,0,1,5.721519400016405
1000.0,highdim,21,GWO,903.6639296739681,96.33607032603183,1,0,5.084875100001227
1000.0,highdim,21,FA,1906.6551952168059,93.34480478319405,2,0,9.31293909996748
1000.0,highdim,21,PSO,906.4118961253889,93.58810387461102,1,0,3.2539279999909922
1000.0,highdim,21,GA,904.4757442603981,95.5242557396019,1,0,8.173229000007268
1000.0,highdim,21,ACO,903.6515760952622,96.3484239047378,1,0,6.005067300051451
1000.0,highdim,22,ABC,-106.4424897958569,106.4424897958569,0,1,5.602042499987874
1000.0,highdim,22,GWO,903.676282404609,96.32371759539105,1,0,5.07943800004432
1000.0,highdim,22,FA,906.8005090858223,93.19949091417762,1,0,9.404728900000919
1000.0,highdim,22,PSO,-102.92750537683176,102.92750537683176,0,1,3.2342685000039637
1000.0,highdim,22,GA,905.9773004822555,94.02269951774451,1,0,8.329186299990397
1000.0,highdim,22,ACO,903.6616310109359,96.33836898906404,1,0,5.964948400040157
1000.0,highdim,23,ABC,-95.00403473401741,95.00403473401741,0,1,5.745372399978805
1000.0,highdim,23,GWO,903.914789216246,96.08521078375398,1,0,5.588478600024246
1000.0,highdim,23,FA,906.1308881068171,93.86911189318285,1,0,10.660866799997166
1000.0,highdim,23,PSO,906.4118446083419,93.58815539165806,1,0,3.664235499978531
1000.0,highdim,23,GA,905.970132684683,94.02986731531696,1,0,9.143901500036009
1000.0,highdim,23,ACO,903.6594015006419,96.34059849935805,1,0,5.960192100028507
1000.0,highdim,24,ABC,-90.98806572739458,90.98806572739458,0,1,5.81607979995897
1000.0,highdim,24,GWO,903.6695662698914,96.3304337301086,1,0,5.153111799969338
1000.0,highdim,24,FA,911.8747032243621,88.12529677563789,1,0,31.087161400006153
1000.0,highdim,24,PSO,905.5787450749852,94.42125492501471,1,0,3.2023720999713987
1000.0,highdim,24,GA,905.5591387781433,94.44086122185668,1,0,8.285736399993766
1000.0,highdim,24,ACO,903.6621258585419,96.33787414145814,1,0,6.279879700043239
1000.0,highdim,25,ABC,-110.41800409694032,110.41800409694032,0,1,5.850934799993411
1000.0,highdim,25,GWO,897.7339101723977,102.26608982760226,1,0,5.034786000032909
1000.0,highdim,25,FA,-105.44046680899297,105.44046680899297,0,1,10.134168600023258
1000.0,highdim,25,PSO,-110.23503874593693,110.23503874593693,0,1,3.2395558999851346
1000.0,highdim,25,GA,-110.47338543731017,110.47338543731017,0,1,7.734557700052392
1000.0,highdim,25,ACO,897.7339101723977,102.26608982760226,1,0,5.928448499995284
1000.0,highdim,26,ABC,-105.04970578554048,105.04970578554048,0,1,5.702326900034677
1000.0,highdim,26,GWO,903.6655898467955,96.3344101532046,1,0,5.062884300015867
1000.0,highdim,26,FA,904.57968909579,95.42031090421,1,0,9.543891100038309
1000.0,highdim,26,PSO,-105.44521848601109,105.44521848601109,0,1,3.19219550001435
1000.0,highdim,26,GA,-104.56156052915227,104.56156052915227,0,1,8.048046300013084
1000.0,highdim,26,ACO,902.7513943608279,97.24860563917203,1,0,6.260196099989116
1000.0,highdim,27,ABC,-97.94702652768783,97.94702652768783,0,1,5.675908699980937
1000.0,highdim,27,GWO,903.6657952637125,96.33420473628746,1,0,5.089728799997829
1000.0,highdim,27,FA,1906.3420110244674,93.65798897553248,2,0,9.237502400006633
1000.0,highdim,27,PSO,905.0285976850828,94.97140231491716,1,0,3.1804333999753
1000.0,highdim,27,GA,904.4545923238553,95.5454076761447,1,0,8.110172700020485
1000.0,highdim,27,ACO,903.6555010857635,96.34449891423645,1,0,5.930040299950633
1000.0,highdim,28,ABC,-108.23543668032715,108.23543668032715,0,1,5.586356899992097
1000.0,highdim,28,GWO,901.3359357566878,98.66406424331218,1,0,5.1116898999898694
1000.0,highdim,28,FA,901.3359357566878,98.66406424331218,1,0,22.876598200004082
1000.0,highdim,28,PSO,-107.53131791403837,107.53131791403837,0,1,3.2018389000440948
1000.0,highdim,28,GA,-108.18162406330657,108.18162406330657,0,1,7.973532999982126
1000.0,highdim,28,ACO,901.3359357566878,98.66406424331218,1,0,5.852983199991286
1000.0,highdim,29,ABC,-107.94074658636836,107.94074658636836,0,1,5.645593199995346
1000.0,highdim,29,GWO,903.9161084964002,96.08389150359983,1,0,5.078481399978045
1000.0,highdim,29,FA,905.7040274635181,94.29597253648195,1,0,9.510579399997368
1000.0,highdim,29,PSO,-106.72974510238566,106.72974510238566,0,1,3.2191206000279635
1000.0,highdim,29,GA,-106.964551461507,106.964551461507,0,1,8.028897500014864
1000.0,highdim,29,ACO,903.9197739781108,96.0802260218892,1,0,6.654509700019844
10000.0,base,0,ABC,-116.089583865813,116.089583865813,0,1,4.414803100051358
10000.0,base,0,GWO,-104.97267187183058,104.97267187183058,0,1,3.7723823999986053
10000.0,base,0,FA,-114.92840826490406,114.92840826490406,0,1,9.085469600046054
10000.0,base,0,PSO,-115.69578488702875,115.69578488702875,0,1,2.129561999987345
10000.0,base,0,GA,-116.0425241148285,116.0425241148285,0,1,4.419988300011028
10000.0,base,0,ACO,-109.98251756921051,109.98251756921051,0,1,3.96310250001261
10000.0,base,1,ABC,-110.2911746823488,110.2911746823488,0,1,4.097594699996989
10000.0,base,1,GWO,-104.26400790478885,104.26400790478885,0,1,3.381334599980619
10000.0,base,1,FA,-110.27444988515802,110.27444988515802,0,1,8.557954800024163
10000.0,base,1,PSO,-109.4928212645697,109.4928212645697,0,1,2.1229447000077926
10000.0,base,1,GA,-110.25584715437682,110.25584715437682,0,1,4.262495299975853
10000.0,base,1,ACO,-109.84381488726756,109.84381488726756,0,1,3.9237349000177346
10000.0,base,2,ABC,-110.0806252409229,110.0806252409229,0,1,3.88239220000105
10000.0,base,2,GWO,-94.16274207877862,94.16274207877862,0,1,3.4667602999834344
10000.0,base,2,FA,-107.96115962590792,107.96115962590792,0,1,8.652851600025315
10000.0,base,2,PSO,-109.95589724018733,109.95589724018733,0,1,2.170420099981129
10000.0,base,2,GA,-110.14477549787739,110.14477549787739,0,1,4.41019150003558
10000.0,base,2,ACO,-110.1820682126521,110.1820682126521,0,1,4.2982282000011764
10000.0,base,3,ABC,-111.216496316887,111.216496316887,0,1,3.897644600016065
10000.0,base,3,GWO,-111.37045551922199,111.37045551922199,0,1,3.6358199999667704
10000.0,base,3,FA,-111.08706567079118,111.08706567079118,0,1,9.649937200010754
10000.0,base,3,PSO,-111.5633984566664,111.5633984566664,0,1,2.4265798999695107
10000.0,base,3,GA,-111.48029720215757,111.48029720215757,0,1,4.822955100040417
10000.0,base,3,ACO,-111.56332951505343,111.56332951505343,0,1,4.391029399994295
10000.0,base,4,ABC,-100.8778717301618,100.8778717301618,0,1,3.9682495999732055
10000.0,base,4,GWO,9903.704709060903,96.2952909390971,1,0,3.398865499999374
10000.0,base,4,FA,9899.119800427974,100.88019957202567,1,0,15.904363899957389
10000.0,base,4,PSO,9906.081306774135,93.91869322586463,1,0,2.1207483000471257
10000.0,base,4,GA,9904.950339880199,95.04966011980018,1,0,4.601838600006886
10000.0,base,4,ACO,9903.65476578792,96.3452342120793,1,0,3.898220900038723
10000.0,base,5,ABC,-101.40558133980127,101.40558133980127,0,1,3.88588959997287
10000.0,base,5,GWO,9903.665730559116,96.3342694408838,1,0,3.4662383000249974
10000.0,base,5,FA,9905.029609784255,94.97039021574467,1,0,7.679342999996152
10000.0,base,5,PSO,-101.81071357813194,101.81071357813194,0,1,2.13691880000988
10000.0,base,5,GA,9895.899914421312,104.10008557868773,1,0,4.357143000001088
10000.0,base,5,ACO,9903.632836721456,96.36716327854363,1,0,3.8939194999984466
10000.0,base,6,ABC,-103.05497338501526,103.05497338501526,0,1,3.8682724999962375
10000.0,base,6,GWO,-90.15111253776487,90.15111253776487,0,1,3.4193999000126496
10000.0,base,6,FA,9907.211972188461,92.78802781153824,1,0,7.806872000044677
10000.0,base,6,PSO,-102.27440202846998,102.27440202846998,0,1,2.139417099999264
10000.0,base,6,GA,9904.370440219025,95.62955978097482,1,0,4.486734999984037
10000.0,base,6,ACO,9903.647211623522,96.35278837647738,1,0,3.9086109999916516
10000.0,base,7,ABC,-115.33316326934991,115.33316326934991,0,1,3.880335699999705
10000.0,base,7,GWO,9888.996686294946,111.00331370505387,1,0,3.4075171999866143
10000.0,base,7,FA,-112.46366037216222,112.46366037216222,0,1,8.615508900023997
10000.0,base,7,PSO,-115.39862772574992,115.39862772574992,0,1,2.145488200010732
10000.0,base,7,GA,-115.27562823469651,115.27562823469651,0,1,4.448417600011453
10000.0,base,7,ACO,-115.40123914761472,115.40123914761472,0,1,4.156474299961701
10000.0,base,8,ABC,-111.381056773938,111.381056773938,0,1,4.00924159999704
10000.0,base,8,GWO,9895.203372682103,104.79662731789686,1,0,3.3913929000264034
10000.0,base,8,FA,9895.201659158254,104.79834084174503,1,0,8.847401299979538
10000.0,base,8,PSO,-111.38344741638251,111.38344741638251,0,1,2.230586100020446
10000.0,base,8,GA,-111.38316782725296,111.38316782725296,0,1,4.525661599996965
10000.0,base,8,ACO,-110.69745982256792,110.69745982256792,0,1,4.072712900000624
10000.0,base,9,ABC,-107.68464479456588,107.68464479456588,0,1,4.010490900021978
10000.0,base,9,GWO,-93.45732852724332,93.45732852724332,0,1,3.5193625999963842
10000.0,base,9,FA,-108.70860269919373,108.70860269919373,0,1,8.752387599961367
10000.0,base,9,PSO,-103.89233959752363,103.89233959752363,0,1,2.155179599998519
10000.0,base,9,GA,-108.5301703592985,108.5301703592985,0,1,4.334908200020436
10000.0,base,9,ACO,-103.89233959752357,103.89233959752357,0,1,3.8677739999839105
10000.0,base,10,ABC,-95.80412200186976,95.80412200186976,0,1,3.7923883999465033
10000.0,base,10,GWO,9903.664288099731,96.33571190026805,1,0,3.391399000014644
10000.0,base,10,FA,9907.773954996359,92.22604500364028,1,0,7.878051299951039
10000.0,base,10,PSO,-96.4300877934452,96.4300877934452,0,1,2.1476624000351876
10000.0,base,10,GA,9906.086283044624,93.91371695537607,1,0,4.512933999998495
10000.0,base,10,ACO,9903.577560954462,96.42243904553752,1,0,3.9209280000068247
10000.0,base,11,ABC,-110.02778283762076,110.02778283762076,0,1,3.9456446999683976
10000.0,base,11,GWO,-93.9711980627969,93.9711980627969,0,1,3.4328224000055343
10000.0,base,11,FA,-108.31749988692907,108.31749988692907,0,1,8.59825899999123
10000.0,base,11,PSO,-108.33419109813511,108.33419109813511,0,1,2.132379700022284
10000.0,base,11,GA,-109.92151076418045,109.92151076418045,0,1,4.327868800028227
10000.0,base,11,ACO,-110.06693447291103,110.06693447291103,0,1,3.894761900010053
10000.0,base,12,ABC,-96.776574149188,96.776574149188,0,1,3.8773389999987558
10000.0,base,12,GWO,9903.663986386608,96.33601361339214,1,0,3.410851399996318
10000.0,base,12,FA,9906.717162250074,93.28283774992543,1,0,7.689648700004909
10000.0,base,12,PSO,-99.42783512967017,99.42783512967017,0,1,2.15064359997632
10000.0,base,12,GA,-99.40208088245939,99.40208088245939,0,1,4.2882230000104755
10000.0,base,12,ACO,9903.661584722879,96.33841527712049,1,0,3.9121483999770135
10000.0,base,13,ABC,9903.658464937149,96.34153506285102,1,0,3.9842593999928795
10000.0,base,13,GWO,9903.665339825686,96.33466017431488,1,0,3.615008900000248
10000.0,base,13,FA,9905.809942945505,94.19005705449409,1,0,7.848326999985147
10000.0,base,13,PSO,19905.369894720978,94.63010527902115,2,0,2.161300099978689
10000.0,base,13,GA,9904.493284452557,95.50671554744181,1,0,4.485993200039957
10000.0,base,13,ACO,9903.659554695345,96.34044530465421,1,0,3.904502399964258
10000.0,base,14,ABC,-94.58955334220978,94.58955334220978,0,1,3.836734800017439
10000.0,base,14,GWO,9903.671849650675,96.32815034932511,1,0,3.433999800006859
10000.0,base,14,FA,9905.902568658486,94.09743134151282,1,0,7.721240699989721
10000.0,base,14,PSO,9904.146006424211,95.85399357578832,1,0,2.1283267000108026
10000.0,base,14,GA,-94.9768166022968,94.9768166022968,0,1,4.4397799000144005
10000.0,base,14,ACO,9903.656955004344,96.34304499565503,1,0,3.8606789999757893
10000.0,base,15,ABC,-112.77892642875136,112.77892642875136,0,1,3.7927379999891855
10000.0,base,15,GWO,9894.01124705031,105.98875294968975,1,0,3.4142945000203326
10000.0,base,15,FA,9894.01124705031,105.98875294968975,1,0,15.847285299969371
10000.0,base,15,PSO,-110.00162305425106,110.00162305425106,0,1,2.1824829999823123
10000.0,base,15,GA,9886.14652733643,113.8534726635691,1,0,4.590697000036016
10000.0,base,15,ACO,-112.86492625067861,112.86492625067861,0,1,4.16008870000951
10000.0,base,16,ABC,-109.47902957491291,109.47902957491291,0,1,3.896512100007385
10000.0,base,16,GWO,9903.664832831517,96.33516716848374,1,0,3.4011688999598846
10000.0,base,16,FA,-109.37351196351764,109.37351196351764,0,1,8.650225799996406
10000.0,base,16,PSO,-107.28618831434416,107.28618831434416,0,1,2.139448200003244
10000.0,base,16,GA,-107.28367004614636,107.28367004614636,0,1,4.389974099991377
10000.0,base,16,ACO,9903.658844853853,96.34115514614642,1,0,3.8779613999649882
10000.0,base,17,ABC,-110.142004639178,110.142004639178,0,1,3.8352682000258937
10000.0,base,17,GWO,-90.01484107825038,90.01484107825038,0,1,3.4207065000082366
10000.0,base,17,FA,-109.23224984802586,109.23224984802586,0,1,8.640419100003783
10000.0,base,17,PSO,-111.30791333811968,111.30791333811968,0,1,2.1747235000366345
10000.0,base,17,GA,-111.30937764630337,111.30937764630337,0,1,4.353906400036067
10000.0,base,17,ACO,-104.75798600154711,104.75798600154711,0,1,4.027781800017692
10000.0,base,18,ABC,-115.10294550665569,115.10294550665569,0,1,3.8194453999749385
10000.0,base,18,GWO,-115.16464014825732,115.16464014825732,0,1,3.4249514999683015
10000.0,base,18,FA,9891.277659964277,108.72234003572254,1,0,15.92930920002982
10000.0,base,18,PSO,-113.35886250977461,113.35886250977461,0,1,2.1412048999918625
10000.0,base,18,GA,-115.16431246634203,115.16431246634203,0,1,4.297769900003914
10000.0,base,18,ACO,-115.15426549600849,115.15426549600849,0,1,3.8830669000162743
10000.0,base,19,ABC,-104.65771149093838,104.65771149093838,0,1,3.88963310001418
10000.0,base,19,GWO,9903.669501584895,96.33049841510507,1,0,3.4053141999756917
10000.0,base,19,FA,9907.975701100782,92.02429889921711,1,0,7.729867200017907
10000.0,base,19,PSO,-104.91399598873957,104.91399598873957,0,1,2.2189418000052683
10000.0,base,19,GA,-104.8874370868353,104.8874370868353,0,1,4.667481999960728
10000.0,base,19,ACO,9903.662121187564,96.33787881243504,1,0,3.9624370000092313
10000.0,base,20,ABC,-110.46231003326997,110.46231003326997,0,1,4.036033599986695
10000.0,base,20,GWO,-101.5651613329177,101.5651613329177,0,1,3.425443499989342
10000.0,base,20,FA,-109.54613594731202,109.54613594731202,0,1,8.685762399982195
10000.0,base,20,PSO,-110.09369703941445,110.09369703941445,0,1,2.133973399992101
10000.0,base,20,GA,-110.58191414460966,110.58191414460966,0,1,4.544436299998779
10000.0,base,20,ACO,-110.09602822484113,110.09602822484113,0,1,3.872622399998363
10000.0,base,21,ABC,-107.41337633907328,107.41337633907328,0,1,3.8236435999860987
10000.0,base,21,GWO,9903.622984960466,96.37701503953382,1,0,3.4816390000050887
10000.0,base,21,FA,-98.50485183638301,98.50485183638301,0,1,8.976588699966669
10000.0,base,21,PSO,-107.45956520812106,107.45956520812106,0,1,2.3916574000031687
10000.0,base,21,GA,-107.4488151466131,107.4488151466131,0,1,4.74615800002357
10000.0,base,21,ACO,9903.615658234532,96.38434176546777,1,0,4.3679123999900185
10000.0,base,22,ABC,-114.93877309221035,114.93877309221035,0,1,4.306522500002757
10000.0,base,22,GWO,-107.36593736878602,107.36593736878602,0,1,3.809347299975343
10000.0,base,22,FA,-110.89508331909697,110.89508331909697,0,1,9.472081699990667
10000.0,base,22,PSO,-114.95584203191595,114.95584203191595,0,1,2.4189560000086203
10000.0,base,22,GA,-114.78105364282628,114.78105364282628,0,1,4.836932200007141
10000.0,base,22,ACO,-115.04469514715673,115.04469514715673,0,1,4.351985800021794
10000.0,base,23,ABC,-97.53263398128834,97.53263398128834,0,1,4.199962500017136
10000.0,base,23,GWO,9903.906798937842,96.0932010621578,1,0,3.7071451999945566
10000.0,base,23,FA,9904.298408378585,95.70159162141422,1,0,7.666202099993825
10000.0,base,23,PSO,9904.17903642366,95.82096357633876,1,0,2.123724500008393
10000.0,base,23,GA,9904.675014252654,95.32498574734484,1,0,4.353557299997192
10000.0,base,23,ACO,9903.661299705362,96.33870029463743,1,0,3.8594356000539847
10000.0,base,24,ABC,9903.660457467771,96.33954253222824,1,0,3.837292800017167
10000.0,base,24,GWO,9903.666314554313,96.33368544568738,1,0,3.392311800038442
10000.0,base,24,FA,9905.42238682276,94.57761317723929,1,0,7.698679599969182
10000.0,base,24,PSO,-91.69175728754612,91.69175728754612,0,1,2.1321089999983087
10000.0,base,24,GA,9903.697546808886,96.30245319111333,1,0,4.562813399999868
10000.0,base,24,ACO,9903.662120120867,96.33787987913185,1,0,3.8975680000148714
10000.0,base,25,ABC,-100.65588597603784,100.65588597603784,0,1,3.853179099969566
10000.0,base,25,GWO,9903.665535153163,96.33446484683788,1,0,3.4037108999909833
10000.0,base,25,FA,9892.894601212074,107.10539878792615,1,0,7.475228399969637
10000.0,base,25,PSO,9893.37485998426,106.62514001573894,1,0,2.146784899989143
10000.0,base,25,GA,9892.841377327313,107.15862267268719,1,0,4.362567099975422
10000.0,base,25,ACO,9903.661146445995,96.33885355400446,1,0,3.908195399970282
10000.0,base,26,ABC,-107.63102656476788,107.63102656476788,0,1,3.887923500034958
10000.0,base,26,GWO,9898.172983279901,101.82701672009874,1,0,3.4539286000072025
10000.0,base,26,FA,-105.28685585776569,105.28685585776569,0,1,8.718619999999646
10000.0,base,26,PSO,-107.78567913879681,107.78567913879681,0,1,2.144003599998541
10000.0,base,26,GA,-107.40128770609117,107.40128770609117,0,1,4.368824300006963
10000.0,base,26,ACO,-107.7852831223009,107.7852831223009,0,1,3.8669431999442168
10000.0,base,27,ABC,-108.50722133010268,108.50722133010268,0,1,3.810064200020861
10000.0,base,27,GWO,9892.184398293939,107.81560170606177,1,0,3.394660899997689
10000.0,base,27,FA,-103.19822003963591,103.19822003963591,0,1,8.49933909997344
10000.0,base,27,PSO,-108.78390241427641,108.78390241427641,0,1,2.1380867999978364
10000.0,base,27,GA,-109.10854172169157,109.10854172169157,0,1,4.391725499997847
10000.0,base,27,ACO,-109.12546604146164,109.12546604146164,0,1,3.867670400009956
10000.0,base,28,ABC,-116.22441509058737,116.22441509058737,0,1,3.867590799985919
10000.0,base,28,GWO,-116.16992218273151,116.16992218273151,0,1,3.4157514999969862
10000.0,base,28,FA,-116.21838341125999,116.21838341125999,0,1,8.457479900040198
10000.0,base,28,PSO,-115.25967292285958,115.25967292285958,0,1,2.1571301000076346
10000.0,base,28,GA,-116.17616411655972,116.17616411655972,0,1,4.413996700022835
10000.0,base,28,ACO,-115.62002178374462,115.62002178374462,0,1,3.9416618999675848
10000.0,base,29,ABC,-99.3989085792219,99.3989085792219,0,1,3.843995100003667
10000.0,base,29,GWO,9903.862656166588,96.13734383341301,1,0,3.4056880999705754
10000.0,base,29,FA,9906.106295111284,93.89370488871569,1,0,7.725231699994765
10000.0,base,29,PSO,9904.937792700825,95.06220729917476,1,0,2.1150366000365466
10000.0,base,29,GA,-95.7870774668046,95.7870774668046,0,1,4.311235999979544
10000.0,base,29,ACO,9903.660843855247,96.33915614475282,1,0,3.8846685999887995
10000.0,hard,0,ABC,-106.58187618312436,106.58187618312436,0,1,3.8314914000220597
10000.0,hard,0,GWO,9890.7716066717,109.22839332829895,1,0,3.41526929999236
10000.0,hard,0,FA,9886.151399700626,113.84860029937337,1,0,7.5899159999680705
10000.0,hard,0,PSO,9886.08051733984,113.91948266015886,1,0,2.142254900012631
10000.0,hard,0,GA,9886.082621308113,113.91737869188731,1,0,4.376495499978773
10000.0,hard,0,ACO,9887.983705275556,112.01629472444496,1,0,3.8778466999647208
10000.0,hard,1,ABC,9901.404519183836,98.59548081616394,1,0,3.8930832000332884
10000.0,hard,1,GWO,19904.31777475226,95.68222524773903,2,0,3.3994485000148416
10000.0,hard,1,FA,19906.279747982288,93.72025201771136,2,0,7.580088999995496
10000.0,hard,1,PSO,19904.299852231532,95.70014776846696,2,0,2.155602499959059
10000.0,hard,1,GA,19905.295101369873,94.70489863012818,2,0,4.675274899986107
10000.0,hard,1,ACO,19904.29361581883,95.70638418116694,2,0,3.902454500028398
10000.0,hard,2,ABC,19902.80411557032,97.19588442967907,2,0,3.817092099983711
10000.0,hard,2,GWO,19904.325823030085,95.67417696991427,2,0,3.388680199976079
10000.0,hard,2,FA,19902.82511760386,97.17488239613797,2,0,7.324727199971676
10000.0,hard,2,PSO,19902.749190595452,97.25080940454625,2,0,2.127940399979707
10000.0,hard,2,GA,19902.755827853267,97.24417214673237,2,0,4.300105199974496
10000.0,hard,2,ACO,19904.31880188414,95.68119811585898,2,0,3.876892999978736
10000.0,hard,3,ABC,-106.78488056594686,106.78488056594686,0,1,3.825618200004101
10000.0,hard,3,GWO,19893.219422600512,106.78057739948885,2,0,3.428330399969127
10000.0,hard,3,FA,-107.2188773713596,107.2188773713596,0,1,8.596669199992903
10000.0,hard,3,PSO,9891.055881729664,108.94411827033564,1,0,2.184522300027311
10000.0,hard,3,GA,9890.952057545388,109.04794245461169,1,0,4.4003153999801725
10000.0,hard,3,ACO,-107.65540630800652,107.65540630800652,0,1,3.8809659999678843
10000.0,hard,4,ABC,9898.371454579816,101.6285454201852,1,0,3.9069792999653146
10000.0,hard,4,GWO,19897.21684622429,102.78315377571006,2,0,3.7648994000046514
10000.0,hard,4,FA,19892.68705248408,107.31294751591692,2,0,8.007709300029092
10000.0,hard,4,PSO,19893.52501184624,106.47498815375931,2,0,2.18398640002124
10000.0,hard,4,GA,9897.472898164213,102.52710183578756,1,0,4.406129700015299
10000.0,hard,4,ACO,19897.21684622429,102.78315377571006,2,0,3.9250911999843083
10000.0,hard,5,ABC,-107.07875996154588,107.07875996154588,0,1,3.892325799970422
10000.0,hard,5,GWO,19904.321117937074,95.67888206292506,2,0,3.410394600010477
10000.0,hard,5,FA,19906.81276205131,93.187237948687,2,0,7.531711400020868
10000.0,hard,5,PSO,-107.53198351394096,107.53198351394096,0,1,2.1411075000069104
10000.0,hard,5,GA,-106.34287329848173,106.34287329848173,0,1,4.382455900020432
10000.0,hard,5,ACO,19904.318895571396,95.68110442860242,2,0,3.8930290000280365
10000.0,hard,6,ABC,9888.444544157284,111.55545584271566,1,0,3.8382880999706686
10000.0,hard,6,GWO,19889.8512326691,110.14876733089834,2,0,3.388382300036028
10000.0,hard,6,FA,9889.552029087243,110.44797091275677,1,0,7.5666835000156425
10000.0,hard,6,PSO,9887.55713476375,112.44286523624912,1,0,2.149300699995365
10000.0,hard,6,GA,9887.713378283668,112.28662171633232,1,0,4.489166799990926
10000.0,hard,6,ACO,9886.782087956608,113.21791204339219,1,0,3.9359200000180863
10000.0,hard,7,ABC,19904.319734870267,95.68026512973405,2,0,4.019413499976508
10000.0,hard,7,GWO,19904.32288931711,95.67711068288813,2,0,3.586932300007902
10000.0,hard,7,FA,19906.37581350303,93.62418649696912,2,0,7.663233799976297
10000.0,hard,7,PSO,19905.362751714205,94.63724828579383,2,0,2.1348383000004105
10000.0,hard,7,GA,19905.227817601175,94.77218239882335,2,0,4.591484899981879
10000.0,hard,7,ACO,19904.31917369828,95.68082630171821,2,0,3.908581600000616
10000.0,hard,8,ABC,9887.713013067632,112.28698693236726,1,0,3.8380374999833293
10000.0,hard,8,GWO,9893.182012874988,106.81798712501208,1,0,3.416533899959177
10000.0,hard,8,FA,9889.712260488814,110.28773951118664,1,0,7.4094612000044435
10000.0,hard,8,PSO,9887.68082599528,112.31917400472014,1,0,2.1317106000497006
10000.0,hard,8,GA,9887.685834075075,112.31416592492421,1,0,4.41893699998036
10000.0,hard,8,ACO,-101.35824690250733,101.35824690250733,0,1,3.8736104000126943
10000.0,hard,9,ABC,-103.54687034773343,103.54687034773343,0,1,3.828686899971217
10000.0,hard,9,GWO,19904.328146038995,95.67185396100359,2,0,3.412469500035513
10000.0,hard,9,FA,19904.64150557493,95.3584944250679,2,0,7.379369400034193
10000.0,hard,9,PSO,-103.63658016442845,103.63658016442845,0,1,2.1387738000485115
10000.0,hard,9,GA,-103.62741185712193,103.62741185712193,0,1,4.396916099998634
10000.0,hard,9,ACO,-102.78454028093549,102.78454028093549,0,1,3.970936699945014
10000.0,hard,10,ABC,-116.94666068072192,116.94666068072192,0,1,3.9499339999747463
10000.0,hard,10,GWO,9887.635952865068,112.3640471349313,1,0,3.426468299992848
10000.0,hard,10,FA,-116.92312330885386,116.92312330885386,0,1,8.647958400018979
10000.0,hard,10,PSO,-116.95103712192723,116.95103712192723,0,1,2.146668800036423
10000.0,hard,10,GA,-116.92539256343109,116.92539256343109,0,1,4.323738200007938
10000.0,hard,10,ACO,-116.95189930008748,116.95189930008748,0,1,3.8677919000037946
10000.0,hard,11,ABC,-106.99100886199876,106.99100886199876,0,1,3.8225153000093997
10000.0,hard,11,GWO,9883.63460561423,116.36539438576969,1,0,3.4469827999710105
10000.0,hard,11,FA,9883.513220141938,116.4867798580609,1,0,7.628747700015083
10000.0,hard,11,PSO,9883.71687390726,116.28312609273885,1,0,2.154712699993979
10000.0,hard,11,GA,9883.520622300342,116.47937769965749,1,0,4.329599599994253
10000.0,hard,11,ACO,9883.478737554127,116.52126244587225,1,0,3.89398519997485
10000.0,hard,12,ABC,9902.243094454352,97.75690554564801,1,0,3.869539999985136
10000.0,hard,12,GWO,19904.326141585316,95.67385841468362,2,0,3.4875214000348933
10000.0,hard,12,FA,19906.46893532925,93.53106467074967,2,0,7.525368900038302
10000.0,hard,12,PSO,19900.188180374433,99.8118196255675,2,0,2.167095099983271
10000.0,hard,12,GA,19904.340174552814,95.65982544718489,2,0,4.627906600013375
10000.0,hard,12,ACO,19904.317742052175,95.68225794782353,2,0,4.024643300042953
10000.0,hard,13,ABC,-105.51504483512281,105.51504483512281,0,1,3.8799790000193752
10000.0,hard,13,GWO,9907.367975709078,92.63202429092199,1,0,3.4320244999835268
10000.0,hard,13,FA,9905.618946238934,94.38105376106557,1,0,7.686800099967513
10000.0,hard,13,PSO,9893.579393953834,106.4206060461658,1,0,2.1230953999911435
10000.0,hard,13,GA,-105.5232023582451,105.5232023582451,0,1,4.34674000000814
10000.0,hard,13,ACO,19904.30533125651,95.6946687434884,2,0,3.9214047000277787
10000.0,hard,14,ABC,-110.92339769710091,110.92339769710091,0,1,3.8714946000254713
10000.0,hard,14,GWO,19892.081098649207,107.91890135079143,2,0,3.416294700000435
10000.0,hard,14,FA,-111.08697558185976,111.08697558185976,0,1,8.495753000024706
10000.0,hard,14,PSO,-111.2815245904908,111.2815245904908,0,1,2.213824199978262
10000.0,hard,14,GA,-111.14346422811974,111.14346422811974,0,1,4.431459800049197
10000.0,hard,14,ACO,19892.081098649207,107.91890135079143,2,0,3.8849355000420474
10000.0,hard,15,ABC,-100.32634588489766,100.32634588489766,0,1,3.914712800004054
10000.0,hard,15,GWO,-105.55615607015929,105.55615607015929,0,1,3.4513318999670446
10000.0,hard,15,FA,-109.60221899431683,109.60221899431683,0,1,9.02388280001469
10000.0,hard,15,PSO,9882.828315909499,117.17168409050134,1,0,2.1709779999800958
10000.0,hard,15,GA,9883.381626672768,116.61837332723184,1,0,4.4689425000105985
10000.0,hard,15,ACO,-114.13433854393914,114.13433854393914,0,1,3.966630399983842
10000.0,hard,16,ABC,-102.732830607493,102.732830607493,0,1,3.966321900021285
10000.0,hard,16,GWO,19903.404947461913,96.59505253808848,2,0,3.5326018999912776
10000.0,hard,16,FA,19906.20990910927,93.7900908907285,2,0,7.5907357999822125
10000.0,hard,16,PSO,19900.075884866877,99.92411513312226,2,0,2.1896721000084653
10000.0,hard,16,GA,9906.416062551622,93.58393744837771,1,0,4.439029500004835
10000.0,hard,16,ACO,9905.157099535676,94.84290046432432,1,0,3.912847100000363
10000.0,hard,17,ABC,-111.64815796478128,111.64815796478128,0,1,3.793351700005587
10000.0,hard,17,GWO,-105.34762674474277,105.34762674474277,0,1,3.4126192000112496
10000.0,hard,17,FA,-111.5758655334518,111.5758655334518,0,1,8.776498300023377
10000.0,hard,17,PSO,-111.65058265814375,111.65058265814375,0,1,2.1578746999730356
10000.0,hard,17,GA,-111.66273214306622,111.66273214306622,0,1,4.308497899968643
10000.0,hard,17,ACO,-108.27391447779242,108.27391447779242,0,1,3.9051765999756753
10000.0,hard,18,ABC,9899.05541931027,100.94458068972888,1,0,3.8624682999798097
10000.0,hard,18,GWO,19904.325205668636,95.67479433136376,2,0,3.4626644999952987
10000.0,hard,18,FA,19905.389132232114,94.61086776788734,2,0,8.96472609997727
10000.0,hard,18,PSO,19897.474863952008,102.52513604799378,2,0,2.1333039000164717
10000.0,hard,18,GA,9898.63286246195,101.36713753805032,1,0,4.485758900002111
10000.0,hard,18,ACO,19904.264693129073,95.7353068709256,2,0,3.9263252000091597
10000.0,hard,19,ABC,-107.8754310393761,107.8754310393761,0,1,3.882242600026075
10000.0,hard,19,GWO,19896.396714980405,103.60328501959548,2,0,3.4769021999672987
10000.0,hard,19,FA,9887.589294813102,112.41070518689693,1,0,7.642935499956366
10000.0,hard,19,PSO,9887.791811791161,112.20818820883787,1,0,2.1728803999722004
10000.0,hard,19,GA,-110.09817518072077,110.09817518072077,0,1,4.322821499954443
10000.0,hard,19,ACO,-110.11603054887281,110.11603054887281,0,1,3.9933694999781437
10000.0,hard,20,ABC,9899.332422891408,100.66757710859244,1,0,3.951086800021585
10000.0,hard,20,GWO,19903.562595769665,96.4374042303363,2,0,3.414974999963306
10000.0,hard,20,FA,19903.562595769665,96.4374042303363,2,0,16.435673400002997
10000.0,hard,20,PSO,9898.773460478198,101.22653952180208,1,0,2.3949053999967873
10000.0,hard,20,GA,9897.842187287473,102.1578127125268,1,0,4.956674600020051
10000.0,hard,20,ACO,9898.900860081769,101.09913991823163,1,0,4.368409999995492
10000.0,hard,21,ABC,-114.44494099418822,114.44494099418822,0,1,4.274555999960285
10000.0,hard,21,GWO,-109.26721604287931,109.26721604287931,0,1,3.8186312000034377
10000.0,hard,21,FA,-114.67800485451082,114.67800485451082,0,1,9.030306600034237
10000.0,hard,21,PSO,-114.8112946965536,114.8112946965536,0,1,2.144579999963753
10000.0,hard,21,GA,-114.6592331939099,114.6592331939099,0,1,4.3344812000286765
10000.0,hard,21,ACO,-114.7557930028782,114.7557930028782,0,1,3.8559055000077933
10000.0,hard,22,ABC,9906.685093914317,93.31490608568242,1,0,3.7761419999878854
10000.0,hard,22,GWO,19904.332129470244,95.6678705297558,2,0,3.388503599970136
10000.0,hard,22,FA,19907.29174278468,92.70825721531776,2,0,7.471929299994372
10000.0,hard,22,PSO,19906.504320520035,93.49567947996411,2,0,2.1450025999802165
10000.0,hard,22,GA,19907.729441785872,92.27055821412706,2,0,4.391749200003687
10000.0,hard,22,ACO,19904.317796531814,95.68220346818454,2,0,3.911551299970597
10000.0,hard,23,ABC,-99.93068326648665,99.93068326648665,0,1,3.829041299992241
10000.0,hard,23,GWO,19904.327702721654,95.67229727834693,2,0,3.417496400012169
10000.0,hard,23,FA,19905.204096107685,94.79590389231537,2,0,7.428167500009295
10000.0,hard,23,PSO,9896.22885002272,103.7711499772792,1,0,2.2511437999783084
10000.0,hard,23,GA,9896.30634952964,103.6936504703605,1,0,4.527524899982382
10000.0,hard,23,ACO,19904.296044764105,95.70395523589305,2,0,3.914682600006927
10000.0,hard,24,ABC,19898.616189547145,101.38381045285429,2,0,3.8270856000017375
10000.0,hard,24,GWO,19904.326143252434,95.67385674756528,2,0,3.4554157000384293
10000.0,hard,24,FA,19903.39647676329,96.6035232367093,2,0,8.041131699981634
10000.0,hard,24,PSO,19898.575320154465,101.42467984553635,2,0,2.1650684000342153
10000.0,hard,24,GA,19898.57520724152,101.42479275847838,2,0,4.352335900010075
10000.0,hard,24,ACO,19904.319187621844,95.68081237815424,2,0,3.955385599983856
10000.0,hard,25,ABC,9901.049750930912,98.950249069089,1,0,3.903545299952384
10000.0,hard,25,GWO,19904.28876123425,95.71123876575118,2,0,3.4355563000426628
10000.0,hard,25,FA,19907.069023169825,92.93097683017375,2,0,7.710332999995444
10000.0,hard,25,PSO,19898.56125866733,101.4387413326679,2,0,2.1273082999978215
10000.0,hard,25,GA,9900.895031266908,99.10496873309168,1,0,4.687715100008063
10000.0,hard,25,ACO,19904.3153629553,95.6846370446976,2,0,4.134284399973694
10000.0,hard,26,ABC,-109.85007339134334,109.85007339134334,0,1,4.02975940000033
10000.0,hard,26,GWO,-93.32177760112434,93.32177760112434,0,1,3.501365199976135
10000.0,hard,26,FA,9883.782409965477,116.21759003452232,1,0,7.76547559996834
10000.0,hard,26,PSO,9885.526174948358,114.47382505164116,1,0,2.1574065999593586
10000.0,hard,26,GA,9885.425966239152,114.57403376084694,1,0,4.372968800016679
10000.0,hard,26,ACO,-113.41032775267435,113.41032775267435,0,1,4.017479799978901
10000.0,hard,27,ABC,19896.52311394265,103.47688605734773,2,0,3.8374420999898575
10000.0,hard,27,GWO,19902.32855670012,97.67144329988145,2,0,3.42004719999386
10000.0,hard,27,FA,19901.615424134092,98.3845758659065,2,0,7.927161900035571
10000.0,hard,27,PSO,19896.324057661073,103.67594233892521,2,0,2.1334702000021935
10000.0,hard,27,GA,19896.325447380248,103.67455261975338,2,0,4.390125799982343
10000.0,hard,27,ACO,19902.32855670012,97.67144329988145,2,0,3.896633700001985
10000.0,hard,28,ABC,-113.12042611814316,113.12042611814316,0,1,3.8763167000142857
10000.0,hard,28,GWO,9891.751626298714,108.24837370128616,1,0,3.4170532999560237
10000.0,hard,28,FA,-113.05352232159046,113.05352232159046,0,1,8.74234559998149
10000.0,hard,28,PSO,-111.42022914745567,111.42022914745567,0,1,2.1681922000134364
10000.0,hard,28,GA,-113.12647563335311,113.12647563335311,0,1,4.390005499997642
10000.0,hard,28,ACO,-113.2087645044059,113.2087645044059,0,1,3.950522999977693
10000.0,hard,29,ABC,-99.07298543650592,99.07298543650592,0,1,3.8596584999468178
10000.0,hard,29,GWO,19904.263255006335,95.73674499366473,2,0,3.5049643000238575
10000.0,hard,29,FA,9898.34782317846,101.65217682154028,1,0,7.841652499977499
10000.0,hard,29,PSO,9891.218447616067,108.78155238393329,1,0,2.19646330003161
10000.0,hard,29,GA,19886.736630849413,113.26336915058538,2,0,4.440642600005958
10000.0,hard,29,ACO,19904.304697220283,95.69530277971553,2,0,3.9194292000029236
10000.0,highdim,0,ABC,-113.50618198091966,113.50618198091966,0,1,5.6637487999978475
10000.0,highdim,0,GWO,-105.89082876112528,105.89082876112528,0,1,5.060136199987028
10000.0,highdim,0,FA,-106.07158585121574,106.07158585121574,0,1,30.961066200048663
10000.0,highdim,0,PSO,-113.49028379127218,113.49028379127218,0,1,3.286747700010892
10000.0,highdim,0,GA,-113.39331011368898,113.39331011368898,0,1,7.751486000022851
10000.0,highdim,0,ACO,-105.89082876112528,105.89082876112528,0,1,5.955338900035713
10000.0,highdim,1,ABC,-111.54353229753714,111.54353229753714,0,1,5.714366400032304
10000.0,highdim,1,GWO,9892.982550070965,107.01744992903444,1,0,5.074092600028962
10000.0,highdim,1,FA,9892.982550070965,107.01744992903444,1,0,22.092619300005026
10000.0,highdim,1,PSO,-109.70811064388349,109.70811064388349,0,1,3.1961909000528976
10000.0,highdim,1,GA,-109.59661060596498,109.59661060596498,0,1,7.831267900008243
10000.0,highdim,1,ACO,9892.982550070965,107.01744992903444,1,0,6.113689500023611
10000.0,highdim,2,ABC,-105.72911081198407,105.72911081198407,0,1,5.774776700010989
10000.0,highdim,2,GWO,9900.214769107411,99.78523089258816,1,0,5.132771999982651
10000.0,highdim,2,FA,9900.214769107411,99.78523089258816,1,0,22.365133499959484
10000.0,highdim,2,PSO,9888.986393363577,111.01360663642237,1,0,3.381514399952721
10000.0,highdim,2,GA,9889.255938507944,110.7440614920554,1,0,8.233490199956577
10000.0,highdim,2,ACO,9900.214769107411,99.78523089258816,1,0,5.90650529996492
10000.0,highdim,3,ABC,-102.99453133744161,102.99453133744161,0,1,5.727605499967467
10000.0,highdim,3,GWO,9903.66430713428,96.33569286571999,1,0,5.084999800019432
10000.0,highdim,3,FA,9906.611853801704,93.38814619829654,1,0,9.610008599993307
10000.0,highdim,3,PSO,9891.820138871242,108.17986112875683,1,0,3.261416500026826
10000.0,highdim,3,GA,9890.876730897624,109.12326910237535,1,0,7.952032300003339
10000.0,highdim,3,ACO,9903.61803707897,96.38196292102934,1,0,6.0507948999875225
10000.0,highdim,4,ABC,-101.75016078900649,101.75016078900649,0,1,5.742787599971052
10000.0,highdim,4,GWO,9903.67051048233,96.32948951767024,1,0,5.2204975000349805
10000.0,highdim,4,FA,19901.508146962264,98.49185303773763,2,0,22.076189700048417
10000.0,highdim,4,PSO,-105.11313531135823,105.11313531135823,0,1,3.2546421000151895
10000.0,highdim,4,GA,-102.02203068617537,102.02203068617537,0,1,7.84141069999896
10000.0,highdim,4,ACO,9903.655662297831,96.34433770216772,1,0,6.134979899972677
10000.0,highdim,5,ABC,-111.59964140077221,111.59964140077221,0,1,5.7833429999882355
10000.0,highdim,5,GWO,9895.23113113101,104.76886886898971,1,0,5.089145599980839
10000.0,highdim,5,FA,9895.23113113101,104.76886886898971,1,0,22.195085099956486
10000.0,highdim,5,PSO,-110.5884173236557,110.5884173236557,0,1,3.1995406999485567
10000.0,highdim,5,GA,-110.83298979933691,110.83298979933691,0,1,8.803629899979569
10000.0,highdim,5,ACO,9895.23113113101,104.76886886898971,1,0,6.6203760000062175
10000.0,highdim,6,ABC,-112.81672988407844,112.81672988407844,0,1,6.385073099983856
10000.0,highdim,6,GWO,9893.227298662363,106.772701337637,1,0,5.646975500043482
10000.0,highdim,6,FA,9893.227298662363,106.772701337637,1,0,24.891321999952197
10000.0,highdim,6,PSO,-112.79333515422185,112.79333515422185,0,1,3.5295023000217043
10000.0,highdim,6,GA,-113.21595595983482,113.21595595983482,0,1,8.740315900009591
10000.0,highdim,6,ACO,9893.227298662363,106.772701337637,1,0,5.859392300015315
10000.0,highdim,7,ABC,-112.63802422992362,112.63802422992362,0,1,5.609734300000127
10000.0,highdim,7,GWO,9890.946887659979,109.0531123400219,1,0,5.027852899977006
10000.0,highdim,7,FA,9890.946887659979,109.0531123400219,1,0,22.212327799992636
10000.0,highdim,7,PSO,-108.98049248051488,108.98049248051488,0,1,3.4168828999972902
10000.0,highdim,7,GA,-111.47681180731237,111.47681180731237,0,1,8.06186020001769
10000.0,highdim,7,ACO,9890.946887659979,109.0531123400219,1,0,6.110626799985766
10000.0,highdim,8,ABC,-104.0557723040794,104.0557723040794,0,1,6.379161999968346
10000.0,highdim,8,GWO,9903.9746792368,96.02532076320016,1,0,5.203281499969307
10000.0,highdim,8,FA,9906.38733176892,93.61266823107964,1,0,8.971195799997076
10000.0,highdim,8,PSO,9905.59598023958,94.40401976042037,1,0,3.1501653000013903
10000.0,highdim,8,GA,-103.75888365821292,103.75888365821292,0,1,8.26138780004112
10000.0,highdim,8,ACO,9903.654808870733,96.34519112926617,1,0,5.850432800012641
10000.0,highdim,9,ABC,-112.81339013660237,112.81339013660237,0,1,5.667729100037832
10000.0,highdim,9,GWO,9885.915658916692,114.08434108330788,1,0,5.030201600049622
10000.0,highdim,9,FA,9884.429542324246,115.57045767575369,1,0,8.900158000004012
10000.0,highdim,9,PSO,-113.58677936056041,113.58677936056041,0,1,3.3885230000014417
10000.0,highdim,9,GA,-109.07731231041068,109.07731231041068,0,1,7.76088700001128
10000.0,highdim,9,ACO,9885.915658916692,114.08434108330788,1,0,5.851759299985133
10000.0,highdim,10,ABC,-113.6557740652346,113.6557740652346,0,1,5.657104799989611
10000.0,highdim,10,GWO,-102.00742345843513,102.00742345843513,0,1,5.343070100003388
10000.0,highdim,10,FA,-102.00742345843513,102.00742345843513,0,1,23.973049300024286
10000.0,highdim,10,PSO,-113.37590492420507,113.37590492420507,0,1,3.1469365000375547
10000.0,highdim,10,GA,-113.64041106685123,113.64041106685123,0,1,7.722614000027534
10000.0,highdim,10,ACO,-106.51302907611698,106.51302907611698,0,1,6.1875995000009425
10000.0,highdim,11,ABC,-109.4025084501081,109.4025084501081,0,1,6.022718899999745
10000.0,highdim,11,GWO,9899.031807542215,100.96819245778616,1,0,5.079676199995447
10000.0,highdim,11,FA,9899.031807542215,100.96819245778616,1,0,22.060582700010855
10000.0,highdim,11,PSO,-109.30288310106906,109.30288310106906,0,1,3.206578299985267
10000.0,highdim,11,GA,-109.67545022460094,109.67545022460094,0,1,7.8279801000026055
10000.0,highdim,11,ACO,9899.031807542215,100.96819245778616,1,0,5.9351508999825455
10000.0,highdim,12,ABC,-105.54053494895368,105.54053494895368,0,1,5.654569500009529
10000.0,highdim,12,GWO,9903.663549734532,96.33645026546765,1,0,5.1438327000360005
10000.0,highdim,12,FA,9904.103401830656,95.89659816934316,1,0,9.555508900026325
10000.0,highdim,12,PSO,-105.57478517351633,105.57478517351633,0,1,3.7475238000042737
10000.0,highdim,12,GA,-106.01007208522776,106.01007208522776,0,1,8.815432399976999
10000.0,highdim,12,ACO,9903.661250729858,96.33874927014138,1,0,6.643869400024414
10000.0,highdim,13,ABC,-109.55958264299062,109.55958264299062,0,1,6.3994818000355735
10000.0,highdim,13,GWO,-99.87271193272908,99.87271193272908,0,1,5.592667099961545
10000.0,highdim,13,FA,-99.87271193272908,99.87271193272908,0,1,22.700463599991053
10000.0,highdim,13,PSO,-109.54370526928793,109.54370526928793,0,1,3.1491142999730073
10000.0,highdim,13,GA,-109.55406050343342,109.55406050343342,0,1,7.643654700019397
10000.0,highdim,13,ACO,-99.87271193272908,99.87271193272908,0,1,6.001448699971661
10000.0,highdim,14,ABC,9899.13910927632,100.86089072367967,1,0,6.044145699997898
10000.0,highdim,14,GWO,9903.66398603185,96.33601396814953,1,0,5.094216400000732
10000.0,highdim,14,FA,9907.109563896898,92.89043610310097,1,0,8.972417499986477
10000.0,highdim,14,PSO,9905.574288491784,94.42571150821558,1,0,3.1709451000206172
10000.0,highdim,14,GA,9905.477577831161,94.5224221688381,1,0,8.326559500012081
10000.0,highdim,14,ACO,9903.660420021115,96.33957997888423,1,0,5.859931299986783
10000.0,highdim,15,ABC,-110.89289128972764,110.89289128972764,0,1,5.67342310003005
10000.0,highdim,15,GWO,9903.665978398747,96.33402160125372,1,0,5.024305499973707
10000.0,highdim,15,FA,9908.441608370757,91.55839162924266,1,0,8.985356600023806
10000.0,highdim,15,PSO,-110.90490707877927,110.90490707877927,0,1,3.20647260005353
10000.0,highdim,15,GA,-106.80584538687064,106.80584538687064,0,1,8.082569899968803
10000.0,highdim,15,ACO,9903.65129233109,96.34870766890982,1,0,6.47010139998747
10000.0,highdim,16,ABC,-101.74634143875748,101.74634143875748,0,1,5.862379500002135
10000.0,highdim,16,GWO,9904.00221936928,95.99778063072046,1,0,5.111037400027271
10000.0,highdim,16,FA,9904.952148232,95.04785176800002,1,0,24.398569999961182
10000.0,highdim,16,PSO,9896.210612972927,103.78938702707187,1,0,3.5581335999886505
10000.0,highdim,16,GA,-102.51065754957136,102.51065754957136,0,1,8.588381799985655
10000.0,highdim,16,ACO,9903.648218014794,96.351781985205,1,0,5.8561333999969065
10000.0,highdim,17,ABC,-109.10814928887204,109.10814928887204,0,1,5.608893700002227
10000.0,highdim,17,GWO,9903.668764314874,96.3312356851264,1,0,5.379490900028031
10000.0,highdim,17,FA,9905.83298737828,94.16701262171897,1,0,9.587701399985235
10000.0,highdim,17,PSO,-107.98245419071402,107.98245419071402,0,1,3.1627548999967985
10000.0,highdim,17,GA,-108.6187449400565,108.6187449400565,0,1,7.75160199997481
10000.0,highdim,17,ACO,9903.65782552867,96.34217447132963,1,0,5.9406077999738045
10000.0,highdim,18,ABC,-105.49615547722213,105.49615547722213,0,1,5.669737899967004
10000.0,highdim,18,GWO,9893.70021306444,106.29978693555955,1,0,5.018722099950537
10000.0,highdim,18,FA,9893.70021306444,106.29978693555955,1,0,22.07922359998338
10000.0,highdim,18,PSO,9888.701603610554,111.29839638944537,1,0,3.233674200018868
10000.0,highdim,18,GA,9888.655297067593,111.34470293240614,1,0,8.102487399999518
10000.0,highdim,18,ACO,9893.70021306444,106.29978693555955,1,0,6.105123299988918
10000.0,highdim,19,ABC,-115.3431065169218,115.3431065169218,0,1,6.012779799988493
10000.0,highdim,19,GWO,9890.098878339893,109.90112166010749,1,0,5.093265499977861
10000.0,highdim,19,FA,9890.098878339893,109.90112166010749,1,0,22.16034290002426
10000.0,highdim,19,PSO,-112.87994589394015,112.87994589394015,0,1,3.248732900014147
10000.0,highdim,19,GA,-115.5488183669785,115.5488183669785,0,1,7.7745309000019915
10000.0,highdim,19,ACO,9890.098878339893,109.90112166010749,1,0,5.853396800055634
10000.0,highdim,20,ABC,-106.59207552491836,106.59207552491836,0,1,5.648106199980248
10000.0,highdim,20,GWO,9903.95113277409,96.04886722591135,1,0,5.050761699967552
10000.0,highdim,20,FA,9905.91041870765,94.08958129234945,1,0,8.983987299958244
10000.0,highdim,20,PSO,-106.61113575703664,106.61113575703664,0,1,3.247632100014016
10000.0,highdim,20,GA,-106.69335605628444,106.69335605628444,0,1,7.8007894000038505
10000.0,highdim,20,ACO,9903.659325605246,96.3406743947537,1,0,5.870967200025916
10000.0,highdim,21,ABC,-95.19214970684749,95.19214970684749,0,1,5.699014800018631
10000.0,highdim,21,GWO,9903.663929673969,96.33607032603183,1,0,5.154937200015411
10000.0,highdim,21,FA,19906.655195219508,93.34480478049176,2,0,8.858689599961508
10000.0,highdim,21,PSO,9906.41189612539,93.58810387460936,1,0,3.208868999965489
10000.0,highdim,21,GA,9904.444099931929,95.55590006807074,1,0,8.220948399975896
10000.0,highdim,21,ACO,9903.651576095262,96.34842390473669,1,0,5.887807600025553
10000.0,highdim,22,ABC,-106.39636941754227,106.39636941754227,0,1,5.659286400012206
10000.0,highdim,22,GWO,9903.676282404609,96.32371759539105,1,0,5.047476700041443
10000.0,highdim,22,FA,9906.800509088082,93.19949091191799,1,0,8.893214799987618
10000.0,highdim,22,PSO,-102.92750537683176,102.92750537683176,0,1,3.244345799961593
10000.0,highdim,22,GA,9904.88832408583,95.111675914169,1,0,8.630312300054356
10000.0,highdim,22,ACO,9903.661631010937,96.33836898906249,1,0,5.902249300037511
10000.0,highdim,23,ABC,-94.74520813531012,94.74520813531012,0,1,5.752235399966594
10000.0,highdim,23,GWO,9903.914789216245,96.08521078375398,1,0,5.061084799992386
10000.0,highdim,23,FA,9906.130888112295,93.8691118877045,1,0,8.878862799960189
10000.0,highdim,23,PSO,9906.411844608343,93.58815539165614,1,0,3.187619899981655
10000.0,highdim,23,GA,9905.974715520482,94.02528447951724,1,0,8.149489100032952
10000.0,highdim,23,ACO,9903.659401500643,96.34059849935639,1,0,5.88347599998815
10000.0,highdim,24,ABC,-90.89878533413956,90.89878533413956,0,1,5.57194840000011
10000.0,highdim,24,GWO,9903.669566269891,96.3304337301086,1,0,5.268740699975751
10000.0,highdim,24,FA,9911.87470322435,88.1252967756494,1,0,37.44823699997505
10000.0,highdim,24,PSO,9905.578745074987,94.42125492501245,1,0,3.5521366999601014
10000.0,highdim,24,GA,9905.018092299297,94.98190770070242,1,0,9.372480700025335
10000.0,highdim,24,ACO,9903.662125858544,96.33787414145546,1,0,6.4172737000044435
10000.0,highdim,25,ABC,-110.45122308999593,110.45122308999593,0,1,5.62199650000548
10000.0,highdim,25,GWO,9897.733910172397,102.26608982760226,1,0,5.090649400022812
10000.0,highdim,25,FA,-105.44046680700252,105.44046680700252,0,1,10.310132000013255
10000.0,highdim,25,PSO,-110.23503874593693,110.23503874593693,0,1,3.1733591000083834
10000.0,highdim,25,GA,-110.47338543731017,110.47338543731017,0,1,7.7478489999775775
10000.0,highdim,25,ACO,9897.733910172397,102.26608982760226,1,0,5.850092999986373
10000.0,highdim,26,ABC,-105.09937342610188,105.09937342610188,0,1,5.645843899983447
10000.0,highdim,26,GWO,9903.665589846796,96.3344101532046,1,0,5.029964100045618
10000.0,highdim,26,FA,9904.579689094235,95.42031090576475,1,0,8.817876199958846
10000.0,highdim,26,PSO,-105.44521848601109,105.44521848601109,0,1,3.221191299962811
10000.0,highdim,26,GA,-104.56156052915227,104.56156052915227,0,1,7.823913200001698
10000.0,highdim,26,ACO,9902.751394360828,97.24860563917083,1,0,5.90642100002151
10000.0,highdim,27,ABC,-97.84572374802302,97.84572374802302,0,1,5.687610599969048
10000.0,highdim,27,GWO,9903.665795263712,96.33420473628746,1,0,5.431668100005481
10000.0,highdim,27,FA,19906.342011020442,93.65798897955736,2,0,9.70441160001792
10000.0,highdim,27,PSO,9905.028597685085,94.97140231491454,1,0,3.5581786000402644
10000.0,highdim,27,GA,9904.45346073134,95.54653926865987,1,0,8.973294800030999
10000.0,highdim,27,ACO,9903.655501085765,96.3444989142345,1,0,5.911755800014362
10000.0,highdim,28,ABC,-108.32437459997361,108.32437459997361,0,1,5.719378599955235
10000.0,highdim,28,GWO,9901.335935756688,98.66406424331218,1,0,5.076733099995181
10000.0,highdim,28,FA,9901.335935756688,98.66406424331218,1,0,22.005875900038518
10000.0,highdim,28,PSO,-107.53131791403837,107.53131791403837,0,1,3.20166550000431
10000.0,highdim,28,GA,-108.18162406330657,108.18162406330657,0,1,8.08437249995768
10000.0,highdim,28,ACO,9901.335935756688,98.66406424331218,1,0,6.290630400006194
10000.0,highdim,29,ABC,-107.83502055979916,107.83502055979916,0,1,5.813363199995365
10000.0,highdim,29,GWO,9903.9161084964,96.08389150359983,1,0,5.0259387999540195
10000.0,highdim,29,FA,9905.704027734513,94.29597226548604,1,0,8.990730300021823
10000.0,highdim,29,PSO,-106.72974510238566,106.72974510238566,0,1,3.2524866000167094
10000.0,highdim,29,GA,-106.964551461507,106.964551461507,0,1,8.117750100034755
10000.0,highdim,29,ACO,9903.91977397811,96.0802260218892,1,0,6.091604299959727
