w_pdiff,w_ncasc,w_pmir,w_core,l_all,iss,vbnv,PSRR_DB,VREF,TC,LOOP_GAIN_DB,PHASE_MARGIN_DEG,GAIN_MARGIN_DB,POWER_UW,PSRR_100HZ_DB,sim_ok,sim_failure
11.956413575898567,31.41973179566618,21.49731569281108,15.270960384803534,2.902114957928347,21.64381672431496,0.9379455787354191,2.386483,0.8016796,38.86084,62.1829,16.14500000000001,3.12174,89.43764,54.61982,1,
39.19126561542553,18.721734387787198,14.832006689256731,58.79976689570615,4.714101261377434,27.12786019794015,1.1733248409570751,-21.1448,0.8018895,30.11599,65.179,10.917000000000002,2.1872,105.2556,53.35826,1,
20.123622153114457,17.809176377939902,36.33453037952561,28.805417524604124,7.612457684467688,12.26246964653219,1.6613751472791098,-8.12746,0.7988893,20.35022,45.0431,55.387,17.692,62.35189,51.85901,1,
15.635240483665187,34.03013495309584,17.71317709419971,27.668393064519368,5.812840894759398,12.95031481806635,1.6069203479945025,-12.1381,0.8017511,29.11884,49.2134,59.769000000000005,21.4545,64.42238,52.95274,1,
22.059591507098716,39.99161366860671,34.210071548807605,21.186617361448747,1.2637844549296664,20.90167334573578,1.6921329710353177,-1.57864,0.8000869,22.36121,54.9118,27.912000000000006,11.2594,87.27248,54.72848,1,
15.969211772263806,27.322434306145954,6.877846283767042,17.669247134901845,7.3910984984441725,39.25722010243034,1.469151247876444,-10.9255,0.8118587,41.24244,46.0628,52.125,16.5962,140.5292,74.86042,1,
36.6654658820902,5.116311096463298,27.469539086542525,51.00109922348588,0.7121171334318905,19.429645576854615,0.9243245670750866,9.491142,0.7986878,33.56187,58.4626,7.3160000000000025,2.0516,83.04262,52.09966,1,
15.010903338754852,27.423195258200284,35.38552023395169,42.82861941908717,3.23471787866207,25.043307664305477,1.1267531514731046,-5.48188,0.801952,40.39915,64.9119,29.945999999999998,5.94756,99.23859,56.07792,1,
8.730070137009545,11.095729245462412,34.07141184615791,11.482021541551118,6.717073427082637,36.5325293382846,1.0124210895939036,5.89145,0.8000884,23.14517,44.6251,46.638000000000005,10.8161,132.2723,52.68552,1,
14.370705515476383,29.503218529599867,31.087803457465416,8.574847210697563,4.275600074768449,10.408908011920783,1.3000605523169004,-12.8402,0.8004204,39.56254,52.5954,57.034000000000006,21.7651,57.03426,42.65224,1,
21.340876179476698,21.61457111262029,38.923687545485876,52.98170604331092,0.9828128906525736,15.345582428505843,1.667206491866446,5.232503,0.8000316,16.80085,53.6604,32.041,10.8062,71.29136,52.48335,1,
2.411999884486934,22.94311447924862,16.068103105752847,34.55931453078996,1.5375590607090115,37.18254088670327,1.1601863259976821,13.61369,0.8039884,39.00403,53.9682,61.126999999999995,15.0966,134.2881,52.87326,1,
34.10192155001812,10.69887294359912,10.534336675164997,56.49736857514309,7.475042680955733,20.390839069748377,0.9221237050403343,-4.9813,0.8019546,17.95688,59.2227,34.21199999999999,6.21134,85.8816,60.29201,1,
14.192105024779126,35.933669424375495,7.481675825008798,34.011556215440095,1.1654605501555129,32.43234766360479,1.6669410495231727,4.80466,0.8044217,46.50207,53.1975,31.914999999999992,12.5657,120.6363,51.41913,1,
16.923868279377487,29.866741893580926,13.570147707892872,18.32995115592708,4.630131599673998,12.273723936487063,1.5816693514545608,-13.2767,0.8017575,37.08217,53.3197,54.903999999999996,19.7079,62.45852,53.29418,1,
13.565271872718414,1.34738827844381,14.606126081100241,47.87883107136794,6.754818506035539,9.58978391723353,0.9208906400023767,13.59794,0.8019454,22.42728,54.8075,66.258,15.9844,54.76693,50.81612,1,
21.69859522944534,32.032059949563504,35.59410807082886,57.86174305637278,7.323644348973454,21.428381812213388,1.5614131941906646,-9.95268,0.8025322,18.79959,48.0458,53.854,15.3856,88.88951,59.5099,1,
28.00531893580885,3.8332534962836133,16.20081053352787,58.38210725725025,6.217187032944702,35.16366169007261,1.1684789055709401,-8.55407,0.8028152,20.90749,58.9609,29.295999999999992,5.46709,128.4501,48.10863,1,
14.745544028931539,16.528558090502923,10.249838014131557,43.010685590276566,6.577621633454709,29.467922340938838,1.2889287797162925,-6.34071,0.8066675,23.45377,54.4974,50.589,12.1778,112.1743,39.53535,1,
9.755581730730757,3.323430532523744,35.66293818369872,12.325464837102329,3.958122020460181,20.1329725694717,1.056171295255174,2.250242,0.8016485,40.81892,60.3076,37.488,9.99062,85.0799,52.93228,1,
11.348178539528632,25.78738382813182,16.33118569076062,34.811072925157106,2.7525820695873406,24.634761510275553,1.5149684057171307,-11.4955,0.8029369,43.9153,57.6741,48.59700000000001,14.4901,98.09784,57.6752,1,
34.47386961501441,22.51761155150908,31.57402517850024,43.452559138862924,5.962877956410472,5.9956522167446495,0.9505671276658293,0.8394052,0.8006681,23.92169,56.7325,37.81100000000001,7.94861,44.36487,51.59846,1,
7.874053772814833,36.73062687678172,26.341801338185707,30.827492739105956,7.809724235879497,27.847515177610006,1.259522771134856,-8.64464,0.8043351,10.56246,45.2981,66.146,20.456,107.425,46.07712,1,
2.8857341748718652,5.778374125211226,26.68930543006656,39.515869732960255,7.936664790013132,23.84673879859595,1.371732821233286,-3.00893,0.8109474,90.05105,40.5956,73.368,16.4343,96.13537,31.41781,1,
34.73721256143086,20.513527327791447,7.242995964147758,30.106711875908783,4.379417533237483,35.236198313460726,1.188910127493885,-37.607,0.8032942,39.19391,65.0748,0.3079999999999927,0.0782946,128.6429,46.30136,1,
18.81111263156575,14.279667937747739,15.706490602405577,54.675780056272984,2.626378649205527,35.621122497543354,1.2464712183183675,-7.30314,0.8023658,39.11841,65.1721,21.367999999999995,4.2533,129.7219,57.69305,1,
38.11399126608454,29.906045841497292,3.2912145460081366,55.366879455596255,6.6884626722878435,4.505952515426979,1.076030936360955,-5.7761,0.8014549,20.93087,67.4333,46.406000000000006,10.6573,40.11156,66.40892,1,
34.13691022915246,14.383130444822115,32.82934074630965,56.285147172403455,4.868693050546768,17.129602741220822,1.1984209946938147,-9.4672,0.8012528,28.82078,62.0125,24.133999999999986,4.81833,76.44136,58.21843,1,
32.46765859856245,16.10504829832514,24.96358465853546,48.407291818813505,7.344063829261199,6.346767670543709,1.0478572427510489,4.301431,0.8005112,18.9538,55.039,46.891999999999996,9.90348,45.3809,51.36784,1,
23.109433533182933,7.244752286477927,27.90608991031828,10.986240575186237,2.928634513444056,19.632928074578267,1.199254435313124,-2.783,0.8012563,37.68703,63.0417,0.8839999999999861,0.224883,83.63081,54.23076,1,
31.845837031272698,22.195672844141804,11.088160784836115,43.15140425378735,0.24571757728770258,14.860526925730346,1.3804706224591818,23.33915,0.7853402,401.0121,39.0797,33.66499999999999,9.27407,69.97468,39.65786,1,
16.74433300462462,9.954630506572794,39.71536702795089,20.387998962107595,3.6387650154010975,38.106390059563644,1.0610056046295362,-6.42923,0.8017092,40.62986,62.8355,12.247000000000014,2.67452,136.8479,57.17864,1,
16.065093766046182,21.83880200594064,13.723966491129504,29.01743107893122,3.417197378675089,29.659433095976517,1.1311035006942678,-13.0229,0.8023224,42.63759,64.3979,21.614000000000004,4.36372,112.5435,61.25512,1,
35.274620638567576,23.084907263193802,31.31981123874992,49.925996408832745,7.027466796438425,18.157624432359942,1.6274433130463144,-10.931,0.8016516,19.79323,49.2634,39.274,10.1616,79.43458,58.48515,1,
27.569339425512776,4.016103180848441,36.50557935398308,11.905338570156486,3.2841030125606205,5.193474408132987,0.9466683714678173,-5.52207,0.8019644,41.4913,62.9395,24.068000000000012,6.88229,42.06753,50.30846,1,
31.07716265728195,37.25543370828328,21.620547510085636,54.86917269223804,0.1506637781334007,6.740703482639083,1.6439404875565344,18.31676,0.7678473,751.8343,21.3657,61.888999999999996,17.5355,47.45144,27.22421,1,
24.148040438644447,37.029861437883504,25.61010198216146,35.45855091733981,4.485754816673719,1.842432223506619,1.0875868427283248,6.25844,0.8039989,48.65904,57.9235,46.01599999999999,10.6447,32.49594,43.57471,1,
7.667519532247155,38.33540872375796,25.966099131465405,27.11537458237952,1.3012944781974942,20.341664614748115,0.9880917290316888,17.86139,0.800895,25.25735,59.6458,24.820999999999998,5.47014,85.68709,53.0933,1,
19.803651193203912,23.965105788759768,14.418354653070306,26.781605571445358,1.278091934002049,15.116895538836943,1.576930914002607,1.850542,0.8011798,26.62967,56.0246,30.195999999999998,10.4669,70.65022,54.11613,1,
7.10587301998967,7.34462968361027,37.080107608558805,44.20699701142748,7.333127245015296,13.844286820176755,1.2902941614552994,6.142959,0.8013299,20.68002,46.8871,70.218,21.4852,66.99964,48.85655,1,
29.640454242701093,16.66496340515672,30.923331401688465,5.621573753498376,7.089882887680768,14.099694981296599,1.3781575797574062,-0.908619,0.1866429,19929.23,-29.8512,-90.322,-5.48793,46.91869,14.42414,1,
3.667152457354474,14.641384356648096,14.049478157655725,11.612821652615066,5.2869052175388305,9.270942774542728,1.2400510742865067,-6.99752,0.8013194,37.85121,47.1601,74.246,28.2176,53.79631,42.57675,1,
17.15165645287134,38.22648502411243,3.681311667659009,14.263802999809915,5.76280599099912,22.015543579623913,1.318925120990602,-12.8052,0.806109,41.64412,51.5075,54.185,19.7467,90.66854,76.61681,1,
10.193978212549927,5.915290006796966,39.39149581323494,29.21801250228905,4.4209602553577225,29.967934642343955,1.3623064781728056,-1.01652,0.8020139,37.08165,55.741,46.992999999999995,11.5187,113.4273,60.20673,1,
12.060414215285027,14.040632452494705,7.388013670801596,38.48543054599692,3.404253117688858,2.753555371712076,1.0150750583214478,12.2696,0.8042892,52.17933,63.1088,64.299,14.1479,35.12214,45.48534,1,
37.64769999601912,29.751434571654915,24.454338709031447,54.464072182202074,4.563627593023998,36.04224931236275,1.366059330085709,-23.8192,0.8025165,32.16549,61.5555,12.021999999999991,2.72087,130.9465,49.12756,1,
26.532673097331255,28.37401465979868,1.6111960144380066,24.047697687262506,7.774292754258256,19.269069606176455,1.546747331102801,-11.0116,0.8154353,67.52222,49.198,50.97800000000001,17.6812,83.09277,58.76326,1,
28.904924856849618,30.138558769291922,36.64971808793062,25.032918411631094,3.587376822927843,31.249665521412773,1.4853303580769706,-19.846,0.8017278,40.61834,60.0595,20.173000000000002,5.48559,117.102,58.93762,1,
38.024538117632915,26.02200790432707,39.655532822994765,39.34152268167767,3.3952456220731797,10.513595281223111,1.6798337035171618,-16.1267,0.8016802,39.61755,62.2579,34.20599999999999,10.6399,57.38267,55.03765,1,
37.58512770199103,24.264792630369588,34.84567060139486,19.265341444308298,6.135400834570128,38.232243277653275,1.5683024864205486,-20.9731,0.8014084,28.60873,47.9974,17.655,4.52286,137.2187,61.59263,1,
7.491230557137168,24.061802353427893,13.567916293897449,14.94465424161456,4.211533599692365,20.57915533169704,1.4003984181648952,-11.6879,0.8026189,42.8529,53.104,61.873000000000005,21.6254,86.40104,53.41923,1,
14.257479987242737,37.56131376977959,18.066253586945393,16.24050086225885,3.801784275396122,19.001343166087928,1.6483901546409219,-15.1316,0.801961,41.90788,57.1895,54.156000000000006,19.9372,81.83268,54.29855,1,
11.035510183564105,25.614006463438372,27.258768625211403,7.037709665031866,5.60940137237434,8.627800564129132,1.4579521769808488,-10.5996,0.795649,4373.54,43.1301,66.643,27.908,51.74726,46.51033,1,
29.493127116814495,23.759844417652623,16.648355542527995,14.63586194053195,3.9285376844989184,7.9511241666365695,1.0914988656521587,-11.5617,0.8020065,42.63322,65.1638,11.538999999999987,2.16009,50.00886,52.51507,1,
15.511508826795877,4.882698535808955,31.871063616698443,28.62463542625173,0.9206834327851472,9.726876752259988,1.4866805607242486,17.69422,0.7993553,19.5688,57.0395,30.897999999999996,11.0924,55.08745,44.30414,1,
3.161287004382885,19.391401444827824,14.510268439078457,14.06739333182724,5.748723849919031,12.075886838171934,1.314711872276935,-8.71343,0.8017656,32.39366,45.4025,76.166,30.6324,61.89426,44.97445,1,
32.03943619557974,10.108092568317957,38.180292981440815,9.594401578402822,7.506435378979354,18.965956781357907,0.9105430319070624,-11.8692,0.7983338,27.11633,47.9653,7.649000000000001,1.69395,81.61913,54.82982,1,
15.244734316373009,2.0463907122944223,26.504445593705423,59.71014159655342,4.495097641369543,33.70365260628477,1.4549967300811395,-0.52267,0.8028204,35.0167,59.45,44.96199999999999,8.99832,124.221,61.51429,1,
12.9169250992769,32.19452100532839,9.523414755750325,14.180022126777702,3.6102668109815257,31.443242064542208,1.1246762801634336,-18.662,0.8025451,43.13474,61.3109,25.007000000000005,6.25441,117.6855,57.5231,1,
18.09977825883915,8.993696092911314,11.602482435109785,31.460883348457806,4.160220272907572,5.604850882155538,1.0133044528399573,5.526532,0.8027036,43.768,64.0807,50.962999999999994,10.6555,43.28053,50.04901,1,
10.452874763272161,38.96970492788713,36.62965514028734,5.773479766125255,6.854043368339211,6.496942164713443,1.4876831750991288,-200.0,nan,nan,nan,nan,nan,nan,nan,0,measure_failed
25.33218555124104,24.5578970782995,34.716259373983746,47.405966819724235,7.440420934617558,4.2215644486549175,0.9640984799209884,11.31442,0.8001902,19.18332,52.7322,52.313,12.8086,39.24918,48.32608,1,
19.922134422673377,4.594002145502175,4.6209097572239175,52.74631939826639,3.764292933079547,34.68504288448145,1.5125752065286813,-8.98052,0.8052542,61.5789,61.6509,31.721000000000004,6.24163,127.1168,63.40906,1,
7.770490802441322,7.796300839208971,29.670115150161966,9.91501445560371,7.37840155737356,2.8332895120322714,1.5496251491309279,-200.0,nan,nan,nan,nan,nan,nan,nan,0,measure_failed
34.023159762698405,16.348695184575693,15.659406249423885,21.352579979758122,2.3912829272645086,23.49093135163657,1.526779571123947,-9.26751,0.8017774,37.80086,59.8618,5.546999999999997,1.4927,94.76554,58.88423,1,
4.142772257178929,20.194319058520293,28.39988027151101,41.38563573790378,4.1071504658870275,16.436561464911325,1.2811558606768279,-1.28445,0.8032353,44.56296,58.3894,69.16,20.6434,74.49383,51.9653,1,
6.968803730226552,7.881436923136087,9.362790034569533,40.14362286394431,5.172906226733808,3.9861179149076964,1.4461207640178655,-0.746506,0.8034908,37.0414,51.7994,74.442,27.0677,38.66445,45.00734,1,
31.880364472508678,11.609961671245175,8.68606272005793,58.183438126621745,1.8533611604563465,27.005022614992367,1.359046885442533,-4.4163,0.8023928,25.78273,66.3197,6.9950000000000045,1.53989,104.9197,43.49325,1,
23.91914981370193,3.030897436171575,35.26769067918173,26.352955399662672,0.2889637424836847,21.775519188218162,1.5828886330732241,21.6373,0.7828494,333.1737,41.4038,26.802999999999997,8.5091,89.61541,43.91667,1,
29.096567423232585,10.415823772997895,22.98174587206373,30.301234849748916,2.3729135124849794,25.15827024125914,1.1347427130553933,-2.55868,0.801469,36.10113,66.4453,-2.115000000000009,-0.435394,99.55843,57.66836,1,
5.825592751110619,10.781506947962658,27.974664732432622,55.51218702820181,5.509885790430156,21.576214459048863,1.3065531870790152,2.994568,0.8034681,24.33164,52.0258,70.149,19.2632,89.33249,65.12547,1,
11.503963125880908,1.401193289698976,13.962101065128335,14.743105504049844,1.9484880273954686,17.977670812004472,0.957783994044264,10.31046,0.8014149,33.6095,61.5159,24.057999999999993,5.93441,78.87937,55.93067,1,
31.297368864793008,10.8273722042262,39.20732324337209,38.31168461800047,2.1304527616160676,30.4655724557773,1.2088573331285768,-1.69781,0.8012419,33.78089,66.0137,-5.205999999999989,-1.15603,114.8394,58.36819,1,
11.855220220430073,28.000395492024996,18.852984037428588,17.365554979819358,4.615267641542631,1.3623036100004622,1.2026288204719882,-10.7685,0.8043994,57.70539,50.4135,66.572,30.6212,31.12276,36.19215,1,
7.465225240135318,29.645024610810353,12.321115439767954,58.70781168841667,5.944317866238368,2.62636997352187,1.5208573779563392,-8.94806,0.8034323,31.03729,49.2981,74.14,33.0644,34.76153,42.75773,1,
30.487656632090673,25.444165457329614,28.649676673359046,31.12721725758277,4.391102637555226,39.31624287529628,1.200281347796178,-34.299,0.8018238,36.17586,62.8369,0.9850000000000136,0.227163,140.3439,63.62491,1,
18.45606386558113,17.39230155477947,6.534809375926448,3.782929369959618,0.7791610060732281,26.021035241763027,1.2138751462702384,13.80743,0.7991465,23.1224,55.5101,-9.123999999999995,-2.93196,102.0087,51.41809,1,
38.26641730160915,30.896870991669743,39.55985115558349,30.050360436859517,7.168945457397385,16.775578073552612,1.112863318468055,-9.93633,0.8000857,21.75828,53.5836,16.181999999999988,3.24984,75.39023,55.99632,1,
8.474733956665268,3.577994328220459,16.433677126194034,17.909522700572857,0.32998456856594727,20.25754667096994,1.2627178887265438,32.59303,0.7871254,268.5283,42.8975,43.91999999999999,9.63627,85.32407,45.84684,1,
21.547813992463862,27.573906080916956,13.68186617689655,24.973273828664933,3.5313424979480703,25.36468486068923,1.3229169520575952,-17.4001,0.8023907,41.88166,62.7217,26.38900000000001,6.88904,100.1759,61.05992,1,
18.56302964881414,13.92393154157978,10.764943078637133,25.631429298703882,5.879213323739822,16.316763173179517,1.119092077548921,-7.20739,0.8020734,28.63865,57.0221,39.093999999999994,8.24633,74.12792,63.41361,1,
21.99801986683882,37.778429127608,25.875783514067976,24.454611535843245,5.484238178474686,23.074977203753757,1.3893607335840874,-14.2442,0.8016007,29.8282,50.6855,44.86699999999999,13.4269,93.57201,61.48709,1,
22.540278699805288,13.468284108940944,32.97136256065403,52.4493268859653,3.221063429739274,22.34514550575714,1.244273693939065,-9.98259,0.8018582,39.83172,66.9832,24.784999999999997,5.04573,91.46543,57.86431,1,
39.00659581530117,11.456214132433331,33.779244486983856,13.13990141087987,2.91165134596591,24.459769155808292,1.4195651136837795,-14.2651,0.8010354,37.09139,59.9657,-5.659999999999997,-1.47193,97.52522,53.64197,1,
1.6966585753000536,33.114860398987354,38.34470985303198,46.35515709696151,0.48793613687912574,13.370947192872919,1.2931806413501798,19.44267,0.7944656,118.2705,44.856,56.425,19.7601,65.55517,46.82213,1,
35.981006446062814,36.951335406199235,2.555610946480651,54.31107462568971,5.624380707275598,36.01690341634257,1.3830295680363074,-15.1651,0.8113996,59.0943,58.1442,29.133999999999986,8.77853,131.1938,45.29577,1,
29.15205298251612,9.067289254214048,7.797990328707582,19.79270499659528,4.844155871018935,34.29861544700816,1.0245915266637793,-25.6042,0.8026169,36.23752,61.6936,1.0910000000000082,0.230841,125.9224,51.45671,1,
31.430962746251616,33.83611521805657,18.437087725528563,52.32072696979284,5.391139128914684,15.296670958928301,1.5594903485476734,-12.7273,0.8023734,27.66263,53.8086,43.54599999999999,12.6841,71.2075,58.2526,1,
5.1926364651174515,23.50234909956686,18.82411536505415,38.961982037032804,1.159362560708491,15.845705091077832,1.3915186045106358,6.409442,0.8013454,20.95264,57.9328,50.357,14.8976,72.76243,58.94276,1,
2.7667836261530745,27.43724127118052,16.57371715982601,25.689680946557807,2.718148171488346,9.35769229522816,1.3496650758515056,-10.0588,0.8032981,44.73753,55.1176,71.275,28.046,54.11137,45.4081,1,
12.405397709211314,21.650735419978297,33.39603276683723,45.14968186572792,7.643631035042903,18.415330681067545,1.4921568232474824,-7.65972,0.802251,20.30423,45.8002,63.915000000000006,19.7054,80.1974,55.93087,1,
19.37616623873143,27.217248306625052,13.114327614650106,5.369973136147491,4.35083545579613,16.494550378941888,1.1663505447042168,-12.277,0.8008013,40.92794,52.0447,47.881,13.4173,74.5691,43.97037,1,
24.430613896814155,18.416667859149634,10.423239112310931,53.30259512410923,0.41822691874273055,24.49983254324984,1.4947150887867564,14.4903,0.7951413,200.1131,48.4981,22.413999999999987,6.86748,97.74077,34.13401,1,
29.662906430179337,36.11265618786929,2.3908272367262757,18.00971718723588,6.4048651726021175,3.18309162815909,1.440251842672446,-11.6691,0.8027412,35.80685,48.9035,61.581999999999994,24.6863,36.32252,47.35675,1,
19.09668100254946,11.893366279347651,39.338171880457686,57.51558365693907,0.9350704580913306,29.330050823759954,1.2997501038927415,12.32452,0.8000189,17.6367,59.5443,13.793000000000006,3.49517,111.5704,54.14082,1,
15.796111252836104,39.30520768801492,9.052263755084413,56.41103129133637,2.8696262532637333,14.668242679618329,0.9114787223541734,-1.69516,0.8023612,41.19357,66.7685,39.50999999999999,6.66424,69.37556,54.5943,1,
11.24341344955593,2.724995218457936,35.51698547982589,53.808603815124734,7.954752768041585,7.097233345514991,1.5405350346078972,8.999655,0.8000298,17.69101,46.2422,69.983,23.386,47.5304,45.34971,1,
28.797711826598263,32.85855690160662,36.40093951658234,16.586571780740762,2.819127069867211,10.251398546661433,1.2186663857637063,-19.9285,0.8014601,38.29904,64.5054,13.494,3.10355,56.62076,52.26791,1,
8.934432430298862,18.27325067777932,29.962774681837082,53.718207166812256,5.3143555469104795,2.5049409652820325,1.0008577237318332,16.48473,0.8030163,34.5757,54.2662,66.875,21.4519,34.38873,43.459,1,
37.19532361914257,22.308808696396135,32.40421641201322,15.679604081062665,1.024963311933472,5.304625792781173,1.643181485811616,-9.0371,0.7980844,27.30402,52.7166,34.127999999999986,12.6105,42.2964,51.01877,1,
21.22761351274854,6.6226226506292045,29.486231534438996,36.07597302177348,6.535440128676907,8.137553368006795,1.3779515204630022,0.5342972,0.8001547,24.23244,49.9234,52.955,14.4807,50.51615,44.82502,1,
8.03781366755927,26.443344599031043,1.7205054539285078,25.91472286940802,3.0486440894180413,6.259839334993097,1.499159024022625,-12.2279,0.8042682,53.48736,58.3525,63.361999999999995,26.7959,45.22028,48.40247,1,
9.407654424753279,6.467931849844276,19.439443585765854,46.457754394081036,4.083884032057726,34.82886862907454,1.2277631031819465,-1.20673,0.8031131,44.42108,61.6677,52.447,10.9198,127.4595,65.36612,1,
5.6632025925188705,8.47742308271385,8.922013676955622,34.73667724062911,2.435174276496649,23.613512813757303,1.0718558269037264,10.94901,0.8031341,43.4359,60.7102,58.129999999999995,12.4337,95.16605,53.72786,1,
33.1238725138835,28.27317347257862,27.346919710106977,36.10936765379899,6.020370704630651,23.32845217686189,1.5282438856971277,-14.3503,0.8019964,25.69043,50.702,33.24000000000001,8.77663,94.32576,62.33475,1,
32.8969459436816,27.65205935566468,19.796929662474277,36.40087920774767,2.035525442817446,39.395100714879,0.9579617148898631,-0.706705,0.801523,34.6076,65.9901,-14.75800000000001,-3.13683,140.567,58.87159,1,
18.016462462795072,15.01382961034759,9.772673851105623,26.509886417579327,4.329786753691651,6.228211848243521,1.1411626991185535,1.553176,0.8024625,41.32507,62.6784,46.33500000000001,9.31429,45.06993,50.54144,1,
28.12497565059635,32.95921282309075,23.789862366014376,50.757901050114754,1.329585913500024,6.172195774870709,1.221041092084545,0.8210909,0.8011812,26.17045,63.7809,26.804000000000002,5.23637,44.89094,50.80836,1,
20.37641552925407,6.249612108361386,21.044177996058334,32.04300205961866,4.796248050233995,34.11121308095389,0.9976726191387891,-9.60325,0.8020753,33.90523,59.8499,22.852000000000004,4.42921,125.3686,58.6987,1,
22.863567515479414,36.19539924780876,5.883698731246158,2.6020055911985054,1.8721876773531587,33.26648115764792,0.994657875436542,4.186548,0.8008489,31.58694,55.5772,-20.900000000000006,-5.10438,122.8882,54.14466,1,
11.789226926310585,28.576260276261014,18.587423766363525,16.77584376873112,4.743725633959468,13.701323003931359,1.301775456563654,-11.5984,0.8014035,36.79832,52.2504,57.611999999999995,19.0196,66.55842,48.36698,1,
39.59717101431612,16.984137701990846,11.885977116413457,53.31671654599673,7.214569204488254,13.219337215705659,0.9441806480355591,-5.46183,0.8012824,18.55435,59.2884,32.60400000000001,5.845,65.20208,56.32184,1,
10.766417320645083,5.273834555806747,37.576014586449496,44.50587523660177,0.5723711434490821,14.42268617987926,1.4825509396976821,28.66752,0.7962592,74.38114,52.9002,37.27199999999999,14.7839,68.58787,50.4043,1,
12.139297275924722,8.170292564482793,26.878894442100382,38.40575616997964,5.651843797644924,18.78988111615139,0.9083957721733344,8.154295,0.8017739,27.3099,54.5221,54.001000000000005,12.1125,81.24516,53.66687,1,
39.955868709784816,19.047176328287257,38.657472650198564,2.53598179976983,0.6408327047764872,31.551085138191542,1.5736198454961143,8.706809,0.5441836,6914.695,17.5799,-222.378,-37.841,109.3003,25.23153,1,
26.31217309469505,32.00087957323967,9.383632888844126,48.26361173594949,1.5754160762158709,12.712337866408578,0.9291249903065265,2.919873,0.8014221,30.21598,66.0203,15.447000000000003,2.75155,63.72718,54.80636,1,
12.76146019063846,35.745820780366365,28.722555460789927,36.64158236097807,4.817761490393996,3.042464458927717,1.4505454473428612,-11.8053,0.8017268,37.44644,52.2022,66.36,29.2351,35.88061,43.3661,1,
24.997437524010557,30.723763124527807,33.01357686025313,29.436314002915804,0.18201506754481384,32.0430415469508,1.0740550228192003,27.03404,0.7734404,624.05,32.2668,25.00800000000001,5.36605,119.3931,38.57626,1,
36.422335187127224,18.924179080421723,35.14300871639385,35.28789050631076,3.0422228551274717,29.380487779740886,1.676410226916671,-27.8466,0.8017859,39.89276,60.8149,8.353000000000009,2.1425,111.7246,58.39481,1,
14.559478570405021,2.6155875532877424,29.163436656937726,39.491222092409735,7.599051312210507,37.56926914401533,0.9961589680594417,5.031877,0.803331,20.46404,50.6381,49.751000000000005,10.324,135.3944,58.9477,1,
30.732544784833276,2.281725870589575,19.976637696651334,20.69683971262756,5.886735409924146,9.064181247600782,0.9031459538700168,-4.74475,0.8007639,29.03288,56.0364,29.19399999999999,6.24702,53.19257,53.40016,1,
16.83821390020787,31.218463420855745,8.786859943017273,23.941526509713732,0.394523043291801,37.498550035525525,1.2411308019051046,21.91007,0.7940504,188.1783,47.2871,14.824000000000012,2.8479,135.1546,49.9703,1,
17.118279580075342,8.856957370722853,2.9811174802472187,40.305955227729555,1.614265579175866,25.27225998966546,1.1812495131050778,2.035645,0.80298,34.09195,63.4667,19.71199999999999,4.55769,99.95107,47.04211,1,
36.23396564887401,33.437989316541206,5.047537675505345,37.813814930479886,5.778901620844291,20.535533638184837,1.206510448904206,-18.0555,0.8037673,25.00422,67.9411,23.241000000000014,6.21477,86.34157,38.84167,1,
8.253274628820709,3.640613128064163,37.6941856558158,20.672327839627837,4.724740859971937,34.02435055432021,1.1942847989363448,5.25081,0.8017657,34.87908,53.1975,47.422,11.5139,125.1027,55.19106,1,
14.513300682037748,19.47072667900601,35.454820937008606,22.415276915863455,1.9727779990952152,18.076089715895886,1.432642685791945,-2.98425,0.8009725,32.99701,57.6949,33.33000000000001,10.4448,79.14886,51.08379,1,
37.99371530514145,19.52860973494407,9.708816749674842,13.591336291279974,6.194141031819086,19.556576848503294,1.6546330348174427,-15.2222,0.8025632,33.20724,47.9742,27.613,7.81161,83.46703,57.88156,1,
17.742091952538974,12.419560904301484,39.530282327391596,24.26106097249877,1.2362150767336824,13.922500228715869,1.0726108253925486,10.293,0.8002138,22.30237,62.0655,12.891999999999996,3.63713,67.17872,53.07716,1,
21.596006987590673,19.772665063577286,17.786452581103344,10.662742115625264,3.72518605161958,32.29867187955336,0.9694617564704358,-7.64637,0.8016486,40.63218,62.7003,-7.2309999999999945,-1.44536,120.1176,56.97143,1,
17.578560160035472,30.82412933076134,31.78787323432422,16.88749509881991,6.648748385644069,20.738132198794773,1.2794930216885543,-11.2305,0.7997027,28.35372,45.8323,51.877999999999986,15.3634,86.77721,45.37342,1,
15.864091510207112,17.19126536381535,5.973710708781282,12.943865664668598,2.1271287303540354,32.15535677859113,1.0947895829277174,-0.43972,0.8023609,39.21155,60.8872,-0.4379999999999882,-0.085271,119.7398,76.01081,1,
27.73697025668797,20.116241783405506,4.365171989016007,10.864419979313384,2.2772919375154057,39.98337858169054,1.65293750295116,-5.35686,0.8043876,54.96144,54.9456,7.444999999999993,2.49864,142.3513,54.96092,1,
17.357084585932387,12.281128213383267,6.286847542164829,15.854668446582728,5.208576628979782,29.000024150436158,1.1586864255472134,-14.6146,0.8040132,35.28964,58.4596,27.558999999999997,6.51851,110.7107,42.57688,1,
2.312853056250656,17.555137080351262,17.0012650577323,37.64801512250047,4.535633702241892,31.648918695148634,1.5949331933782496,-7.99086,0.8089377,14.07383,47.9068,69.601,16.948,118.508,38.75211,1,
6.281808344694729,25.48324808132883,9.545648527565598,34.282558618471946,1.7827071126393987,12.78783658668152,0.940607340865117,15.71947,0.8022187,34.10541,61.7657,50.139999999999986,9.92437,63.96633,53.40633,1,
39.35414859717991,28.665553383151668,27.112080042406262,17.806034061527843,4.681131432222698,30.553193783586547,1.3427311660627523,-26.0693,0.8014046,34.85396,55.2831,10.992999999999995,2.84548,115.0917,65.69228,1,
26.198810918939124,15.210214747919865,29.35601564844001,38.09000344373234,7.674785418821539,34.39023006502931,1.6228646309280186,-9.74409,0.8041645,23.29465,47.1771,37.096000000000004,8.61712,126.2667,73.98288,1,
13.249406229361423,31.285045883977073,1.2592210442870178,33.57865202751392,1.7749469980523158,23.979909956669154,1.215445117769819,-9.10779,0.8075153,24.645,62.452,32.32599999999999,9.11557,96.37992,35.3175,1,
22.999908779668957,7.57469111656982,38.98103690301355,18.24434869650385,6.573672881900928,19.797953286744587,1.5355446553472933,-8.40163,0.7990174,25.71492,45.9035,35.27699999999999,9.16173,84.04718,51.24071,1,
20.915041676998246,12.614241350494968,23.177748413558234,21.470569058798052,7.30155274061517,31.060776096111848,1.2912684754893569,-8.85165,0.8026149,25.58984,47.9977,36.14500000000001,8.28231,116.6117,51.87451,1,
7.368162189126112,34.23540213843837,22.793904795483602,31.442980490103185,3.50789042766763,22.475465094350604,1.438917219161361,-12.6711,0.8028827,44.74105,56.633,61.226,20.6571,91.87243,56.23699,1,
24.974666333683494,33.65470739970044,2.496121378147511,55.742130261652505,2.2382678411619135,21.549838036994583,1.3032085806665419,-16.6628,0.804027,45.45905,66.3125,23.798000000000002,6.57368,89.25709,46.83478,1,
13.273207171458573,13.564825678771836,8.034335825895672,35.89607661830194,4.591491514416956,3.6975900019852475,1.0562556948444066,12.09845,0.8032366,41.59686,60.3096,63.206999999999994,13.826,37.81487,47.0043,1,
37.460274717588554,34.45987954796606,1.803007002380204,11.726564579956108,4.293876772227694,13.457685574590196,1.3646309589284225,-15.9814,0.8037007,47.41702,57.2709,40.99199999999999,14.4145,65.9277,56.46551,1,
31.09022190237847,34.70756204614201,6.123606633999209,11.772983720108394,1.8320577104427105,22.522015572426515,1.525716162556429,-8.93191,0.802322,32.72169,55.7924,19.162000000000006,7.07688,91.99885,68.62659,1,
3.472844600169613,20.836926835826485,30.330074729984805,9.964055902099215,6.797288402598597,21.86397025186793,1.6955787204455741,-9.47969,0.7969302,11.78309,39.2104,74.828,31.5529,89.91749,49.46273,1,
24.88745757518402,15.125501104505279,22.512590013360093,45.460525210890374,1.2041822751980749,27.995003269285462,1.692481083857925,5.610532,0.8017451,27.65785,55.4763,13.585000000000008,3.74287,107.7646,55.02607,1,
20.675701600431697,20.635289946110156,35.991212062355814,33.134931632022656,3.098828183954065,2.9569362323011115,1.4762323277352263,-10.7051,0.8028927,46.22075,59.3459,57.739000000000004,23.715,35.66173,44.59002,1,
25.69182092938443,26.132508185257166,3.6301774108331495,24.861543213384873,3.630158745477867,36.44342406569072,1.6975874938277609,-18.1579,0.8055087,69.70336,57.951,25.903999999999996,8.42759,132.188,54.0786,1,
9.021959218062035,7.135693035197409,1.4044312835849402,36.70718063682843,4.251853905056904,39.66604470975815,0.9747480707564057,-6.54834,0.8127183,282.2626,51.94,48.852000000000004,12.2603,141.7193,44.37362,1,
22.193539134605807,22.685466388275533,23.729981872601357,8.157719525156846,3.2568751780052985,19.964636308095095,1.3927014014309882,-17.3786,0.8008607,37.0064,56.591,31.846000000000004,9.69443,84.57023,52.07367,1,
1.0534838908610658,37.633572369347974,12.749497787462904,17.598270036514783,4.429515192060009,5.077020135046504,1.4897529306319566,-12.9533,0.8054328,52.34227,46.6482,81.0135,43.8287,41.85412,38.83604,1,
29.436754955886126,24.910684286863873,12.093274161492545,44.41441170793664,3.8859461274396003,13.093294862367578,1.3097804055926439,-13.7009,0.8023316,42.42106,67.5003,31.026999999999987,7.39492,64.83245,69.76497,1,
33.29625084542866,25.1871796892327,16.142980237238646,57.35212094695799,1.6525295466437264,15.483332381518567,0.949057121073144,-0.275992,0.8012535,29.88121,66.5439,10.538999999999987,1.99832,71.70109,56.57858,1,
16.45749719590804,21.13832838439687,29.185375720971905,49.26362678056137,7.710696918181667,1.816707381934949,1.0542509122669963,16.36953,0.8016179,24.26608,50.3475,64.488,19.3223,32.37399,42.12918,1,
17.233108230952265,16.861393756429333,25.433842423237888,6.305841471350968,1.5136078138815383,39.02302555925622,1.1002783960645135,9.077061,0.8002349,26.39225,58.6281,-16.63499999999999,-4.82566,139.4562,55.09917,1,
26.802118810889546,31.485532756643366,29.77531056704993,2.261504159085284,0.551447615832058,22.118659814382067,1.4745377517194291,9.604954,0.1648984,23110.12,-31.6739,-221.498,-38.1599,69.26659,9.605254,1,
5.138332342057255,3.8173663129625206,11.959424177326028,43.959043090801956,2.3284684440448102,23.44358687744771,0.9720189366867309,16.12152,0.8030797,42.40117,60.5029,63.268,14.2283,94.67681,53.05994,1,
19.34080153534375,38.094751601969406,2.1378287026371496,15.232341111127974,6.457918682020414,9.21624744747497,1.689930418181674,-12.0793,0.80549,40.07724,49.3798,60.962,24.8429,53.78913,51.55021,1,
33.69497719845752,27.010030694258933,8.889146162117846,22.23717807643602,1.4274111407158492,2.392314359486371,1.5235827082157845,-15.3379,0.8022617,32.21423,55.1176,53.866,19.3603,34.0344,44.77991,1,
37.00229058764244,10.018894959663156,14.19669104824629,21.064509774619122,3.8551692897745182,38.62108329040474,1.4640680241531856,-32.6473,0.8025191,44.36107,61.2674,-4.046999999999997,-0.960324,138.3569,69.58288,1,
8.375380786178322,32.309502409667225,21.390595928004423,51.86690458442728,1.4928165456302431,29.923887798228353,1.0038624189096947,15.41185,0.8018729,30.65626,60.3175,36.816,7.20799,113.3142,54.95539,1,
38.638359291465214,19.29888766091237,6.084600344968801,25.264300750427516,3.1729093938960853,29.78923150053075,1.1021462861049145,-19.5754,0.8023389,42.22352,66.954,-12.23599999999999,-2.90361,112.9187,57.97966,1,
16.66542462399913,5.351754576747039,25.723597322554358,23.32207997355661,1.7331403196621245,22.94321547893415,1.0181220735103542,7.771805,0.8010896,30.69153,62.978,11.113,2.72591,93.17419,57.07089,1,
36.339571724783305,17.129834135461266,17.219253207368006,46.06629320248822,6.980265788506103,30.739466537714517,0.9833975691498932,-13.8928,0.8019762,20.60818,58.0482,16.226,3.02207,115.6794,68.17122,1,
3.64592654672367,18.64761954307982,16.91929588038642,32.18689568139399,1.2208130790678813,11.568966445536116,1.506299853848294,2.20262,0.8017249,25.83596,52.5531,62.32599999999999,26.6952,60.45435,52.68756,1,
15.117361244891018,9.181916613318606,26.540436333092504,2.9825182798682754,2.6975085659176887,32.08894751539924,1.3291860616316913,1.610505,0.7993582,30.59272,50.6508,22.483000000000004,6.50409,119.4391,45.30837,1,
10.333473475946358,21.40883701247357,26.647554879715756,29.368875689723904,5.022571491051092,5.808503947761047,1.0500531217502842,11.79368,0.8017321,34.08454,55.4387,55.711,14.3627,43.84708,48.24327,1,
6.687601220869235,37.38322887788219,22.117444864464687,21.734129162933012,6.242107289912591,26.102779439588875,0.9128120018888043,8.30088,0.8026235,24.64796,48.816,57.024,12.3163,102.3296,52.35225,1,
31.230996611746786,26.95679338258963,25.56759491119088,16.97275019362796,2.639385599771973,28.79171671688473,0.998983351294605,-3.85739,0.8013477,36.965,65.4225,-20.768,-4.40097,110.0144,57.80935,1,
22.835106345212605,16.746832443961072,34.044809159827714,27.972672148423563,5.714935319685244,30.36474741381366,1.0092613535968773,-10.2341,0.8012972,27.71037,55.1434,19.60499999999999,3.89723,114.5599,57.97776,1,
32.73794074570363,13.654050295640708,38.743133664847235,32.43854306459498,6.326704272931697,3.5404823313926244,1.1373244598971124,6.195993,0.8002923,25.38921,53.3424,45.67699999999999,12.3939,37.27814,47.52265,1,
26.390781183542828,32.83514835782731,13.305747846928407,59.53424176631863,4.360050768467432,12.642724543755163,0.982262343876073,-3.53888,0.8020233,36.8583,66.025,34.99199999999999,6.0412,63.53507,55.16025,1,
23.53397896568269,18.89196497164925,19.560043389403994,14.907038185707457,4.599010542966682,39.59732887559958,1.5924787714705273,-18.1593,0.8024657,39.01838,52.538,24.403999999999996,6.40837,141.1726,59.31083,1,
35.42201131117791,3.408419985414842,29.492848888779257,59.79228848076862,7.749009624970685,4.170255609232628,1.505708850223115,6.256601,0.7995711,16.75747,48.582,58.34,16.2861,39.08698,44.08913,1,
22.75163447244452,28.8959763219425,23.57539057375908,42.164388741744766,2.433967861951301,28.80707658397129,1.2738465715337126,-8.90057,0.8017326,36.19963,65.7582,10.193999999999988,2.18282,110.0766,80.62126,1,
34.56552120086677,22.841307576798883,12.639592132403063,49.87573209543127,1.053002637679589,6.941764197893238,1.046205138652915,4.657165,0.8007414,19.52055,62.6206,24.339,4.56586,47.10658,50.6961,1,
17.824915508821714,30.97116419858126,28.466547340561913,44.95826817549381,2.6086832799100765,26.256991274087138,1.16111775789417,-3.9668,0.8017807,37.80827,65.301,19.437999999999988,3.72096,102.7327,57.0264,1,
27.69652782014491,13.386694266014457,22.92014574081421,19.147218573671093,1.622778832787378,22.667328060045023,1.5788710143389415,1.436811,0.8009518,29.74718,57.1737,5.967999999999989,1.75963,92.37604,56.7865,1,
31.625620221996776,36.592022536858,33.64001161925174,33.47042754166041,4.262037611950974,16.95879177612853,1.3355323865168136,-16.602,0.8015762,37.78011,61.0815,28.635999999999996,7.45624,75.94402,56.71981,1,
38.203376100799574,19.599990725874598,31.642864021898244,15.039156222991386,3.992727207943041,7.41128140425304,1.4977603155210306,-15.4014,0.8014884,40.40135,60.2172,34.68100000000001,11.0655,48.4364,51.83245,1,
32.59945901329296,19.12788765346879,23.91890284139894,47.73903825184609,2.795792499648097,16.039575853972167,1.1322197954450581,-17.5943,0.8016928,38.21988,68.2861,12.048000000000002,2.33218,73.30228,56.52523,1,
6.578105213028514,8.429961822981504,3.3946830716162593,10.09379197382463,5.41309429565138,38.9015396399899,1.097002916969926,-7.95032,0.8079987,36.8595,54.336,51.21199999999999,13.4391,139.3585,41.10494,1,
3.384121776192996,13.968481245476978,33.844591041827165,11.193778238892591,5.457484398246969,28.09981583881392,1.1047056923421723,-0.529276,0.7999086,17.33759,43.6311,63.206,17.2864,107.9759,50.63869,1,
10.541220559519866,8.237184495964192,29.09401131099372,5.0774271413327305,1.8454506250347533,38.98632988549814,1.5163642151510057,10.38988,0.7987799,29.40318,47.6853,22.420999999999992,7.99763,139.3001,46.54778,1,
34.323784507578765,14.847936473290773,36.95946142689835,23.535231314851774,4.04574579802512,14.171201997587405,1.1906330414730162,-14.1888,0.8016709,40.81475,66.4038,7.908999999999992,1.74227,67.91315,55.35893,1,
21.088873689626524,15.73526480162327,37.10815240728844,26.827133890755753,5.737692920905972,36.39756437362663,1.359567306356571,-12.219,0.8018677,27.47449,50.7812,30.339,7.06487,131.9534,60.8279,1,
35.658131307919405,38.62667575749703,34.29597533135086,44.29178336227952,7.831161686557477,1.0662168738203515,1.111970356310471,0.7903247,0.8024325,31.31237,48.8906,56.396,15.5668,30.23825,38.78539,1,
36.40981267808775,32.61584983316862,12.999809498479328,8.25295529208574,5.277939851484698,31.74496285968729,1.1742833680966056,-18.4822,0.8015767,34.93645,50.9907,19.84700000000001,5.51821,118.5267,68.49451,1,
6.869113997147797,6.137971370938359,5.590534733346011,35.800660683756306,7.03566809487637,1.7370267843598344,1.6492966909064535,0.4785301,0.8045463,37.88471,47.8393,78.843,32.6478,32.23494,39.82932,1,
19.045128468112935,14.1701209138435,9.244613237329652,54.12979995740844,0.5158785669107898,1.4444276335456117,1.107963050574177,9.018279,0.7989744,85.31392,51.1691,66.52,16.5178,31.34524,41.19206,1,
23.419070512079532,23.470116165789904,14.305933695705912,34.06454756090494,5.667416969567353,20.87098107990323,1.3639293545892284,-11.4543,0.8031226,27.7636,53.5536,40.32599999999999,10.5106,87.2829,52.46426,1,
32.98799523839857,4.1198452574669915,30.118187929159518,15.374985175663548,4.060030763296287,20.688101721591472,1.0702865166483384,-17.052,0.8015015,40.11486,65.0818,-3.906000000000006,-0.873801,86.67499,56.78708,1,
35.753244434346975,14.624131346062326,8.004018299856407,50.28776706605579,1.1873318597435853,12.841929770649163,1.0314381233368444,3.82468,0.8009776,23.46829,64.5436,14.168000000000006,2.94788,64.09904,53.65107,1,
10.271081618370891,20.214311964088203,1.5105793206520532,43.84434633265123,6.177536271831593,20.052425521922654,1.4666166607200168,-6.70512,0.8141519,76.17818,52.9548,60.447,21.4641,85.31136,71.76241,1,
27.817200211963407,3.4548908325004533,2.163164693414867,4.29856435999743,0.660681963816896,35.76890886034785,1.5436452663801856,10.93507,0.8034469,22.31672,48.884,-0.7270000000000039,-0.283269,130.2554,51.81719,1,
5.91038971207628,20.286235037840047,27.848435355499547,22.577254586968895,1.0709583951798383,33.887500076942906,1.6862285176330447,13.27915,0.8014814,24.00404,49.1028,44.78999999999999,21.0329,124.7301,52.20751,1,
2.740581844582957,31.64739497962803,28.33294950025831,27.301146442266646,6.899195476395854,37.12827561483086,1.602887154149455,-10.9631,0.8181216,109.8703,37.8998,71.738,16.0022,134.6193,29.05712,1,
35.32174851586792,35.31375778223838,33.1132129181682,39.83134864668237,7.075017812650242,39.777033039568906,1.6294981508852304,-16.2546,0.8038354,24.06191,48.3775,29.65700000000001,7.55221,141.7684,66.26221,1,
37.085885217744995,4.660575038126897,24.834068981975452,13.218201786806802,0.8819454632403391,37.05603384711702,1.5361338482690057,6.181017,0.7994751,21.11234,54.6011,-15.530000000000001,-6.04959,133.7986,57.56172,1,
21.132240257928324,22.12555710235793,29.933012088734777,22.07978618928473,3.9069391159554203,39.22673722970755,1.538374702243217,-17.6652,0.8021732,43.31869,58.0626,25.988,6.78516,140.0894,58.63972,1,
26.625269357391627,6.334922878052164,13.192406407097554,28.584187277277753,7.625581483365499,20.98676472112046,1.5668332462900874,-6.24047,0.8042503,25.98317,48.0893,37.845,8.31876,87.66099,76.80546,1,
13.988279571104341,7.95892868130235,33.48979172842234,55.18071804815923,2.668004668845429,31.783336117188696,1.6549683252131469,-2.72756,0.8026022,41.70827,58.3484,38.672,8.74758,118.6767,59.20294,1,
24.03356973167946,28.246311693425252,7.602904990833641,19.615541582742274,1.127851575831742,1.272314055421323,1.5560048972223757,-15.3887,0.8034919,29.38311,51.7455,62.42700000000001,26.2432,30.86258,40.33356,1,
3.7654169668802497,38.73200491397975,13.868579164053212,50.4809171377412,2.1826691759686256,26.488206890420408,1.0803373792681081,7.58048,0.8035167,43.69127,58.7491,62.446,13.1607,103.4625,52.67255,1,
5.616194108478047,9.528132591216387,13.076550523290038,15.770631057619779,7.92027169696716,7.786349769157605,1.2980578874221922,-3.42326,0.8003843,30.53912,43.4742,74.238,27.0001,49.50041,42.35846,1,
24.563393078469364,17.671891626348277,19.641294449740773,7.514621553408242,7.220388007501697,4.759974273846174,1.1505992178644524,-8.98951,0.7963829,3589.654,41.4397,57.843,17.3416,40.63577,33.62619,1,
9.86728022206997,36.03367912620143,3.916615599098979,44.79851489952208,0.912502501583823,19.99116668465031,0.9025679288629302,20.20047,0.801565,18.86159,59.7749,31.56899999999999,6.63102,84.72784,52.5698,1,
15.737665851431624,38.27785304598403,38.54936908385044,32.32062885751311,5.161566758674094,34.618063354942834,1.5645805178046235,-13.9476,0.8023686,31.7658,50.3982,50.24199999999999,15.0309,126.843,58.37547,1,
2.278375047129708,13.060269958091988,13.926965818813738,37.78849075710027,1.5881931615727267,37.37696479473608,1.170226104430936,15.04639,0.8045605,40.88511,53.9607,65.301,16.5838,134.8667,53.75247,1,
3.2573550831202014,19.261105049915653,18.25972833045391,56.248700506914886,1.400269838056183,33.656503718673335,1.6058470113990397,5.840259,0.8065168,53.82292,49.2938,64.743,20.108,124.2261,66.25578,1,
4.966850805067805,25.00802373008103,32.15841278487767,14.390710873972806,5.35567100272939,36.93534366715445,1.1460149053176203,-5.21689,0.8017221,15.70559,46.8547,60.032,15.8161,133.4863,55.1663,1,
34.8581253524991,27.089601161838903,13.389843844849665,20.239701415077576,6.762561334645337,27.4766418953189,1.4620830792158208,-15.9501,0.8039579,30.50212,48.2226,30.098000000000013,8.33956,106.3326,75.01158,1,
1.247034398479882,37.83501124396031,22.02973025148441,54.965397490501296,6.150066258289794,32.90046012692788,1.3750660738085623,-8.46987,0.8461162,143.6238,36.5586,80.8994,21.8886,123.4135,24.13482,1,
26.95354035643031,1.8761207968146754,6.429200245639289,47.23710518298504,7.154808541211779,17.217945446080165,1.0282627213989615,-1.12474,0.8022143,20.79018,60.9593,44.97800000000001,8.48676,76.74689,55.21917,1,
30.253677700811554,15.795402864785848,3.5740646845455,2.202209052288753,5.531625103522242,16.730997619145754,1.4926194091291385,-9.25309,0.7996316,36.71842,43.9066,43.99000000000001,14.9773,75.20366,52.24623,1,
9.23316390613476,12.963964975728247,22.29190333303744,28.183856081765608,1.5217468409287367,9.790459337644307,1.463130758099025,1.978688,0.80114,29.44743,57.2882,48.941,17.3919,55.30124,48.52391,1,
13.133026948180442,38.51688086984645,24.223050435362328,58.937934405316334,5.6800636702657705,6.074904495334677,1.1850503596358961,3.813213,0.8016885,25.34348,55.9588,60.397999999999996,14.5366,44.63093,48.9898,1,
11.537399404628285,11.703998380645295,20.043632424716773,6.560073425605389,3.0264699791665195,23.28210159489504,1.5506647443274497,-7.63701,0.8006175,34.57786,53.0537,40.881,12.9142,94.11723,53.88326,1,
4.599226513336459,35.825610875332906,5.343912671786875,22.295989358451006,4.945198296734496,28.72037583588643,1.5107422804933766,-12.384,0.8063729,47.4335,52.8465,68.27,27.1932,109.9871,50.47904,1,
13.604980884651692,30.52329602192788,34.52533207183873,42.222289131751594,2.514145297024497,25.081992912791765,0.9076763133062582,2.094904,0.8017497,37.27302,64.0605,26.752999999999986,5.24638,99.34825,55.94258,1,
14.93351403324977,31.816386813959785,30.95449199042767,43.75285115117847,4.828057511573822,2.064559963854135,1.4339840000991617,-10.4346,0.8024071,42.57644,52.0218,66.59,29.9925,33.0896,40.0356,1,
6.524802898061499,19.87071778058922,4.227951281931295,11.093981493259678,4.6937627024549675,5.786398940090055,1.662749952827983,-10.5186,0.8027802,42.47285,52.1854,68.838,30.2193,43.80633,46.72319,1,
18.71250596167604,6.279757905312425,4.950281342781821,45.55390084678256,1.6944829096132934,4.882911301568393,1.3234756005569694,3.067986,0.8024344,34.66421,63.5422,54.274,11.5934,41.21023,53.16313,1,
1.1297321312546467,27.139250781568272,25.1589485602186,5.23661560820762,0.8558467176759426,10.890927801602027,1.0488655697637665,24.85413,0.7972603,28.509,48.2695,41.394000000000005,17.1879,58.35917,46.19715,1,
36.60846791363175,39.8046407202106,19.888470687042496,13.834669272996068,6.301534844834451,2.353027188091379,1.3275233649471803,-12.0065,0.797296,3403.835,44.1909,62.187,25.3007,33.74208,34.55405,1,
36.55578479939799,5.084824146031391,8.445701794889949,33.74023675173714,7.763508308657964,8.542413721049371,1.3316060156897893,-3.43998,0.8023563,21.7881,51.7757,42.43600000000001,9.02648,51.76051,51.65966,1,
21.819905753110216,26.860549838594636,17.380114139674724,17.24360758547903,3.6628666283416687,1.4956653765742158,1.260988471467371,-12.381,0.8050486,60.61144,56.0088,61.22,27.0365,31.52169,39.21239,1,
9.206832492769358,39.86438316903963,34.76701281523386,53.48896864309238,4.663679273130378,35.33972610977694,1.20559276452619,-8.35248,0.8028013,33.01394,56.9493,52.009,11.8789,128.9348,68.26269,1,
33.40277859511285,34.14444416976731,12.691849048831122,46.912942063631185,4.650591125087855,35.715452998879165,1.5970055501209517,-18.1937,0.8041552,39.63881,56.9618,24.680000000000007,6.58304,130.0613,62.10542,1,
24.00144410133855,12.742896142372372,31.128667447224505,19.951224214861366,0.8536831533677028,19.682397990285622,1.6819001040932153,9.988904,0.7987288,25.17789,51.8098,12.453000000000003,5.10909,83.74189,53.29658,1,
22.55828597062467,34.423663397749515,27.671967050803246,4.743079680874372,6.820944777961242,25.672205744559804,1.0410540746596457,-10.4797,0.7971517,3713.58,40.7222,54.757000000000005,13.7545,100.8694,36.45296,1,
13.859554889859881,10.275649664355647,21.726225631909337,40.99561024339548,3.318510840624737,5.912926486983459,0.9482413468853661,8.846618,0.8027377,44.01528,65.2957,53.676,13.1711,44.16914,49.99508,1,
15.054697026970528,4.976360341233839,36.08684971688906,8.551203048550363,3.5564123014964664,28.370396591704125,1.110650851391044,-1.49417,0.8011784,38.48422,60.1433,11.00200000000001,2.7224,108.7884,54.52524,1,
9.54435445682478,17.867969552506082,11.360965323582084,42.44056169856297,7.678994365974501,17.228656918274016,1.5016570720134053,-6.18184,0.8068838,26.3633,46.9745,68.389,21.7791,76.93713,60.96352,1,
6.355313047370563,29.248864344538084,15.883013477259796,49.626708056995525,0.2790440964221893,4.3134223549021895,1.178596434245,15.68877,0.7817761,360.1977,40.2397,57.742999999999995,19.1035,39.33448,40.48458,1,
38.372292386430274,1.047905077887089,37.40463146584213,59.32900733102087,7.135076660061919,31.862773550496488,1.3876659960838786,-10.7312,0.8016415,16.40876,54.8233,21.53800000000001,4.30049,118.9097,57.53455,1,
11.996076307430327,22.379259953191315,30.253633114724312,42.00498754181865,4.567453467657481,26.66764172148778,0.901013982942403,3.06491,0.8021524,35.3919,58.964,45.093999999999994,9.05295,103.9328,55.34861,1,
3.9263294776025512,4.568970986842762,24.483442588442173,32.51485842296362,2.997972533903311,22.558568274013886,1.3515099424820158,6.896978,0.8030112,42.66969,57.646,65.613,18.249,92.119,62.09174,1,
3.3377737473803073,26.749974563181354,11.19591420618654,47.12009034505556,5.107993369137579,38.699577864724596,1.500348848979257,-9.81338,0.8118405,34.56493,49.1329,64.811,16.1082,138.9254,34.49569,1,
15.407261204600223,12.035830469563058,3.2101216192652777,30.704698318097556,4.763917107501428,31.344633585180933,1.2514992252628032,-10.6247,0.8066936,48.59567,61.7618,36.66499999999999,9.13008,117.5571,42.85302,1,
9.52683391170478,37.97952775357808,12.222646229998638,3.5401901540600025,5.7295037734155665,6.883110197991138,1.0631671569071697,-8.9841,0.7965594,3780.183,40.5892,79.282,37.0277,46.73812,35.12596,1,
14.078487269609147,16.79993036851266,20.953013163021325,32.721386613916295,3.864051917535704,13.634995694502763,1.5762177417442986,-9.82207,0.8023702,43.67892,59.8392,52.56100000000001,16.0816,66.39309,53.3234,1,
9.103104663380797,39.70940474691822,6.244310845459293,18.944891712382553,2.8355182876150473,32.31526374079286,1.480029262193233,-15.3338,0.8050923,60.74666,54.3033,53.751000000000005,20.1607,120.2883,54.51363,1,
29.254797525432608,9.692855953024619,7.273326459257507,28.071108653356777,0.6184860416050084,25.77401056176779,1.2498704910949074,12.57241,0.7989159,41.65266,56.7613,7.657999999999987,2.71082,101.3461,52.51928,1,
36.09242764439692,38.848721516989535,33.33213331005385,59.30793904620674,1.8888952365487743,35.93982100478036,1.5338304374420146,-8.54456,0.8019919,29.70709,59.492,7.777999999999992,2.00702,130.6379,58.26559,1,
27.494057553677166,26.414104551573693,14.388676328913197,35.6236677242083,5.395863232069349,21.394509511855478,1.6353316009135002,-13.6126,0.8032485,31.68724,52.7646,38.928,10.9518,88.79312,58.29208,1,
5.44366348697051,25.89251727648477,24.889009757364633,40.854444070991654,5.005758902647116,35.119926345869224,0.9146523112871973,10.00031,0.8039385,21.24239,53.0998,63.757000000000005,14.0094,128.343,54.37039,1,
33.84487837499385,18.18298740904015,1.9687894927139613,38.190228421022034,6.786131945897576,24.313560771592204,1.6789713461416773,-11.234,0.8136855,60.25856,52.2555,34.97999999999999,10.8722,97.56833,62.55646,1,
19.51338457342862,37.87817194809181,35.2952425468462,57.738783895889284,6.093052187794654,18.29932208050153,1.6992713680731026,-11.506,0.8019681,22.38281,49.9466,56.114999999999995,17.7366,79.85056,55.26405,1,
26.281550316249152,37.265384777398246,15.378927441766798,26.019066346292345,6.445966642062141,30.69634002158343,1.1435237002578815,-18.8689,0.8028452,24.52339,55.9092,22.573000000000008,5.39567,115.5707,41.18022,1,
28.588972770521504,3.1811563333213626,1.84259822390159,18.856215765900515,1.9817626804956108,38.8095198672342,1.5183378201989448,0.7020162,0.8074443,50.38494,58.2541,-7.794000000000011,-2.05762,139.0803,45.8049,1,
30.58578301964049,18.590239977573656,21.47074044454625,54.39400947358188,0.4779278743616562,33.80907239315895,1.4412342572089942,14.55719,0.796121,124.3644,50.9418,9.550999999999988,3.05815,124.4925,75.44448,1,
4.201769200300975,33.825973725915986,26.283691474655654,31.052958495957828,1.065981730332165,1.60488682847265,0.9901324995451448,2.197883,0.8037439,30.35265,57.25,49.59700000000001,15.6276,31.83586,41.23205,1,
34.807484675801646,26.690995176026874,23.317020547755313,44.60207261159204,6.252593482333092,5.488095827567068,1.0340860659163396,1.812735,0.8008611,23.2197,56.7844,40.131,7.85782,42.91238,51.05286,1,
35.15285470163616,38.91652062586538,35.921091326080706,38.6070856281883,6.436046462061731,28.634772411629115,0.9755262080900711,-13.5181,0.8010473,22.38585,55.9511,8.402999999999992,1.57405,109.5794,59.19215,1,
31.943848759900078,7.6563180135381215,35.77714323410365,4.411806848500101,0.2114298191398952,24.565528187151667,1.405596743850744,19.8983,0.7659981,3664.797,37.6144,-1.1339999999999861,-0.315782,97.19293,42.18765,1,
4.949726871932532,16.434730921270837,26.74979077177183,7.767119149247153,7.514544902740876,11.96500348938762,1.3392848372957302,-7.74192,0.7943267,3727.076,39.5702,74.972,31.0516,61.31695,44.53492,1,
1.444982195056619,8.049782373347707,34.659110510470875,45.239673911358736,3.506298262698541,20.44883694921108,1.5847904976623437,-1.15275,0.8050757,35.07745,50.7682,76.935,26.8177,86.11121,53.86092,1,
25.913307370522055,8.654264976260581,5.744144392696572,52.61826225079022,5.261510087865701,11.61549700412581,1.3116449286493226,-5.02417,0.8028553,25.77618,63.741,45.394000000000005,10.0277,60.62054,44.22008,1,
6.468236737351728,28.12902472907336,21.969128157544873,8.038442716271529,2.55252287209332,11.105605043179326,1.619898792302858,-13.9437,0.8004283,31.9223,52.7164,63.962,29.6047,59.04563,51.65917,1,
14.7986497571995,13.338894901820082,18.9942232434381,43.50731393463269,2.492369075937646,1.9820028327149797,0.9168035255343313,12.26762,0.8046067,51.22247,61.8306,59.153999999999996,16.1516,32.91768,43.96326,1,
31.542032464022732,11.293181428668822,32.53987827866939,40.514030791996056,1.1066835971820224,17.783073209249714,1.330414101491792,5.644976,0.8001474,19.09269,62.6926,2.641999999999996,0.663374,78.30446,54.15231,1,
27.188488008598625,7.088175102992547,28.951542164151128,42.92800716711484,5.120250156229328,7.224224432243934,1.5303652518026372,-2.8535,0.8009285,29.11091,53.5744,48.349999999999994,13.3512,47.90306,50.41351,1,
32.63956640400197,30.33801979376891,4.5464699108322995,14.519540335130332,0.24033230498534788,8.06897541600967,0.9858311408167418,20.71934,0.7827381,380.944,38.983,19.042,4.7444,50.22619,40.39699,1,
24.23716748097079,29.963604346647337,7.438578473639966,47.06974667709839,6.868403528174886,2.675893213431112,1.532560949572881,-9.49486,0.8024092,26.5292,48.6512,66.085,25.9968,34.87104,45.73641,1,
6.006075500459611,29.37983590772567,14.64406793133726,47.896991701094386,0.7975502199491226,36.761685122254725,1.3733291054485326,8.66169,0.8021369,14.73942,54.1703,37.626000000000005,10.5942,133.0607,44.96092,1,
20.957218144885385,7.464841935727865,39.99703354823811,10.370658144132264,0.3358522943751524,25.539924923937374,1.6943671051933682,21.01833,0.7798816,248.8746,36.8254,25.006,9.76026,100.2302,29.97439,1,
25.846097163270198,15.861939867454687,17.236358700394312,23.066499057519387,7.41825751825363,4.07035296832288,1.6713921852349696,-7.57556,0.798419,22.3434,45.2345,59.759,20.9557,38.73766,47.71595,1,
8.594209014976379,4.2380828182931385,32.89849512342813,15.946100216465451,6.6515035258289394,11.185662904271682,1.3964588702228853,1.348027,0.7978773,28.67077,43.5294,61.748999999999995,20.4939,59.20297,41.19804,1,
38.467449042984136,25.114678468673247,37.200666805435084,30.382720651883847,4.510496384820836,18.629136707527575,1.0309314466378439,-24.7134,0.8012554,34.67211,62.907,0.3400000000000034,0.0691731,80.74757,57.55592,1,
32.32044162987535,12.16650788692139,21.304234704006287,55.35349418806947,0.6005112754814536,17.658398442986325,1.1041078818518664,13.06666,0.7977313,57.23732,55.7744,14.572000000000003,3.97336,77.94508,51.2578,1,
26.067651374671954,12.565577875543786,30.48871271266896,36.95258468171689,2.105350439467118,12.995526349125598,1.2200611452206622,-2.10547,0.8013709,34.19217,66.2346,15.909999999999997,3.48083,64.53018,55.04399,1,
27.206693878294047,36.402849749935676,30.798103092921128,36.270493246211856,5.920831017217405,36.837469626830696,1.6694161616588516,-15.5485,0.8032068,28.19229,49.9645,36.42699999999999,9.85323,133.2724,60.51074,1,
35.72490083581036,12.921581830787977,27.134779787832016,26.206824487399693,3.090619694928428,1.2197690754977453,1.1209680948574547,8.737237,0.8062793,63.25201,58.4356,47.23400000000001,12.9792,30.77291,40.63105,1,
39.423895247334116,20.34851424209408,15.116336483066902,53.585498470725184,5.23199312644467,32.65716582149338,1.4292032465914026,-18.5006,0.80376,27.99041,57.4562,15.985000000000014,3.58961,121.2513,49.8663,1,
18.175467051929022,20.49010223501692,32.076856437479314,40.699853808417075,4.242705510155985,4.7032493366209405,1.1965651264280446,3.711737,0.8025869,42.27164,62.3542,49.893,12.9999,40.68319,48.96566,1,
27.28304625075262,6.845513116380411,20.392241946503667,53.965917027753854,6.354354414456879,33.42270086902603,1.4566958524063334,-8.32245,0.8041577,21.17028,53.6315,31.724999999999994,6.33189,123.4816,48.01876,1,
32.99856268004527,24.78653068099388,5.14653751295241,3.1235479274133287,7.836174905279031,36.12611137988105,1.504588323222655,-9.14597,0.8038296,47.65445,40.296,45.03899999999999,15.3454,131.1997,54.68714,1,
35.45486978641055,33.18603278386121,9.843466123993805,47.59616694585435,1.7221152532031094,19.091396659150202,1.02776679544637,-0.78018,0.8014191,31.11828,66.9227,-1.0209999999999866,-0.194763,82.09589,58.47748,1,
27.101795581532055,26.197950610521197,18.505038190479375,58.4340666401104,5.250821744596172,38.726628387195966,1.5200812609003398,-12.9317,0.8045938,30.47726,54.8129,31.560000000000002,7.34048,138.7615,60.85394,1,
3.8735343892470286,15.551458842501464,25.79786685825694,31.637532219158544,5.4961180581574895,26.550961666623728,1.6210288027630244,-7.01399,0.8042616,14.13531,47.3092,72.951,24.597,103.6774,53.14423,1,
7.847474603633417,23.589168720612964,11.262490446728997,41.51982168164376,1.4779812247434314,29.5037569466139,1.4537202775896674,1.87228,0.8038267,33.81929,56.8117,44.122000000000014,12.7491,112.1702,44.66971,1,
7.9518875426258,23.343424198495875,36.444646465202915,48.941087657464834,1.943188130523051,39.477285547533924,1.2379088471982445,6.270946,0.8020767,33.23267,59.6326,38.93100000000001,8.26346,140.8266,62.69124,1,
31.582214592097003,6.059776207407799,10.63227845782777,2.3738933190618132,0.3749316708400313,23.718574129397968,0.9669918816088151,15.27714,0.7892101,164.2932,43.8731,-21.498999999999995,-5.29967,95.18787,47.36903,1,
12.459502439480637,25.94667995422564,22.18126260247786,3.35087847851056,6.003034783150483,8.412378916833505,1.2961022492216887,-200.0,nan,nan,nan,nan,nan,nan,nan,0,measure_failed
4.512708561261324,24.522182751679992,12.441861945049991,33.878065454841874,3.0061819454663237,39.126204690818305,1.2585391349303143,-11.0385,0.8049915,44.14201,57.7941,57.092,15.2466,139.9011,41.779,1,
17.40064720096349,9.090616293647606,22.419752601102072,55.956454020699155,5.599753752135808,36.2366897204625,1.589276154222267,-4.46476,0.8047337,27.87672,52.4604,45.49799999999999,9.6799,131.5991,62.30741,1,
6.79941783671712,11.763303964748264,23.34395366920435,12.688529954407828,0.7715450302497447,1.1153599336562303,1.204050188870144,5.647933,0.8027949,17.79163,53.7649,48.05799999999999,17.4874,30.41762,38.65887,1,
9.608067662899897,2.3119406970077883,29.841344871913268,20.02936621346209,4.222616421210293,29.843245201633735,1.0257191255907392,2.455235,0.801983,40.14065,58.505,41.90100000000001,9.7278,113.0617,54.6753,1,
37.820641945539485,5.805495879475403,37.93438375474447,18.430020324522363,3.7141433437954205,32.592443823671964,1.4180517969009379,-24.7636,0.8014677,39.92902,62.16,-9.138000000000005,-2.20919,120.959,58.34597,1,
7.1915492521954825,17.058275649774288,27.75295831865203,37.3785938478807,2.0589943837089484,13.142911204156707,1.5532784372785589,-6.74389,0.8018941,35.51516,56.5347,57.93600000000001,20.7438,64.97307,52.28069,1,
4.704029527346023,16.276708873199297,15.493686038126826,9.20978189320659,3.0770348298839414,35.456104546621674,1.4522513771095975,-7.15223,0.8025885,41.1887,49.1425,61.125,21.1162,129.2455,53.73276,1,
17.624476673660872,29.58543410731975,7.894192998137706,51.0948731575635,3.678255654193844,27.08718041000004,1.1161755954998376,-15.7608,0.8029102,45.35622,65.9325,31.320999999999998,7.04726,105.1557,58.72038,1,
21.26951932126054,35.10229918799864,20.60353822533729,13.709870599461409,6.368614488345268,5.400676159883444,0.9337448697902945,0.5571166,0.800028,30.08304,51.4071,31.966000000000008,6.26621,42.61239,49.27584,1,
38.50119390951574,39.066906659963216,15.609425918422296,10.463501473360116,7.851552618272431,16.571460286975835,0.960480787941995,-15.1709,0.8002638,29.28125,51.218,11.318000000000012,2.13189,74.79025,53.91116,1,
29.933487059031076,30.201328770426155,4.855131623366847,44.89842360653075,5.6885455850277715,24.722775840118153,1.0197673703987584,-17.2755,0.802459,25.4415,68.7901,24.026999999999987,6.08509,98.35834,40.04734,1,
18.32811052664978,27.837110243514896,23.975867767857345,22.67580924890148,1.2965103653742145,13.566347519364815,1.233728131025093,9.694323,0.8005526,24.46265,62.6403,5.236999999999995,1.17261,66.16181,53.16614,1,
37.51376696075855,31.358403089567773,32.73324808818829,39.92070704314251,0.5223288857335232,7.661092578157471,1.0019864299612589,13.9014,0.7944139,104.8541,52.9296,13.366000000000014,3.23854,49.08091,50.48723,1,
16.302510091013566,5.611978139612866,28.74573945620111,12.523811707787251,6.290667717802131,10.926604045876557,1.2654527979809975,-2.05655,0.7987142,32.06441,46.1869,46.006,12.6469,58.48081,39.60674,1,
21.44517946660314,21.981222560008465,6.618966029939236,20.93487043092741,6.234178664615107,12.54064153047624,0.9619154985666454,-7.37857,0.801922,29.90391,58.2798,33.42400000000001,6.25376,63.24613,54.93853,1,
30.948181690385816,22.598932807105015,31.537510710680206,31.824163079855428,3.3545089406346906,3.276486738875869,1.6509020359865199,-12.2177,0.8026483,43.49918,59.9629,54.351,20.573,36.5722,48.19534,1,
13.781507517801316,13.574720735986446,8.19016801294936,16.315077023296336,4.963862903116603,8.239009265942634,1.247325200989078,-6.35518,0.8019981,37.02495,53.9352,54.387,15.3894,50.84887,49.81459,1,
31.3883971615317,21.752395345332683,5.555367317153633,56.66189425109672,2.8598846255635944,24.0253211153643,1.6379734705070663,-16.7695,0.80381,52.68922,61.1397,23.860000000000014,6.29521,96.37324,56.24605,1,
37.13126409256023,39.1425701513252,8.387874358544117,19.38394968226541,0.5848359924764756,14.387281914349858,1.2099197456670252,11.06811,0.7973974,58.54501,55.7002,-11.919999999999987,-3.04252,68.51102,50.73832,1,
35.54325091713873,2.8729814174729578,22.68772364587789,12.596615407616788,5.549221232975166,10.104747887480995,0.9558901805782934,-12.7553,0.8004178,31.81823,55.346,11.74199999999999,2.5642,56.16923,54.02609,1,
37.39865243725046,13.145356544045004,23.15790395091899,48.48317256266744,0.9580731491589284,11.72531147996172,1.58620422691747,3.433879,0.8002377,18.48466,54.8215,20.38499999999999,5.55006,60.8733,55.33975,1,
17.876237540175005,25.317599384523216,10.20297792031417,19.53401534532904,2.1626283492862615,9.529442988711953,1.1860852994864675,0.2064581,0.8017551,36.65368,64.9086,17.786,3.37318,54.55762,53.00662,1,
14.114208024051797,24.735398959185368,9.670205056351854,4.67727433714047,3.5717132459486196,34.25764788928477,1.257162276050118,-12.9373,0.8015615,38.94822,52.2126,45.691,15.0257,125.7556,55.31446,1,
30.15565446707718,26.66059083191224,17.841780456478432,24.399115257453474,0.20724864261703285,22.303510601047243,0.9417798706798691,21.75295,0.7818995,409.0466,38.4422,22.769000000000005,5.07994,91.26331,42.1046,1,
33.49768639234508,21.036670572672687,21.18313025155029,41.86122669868379,3.211206993457617,32.98932419169887,1.4101091088866453,-28.0679,0.8022882,40.62773,63.9722,7.543000000000006,1.76513,122.1346,60.35071,1,
39.83748975857772,5.2195246020558725,14.907094994158667,48.82467299369045,5.325368662327571,33.59365512757846,1.5515640020055106,-17.0855,0.8037569,28.15339,56.5708,11.302999999999997,2.3274,123.9481,54.68503,1,
16.138614034874756,23.228564388469273,36.87961756694487,35.74901140076416,5.1797137943821525,38.40235858159792,1.0159410554741546,-3.95175,0.8019638,30.11169,55.8413,30.319999999999993,5.90161,137.7296,57.90966,1,
28.47008080561214,39.65929409691617,9.177559105536501,41.306006983140996,4.900863147560196,25.86064459684075,1.3060775394211088,-16.4606,0.8038107,31.70579,60.6845,29.591000000000008,8.02486,101.6706,44.73383,1,
23.218274303184238,3.2116793229072575,28.167113827156413,4.5094502826892455,3.1148314347822232,33.47432940238474,1.641099268899941,-3.3672,0.8000596,32.51121,53.6896,-4.128999999999991,-1.11581,123.4518,54.29984,1,
28.72412343361003,8.761116525038222,25.34459199185665,27.409026104155945,0.8987203419567569,28.44806982213327,1.5801608695002751,7.814369,0.8001906,20.2838,54.3528,1.1699999999999875,0.415593,109.0347,66.13836,1,
13.706945367094146,37.476658105487815,30.431494577060196,13.440437434838922,3.197062561956031,36.67893771422256,1.562987937737093,-16.2257,0.8015517,39.08555,54.5582,45.772999999999996,15.3368,132.7324,56.3173,1,
8.455011700335938,27.772082843284256,6.346039589756456,42.71460931288852,0.7623591932050706,33.13565648829863,1.0658470224202858,23.51202,0.8018896,13.76295,55.9641,32.144000000000005,7.79053,122.6152,52.51061,1,
11.18746615652499,33.954465656323606,5.845909806814502,22.7407409324136,2.8056444328975907,14.512193567092735,1.4258204047646543,-14.5782,0.8031801,45.55754,57.9983,54.328,19.9751,68.95132,55.32826,1,
14.69949225681296,17.966100715032603,7.749476770269593,37.29049406574859,6.915696642478328,26.813169394029035,1.6106709243253705,-7.23697,0.8093028,33.98885,49.0309,55.879999999999995,15.9812,104.6174,63.38061,1,
26.716152154445542,30.049431460242914,20.71247971451251,10.221649282813534,1.2539038854816473,2.2546612139934177,1.4156069087529124,-17.6916,0.8007036,29.42942,52.6696,50.834,23.4603,33.58741,35.89408,1,
15.613544087203437,2.752124245392629,18.710226346516215,8.96015837340801,7.269819642456335,15.774943647154817,1.2681667490805844,0.2690948,0.7985183,31.01198,43.5794,42.851,10.3643,72.43407,42.42009,1,
24.782933911764037,4.80837017222669,21.024697510076315,32.88781764500395,2.559883876313406,25.40814011500436,1.609108486294423,-4.1697,0.8020112,38.82739,60.4946,13.146999999999991,3.01091,100.2951,60.33778,1,
5.793070657563995,12.229907256641058,12.814167386828421,7.900357788788991,1.1359892299348138,30.188725436398883,1.424352032365868,17.58978,0.8007058,22.58462,50.2116,38.123999999999995,17.6363,114.0422,57.20853,1,
19.14188467019696,36.52475171707088,27.522104744256836,12.28573800590794,3.2985275803767933,24.814277266836683,1.2694843969983929,-17.6258,0.8013584,39.39372,59.2305,31.682999999999993,8.65237,98.5549,50.46691,1,
18.63532244009147,23.82721242567882,35.10368707535951,46.19151276023516,6.9315504332221956,37.2745407648966,1.6004892491930955,-9.55432,0.8043634,23.49534,47.657,48.559,12.2919,134.582,68.04044,1,
25.504474544432725,7.761113133039217,25.990125097987736,18.71049705360848,7.5794597898083635,15.953267446203583,1.082162677891341,-4.08256,0.8001812,25.48968,50.7567,30.217000000000013,6.40323,73.01693,53.04496,1,
16.49906832633898,22.879296133980077,15.934586693952875,4.232402854351758,5.980374504405401,29.62830509635604,1.6399989071686423,-9.46999,0.7979859,36.20782,41.1811,56.569,18.9724,112.2924,54.28379,1,
4.360147005909326,1.9239293407691225,38.06995675394046,38.80642153765922,6.389366024626094,9.126708655276389,0.9870591640182259,19.16586,0.8010796,25.33324,47.2615,74.2,26.7427,53.39716,45.88694,1,
3.560005578505956,15.398714788637259,20.816704222933353,6.257944589727251,5.040569338349395,32.490531289725965,0.9058771052993522,1.237583,0.8003989,22.64401,44.6799,54.664,12.6744,120.6276,52.76897,1,
13.00423596794983,35.57590055313336,28.217981735940583,30.920953876830712,4.527534349547098,30.02449789926128,1.5989829439523904,-13.7376,0.8026815,38.65075,53.2534,53.643,16.8914,113.6152,55.99737,1,
24.661081820822567,21.552306360830595,7.082433891050167,29.768398443046816,3.8172297386490657,6.703797523876762,1.3563220225177444,-10.7054,0.8026986,45.07145,62.8618,47.595,14.3172,46.4423,53.67662,1,
7.086915075993553,35.35668312606463,3.813933641976986,31.97478775592387,3.3249347731147942,8.719838205186177,1.3976330123461933,-12.2524,0.8040912,51.06687,58.5883,63.919,25.465,52.29817,51.60031,1,
25.802035386024283,6.988014593684833,10.832170213191526,20.817168158556527,2.7345862551831512,21.08344944174895,1.2242724076483207,-5.46,0.8018056,38.61436,65.9246,3.515999999999991,0.756417,87.83008,64.93704,1,
33.972235450867664,22.09720502038487,20.34572605651291,9.298108821863883,2.693965534991306,16.88021525571986,1.1232677372995394,-5.76525,0.8011971,36.76847,64.415,-17.129999999999995,-3.63737,75.70202,55.46805,1,
34.60442719055584,33.50799343888805,31.267017889962712,47.456006027488996,0.46651323669178735,37.98999469754511,1.1404988042490474,14.47105,0.7946346,138.3621,50.1056,1.039999999999992,0.334883,136.5007,50.77315,1,
37.76875965216173,23.900724404314147,6.943800292664786,13.448501158101989,2.158368156204216,5.027659202982562,1.3376745112804227,-17.2565,0.8018146,38.62527,58.8301,33.72900000000001,9.57047,41.59321,46.49293,1,
13.430853097969468,22.71165550576533,34.43944691752476,51.47138375257937,2.6506277496993165,30.164597620395433,1.6883821124539662,-10.1207,0.8025432,42.40232,57.5191,43.872000000000014,11.7265,114.0127,55.67436,1,
20.31171011332485,6.786291022784919,31.438577772564894,41.62036650478819,3.7704654376494022,14.210182280707173,1.4019370137243916,-4.74107,0.8020605,41.92006,64.1886,38.53399999999999,9.24919,68.04018,55.48925,1,
23.062761181336718,30.285199417351798,6.662600420566339,30.576653203083524,3.3498546245946863,36.630377171017194,1.617863783044567,-18.5876,0.8044288,58.97955,58.619,28.406000000000006,8.63667,132.6917,55.38529,1,
37.25839179840573,14.759945569722094,21.810199361714325,40.91196889706787,7.885590348405101,3.347076147322488,0.9930064116588807,7.665229,0.8006343,21.09388,53.3003,51.179,11.2494,36.74374,47.67888,1,
10.034351617988907,18.80174977102405,31.215659343738775,29.128594359375303,3.540532715201107,22.184798634313644,1.5693281390869072,-11.0433,0.8022352,42.4662,57.1106,53.474999999999994,16.5194,91.01299,54.17738,1,
27.597891808806526,36.71860104277705,32.37304582445057,59.014416624693865,5.950932440726988,33.181169483481035,1.3218609464589617,-13.409,0.8026194,19.36387,55.6707,31.657999999999987,7.22604,122.7317,43.08953,1,
9.784990515901798,2.4761462616111274,8.26117322737809,23.46355648343992,6.6120080846875675,9.916816373242922,1.6598011351247068,5.225164,0.8033977,31.03109,47.4242,67.32,18.2157,55.74337,51.0194,1,
7.285780305444826,24.379371952014257,39.15484635658871,9.547156233614137,3.70084324271157,27.958165205282853,1.286236065104018,-11.9374,0.8009987,39.79577,53.2189,56.762,18.6709,107.5947,44.54636,1,
39.12280139498181,21.939802506059234,14.711686013411096,57.64296745801732,1.899731255694552,4.649049391925683,1.4372200912613462,-9.18862,0.8021584,34.60436,60.7058,46.11699999999999,12.5353,40.52585,52.80478,1,
39.76810153486472,9.83252611639983,11.348092995976655,38.84582213888073,4.0979950328404815,34.99697459458389,1.3515937279185901,-28.8709,0.8027993,42.29292,65.5498,-0.30699999999998795,-0.0566452,127.9326,54.35743,1,
10.389525940334142,9.2449213123916,38.15856313765941,18.609170813442837,0.6375415770476175,31.007236616912135,1.1923088770550976,22.1519,0.7972653,47.65761,53.1366,22.16300000000001,8.42475,116.3492,51.27978,1,
1.6659452026631476,4.2880137318869505,27.014871261024464,55.82931678542101,1.4552764629162382,22.04857958698897,1.1559282968072075,16.64932,0.8033431,34.74571,53.8759,73.534,22.4315,90.6851,49.45686,1,
23.73990998389707,31.721912363945883,21.678146621173155,18.191228555818952,7.557324363278569,2.0767964282554416,1.1341092376258748,-9.41146,0.799753,33.40577,44.9521,63.07299999999999,21.9939,33.03752,34.66614,1,
32.25659120353447,7.484068338419599,3.1259427380987597,21.991945860263176,1.6564476663089533,34.16930371188171,1.483457194893075,0.6035104,0.8047934,35.74718,59.1168,-8.209000000000003,-2.27776,125.6326,48.54729,1,
21.728166352890618,32.12303531161985,3.8375003996631154,39.04884627991841,2.2000512353335226,10.786595274008745,1.228157313578745,-16.1018,0.8023776,37.82924,65.9351,27.793000000000006,6.82913,58.20178,57.10681,1,
10.69409214993038,17.296311168625653,29.602238623086066,41.89979442909495,3.748971903188508,7.2613753668590135,1.1440641040329869,9.50715,0.8027818,44.83727,64.5891,55.17400000000001,14.2362,48.05217,49.96971,1,
2.9120117759716484,27.934159719217117,36.12372403827998,8.72337100400646,2.040990799918821,3.607806073275755,1.3818310195228787,-14.6811,0.8014342,38.36229,51.6372,66.924,39.0251,37.49096,37.40069,1,
10.133603733206371,18.470367346136747,14.169968876129305,16.43458689115984,2.0172059516745415,30.847248674764547,1.1540250923340918,6.526077,0.801809,36.02762,60.7811,17.497000000000014,3.86174,115.9558,56.38404,1,
12.629895402494276,1.202042755220041,39.28257387564978,37.462366477144386,1.5934772645573592,37.67193491499769,1.0929368394532601,11.28596,0.8012712,29.65515,60.814,20.824000000000012,5.20484,135.6039,56.89517,1,
22.28687005132263,5.987779971608366,4.428530410579374,45.64918914014977,4.186941661537439,8.834603984211677,1.459904046213715,-2.12289,0.8031511,43.79341,62.8364,50.55199999999999,11.7769,52.59983,59.58008,1,
29.014081327151423,30.561507006010917,3.1684697273730817,23.23367792465072,7.114200794829193,38.06256846724622,0.9255708753568561,-19.7966,0.8086452,43.72596,62.9429,20.466000000000008,5.49935,136.9837,35.5028,1,
29.385189528267095,14.54483686772047,11.994183157523725,12.153584674068084,4.315549181077052,32.693798003255125,1.2355428561625514,-21.2626,0.8021507,39.19312,58.99,4.068999999999988,0.988641,121.2755,58.28045,1,
2.1167159990541093,35.50390460969794,2.844104832387882,45.37145562129757,6.409419110743325,27.70051951344626,1.4127832817621906,-14.4662,0.8212702,54.25594,45.3306,58.7,13.695,107.5841,26.12113,1,
6.763342337248244,5.559302358077669,15.190096861783173,24.545504588685464,0.7468734172050486,4.4806628514402265,1.0834236872180902,29.10942,0.7993704,27.47769,57.0297,50.727000000000004,18.8356,40.00068,46.77611,1,
2.0455140086975163,18.110167304942387,2.224258840506568,7.197239798276075,0.4538981674411041,23.19088663435619,1.1070859804590378,47.98347,0.7996889,94.73002,44.77,52.548,8.68032,94.03168,47.98347,1,
23.379544316250062,17.33154879519075,19.23619432963425,2.7259912580393206,6.077880230418417,37.85013032361364,1.051961429923267,-9.62786,0.7967696,36.80848,40.133,40.589,9.92848,135.9288,37.87541,1,
10.940522982989494,6.514779001291351,37.2767330732641,3.1495460152989483,2.2123122421596975,2.52768068242475,1.0646242520334366,-5.26124,0.8014276,35.99637,53.4045,46.456999999999994,17.6792,34.37741,43.17697,1,
38.57256095482258,37.002577108516206,2.804222366316579,20.50896886384991,5.8421260215586255,7.920134322056784,1.3850978030439034,-13.4735,0.8038058,35.74209,52.4068,49.5,17.4906,50.00098,56.57707,1,
3.9828324454453043,39.22888805612582,9.107629182496346,26.36436553719261,0.3181030484166787,16.184456239303003,1.042566329559906,34.45444,0.7899625,270.4846,41.9395,47.91999999999999,9.98045,73.73543,44.90012,1,
24.197360181473726,26.591753553539714,15.830091414551687,2.067909667347675,4.0377283852300785,17.540520367073164,1.1385357549724864,-9.83487,0.7995914,33.63385,51.2362,54.132000000000005,14.3608,77.54006,44.17709,1,
10.842486411337521,20.950742504232284,2.947631350563727,42.51301520397402,4.1291989036855385,26.315450592062668,1.6855268146979379,-9.81829,0.8074525,80.84836,56.4163,54.977000000000004,18.283,103.0889,51.3847,1,
16.221303084377894,33.03962253845968,10.713177741908357,24.123507020941553,6.030486549822349,3.871314920607955,1.4092665613404154,-11.2422,0.8009665,30.60696,48.2785,65.522,26.4353,38.24719,45.67473,1,
39.47650626105999,12.073432191416638,14.983774609254835,36.845363258840884,2.0766940037213333,35.55745657380391,1.4706419241477198,-5.1003,0.8022592,36.17814,62.4734,-7.552999999999997,-1.85289,129.5391,57.31106,1,
10.669456410428767,15.040894635620175,34.93894134004441,12.813899130240754,6.957233375824348,1.6202693710852567,1.2522238683422864,-7.27646,0.7966597,3241.228,40.931,67.155,32.0694,31.61041,31.25588,1,
20.807130146252142,2.144063625446183,26.18818053184124,9.373706445637742,4.974473877465496,3.511269642554258,1.25377757880741,3.761233,0.8002441,39.90752,49.2098,45.127999999999986,14.7404,37.16818,39.3726,1,
20.21095035050001,28.990614552432923,22.3709170774165,50.047196370930216,6.845911285403159,14.002929462697393,1.3181082220926696,-7.16748,0.8019264,18.87954,51.9775,53.662000000000006,14.6639,67.47763,50.31712,1,
32.80407200785601,10.172520263270318,18.33139763364563,5.028925454586911,2.092071007313206,18.243205903310955,1.3129865010138246,0.07001698,0.8000571,28.48282,56.3996,-3.8230000000000075,-1.00058,79.59985,45.26259,1,
33.79080050968352,27.686549641093595,27.62784105775854,59.557251261818536,5.830053863103207,17.729991616175294,1.3467430313585254,-11.4156,0.8015996,20.18086,55.9777,34.87700000000001,8.19457,78.19636,49.02646,1,
35.07571740049941,9.568231937188418,32.15243475307655,58.5904219267547,2.586757936056487,31.936722446686545,1.615494880623789,-12.7905,0.8020721,38.83955,61.5871,7.3770000000000095,1.66134,119.1014,63.66622,1,
22.38980767534708,2.102362749244686,39.04557214286035,27.72917301427637,0.7270886134865112,8.901727794923517,1.0958154737502803,14.37305,0.7979702,35.26523,57.9155,23.01599999999999,8.64218,52.68982,49.90014,1,
20.5727172041893,21.027318939461047,4.0189084332294565,46.69010158448645,7.998377003142846,14.573754731028826,1.0593243324361683,-8.0299,0.8033033,18.01274,67.2398,49.26400000000001,13.511,69.17161,36.17539,1,
16.356243529307648,1.8066137246524585,30.71211114966597,2.8554157135069183,6.735857596572865,27.315827134058438,1.2769255593834776,11.80728,0.1899286,19364.74,-29.8191,-155.90800000000002,-15.8223,85.09387,17.39125,1,
25.166840410505195,39.422565258099674,39.89892570161493,9.075352850614816,4.9335097379895645,9.683297628373065,1.2307062451746078,-14.0835,0.7991486,3358.734,48.8966,50.45400000000001,16.6154,54.90594,39.28866,1,
5.562431767288014,3.0875679455186935,17.374305913392366,19.092860712622006,2.288495809114892,8.193236484186787,1.616558335456205,3.736765,0.8018637,36.97523,54.9839,59.965,21.7131,50.71167,48.60117,1,
1.5276601683215945,8.783425620794118,31.967394646297944,16.088363704464214,6.045203258439825,38.50156528729419,1.4961585129997825,-4.62615,0.8218138,88.51891,32.4981,77.101,17.5031,138.6861,29.7508,1,
22.405867461168988,1.522759117108016,25.071791533377322,23.180071657106165,1.7968606566563985,7.746587273509912,1.2947003822065017,3.433903,0.8012761,32.18805,63.7318,24.882000000000005,6.49144,49.41342,53.13235,1,
1.363235976384798,10.535068119604125,36.76482995432528,39.16692266776523,7.245440838332677,30.59562776476347,1.4496625563003833,-2.19598,0.8393756,128.5277,32.1154,82.3765,21.4619,116.5433,25.55576,1,
23.687197432478435,28.733981779008495,2.6881436439807387,35.16948643297839,5.345233036429844,14.259484919021352,1.0203503630034199,-13.0614,0.8027701,30.15392,67.4416,36.53399999999999,9.84498,68.22722,41.50433,1,
33.601550444470114,24.211297324106205,4.7124489369402855,26.64753333698005,5.213251597565493,29.152359599189953,1.1829338675163041,-22.8582,0.8042554,32.81936,66.6107,11.341000000000008,2.99074,111.1641,40.55059,1,
30.902682769510818,11.422356441462341,36.241950520431075,11.373740712192014,2.4704002810564725,21.284157724551918,1.613752031352424,-8.16331,0.800583,33.35902,57.6037,5.174000000000007,1.53315,88.36673,56.12599,1,
30.673230857269772,13.79601727618164,5.023136904713576,10.600701074729098,4.46574308485613,33.336963485646244,1.3415042788556382,-24.1678,0.8037988,44.79185,56.2345,9.941000000000003,2.70832,123.1844,67.74531,1,
36.73712524155307,33.28473156003065,23.018674113244884,31.78136474397772,4.9947298408750775,14.943081124135109,1.2252232006751214,-17.6097,0.8012447,30.55398,60.3312,18.13900000000001,3.92727,70.13867,62.28094,1,
1.9456908055953321,17.995649740593212,30.61577805219775,56.9721817984029,6.4682854786612936,11.80430770892861,1.5470389838540015,-5.80276,0.8049611,10.55876,43.9445,81.2499,34.5756,61.25017,46.48214,1,
12.69155988894583,14.890527369543067,19.100918224337086,57.14534293368669,3.436314280134891,22.895552140062556,0.918761001814887,1.978897,0.8024507,43.00009,65.2115,47.57900000000001,9.11842,93.06979,55.2398,1,
33.31894457587361,10.640191338092743,10.937426883175835,17.474278654554354,4.00053679251006,19.16416419880844,1.242411454104164,-19.1808,0.8019655,41.86155,65.419,4.252999999999986,0.964164,82.30122,70.90721,1,
29.987083922298563,29.087668322684944,24.541441156812994,52.785005054056526,5.795552851134136,24.243066611099206,1.147505497607271,-13.1927,0.8014824,22.63911,58.9024,24.020999999999987,4.68164,96.94735,85.85138,1,
20.793184118632105,29.314066634708457,10.302308885516391,27.213762257182875,0.9978661026189918,2.157798837384331,1.1713131612503402,4.90457,0.8023661,23.53041,58.8661,37.107,7.12773,33.38577,43.80194,1,
19.9668434905106,35.72723216657875,19.29831752764829,51.23470551325247,2.3820862720117626,7.035106986790698,1.5083607175168128,-13.0841,0.8021484,38.41351,60.588,54.166,19.3612,47.38885,52.06164,1,
34.38202884170263,21.313063088035374,39.806982234327435,24.687813049011478,0.6943380830927101,11.871140914084695,1.0872867488517586,10.0751,0.797541,39.86724,57.6706,-3.205999999999989,-0.872506,61.23298,50.65468,1,
8.148351060182682,4.376863256598085,6.764099452392359,39.98319532510746,7.9490764703617325,12.423122872882487,0.9427931625669449,13.97193,0.804128,24.86262,53.291,73.643,18.0609,63.00205,50.90084,1,
39.30064393930641,31.086397477039437,11.481506163167348,16.6502829496154,6.128280814210479,19.29132707494367,1.1144226752482773,-21.4228,0.8015599,28.7122,56.9713,9.899000000000001,2.30883,82.67171,49.54956,1,
9.329246866476936,26.274115449428706,25.501447715483938,48.061073235952726,5.854447098269049,8.365017814294074,1.394159452563654,-8.02922,0.8016472,25.85812,49.8157,68.319,24.4301,51.22305,48.36639,1,
11.100941113336418,4.161595858090013,2.6538516449777676,22.934067094833978,6.623299225075792,12.459577171142538,0.9766293548337759,1.004112,0.8027929,30.41503,63.0238,60.89,14.2357,63.04552,44.6957,1,
24.46126028045291,1.706283629859839,27.428991917535683,6.432971262377835,5.565865919613621,32.79833786400975,1.6774593820694799,-25.102,0.7989379,34.0012,45.6025,4.692000000000007,1.14629,121.4663,52.19722,1,
39.89632582606947,16.59947205587801,30.17682940768474,48.66655879758488,4.023763602338809,25.928472175178594,1.125245366414839,-20.0149,0.8018114,41.18629,68.9157,2.555000000000007,0.509584,101.7807,58.8641,1,
4.748173741733105,15.27241615177466,26.421877493484676,6.925969821099081,7.289474367221507,17.450169360742052,1.4685664986589262,-7.67609,0.7945272,3299.555,39.0279,74.486,29.4635,77.11889,47.0935,1,
18.22738092603301,34.11934701201916,28.08328279512472,50.25134200247361,3.454894382573503,4.373911394122794,1.472540907397325,-11.5956,0.8028422,45.24003,61.1882,60.681,23.8058,39.74024,48.17085,1,
23.84318035674472,25.549453056234306,11.667305824482604,25.14632487539377,3.9677547300770724,26.833218778695986,1.1819048509671337,-19.9971,0.8022903,42.7443,65.8185,12.704000000000008,2.89923,104.4002,61.41817,1,
32.1162571200782,9.413398401624965,34.26401387638735,55.08008809236179,6.709640041992979,17.03860683951238,1.4431813374344085,-5.67021,0.8012292,18.28932,51.5894,37.92400000000001,8.56062,76.19789,68.7606,1,
29.333075931136662,9.680607451040574,8.501398821125196,46.820857345782144,2.953790069395519,10.33074108003452,1.4208702576833383,-8.83704,0.8024418,40.92962,64.8272,34.80099999999999,7.84572,56.88504,70.85156,1,
20.580760415212012,24.933432827003127,16.698038810129695,51.61392750689539,7.794490674655546,37.868591451928296,1.4069158933638213,-8.43509,0.8081357,21.72602,50.0413,46.93799999999999,11.4157,136.4285,44.8196,1,
25.144924680266424,17.72357827487683,16.502473026669108,49.69688002322686,5.4521288884035375,19.49610189640507,1.0377904855350326,-5.14043,0.8017037,26.15415,60.2725,33.641999999999996,6.21174,83.27887,57.36467,1,
30.34656575499818,23.290880372472973,21.207111914912883,4.896887620614907,0.8279246571400075,15.066232629698217,1.2231780773526615,10.10338,0.7985387,22.44479,57.1493,-25.528999999999996,-7.36927,70.42896,50.50303,1,
24.37314990125959,38.45383461692752,15.402479384702884,19.757575458240225,4.150006200389392,12.04475799378189,0.9531362995503042,-13.6519,0.8018922,40.83826,64.5453,9.238,1.59054,61.79769,54.2683,1,
25.65857114275355,8.541844358673607,5.285790534300936,29.682911464189505,7.902814786952222,24.169447685305997,1.4230072175029753,-6.8988,0.8080141,29.04765,52.2583,38.601,8.79353,96.95731,47.27956,1,
31.734709093907902,23.670795054635263,30.031345420722054,36.499679772202995,1.3751780194724812,10.571232199891416,1.557549785628801,-5.63344,0.8005743,25.08048,57.4623,27.937000000000012,8.81044,57.5361,52.42023,1,
32.18757481156232,7.296175372983626,28.817033482850256,7.4268852584985945,5.08708072622205,39.870570585982115,1.6591283423851253,-39.0033,0.7999078,33.36672,47.8239,1.7860000000000014,0.465111,141.87,57.16031,1,
14.472939711745454,10.503477834491639,37.740935493959945,5.474909190132477,0.9678042391684766,23.1559976747653,0.9367327186605364,13.91726,0.7986914,19.50387,56.5034,-2.038000000000011,-0.898199,93.72348,52.24359,1,
22.146565550195078,5.482384720408836,34.97578297984837,34.504481470971925,4.776903466800171,7.567761255046622,1.0228543363398557,3.768209,0.8013788,33.29867,59.3328,43.298,11.1227,48.90029,51.99093,1,
8.196729465275432,16.22970975749596,25.26988407093096,34.324316630305624,6.057096224522406,26.370428524872707,1.0993160987794646,4.029229,0.8028317,25.85092,51.2711,59.342,13.6831,103.1145,55.48145,1,
11.715560832226345,3.925581578831283,20.491316787391334,20.2031387213613,1.3478532508676853,23.892758789454785,1.3738211356340257,12.6509,0.8008977,26.00113,59.9928,19.727000000000004,5.67368,95.91111,58.68606,1,
12.248883531888264,32.42462525248433,17.6392671023812,7.6352897702060645,7.3594619788030835,22.78057293560422,1.1638051714087183,-9.54945,0.798519,31.3793,40.8151,65.371,22.307,92.60802,41.55145,1,
36.87466552245709,2.9599987346160397,19.92631368315778,27.90052435414384,3.949328509536349,18.511061593549254,1.4477238243243704,-21.8271,0.8019058,41.80269,64.7549,7.317000000000007,1.60295,80.41966,59.59364,1,
1.5627801169856916,8.316400794119529,15.074899782482126,6.731208013167546,7.732773372140159,3.7529107985563366,1.4113555191926839,-4.58179,0.7913287,3650.86,35.2453,82.7506,41.3472,37.56056,36.17888,1,
25.253058815823834,34.57670529635991,10.060824051824701,52.94736059453977,3.6459178411511983,10.180484678859235,1.6837266441138241,-13.1256,0.8027445,46.12359,62.5395,50.32599999999999,16.9261,56.45911,53.31014,1,
28.53540280054382,39.546123310846134,7.633131925309958,5.6702163414381435,6.509830646444743,17.330284851871795,1.4166697370093981,-10.9692,0.8004086,38.15778,43.2773,54.601,20.8363,76.96226,54.54678,1,
33.16424739095206,2.3988202451662373,22.59516116125547,33.00007153073203,7.173793085119925,26.151854205122735,1.336693740787125,-9.89445,0.8020427,21.72634,53.0791,21.406000000000006,4.33252,102.4628,52.80084,1,
37.94089589074415,11.852642997945349,6.803040636611769,9.75211220151877,7.552788623927024,15.199256628957704,1.1498600942764832,-14.2973,0.8018934,31.33417,47.5032,23.257000000000005,5.61783,70.89244,57.99195,1,
18.441207375988615,36.320620950069184,37.969412855416834,59.901951660838215,0.8203384503617981,14.90805509952436,1.5918824420577717,5.248449,0.7996585,25.08722,52.2857,37.928,14.0969,70.03505,53.96638,1,
15.372332750314683,28.852826433310337,3.445792295899748,30.50317814740029,7.1043472571824635,10.724921680326862,0.9673924649543972,-8.77945,0.8019607,24.68798,65.1818,50.18299999999999,14.1626,58.02851,43.877,1,
35.817029694418004,18.322816244246738,32.650374791350416,57.233314072436954,1.442308753881411,17.469648146618866,1.0077448353781004,1.173707,0.8007943,26.12103,65.2978,5.115000000000009,1.09707,77.41132,55.50699,1,
19.707561023936897,24.420043680435487,4.745881933448528,6.080122855965513,1.0235171496875193,11.038973248027737,1.595973240097241,3.097898,0.7998886,19.11099,51.9911,33.922,16.6447,58.86695,51.76941,1,
13.362910136612134,32.60701285758965,19.39762581206957,46.578316503983345,2.9791963695914365,3.0703369351907464,1.672579740065283,-12.2363,0.8034573,45.85863,59.5075,65.255,28.4002,36.00936,46.7005,1,
13.106631732664779,34.77390872320366,19.161606981789067,39.6324700054148,7.003891258324215,35.841320501444144,1.6244523581968404,-11.2809,0.8073154,27.08265,47.0785,59.262,18.127,130.5522,59.86189,1,
2.639789099664496,19.71613437127033,37.81397182551948,54.770119737354115,2.7838244106880787,24.855975474654393,1.6111239874538021,-6.30982,0.8042093,48.48429,51.5982,73.434,25.7674,98.77954,50.5136,1,
17.94399897023554,31.15109421293432,35.820575403625675,50.862429617776606,7.708355762653407,36.97299661658224,1.2847549920256178,-8.58371,0.8039527,15.89344,50.1789,47.400000000000006,11.2486,133.705,41.12869,1,
24.729516087049895,4.488616429573937,23.411781004662256,5.8596408417151995,3.14307529128287,34.45540917977775,1.044194859780946,-2.36812,0.801007,36.54113,60.8205,-18.27799999999999,-4.44359,126.3091,56.16061,1,
29.719332487582236,15.373450135482228,33.952100610211325,56.71661807246217,7.658765773864416,10.639654740398614,0.9715532668808394,3.519735,0.8003613,16.13362,54.3222,45.17099999999999,9.57781,57.74432,53.63882,1,
28.853010511590618,4.89835617783992,17.585364779128472,59.10621052167403,7.00283814916044,23.694611664511864,1.3549316554259543,-5.01062,0.8032057,16.68088,55.3155,38.36099999999999,7.55589,95.4383,44.18861,1,
11.366065690088028,19.91585037263302,18.613360233301293,51.331000273454485,2.452715422343873,33.05429468188075,1.6326647910660215,-5.51916,0.8036088,47.89606,56.7972,45.79400000000001,11.6499,122.373,56.28251,1,
35.906171528848645,23.11889516079864,38.45200560783307,21.88298244801399,2.3044635746327256,7.324784885334154,1.4309074798809778,-17.2774,0.8011189,36.49441,59.7371,30.46799999999999,9.8314,48.18557,46.09335,1,
12.288535035454197,10.916672596745325,12.370499635192745,3.3611685299110325,2.351345374759505,27.650352616128323,1.2160970438203542,7.28219,0.8003747,32.37272,52.435,26.387,7.23088,106.6944,45.19134,1,
30.071705241689152,22.461887132717653,17.97523905814352,33.202049974114985,1.8132212358106612,11.43479899218186,1.604042043955888,-10.781,0.8013891,31.67682,58.7372,29.406000000000006,8.91128,60.04082,57.22082,1,
19.49614494515274,38.68817291760612,32.272256975653264,57.96830609288193,0.43592597220618856,15.62127935607679,1.2118940930351756,24.13972,0.7917674,180.9178,48.1078,23.77799999999999,6.49223,72.02356,48.79805,1,
4.329511123838119,9.906876192204157,12.574022264810385,45.89944282405327,4.445071282267226,16.656695059996416,1.4439902355339949,-1.06975,0.8045267,43.62588,55.086,73.583,22.6479,75.18033,55.57236,1,
17.486707747159432,8.12439851121513,4.326530710995215,10.794925831993767,6.340525485501936,38.256617048098654,1.5875426790663614,-9.94811,0.8088243,47.53626,48.4823,35.166,8.85111,137.5332,75.12744,1,
28.047305917853254,35.197248270063795,33.293570416321174,25.423295056359176,5.070105881829366,35.420413351729444,1.4274981937823041,-17.8117,0.8018906,31.87014,52.4752,28.467000000000013,7.60708,129.1335,71.03425,1,
25.554235977093853,33.54640978762104,18.14118979898215,41.185731677681105,3.166903031525143,7.497235461759489,1.004936871097686,-4.34187,0.802241,41.76558,67.3304,28.04400000000001,4.97811,48.71597,52.56471,1,
5.103866630066843,12.811344623285223,4.109472845947083,50.58981830011649,6.962454144336661,37.74677012882469,1.3536621027292293,-6.94409,0.8082599,19.74687,55.7368,64.534,16.7465,136.0778,37.33709,1,
1.8082200490887383,37.18156535899698,5.243629660314936,57.4123319932572,5.907993730592872,34.90753383198111,1.267063457360361,-15.9093,0.8280642,47.55816,45.4301,66.691,15.3613,128.5737,25.52875,1,
26.05002310574954,25.269052363271744,18.95509652971685,13.003316817620352,2.264793399369772,10.007815960198474,1.060342662255655,-1.7882,0.8013634,35.85858,64.5257,-6.828000000000003,-1.3009,55.91957,53.56599,1,
6.2353859752339895,12.476071758145281,9.962605527544302,55.691723962156146,0.26203538416796046,21.112410703609964,1.4792903594005375,30.66095,0.7907323,358.0754,39.3237,57.400000000000006,12.0325,88.16355,41.54724,1,
19.22708549856658,36.13762922969088,17.478105022519987,52.219729120304734,7.455901504443789,38.32596167780441,1.1184803297795927,-13.4564,0.8047859,17.77247,54.7752,39.86500000000001,9.13065,137.6298,38.71814,1,
20.06702579689178,19.998528203407965,4.196568286530258,43.304327149143816,3.1298764450121555,17.857901725261755,1.2833755897255816,-13.4036,0.8033327,44.70317,66.0883,32.14699999999999,8.21123,78.59212,50.95774,1,
23.60438234328291,2.561439178270154,24.26825610313045,12.056112793759041,6.884516770956042,11.3581838878447,1.3257750692572727,-2.2951,0.7985375,30.16803,45.9,34.327,8.35185,59.71847,41.70918,1,
36.88911342291391,32.73526547561871,15.264692239185,25.88187592370223,5.583040979638265,18.549635438170114,1.272542545687927,-16.6586,0.8018855,27.78376,55.3264,25.067000000000007,6.47941,80.55031,50.24609,1,
34.26097246820946,34.98315535548257,34.515059482703364,38.02004936232128,1.388048254656309,18.023705625273394,0.9516915061218694,2.432525,0.8006078,25.37693,64.6657,-9.163999999999987,-1.92191,79.00009,55.20202,1,
8.8655648489527,11.586210427016935,38.27599545982628,21.617314406846578,7.864098458517042,13.754739871686361,1.3996977497262408,-4.81713,0.7978251,23.67117,41.8681,65.935,22.4161,66.60797,42.93018,1,
26.82992466086327,29.139043798555445,29.005383824527573,45.77231744967488,3.798802496729291,34.762907324828305,1.4346536170906958,-18.6011,0.8024186,42.91571,62.4344,22.611999999999995,5.41551,127.2443,75.93027,1,
33.661792727152616,17.518465693229977,5.4493145368489095,7.267091852986626,2.002241686427407,30.894912819508015,1.2556206899359743,-3.79847,0.8020935,36.33749,58.9978,-11.679000000000002,-3.52317,116.1001,53.20612,1,
4.434675963937443,39.36500740223084,24.05895601818684,23.63725210499177,7.188782376046349,30.263419691657333,1.3874608552364402,-11.5039,0.8052144,32.54319,43.4012,68.504,23.7165,114.4056,42.94189,1,
27.036658931800126,10.362933951551161,8.562432185110017,34.89748880642224,1.7094034186308138,8.474080457030682,1.6454576775497594,-3.61959,0.8019605,33.58361,58.8217,34.37700000000001,9.08137,51.53506,54.12761,1,
1.15558086752243,34.866324024403184,1.055082368289142,40.56468513233701,7.53352290403272,34.53695009606021,1.0106863815288958,-200.0,nan,nan,nan,nan,nan,nan,nan,0,measure_failed
8.811722341861763,16.008863301409768,8.739919176284555,7.8851144879157875,6.167678105629688,11.274019260590467,0.9298286103247209,3.141092,0.8009265,34.69996,49.1375,53.382000000000005,11.4583,59.55014,49.19992,1,
2.149571002259089,30.654543421041637,31.72898126865092,43.65782471104598,0.5474595740484169,6.465466224220459,1.1644587246597211,15.70495,0.7956278,86.82147,49.8265,54.848,19.4971,45.66348,46.78033,1,
3.0651747952386144,15.953451535219028,26.08199152007317,50.65198592518594,1.3438228713949594,12.177833528095983,1.3333847764110744,12.76795,0.8019312,27.70962,57.5901,64.41,18.7387,62.21225,50.00386,1,
9.983696835576206,25.742042789472407,21.889472238781302,25.48589354891975,4.908193955206703,37.483727126695065,0.9272185854730824,0.1218706,0.8027323,34.9088,55.301,41.41900000000001,8.01276,135.1028,55.99924,1,
27.945913443083974,11.162389114547585,37.54672839364544,48.16249352288781,3.479786817603823,8.9545024144855,1.6265431765333238,-8.18527,0.8019698,41.02626,62.3366,41.852000000000004,12.205,52.9025,53.45187,1,
5.290126584306168,15.543481735144104,11.566077815006548,35.049144695617734,6.521973043039158,18.72879148033992,1.037231083655597,4.315442,0.8046221,22.27434,50.9501,70.975,18.1881,81.17096,51.26982,1,
26.44850707026778,24.086654505371225,17.073441490015824,56.940877285925936,2.2232855024870153,28.55879223914176,1.1765978057940034,-4.35131,0.8017425,35.91949,66.6831,8.837999999999994,1.71977,109.3654,59.22272,1,
15.200081321699749,5.72010133638491,37.432043492770106,52.15393651787038,1.0907485875961278,27.76730961900541,1.1761677279858822,13.3291,0.8004688,19.30535,60.3234,21.25399999999999,5.39879,107.0725,54.33961,1,
6.044397791321563,38.140654742930735,12.9512142825708,29.570981554252963,7.062031617717311,27.579863819070397,1.63027356244093,-11.8052,0.8079147,15.802,45.817,71.058,26.689,106.7734,53.92252,1,
38.83967000545531,1.2617568920959314,38.57906554015691,58.23303713081324,0.35661303380629183,21.225003270136902,1.085717207171423,16.52793,0.7880034,269.9865,44.5717,18.554000000000002,6.5056,88.15115,46.61584,1,
4.844298257391326,20.76706323611766,36.815074988695876,8.450827345060077,1.6697691066528983,26.70545728521952,0.9913693794716356,20.29361,0.8002472,28.66841,54.9691,27.670999999999992,8.43605,103.9778,52.83196,1,
17.009719621133552,39.52195678862633,10.114182897084271,32.62587677400612,0.16714415029706622,13.316208552204326,0.935189530006141,33.31256,0.7751071,742.324,27.7804,49.56200000000001,10.8819,66.04643,33.95514,1,
2.5605993916261807,19.165352132861994,1.1106553261042773,40.2636742405917,1.5531374224136862,39.72116153952284,1.6567582952215527,-2.28376,0.8282709,278.4047,46.3858,61.968999999999994,25.6915,142.4282,41.03844,1,
36.13403461735516,15.663414696178506,24.666328996402555,51.71708507700519,5.366497492900279,3.383824763876116,1.0901405389682155,6.920865,0.8017444,29.44337,58.1102,49.74000000000001,11.0874,36.87651,48.27057,1,
2.4523933804510216,21.46405320741602,12.147748816381956,48.776174114341714,1.7511966341151894,6.595485231209783,1.6338892073295102,-8.18019,0.8038382,40.43404,53.6163,73.787,33.2617,46.1898,46.82019,1,
11.588969608597083,14.228370760232666,20.265034789079735,21.56191253039489,3.893232228143294,16.309305425587667,0.9809705603928194,1.202599,0.8021762,42.83046,63.399,39.346000000000004,8.26138,74.0873,53.21888,1,
19.606007012648107,6.687372036481542,10.497016237987047,27.52538621742056,5.428119379500124,36.33934693764569,1.6647291583187658,-8.67265,0.8058331,36.87357,51.9529,32.248999999999995,6.95141,131.9189,80.32741,1,
30.802577366595987,33.722759235725,20.145088366345934,46.10211847441412,5.047346854575164,15.648381589767446,1.3695283204149955,-13.1359,0.8019427,28.55566,56.7662,37.85300000000001,10.0778,72.19915,59.14332,1,
6.115798086488942,28.558036008766834,20.79699723217913,28.939997980952928,2.7692344373410696,31.20552889167284,1.347059923598229,-9.11321,0.8031021,40.8854,57.4443,54.57899999999999,15.6736,117.0265,50.0385,1,
18.912947558335237,33.36216902101849,13.435063350000602,54.03098979959935,4.178447273624689,21.943887727564956,1.1288168561351628,-11.1302,0.8023681,40.51265,65.5756,34.501000000000005,6.87898,90.32875,60.80895,1,
8.665462307233039,24.620942552863312,7.167349643373487,53.13550730967734,0.400806309484281,14.756843089051648,1.2821415739676056,34.18515,0.7939702,197.558,46.8567,46.77000000000001,11.2294,69.67082,48.62973,1,
25.401273765607314,1.151591605880106,24.315610778784023,44.11508654746309,7.484337092426596,28.20684699127633,0.9320158069704102,-2.47583,0.8020236,20.24727,54.3645,36.627999999999986,7.25228,108.3879,58.26674,1,
18.83726217972015,34.602397762574356,38.8488130576172,51.827676431610335,7.255750896163484,5.518791810443434,1.5588972489880455,-10.665,0.7990334,16.60795,47.0566,64.515,25.2474,42.9469,48.03716,1,
35.03395601859047,36.45846023007618,33.18185159720646,33.661002418946225,6.101553993332377,31.48846282357169,1.4773320186957282,-16.5916,0.8021387,25.67606,50.2588,28.587999999999994,7.5324,117.8307,74.15918,1,
7.56556616281941,35.58866249451793,24.704533811688627,4.003209935769894,6.278998648933632,9.396091783657907,1.1529246290441102,-32.2473,0.2037013,18082.66,-23.1029,-17.24799999999999,-0.120157,33.9507,7.275062,1,
30.24121080289248,28.425446613258853,26.90725448795803,56.10048732038141,1.4205209199690483,29.20832344828605,1.636939936161619,-0.34667,0.801835,30.68341,57.2122,13.638000000000005,3.64389,111.2548,57.43981,1,
16.850352768354412,21.21089986476996,22.762929677987653,4.144769706547411,3.3809766690985974,6.808974602276723,1.0776024102578026,-12.9196,0.8011405,37.96103,55.7913,47.595,14.0297,46.69015,45.64112,1,
38.75379283106731,30.42547311446045,5.684179058670707,15.528956868048947,6.600231204682577,9.908413757346608,0.9785731517401461,-20.9652,0.8013487,30.25959,61.5771,11.057999999999993,2.07135,55.64221,56.25821,1,
30.4535393599207,36.848970021376545,29.32867593524032,49.103095099084385,7.412448883645281,24.94534081608017,1.3677459081491892,-12.1384,0.8027294,18.27779,50.2685,40.071,10.2579,99.02142,49.09846,1,
29.865291680112634,1.6815252087936696,32.526889547948244,29.881442703760616,2.3244181051039456,31.1205443382881,1.0683701029306636,-1.70036,0.8013484,35.39791,65.8613,-4.966000000000008,-1.14754,116.7261,58.19444,1,
16.595703407248855,3.7421712099240656,16.9592440108957,49.20826836411059,2.5931447486545025,11.464757990300788,1.2317060276668768,1.469075,0.8020442,38.7336,66.4024,45.34100000000001,9.66259,60.14048,53.97306,1,
28.351367660584902,6.920434975571765,8.092498079100029,13.897740554950714,5.075070199677447,15.879481037894093,1.5231303572107207,-13.7119,0.8022984,36.26626,52.0108,24.048000000000002,5.72713,72.86283,57.88244,1,
12.850269556513195,26.362349931876867,16.302414000266225,33.3752872708316,2.4135647802331466,28.31170905715933,0.9176947531230006,5.065713,0.8020598,38.52429,63.5566,23.852000000000004,4.42618,108.6604,56.15376,1,
39.05603575532028,29.452444252194198,28.52509249005639,5.988771634679412,3.465783349992141,16.12013993082448,0.9632642634873557,-15.2852,0.801073,37.73121,63.2748,-26.138000000000005,-5.47859,73.50383,55.31869,1,
38.89772613283935,1.6081558601791077,30.658867037435993,8.87465364881592,7.980289842857258,22.846094522589713,1.5415545002422912,-17.144,0.7971886,28.08658,42.9171,4.336000000000013,1.00652,92.75396,47.30802,1,
20.47469580650486,13.256235771904391,1.3689946326749818,49.501682756172286,4.879210286545885,28.188188606985868,1.572547531753406,-7.79731,0.8119153,124.71,55.0928,40.869,12.0916,108.652,67.62568,1,
19.88079658496563,13.865182776619811,19.724413754753545,41.67212986359975,5.5290073508398345,3.956455278666118,1.3447754114743082,-3.28458,0.801448,31.91799,52.5024,61.435,19.4174,38.51395,41.17638,1,
5.376616998174113,20.668848074271054,10.990575003417474,52.032286050100154,6.558167548048549,5.676451205614324,1.236040635268938,1.713935,0.8036681,26.91447,51.9908,75.328,24.7285,43.55622,46.93362,1,
23.24669764129115,11.260838073797602,2.342003830600471,35.39161397624902,2.8879355319070683,15.435952449502848,1.5444844879530208,-11.8496,0.8040406,53.09546,61.072,32.55799999999999,9.06958,71.64182,56.2223,1,
22.68556952803153,31.856821787155596,25.017791909322632,23.805910574429614,2.5360219187753423,18.88098105496978,1.189656378008964,-4.34675,0.8014856,36.88907,65.5357,3.6200000000000045,0.732593,81.4781,56.09613,1,
13.916144500561087,28.092351285188588,33.677824766243724,28.486219751102976,0.671602193550537,19.854836897596396,1.5711716990785327,15.7311,0.7978182,41.51322,49.2691,31.75999999999999,16.8612,84.24356,51.20733,1,
12.56683599581864,31.590062484247206,11.788870986780747,42.56550655651308,3.837789918373446,33.91104354495222,1.6736686070316358,-13.0575,0.8044493,60.52324,57.4388,51.129999999999995,15.4342,124.8594,53.55319,1,
32.4406907558445,35.2143506530254,1.9966541034106846,28.314873246036928,6.816754501383352,28.907805640389363,1.316195304065333,-13.2479,0.8146415,67.77251,53.8008,38.96000000000001,12.1208,110.8259,44.92644,1,
27.386277419344875,34.306736205955026,18.061771695413732,31.228567193200632,1.9276632558254998,29.101585899889578,1.4042635510043162,-6.16497,0.8019244,29.7693,60.9666,10.239000000000004,2.79132,110.9375,49.91432,1,
1.8793126079686482,37.679249103846374,33.60079383204393,26.963616454995655,2.967612776412876,5.145875141875372,1.2704691100246,-10.2288,0.8044826,51.00963,55.2443,72.253,31.0907,42.01997,40.30455,1,
28.209686015273764,14.425159145312056,24.153354808644178,6.826246190293912,4.399731477855924,27.371583064248146,1.0393259129133159,-23.6964,0.800903,37.55307,57.8074,-6.877999999999986,-1.5011,105.9025,55.23791,1,
39.68061723456311,12.712046875039528,1.5565624221854817,17.110771125875473,3.2698811564299173,25.74649715429289,1.1567772775735898,-22.5089,0.8041693,53.34924,65.3003,-8.413000000000011,-2.41759,101.3361,51.788,1,
2.9998370614295524,32.527156886711936,16.82713774868703,3.8598598071824695,2.500835965939777,27.22372790863551,1.0349252560838622,-2.93876,0.800425,31.30837,50.785,57.084,14.8907,105.4673,48.85787,1,
28.289173862859215,11.002939146530354,20.51697781170785,49.37633140113243,5.134849531702715,26.951676776865597,1.2763272351756716,-12.7049,0.8021211,26.20854,60.4826,24.319999999999993,4.91346,104.761,48.05433,1,
34.935459140698796,32.301599152611516,1.212759255058657,37.16260610234018,6.674666768502095,4.889573899948214,1.5111320452603918,-10.5282,0.8067891,37.37374,51.7521,58.144999999999996,21.3358,41.39015,51.18348,1,
4.074600334445298,34.909072256773804,23.690477472810233,37.02728016869715,6.486129731889586,24.08592089542791,1.308996868512872,-8.6498,0.8048769,12.57335,46.841,72.554,25.045,96.60913,76.19812,1,
21.924511263896168,9.343879976335622,23.503687890710204,3.5901323256448276,4.7829611808744374,25.50175332351712,1.0784664967907183,-14.1722,0.7994358,38.61435,47.6607,19.812999999999988,4.67844,100.4603,42.75955,1,
