GAIN_MARGIN_DB,LOOP_GAIN_DB,PHASE_MARGIN_DEG,POWER_UW,PSRR_DB,PSRR_WC_DB,TC,VREF,c_GainMargin_min,c_LoopGain_min,c_PhaseMargin_min,c_Power_max,c_TC_max,c_VREF_max,c_VREF_min,is_feasible,penalty,sim_failure,sim_ok,viol_gain_margin,viol_loop_gain,viol_phase_margin,viol_power,viol_tc,viol_vref,x_iss,x_l_all,x_vbnv,x_w_ncasc,x_w_pass,x_w_pdiff,x_w_pmir
25.8107,49.9232,66.087,49.33328,52.17466,-10.4208,34.82798,1.217064,14.0,50.0,60.0,55.0,26.0,1.2214,1.2184,0,3,,1,0,1,0,0,1,1,10.750657455032835,3.05,1.4425056485791248,26.740000000000002,13.89,22.69,15.575000000000001
29.0121,46.1644,67.82,46.49402,43.09414,7.861376,31.90492,1.217633,14.0,50.0,60.0,55.0,26.0,1.2214,1.2184,0,3,,1,0,1,0,0,1,1,9.75696954909036,1.925,1.610878816649591,1.7349999999999999,39.475,3.585,39.61
19.021,47.3591,70.398,91.50736,64.25339,0.5709936,20.31868,1.226517,14.0,50.0,60.0,55.0,26.0,1.2214,1.2184,0,3,,1,0,1,0,1,0,1,25.28356789443199,5.565,1.5635365757261204,5.885,58.54,11.21,5.11
17.9891,48.8979,57.849000000000004,44.50502,50.88386,-3.84596,30.08122,1.217915,14.0,50.0,60.0,55.0,26.0,1.2214,1.2184,0,4,,1,0,1,1,0,1,1,9.06328212456235,4.670000000000001,1.6156387204906708,9.055,77.565,33.0,39.715
3.58556,52.2488,15.622000000000014,113.0114,65.48445,16.34052,18.0639,1.221589,14.0,50.0,60.0,55.0,26.0,1.2214,1.2184,0,4,,1,1,0,1,1,0,1,32.80654072689559,0.81,0.9107067035988061,2.17,36.78,22.035,2.915
10.5226,35.6787,31.971000000000004,106.4702,44.89708,25.1411,38.96099,1.216135,14.0,50.0,60.0,55.0,26.0,1.2214,1.2184,0,6,,1,1,1,1,1,1,1,30.59840726865405,0.475,1.6474923048189676,10.015,31.23,16.189999999999998,33.31
7.06327,56.9744,30.36699999999999,66.50869,55.17282,9.604516,28.78959,1.218033,14.0,50.0,60.0,55.0,26.0,1.2214,1.2184,0,5,,1,1,0,1,1,1,1,16.701552357620873,1.5699999999999998,1.33872133500607,11.98,51.33,26.095,35.215
22.5623,52.7307,69.037,86.2357,44.17158,-9.83099,19.55002,1.22359,14.0,50.0,60.0,55.0,26.0,1.2214,1.2184,0,2,,1,0,0,0,1,0,1,23.486996704626588,4.535,1.1844355062856018,26.395,68.25999999999999,5.38,5.785
27.6615,43.4313,75.312,69.78474,50.51284,-7.11339,19.49157,1.229436,14.0,50.0,60.0,55.0,26.0,1.2214,1.2184,0,3,,1,0,1,0,1,0,1,17.706679224317647,6.325,1.659203839510356,22.795,98.615,9.68,7.035
8.09885,53.8664,44.822,98.89463,38.31236,9.991258,10.72875,1.228079,14.0,50.0,60.0,55.0,26.0,1.2214,1.2184,0,4,,1,1,0,1,1,0,1,27.82923768364396,1.5799999999999998,1.553543974698658,1.4100000000000001,93.91,18.785,1.17
19.8225,43.6858,54.658,47.6098,51.39042,30.87512,35.81222,1.217123,14.0,50.0,60.0,55.0,26.0,1.2214,1.2184,0,4,,1,0,1,1,0,1,1,10.14901264606252,0.505,1.4384563596457611,1.595,62.235,6.65,31.8
23.1686,52.3688,65.052,49.75524,52.27035,-10.1182,28.77496,1.218652,14.0,50.0,60.0,55.0,26.0,1.2214,1.2184,0,1,,1,0,0,0,0,1,0,10.877689651832716,4.1850000000000005,1.5860405277370049,26.285,67.85,22.185,27.810000000000002
37.8016,36.1611,77.873,23.49779,35.54449,-9.46085,37.90068,1.213059,14.0,50.0,60.0,55.0,26.0,1.2214,1.2184,0,3,,1,0,1,0,0,1,1,1.82654925583534,7.750000000000001,1.4178683944326576,38.78,43.655,16.439999999999998,20.05
11.9192,51.7862,52.001999999999995,104.6823,47.21674,-10.0471,27.16496,1.220824,14.0,50.0,60.0,55.0,26.0,1.2214,1.2184,0,4,,1,1,0,1,1,1,0,29.92429087796785,5.5600000000000005,1.1482979148784247,36.835,93.145,21.555,20.485
30.4126,41.928,72.13,28.86484,42.94584,-9.82667,29.70678,1.218577,14.0,50.0,60.0,55.0,26.0,1.2214,1.2184,0,2,,1,0,1,0,0,1,0,3.6255811887931295,6.000000000000001,1.3554274183932986,38.225,42.545,25.98,7.555
21.3173,38.6528,69.735,85.40345,63.06468,-4.37411,32.32601,1.225582,14.0,50.0,60.0,55.0,26.0,1.2214,1.2184,0,4,,1,0,1,0,1,1,1,23.175728771290924,7.855,1.5042106956369128,11.875,38.975,16.0,10.41
17.5754,37.0232,74.942,128.7237,29.98404,-5.19244,108.1185,1.230917,14.0,50.0,60.0,55.0,26.0,1.2214,1.2184,0,4,,1,0,1,0,1,1,1,38.15433515110965,6.24,1.6463971958828045,11.205,92.015,3.81,38.885
1.08408,56.3108,5.954000000000008,103.1347,67.26206,6.055509,22.13809,1.219891,14.0,50.0,60.0,55.0,26.0,1.2214,1.2184,0,3,,1,1,0,1,1,0,0,29.39679453807713,1.065,1.201906753241565,20.080000000000002,71.19,35.375,6.5
19.7173,40.8383,66.103,110.3751,55.53261,-8.53122,32.67105,1.223398,14.0,50.0,60.0,55.0,26.0,1.2214,1.2184,0,4,,1,0,1,0,1,1,1,31.871277155944053,7.48,1.428894810746213,30.125,76.36,21.265,30.125
8.88891,54.1591,38.19900000000001,127.8258,59.65679,-5.99308,28.77633,1.218594,14.0,50.0,60.0,55.0,26.0,1.2214,1.2184,0,4,,1,1,0,1,1,1,0,37.98649334688355,3.16,1.3044320878928128,15.09,31.990000000000002,21.785,21.35
3.59312,38.4557,14.320999999999998,107.4807,46.96624,19.72123,39.03515,1.21724,14.0,50.0,60.0,55.0,26.0,1.2214,1.2184,0,6,,1,1,1,1,1,1,1,30.93663609954203,0.405,1.4491443059520295,19.665,14.23,29.95,13.235
15.4442,32.6605,55.614999999999995,116.2804,41.36012,-5.79071,64.88055,1.206693,14.0,50.0,60.0,55.0,26.0,1.2214,1.2184,0,5,,1,0,1,1,1,1,1,34.11885558488122,7.260000000000001,1.3624452014720476,13.34,9.5,35.6,38.305
40.6234,39.8494,83.6571,28.80542,37.08928,-6.974,23.31225,1.223443,14.0,50.0,60.0,55.0,26.0,1.2214,1.2184,0,2,,1,0,1,0,0,0,1,3.5478410115116494,7.695,1.41190305477144,24.805,91.845,3.605,16.255000000000003
11.3971,48.576,36.09800000000001,124.09,63.42502,-0.93832,36.63934,1.21694,14.0,50.0,60.0,55.0,26.0,1.2214,1.2184,0,6,,1,1,1,1,1,1,1,36.70827545647607,1.545,1.6135427862435634,37.835,21.740000000000002,37.95,37.32
12.3864,44.6791,53.175,86.59433,44.7301,-4.68441,30.51551,1.224216,14.0,50.0,60.0,55.0,26.0,1.2214,1.2184,0,6,,1,1,1,1,1,1,1,23.604525776800493,7.465000000000001,1.395713248132621,12.655,76.685,37.875,14.200000000000001
15.735,52.2687,67.846,55.83465,49.57728,6.191877,25.11807,1.220418,14.0,50.0,60.0,55.0,26.0,1.2214,1.2184,0,1,,1,0,0,0,1,0,0,12.968302968508088,4.74,1.0015754173376954,21.46,50.265,9.33,7.92
15.3665,55.4367,66.613,23.58128,41.00835,9.594719,17.60691,1.223349,14.0,50.0,60.0,55.0,26.0,1.2214,1.2184,0,1,,1,0,0,0,0,0,1,1.7344299216434809,3.12,0.9760315036099498,13.43,83.415,39.980000000000004,12.735
26.4131,42.2684,68.206,53.0161,55.67865,-8.62898,28.63557,1.223526,14.0,50.0,60.0,55.0,26.0,1.2214,1.2184,0,3,,1,0,1,0,0,1,1,11.953982897229729,7.535,1.393772111735501,31.885,41.78,23.580000000000002,5.375
3.80281,54.8533,18.562999999999988,113.4817,58.38711,2.862,31.39429,1.217361,14.0,50.0,60.0,55.0,26.0,1.2214,1.2184,0,5,,1,1,0,1,1,1,1,33.02085971156507,3.04,1.0368516804738244,35.980000000000004,15.395,22.605,34.665
7.40874,55.451,37.81999999999999,126.2849,39.38624,-11.7179,24.32883,1.222393,14.0,50.0,60.0,55.0,26.0,1.2214,1.2184,0,4,,1,1,0,1,1,0,1,37.40714269149982,5.815,0.965336115950451,10.785,66.815,32.135000000000005,6.65
11.9442,46.5727,49.03999999999999,48.75444,36.49176,4.740504,24.05843,1.222277,14.0,50.0,60.0,55.0,26.0,1.2214,1.2184,0,4,,1,1,1,1,0,0,1,10.48633955684984,0.55,1.4075330176189234,36.6,81.89,10.715,5.875
20.1884,44.3147,71.21,88.63787,49.73193,-2.19946,24.59833,1.228711,14.0,50.0,60.0,55.0,26.0,1.2214,1.2184,0,3,,1,0,1,0,1,0,1,24.261425064758157,6.665000000000001,1.4742815800915627,11.955,93.465,13.91,9.61
17.7318,53.9453,63.295,39.08871,45.19619,-6.09899,26.723,1.218789,14.0,50.0,60.0,55.0,26.0,1.2214,1.2184,0,1,,1,0,0,0,0,1,0,7.173145711780383,4.045,1.2116870264422777,15.25,25.37,19.685,12.075000000000001
3.1363,61.2211,19.901999999999987,87.9014,60.6559,0.3450261,25.73909,1.218757,14.0,50.0,60.0,55.0,26.0,1.2214,1.2184,0,3,,1,1,0,1,1,0,0,24.121096505657317,2.195,0.9280545112453624,32.555,87.885,36.06,13.725
14.0579,59.7682,65.192,32.05199,50.49039,3.790758,22.64091,1.220103,14.0,50.0,60.0,55.0,26.0,1.2214,1.2184,1,0,,1,0,0,0,0,0,0,4.713688715761105,3.47,1.2676204219401652,3.375,67.355,30.8,4.145
12.8974,55.8087,56.188,26.63649,44.23707,-0.266386,21.27682,1.220848,14.0,50.0,60.0,55.0,26.0,1.2214,1.2184,0,2,,1,1,0,1,0,0,0,2.8248249985599694,4.105,1.1317549657575592,38.535000000000004,58.89,28.315,20.35
4.2495,45.5686,19.695999999999998,113.3924,81.76055,20.70589,23.43286,1.227233,14.0,50.0,60.0,55.0,26.0,1.2214,1.2184,0,5,,1,1,1,1,1,0,1,32.872025355284954,0.46499999999999997,1.0796742837589497,18.02,96.405,27.22,3.195
11.9774,58.1921,50.423,53.45262,52.65377,4.595715,27.464,1.218565,14.0,50.0,60.0,55.0,26.0,1.2214,1.2184,0,3,,1,1,0,1,0,1,0,12.162862715236706,3.655,1.0923466993205726,4.375,35.150000000000006,18.425,19.79
16.4011,50.4185,58.699,127.6756,77.92049,-7.10711,28.06384,1.219298,14.0,50.0,60.0,55.0,26.0,1.2214,1.2184,0,3,,1,0,0,1,1,1,0,37.925876229916035,3.14,1.4405337683556283,19.06,45.605000000000004,12.76,27.405
27.6685,45.829,75.211,113.5968,50.63129,-10.588,17.44166,1.224515,14.0,50.0,60.0,55.0,26.0,1.2214,1.2184,0,3,,1,0,1,0,1,0,1,32.976472325543654,4.500000000000001,1.6820386241685492,37.11,81.325,6.9,15.27
-2.34237,55.4928,-10.990000000000009,132.5655,68.57381,7.637448,20.41041,1.220411,14.0,50.0,60.0,55.0,26.0,1.2214,1.2184,0,3,,1,1,0,1,1,0,0,39.61027817071852,1.1849999999999998,0.9002428322754574,11.655,32.09,38.625,3.325
13.7433,58.6714,61.488,66.77714,53.78181,8.384909,25.69587,1.219156,14.0,50.0,60.0,55.0,26.0,1.2214,1.2184,0,2,,1,1,0,0,1,0,0,16.78205055224457,3.395,1.123745061050717,3.315,67.63499999999999,13.715,15.38
23.8289,48.6433,58.339,71.20966,56.43702,-8.96669,13.87091,1.223402,14.0,50.0,60.0,55.0,26.0,1.2214,1.2184,0,4,,1,0,1,1,1,0,1,18.27153238499215,1.555,1.6325552674204524,29.035,29.885,15.265,1.845
2.37384,44.8937,8.801999999999992,55.53088,54.37059,20.55033,43.46935,1.21437,14.0,50.0,60.0,55.0,26.0,1.2214,1.2184,0,6,,1,1,1,1,1,1,1,12.932272225421361,0.535,1.1456117112305986,21.240000000000002,13.395,23.315,24.545
22.5287,46.758,62.998000000000005,86.43199,66.09929,-7.91948,23.28705,1.235958,14.0,50.0,60.0,55.0,26.0,1.2214,1.2184,0,3,,1,0,1,0,1,0,1,23.41090038429579,6.460000000000001,1.5443934778559476,27.215,94.525,20.830000000000002,2.24
6.84859,57.331,31.64500000000001,92.0083,65.41932,-1.80996,28.33149,1.218261,14.0,50.0,60.0,55.0,26.0,1.2214,1.2184,0,5,,1,1,0,1,1,1,1,25.5536000691978,2.67,1.244760738453289,16.689999999999998,32.435,23.785,19.02
24.2007,52.0057,70.524,39.54483,45.59761,14.19011,25.38722,1.219893,14.0,50.0,60.0,55.0,26.0,1.2214,1.2184,1,0,,1,0,0,0,0,0,0,7.317992852442462,4.260000000000001,1.1264277876394517,11.56,63.35,6.4750000000000005,35.815
25.8186,41.2115,75.962,76.82362,54.62617,-3.88314,27.82304,1.226801,14.0,50.0,60.0,55.0,26.0,1.2214,1.2184,0,4,,1,0,1,0,1,1,1,20.182011521977817,6.48,1.3728322129601613,12.97,48.075,7.465,8.325
12.9024,56.9762,61.620000000000005,116.1674,56.37507,8.35428,24.14521,1.219641,14.0,50.0,60.0,55.0,26.0,1.2214,1.2184,0,2,,1,1,0,0,1,0,0,33.92574137644222,3.735,1.0330493454652285,2.2750000000000004,84.175,12.01,18.79
20.3799,47.2893,59.595,54.73611,50.513,-11.2915,32.1249,1.21703,14.0,50.0,60.0,55.0,26.0,1.2214,1.2184,0,4,,1,0,1,1,0,1,1,12.626689187924734,4.640000000000001,1.4154775110984872,34.735,32.5,39.275,25.855
5.76058,53.0881,26.232,133.3193,62.34397,-4.86133,25.93602,1.219084,14.0,50.0,60.0,55.0,26.0,1.2214,1.2184,0,3,,1,1,0,1,1,0,0,39.88750478058549,2.325,1.6998835457756338,17.685,76.075,38.305,33.78
35.6459,45.3182,70.153,45.94234,38.5123,-9.72215,37.96554,1.215137,14.0,50.0,60.0,55.0,26.0,1.2214,1.2184,0,3,,1,0,1,0,0,1,1,9.595807650502588,2.175,1.3523488055589608,20.97,8.545,9.525,38.730000000000004
4.56646,49.3102,25.16300000000001,77.15216,60.81047,19.41534,23.61663,1.220506,14.0,50.0,60.0,55.0,26.0,1.2214,1.2184,0,4,,1,1,1,1,1,0,0,20.36732046445928,0.61,0.9535914077565416,30.64,98.785,25.88,14.09
16.1836,32.3836,67.662,119.6414,4.46016,-13.836,2563.694,1.261324,14.0,50.0,60.0,55.0,26.0,1.2214,1.2184,0,4,,1,0,1,0,1,1,1,34.657256621754755,7.630000000000001,1.3295416172864307,22.31,63.53,3.45,2.67
14.8797,54.0664,47.423,114.5963,62.08715,-12.9876,15.89356,1.222908,14.0,50.0,60.0,55.0,26.0,1.2214,1.2184,0,3,,1,0,0,1,1,0,1,33.342305446432015,3.375,1.387655682182551,34.32,55.02,29.535,3.5500000000000003
17.1124,56.1754,61.298,92.24635,58.26072,-8.27488,27.17232,1.219155,14.0,50.0,60.0,55.0,26.0,1.2214,1.2184,0,2,,1,0,0,0,1,1,0,25.625557209936275,3.795,1.3083948660805098,33.075,73.735,13.385,28.225
3.95457,54.6985,19.526999999999987,130.7529,62.07865,13.39192,28.27829,1.21841,14.0,50.0,60.0,55.0,26.0,1.2214,1.2184,0,4,,1,1,0,1,1,1,0,39.004081991975944,1.415,1.12847392762707,15.61,52.97,17.51,37.005
15.1943,58.3306,52.111999999999995,94.56916,43.73386,-9.2751,17.70159,1.223311,14.0,50.0,60.0,55.0,26.0,1.2214,1.2184,0,3,,1,0,0,1,1,0,1,26.38359950312131,4.275,1.2931607737302948,29.69,90.095,22.175,3.64
19.7213,48.8511,60.918000000000006,117.9363,36.96535,-15.4529,12.42595,1.225685,14.0,50.0,60.0,55.0,26.0,1.2214,1.2184,0,3,,1,0,1,0,1,0,1,34.46983874663618,2.925,1.1386344227967018,34.075,35.525000000000006,4.25,4.75
18.0529,52.2986,60.05800000000001,99.83959,38.23904,-12.4684,19.0611,1.223498,14.0,50.0,60.0,55.0,26.0,1.2214,1.2184,0,2,,1,0,0,0,1,0,1,28.21132908942753,2.43,1.25033891829211,29.295,56.35,6.14,5.71
6.92812,53.8904,28.735000000000014,71.78432,41.30285,1.222552,22.38805,1.224138,14.0,50.0,60.0,55.0,26.0,1.2214,1.2184,0,4,,1,1,0,1,1,0,1,18.462380920533775,1.805,1.4671257056408975,6.565,44.21,33.88,1.315
21.2124,41.7019,72.216,81.37283,48.18266,6.393435,33.3362,1.218986,14.0,50.0,60.0,55.0,26.0,1.2214,1.2184,0,3,,1,0,1,0,1,1,0,21.852711049478607,5.805000000000001,1.1114439582858278,17.175,43.34,5.815,31.34
15.2173,44.9677,63.78,120.615,51.92657,0.3402527,16.3834,1.233695,14.0,50.0,60.0,55.0,26.0,1.2214,1.2184,0,3,,1,0,1,0,1,0,1,35.306921974214696,6.995,1.635922587064334,5.105,52.095,17.3,4.09
15.4739,30.923,71.996,121.2155,50.19923,-6.44365,100.5933,1.214009,14.0,50.0,60.0,55.0,26.0,1.2214,1.2184,0,4,,1,0,1,0,1,1,1,35.74646293306575,5.5200000000000005,1.190950383415152,6.5600000000000005,11.02,2.835,23.895
6.50355,33.1185,30.150000000000006,102.2709,47.87926,22.95365,23.43941,1.23051,14.0,50.0,60.0,55.0,26.0,1.2214,1.2184,0,5,,1,1,1,1,1,0,1,28.971362195355123,0.22999999999999998,1.0536269750002476,14.145,55.14,30.765,10.73
13.7403,43.576,59.56399999999999,101.2117,52.79778,5.539815,32.22188,1.219386,14.0,50.0,60.0,55.0,26.0,1.2214,1.2184,0,5,,1,1,1,1,1,1,0,28.736842601205748,6.41,0.9953974918958494,20.715,34.769999999999996,12.355,23.06
34.6369,36.0574,77.25,37.2146,45.9474,-8.04859,50.01604,1.212823,14.0,50.0,60.0,55.0,26.0,1.2214,1.2184,0,3,,1,0,1,0,0,1,1,6.5928344867363,7.115,1.5909771351059048,32.025000000000006,20.134999999999998,15.6,11.61
6.39157,49.0017,34.418000000000006,114.9511,58.58913,-5.80841,29.1463,1.219553,14.0,50.0,60.0,55.0,26.0,1.2214,1.2184,0,5,,1,1,1,1,1,1,0,33.504869251268204,6.775,1.0076797239546194,29.51,81.275,39.910000000000004,39.300000000000004
20.3439,57.7546,63.316,51.48839,49.4649,-5.63317,17.14321,1.2225,14.0,50.0,60.0,55.0,26.0,1.2214,1.2184,0,1,,1,0,0,0,0,0,1,11.434393450375149,3.605,1.2104704728232982,14.88,82.41,10.64,1.595
2.08638,47.9842,9.848000000000013,95.98909,66.17813,16.80001,28.24523,1.219192,14.0,50.0,60.0,55.0,26.0,1.2214,1.2184,0,5,,1,1,1,1,1,1,0,26.923413260278146,0.585,1.353166139993846,19.655,63.165,29.3,25.615000000000002
20.1634,45.8476,71.003,41.00947,43.03813,-8.21628,31.66513,1.217284,14.0,50.0,60.0,55.0,26.0,1.2214,1.2184,0,3,,1,0,1,0,0,1,1,7.858180860928042,5.04,1.06605738409587,39.185,18.495,16.064999999999998,16.05
9.84068,50.8118,36.766999999999996,64.98248,55.80692,4.075481,30.74421,1.217869,14.0,50.0,60.0,55.0,26.0,1.2214,1.2184,0,5,,1,1,0,1,1,1,1,16.173813375870886,1.6099999999999999,1.5265130047118012,10.84,31.835,28.900000000000002,18.865000000000002
1.05455,54.3172,6.162000000000006,57.29614,56.64235,11.87589,25.76003,1.219178,14.0,50.0,60.0,55.0,26.0,1.2214,1.2184,0,3,,1,1,0,1,1,0,0,13.49012670146065,1.3199999999999998,0.9359740719415117,28.505,12.5,17.875,1.615
14.1184,58.7015,65.221,28.33387,45.89435,5.620103,20.81964,1.220875,14.0,50.0,60.0,55.0,26.0,1.2214,1.2184,1,0,,1,0,0,0,0,0,0,3.413629458025716,4.0600000000000005,1.1625900188351697,22.675,86.735,29.400000000000002,6.9750000000000005
38.9116,39.2244,82.2409,107.3455,51.01202,-7.74493,55.84708,1.216634,14.0,50.0,60.0,55.0,26.0,1.2214,1.2184,0,4,,1,0,1,0,1,1,1,30.898991962810026,3.345,1.5426183460759708,26.77,12.780000000000001,2.76,19.62
29.6015,51.1817,74.355,23.93485,39.74284,-6.79811,16.51052,1.223095,14.0,50.0,60.0,55.0,26.0,1.2214,1.2184,0,1,,1,0,0,0,0,0,1,1.8602087501799727,2.545,1.3760738137455357,16.57,60.245000000000005,14.77,4.37
30.9953,52.1916,86.1221,30.09301,38.31821,15.61791,18.71996,1.226045,14.0,50.0,60.0,55.0,26.0,1.2214,1.2184,0,1,,1,0,0,0,0,0,1,3.9642995584566485,5.695,1.0408738563759328,3.5,99.66,2.91,1.915
13.4157,52.3531,53.373000000000005,112.4414,54.01816,7.992384,29.58859,1.218324,14.0,50.0,60.0,55.0,26.0,1.2214,1.2184,0,5,,1,1,0,1,1,1,1,32.64822878309215,3.95,1.2643892504957006,1.2850000000000001,25.240000000000002,10.36,26.03
9.49632,55.9158,51.30799999999999,51.14662,53.36624,2.15676,26.14991,1.21931,14.0,50.0,60.0,55.0,26.0,1.2214,1.2184,0,3,,1,1,0,1,0,1,0,11.353116747434786,5.065,0.9508086259454527,23.78,86.33500000000001,34.13,13.895
21.0983,53.4327,69.806,56.01137,49.31289,5.8418,25.91311,1.219694,14.0,50.0,60.0,55.0,26.0,1.2214,1.2184,0,1,,1,0,0,0,1,0,0,13.037214959735408,2.1350000000000002,1.2881042037571115,19.0,90.55,4.355,37.835
12.3403,52.0743,45.15299999999999,125.2931,44.49399,-11.7995,42.67869,1.227637,14.0,50.0,60.0,55.0,26.0,1.2214,1.2184,0,5,,1,1,0,1,1,1,1,37.00132879465311,4.075,1.0401678765768805,22.990000000000002,66.4,20.18,1.72
4.16,57.7389,21.195999999999998,53.89985,55.28835,2.682844,28.56861,1.21812,14.0,50.0,60.0,55.0,26.0,1.2214,1.2184,0,4,,1,1,0,1,0,1,1,12.323549959805067,2.4899999999999998,0.9628219121457635,1.795,17.365000000000002,29.78,9.84
2.11786,58.3905,11.799000000000007,125.8714,61.55331,2.614275,27.68774,1.218349,14.0,50.0,60.0,55.0,26.0,1.2214,1.2184,0,5,,1,1,0,1,1,1,1,37.310260465222164,2.415,1.0760987343336297,28.900000000000002,48.415,26.79,27.585
17.8164,52.8974,50.18199999999999,35.78891,48.96224,17.33294,29.27536,1.21811,14.0,50.0,60.0,55.0,26.0,1.2214,1.2184,0,3,,1,0,0,1,0,1,1,6.034782765406206,1.755,0.9980214127497382,4.015000000000001,18.215,10.115,28.03
5.02872,55.0505,25.960000000000008,111.7554,64.64734,12.67267,26.83215,1.2188,14.0,50.0,60.0,55.0,26.0,1.2214,1.2184,0,4,,1,1,0,1,1,1,0,32.4029430651545,1.26,1.277372826296106,11.255,72.15,18.48,28.615000000000002
21.9488,33.2834,81.0331,107.3557,21.51028,-11.7949,193.5325,1.269758,14.0,50.0,60.0,55.0,26.0,1.2214,1.2184,0,4,,1,0,1,0,1,1,1,30.281116938313364,6.335000000000001,1.1956938271473672,24.585,78.995,1.615,11.905
10.6765,59.1511,46.099999999999994,35.66003,50.04046,3.571705,25.49675,1.219169,14.0,50.0,60.0,55.0,26.0,1.2214,1.2184,0,2,,1,1,0,1,0,0,0,5.977258862960131,2.775,1.1309351889993913,31.82,62.76,24.78,30.69
10.2443,47.9333,39.59299999999999,132.0983,35.52874,-13.737,30.35723,1.223412,14.0,50.0,60.0,55.0,26.0,1.2214,1.2184,0,6,,1,1,1,1,1,1,1,39.41483090002527,6.49,1.0775615102693332,25.54,24.205000000000002,32.400000000000006,8.594999999999999
8.00226,52.544,39.727000000000004,117.0203,43.48451,-9.57458,28.98837,1.220343,14.0,50.0,60.0,55.0,26.0,1.2214,1.2184,0,4,,1,1,0,1,1,1,0,34.21401025914562,5.390000000000001,1.242183851879304,13.105,76.115,32.665,22.69
29.0461,45.1368,62.989999999999995,43.94171,50.44215,-5.62514,20.87097,1.221357,14.0,50.0,60.0,55.0,26.0,1.2214,1.2184,0,1,,1,0,1,0,0,0,0,8.826868596054242,0.8400000000000001,1.4772103741978984,39.885,28.225,11.675,2.33
8.3596,54.5319,45.072,70.54385,59.12806,18.47185,23.69091,1.219749,14.0,50.0,60.0,55.0,26.0,1.2214,1.2184,0,3,,1,1,0,1,1,0,0,18.082024171932606,1.005,1.1138756315744904,12.14,95.435,16.245,11.0
20.7469,41.184,77.438,97.82386,29.34761,-7.42403,55.53475,1.238973,14.0,50.0,60.0,55.0,26.0,1.2214,1.2184,0,4,,1,0,1,0,1,1,1,27.331598055885074,7.840000000000001,1.437190021321832,23.16,69.045,2.425,4.615
11.4359,47.1768,54.971999999999994,132.9419,58.68727,-2.18917,27.45629,1.221556,14.0,50.0,60.0,55.0,26.0,1.2214,1.2184,0,6,,1,1,1,1,1,1,1,39.72834951163604,6.260000000000001,1.014427212989671,36.32,72.74,16.715,26.98
11.7767,57.3502,61.263999999999996,41.84545,50.43131,6.256229,24.26812,1.219957,14.0,50.0,60.0,55.0,26.0,1.2214,1.2184,0,1,,1,1,0,0,0,0,0,8.116053040431996,5.170000000000001,0.9293515319473665,28.795,81.72,24.47,6.17
6.27515,53.8256,28.514999999999986,78.29485,56.51198,16.03758,30.51735,1.217787,14.0,50.0,60.0,55.0,26.0,1.2214,1.2184,0,5,,1,1,0,1,1,1,1,20.797374196992294,1.665,1.0253338223629478,21.5,22.325000000000003,12.05,23.955000000000002
34.2369,34.5011,80.0421,105.2351,50.66054,-8.52885,54.37118,1.220455,14.0,50.0,60.0,55.0,26.0,1.2214,1.2184,0,3,,1,0,1,0,1,1,0,30.122098249772886,7.090000000000001,1.6336424154837972,38.89,20.595,8.71,14.94
10.0674,56.4845,47.56899999999999,131.8606,57.19902,3.732084,27.202,1.218716,14.0,50.0,60.0,55.0,26.0,1.2214,1.2184,0,4,,1,1,0,1,1,1,0,39.385738997101726,3.715,0.9477736297731787,11.465,58.375,14.370000000000001,36.88
25.93,48.1462,70.885,63.03121,58.87621,-9.66272,28.04951,1.220137,14.0,50.0,60.0,55.0,26.0,1.2214,1.2184,0,3,,1,0,1,0,1,1,0,15.470375829537247,4.555000000000001,1.3446940420459255,31.96,48.665,11.165000000000001,12.98
9.9622,44.5979,47.974999999999994,95.19644,54.32777,1.431671,32.67465,1.218626,14.0,50.0,60.0,55.0,26.0,1.2214,1.2184,0,5,,1,1,1,1,1,1,0,26.657513943680854,6.82,0.9407718812555312,7.96,24.435,20.585,16.75
19.4171,43.9562,62.077,83.9686,57.79491,-10.6201,29.99317,1.221086,14.0,50.0,60.0,55.0,26.0,1.2214,1.2184,0,3,,1,0,1,0,1,1,0,22.729025721791647,6.2250000000000005,1.5858552601351534,39.7,93.28,31.995,29.66
19.0259,51.1045,61.111999999999995,93.57304,42.0317,-10.5908,28.04726,1.221099,14.0,50.0,60.0,55.0,26.0,1.2214,1.2184,0,2,,1,0,0,0,1,1,0,26.064139995734127,4.675000000000001,1.1803979863361396,38.33,39.42,11.55,9.92
25.6033,42.6875,69.605,68.54198,52.61787,-8.94544,23.00122,1.22813,14.0,50.0,60.0,55.0,26.0,1.2214,1.2184,0,3,,1,0,1,0,1,0,1,17.290665742361067,7.0600000000000005,1.6521727363679046,30.075,75.785,18.34,6.8950000000000005
20.9194,42.8205,66.432,89.42751,41.81907,-9.01527,33.20333,1.216928,14.0,50.0,60.0,55.0,26.0,1.2214,1.2184,0,4,,1,0,1,0,1,1,1,24.67371987685858,5.425000000000001,1.2290479489404993,34.85,29.96,17.135,35.69
4.33374,37.8597,18.418000000000006,130.2628,60.65833,22.18714,24.07762,1.224575,14.0,50.0,60.0,55.0,26.0,1.2214,1.2184,0,5,,1,1,1,1,1,0,1,38.76058610071931,0.36,1.4240354967635587,4.175000000000001,81.045,26.195,27.305
12.9877,57.3518,57.69199999999999,100.786,62.49931,-7.09964,24.8236,1.219514,14.0,50.0,60.0,55.0,26.0,1.2214,1.2184,0,3,,1,1,0,1,1,0,0,28.586332078571353,3.435,1.1781808747582643,37.925000000000004,93.595,11.455,21.330000000000002
27.3823,51.3431,73.744,71.04679,41.56648,-7.60419,16.74446,1.228448,14.0,50.0,60.0,55.0,26.0,1.2214,1.2184,0,2,,1,0,0,0,1,0,1,18.156068500526892,3.745,1.2741037724427078,26.16,98.44,3.045,2.8600000000000003
12.3869,36.4094,51.40199999999999,77.04212,51.41216,43.77566,31.65297,1.221964,14.0,50.0,60.0,55.0,26.0,1.2214,1.2184,0,6,,1,1,1,1,1,1,1,20.312032803286694,0.375,0.9565338183025013,9.975,38.31,4.695,12.295
20.0933,46.01,75.664,78.03256,48.01846,13.05079,25.37254,1.222032,14.0,50.0,60.0,55.0,26.0,1.2214,1.2184,0,3,,1,0,1,0,1,0,1,20.656798625256155,5.125000000000001,0.9602704649635908,37.525,85.62,4.585,24.04
15.5999,43.7537,58.364000000000004,58.90252,44.72523,-4.29876,31.09953,1.217986,14.0,50.0,60.0,55.0,26.0,1.2214,1.2184,0,5,,1,0,1,1,1,1,1,14.062057826085386,7.345000000000001,1.269102664935737,19.985,64.455,33.265,32.879999999999995
16.6273,42.5931,62.938,57.64565,48.1068,12.28581,34.62395,1.217059,14.0,50.0,60.0,55.0,26.0,1.2214,1.2184,0,4,,1,0,1,0,1,1,1,13.636611970700912,6.1850000000000005,0.9081634778199758,39.505,44.31,9.565,38.65
9.46686,59.9678,44.38499999999999,69.02797,55.40853,-0.0294387,27.31175,1.218479,14.0,50.0,60.0,55.0,26.0,1.2214,1.2184,0,4,,1,1,0,1,1,1,0,17.571741783399233,3.855,1.1159580097877946,6.415,51.85,23.990000000000002,24.16
24.8222,41.3525,67.04,61.51068,52.8735,-9.29727,34.25798,1.219446,14.0,50.0,60.0,55.0,26.0,1.2214,1.2184,0,3,,1,0,1,0,1,1,0,14.951165643015061,6.050000000000001,1.5827778266747656,29.185000000000002,29.525000000000002,25.455000000000002,10.200000000000001
45.0239,28.3283,85.1536,29.12611,33.45752,-2.41814,92.38897,1.196391,14.0,50.0,60.0,55.0,26.0,1.2214,1.2184,0,3,,1,0,1,0,0,1,1,3.9765455006364276,6.805000000000001,1.1562263055246524,8.46,10.235,1.99,32.385000000000005
20.5615,35.3544,75.123,79.26678,65.97768,1.587301,74.15406,1.218348,14.0,50.0,60.0,55.0,26.0,1.2214,1.2184,0,4,,1,0,1,0,1,1,1,21.129182902460617,6.630000000000001,1.016701599519109,39.64,35.7,3.07,30.555
17.8908,48.8849,58.437,69.09547,51.7298,-5.15651,34.40018,1.217224,14.0,50.0,60.0,55.0,26.0,1.2214,1.2184,0,5,,1,0,1,1,1,1,1,17.610867472091606,3.77,1.4789492483945952,7.005,14.55,15.34,17.545
32.4358,49.4064,72.16,22.14767,38.15164,-11.9442,19.6351,1.225079,14.0,50.0,60.0,55.0,26.0,1.2214,1.2184,0,2,,1,0,1,0,0,0,1,1.2163708762717151,2.48,1.5734773408288305,37.63,77.36,33.97,11.205
16.0194,36.7783,62.093999999999994,85.70713,56.11574,-0.954187,41.49384,1.219458,14.0,50.0,60.0,55.0,26.0,1.2214,1.2184,0,3,,1,0,1,0,1,1,0,23.35337848454516,7.890000000000001,1.3706324385298696,5.1850000000000005,19.865000000000002,19.605,11.47
9.13443,57.3019,38.33099999999999,68.87873,53.13925,-6.67702,28.08089,1.218126,14.0,50.0,60.0,55.0,26.0,1.2214,1.2184,0,5,,1,1,0,1,1,1,1,17.523863033019914,2.715,1.3261415557983212,15.835,45.410000000000004,30.17,29.23
12.7054,58.0627,60.113,44.28769,50.69956,8.663861,25.2283,1.21941,14.0,50.0,60.0,55.0,26.0,1.2214,1.2184,0,1,,1,1,0,0,0,0,0,8.970304064770357,4.220000000000001,0.9047416977713401,24.845,78.855,18.555,15.9
17.5261,43.4645,65.94,64.07345,54.34368,7.018438,31.02638,1.220076,14.0,50.0,60.0,55.0,26.0,1.2214,1.2184,0,3,,1,0,1,0,1,1,0,15.832796970222192,6.525,1.6984024292450175,1.905,94.39,20.740000000000002,31.080000000000002
11.5868,40.3772,50.637,123.0763,60.54068,-1.74636,35.68939,1.220463,14.0,50.0,60.0,55.0,26.0,1.2214,1.2184,0,5,,1,1,1,1,1,1,0,36.316025831560665,7.905,1.4192674417125286,5.785,50.465,28.235,35.35
13.8833,53.7773,53.298,120.9245,53.91769,-9.43245,22.66421,1.220988,14.0,50.0,60.0,55.0,26.0,1.2214,1.2184,0,3,,1,1,0,1,1,0,0,35.561643926080286,2.905,1.4332174482644155,27.12,79.79,18.22,13.055
13.721,51.9457,52.477000000000004,83.33865,62.04485,0.9128725,28.66341,1.218743,14.0,50.0,60.0,55.0,26.0,1.2214,1.2184,0,4,,1,1,0,1,1,1,0,22.5375451196089,2.51,1.4352514631250481,8.915,37.175,14.43,17.92
6.99511,54.6879,31.468999999999994,126.4424,70.11548,-12.6605,27.59936,1.218737,14.0,50.0,60.0,55.0,26.0,1.2214,1.2184,0,4,,1,1,0,1,1,1,0,37.50407598889991,3.325,1.5208362080088418,14.81,61.685,36.115,31.77
6.84729,52.3652,27.795999999999992,72.0335,53.87029,16.22279,29.89104,1.217959,14.0,50.0,60.0,55.0,26.0,1.2214,1.2184,0,5,,1,1,0,1,1,1,1,18.620457281312827,0.9700000000000001,1.422657085049031,8.02,44.93,21.13,28.79
20.9537,49.0561,62.101,87.28083,67.46365,-8.4968,27.06153,1.219891,14.0,50.0,60.0,55.0,26.0,1.2214,1.2184,0,3,,1,0,1,0,1,1,0,23.8924597010475,1.8599999999999999,1.5550715897914658,37.705,63.825,12.475,20.255
11.1042,60.4047,49.98400000000001,75.3644,55.74444,3.911896,26.96613,1.218588,14.0,50.0,60.0,55.0,26.0,1.2214,1.2184,0,4,,1,1,0,1,1,1,0,19.770250494094494,3.695,0.9257649024882935,11.68,90.41,21.47,39.980000000000004
16.4397,47.6049,56.784000000000006,35.03891,38.60699,-1.21664,26.90497,1.218655,14.0,50.0,60.0,55.0,26.0,1.2214,1.2184,0,3,,1,0,1,1,0,1,0,5.7664392890272795,0.735,1.4472179307843074,37.36,92.865,28.060000000000002,26.88
12.4402,56.8851,49.82300000000001,70.27834,53.72282,-3.1715,28.19532,1.218341,14.0,50.0,60.0,55.0,26.0,1.2214,1.2184,0,5,,1,1,0,1,1,1,1,18.007258497025433,2.565,1.2590631686857785,27.345,47.300000000000004,14.885,32.795
28.2574,38.116,77.241,108.8265,60.1286,-8.41097,50.45822,1.225016,14.0,50.0,60.0,55.0,26.0,1.2214,1.2184,0,4,,1,0,1,0,1,1,1,31.31508482562723,6.6850000000000005,1.363194588353875,29.145,43.03,7.07,18.155
19.3134,49.1148,63.495999999999995,108.2943,35.82722,-11.3158,23.26476,1.22568,14.0,50.0,60.0,55.0,26.0,1.2214,1.2184,0,3,,1,0,1,0,1,0,1,31.122358010238212,6.090000000000001,1.0055757221196526,26.07,47.825,8.055,6.235
14.0192,43.3331,54.824,70.10212,48.41676,-4.30613,32.15202,1.218077,14.0,50.0,60.0,55.0,26.0,1.2214,1.2184,0,5,,1,0,1,1,1,1,1,17.949754755293387,7.575,1.2802779153079906,18.36,65.88499999999999,35.685,38.52
19.6635,46.9277,72.493,79.79605,61.94887,9.730174,27.66056,1.221299,14.0,50.0,60.0,55.0,26.0,1.2214,1.2184,0,3,,1,0,1,0,1,1,0,21.277784918105887,5.505000000000001,1.2962942051190527,3.045,78.02,8.995000000000001,21.98
12.3173,53.5317,50.19,60.59399,53.39923,-0.924595,28.06875,1.218437,14.0,50.0,60.0,55.0,26.0,1.2214,1.2184,0,4,,1,1,0,1,1,1,0,14.643737588829207,4.285,1.4442247746911276,4.115,60.64,28.12,28.900000000000002
22.1815,42.2194,58.319,76.07167,53.2015,11.46605,32.45962,1.219417,14.0,50.0,60.0,55.0,26.0,1.2214,1.2184,0,4,,1,0,1,1,1,1,0,20.005231269077655,0.66,1.496185849388017,39.95,50.225,6.315,22.035
7.26351,56.6287,40.122000000000014,130.9742,63.52452,-4.17377,26.15242,1.219425,14.0,50.0,60.0,55.0,26.0,1.2214,1.2184,0,4,,1,1,0,1,1,1,0,39.069589214532215,4.4750000000000005,1.0838100292436794,7.6850000000000005,87.485,27.38,23.17
25.611,49.5549,75.076,58.29957,45.01674,13.4173,26.82878,1.220083,14.0,50.0,60.0,55.0,26.0,1.2214,1.2184,0,3,,1,0,1,0,1,1,0,13.827960474527236,3.21,1.114997387814441,10.675,38.545,2.35,28.41
18.8165,47.2833,63.604,22.84117,39.2538,12.24061,18.75029,1.221799,14.0,50.0,60.0,55.0,26.0,1.2214,1.2184,0,2,,1,0,1,0,0,0,1,1.4960038352042286,5.37,1.00961439212147,16.805,69.985,34.965,28.51
7.16835,40.5117,32.797,76.40059,59.66156,23.78424,25.32531,1.222636,14.0,50.0,60.0,55.0,26.0,1.2214,1.2184,0,5,,1,1,1,1,1,0,1,20.081156800571282,0.41000000000000003,1.3745271793223957,10.93,91.375,25.205000000000002,18.06
12.8686,46.508,52.784000000000006,113.8161,88.7389,-7.8749,27.6723,1.222095,14.0,50.0,60.0,55.0,26.0,1.2214,1.2184,0,6,,1,1,1,1,1,1,1,33.080964677480885,5.405,1.56755782902357,17.785,80.72,29.925,22.465
19.2815,54.2139,70.9,72.39175,49.46831,13.95595,25.36885,1.219821,14.0,50.0,60.0,55.0,26.0,1.2214,1.2184,0,1,,1,0,0,0,1,0,0,18.723813194961668,3.665,1.0319436227004737,21.94,74.875,5.175,31.635
11.0495,57.8392,44.358000000000004,124.9031,45.87574,-13.3923,24.86363,1.220232,14.0,50.0,60.0,55.0,26.0,1.2214,1.2184,0,3,,1,1,0,1,1,0,0,36.95215383359797,3.545,1.2919867892211856,31.565,67.295,22.435,12.165000000000001
12.2519,45.4209,49.888000000000005,116.8762,45.14606,-7.30727,34.19875,1.216596,14.0,50.0,60.0,55.0,26.0,1.2214,1.2184,0,6,,1,1,1,1,1,1,1,34.20894439477046,4.710000000000001,1.1328344161207382,17.06,15.15,21.095,31.89
2.05765,37.8792,9.974999999999994,88.87811,59.40276,18.62436,21.77861,1.225556,14.0,50.0,60.0,55.0,26.0,1.2214,1.2184,0,5,,1,1,1,1,1,0,1,24.37980042980587,0.325,1.2730227097684048,34.045,28.57,35.195,4.9350000000000005
25.8631,36.2052,69.08,40.48002,45.4376,-6.51326,59.74299,1.207394,14.0,50.0,60.0,55.0,26.0,1.2214,1.2184,0,3,,1,0,1,0,0,1,1,7.79082884279104,5.61,1.4638964488984674,21.41,8.37,39.385,24.7
11.2912,53.7661,55.613,61.37458,42.34219,-0.51768,27.7075,1.221636,14.0,50.0,60.0,55.0,26.0,1.2214,1.2184,0,5,,1,1,0,1,1,1,1,14.877712551143906,5.9,1.3228955225190175,2.715,62.86,31.645,5.61
28.172,40.464,82.5706,48.40713,42.09634,18.03456,26.40735,1.223259,14.0,50.0,60.0,55.0,26.0,1.2214,1.2184,0,3,,1,0,1,0,0,1,1,10.356048350977154,6.930000000000001,0.9153451767667864,13.14,92.145,3.39,21.925
20.4757,34.7734,70.641,127.9219,51.1399,0.03206314,62.63106,1.21781,14.0,50.0,60.0,55.0,26.0,1.2214,1.2184,0,4,,1,0,1,0,1,1,1,38.03082523351218,6.2,1.4035117788180207,4.675000000000001,12.295,7.84,14.450000000000001
22.4195,47.4406,62.022000000000006,61.01928,55.933,-10.3791,36.62773,1.216333,14.0,50.0,60.0,55.0,26.0,1.2214,1.2184,0,4,,1,0,1,0,1,1,1,14.817048697089023,4.3100000000000005,1.6249334333654022,32.475,16.34,37.695,22.155
16.8007,42.4084,58.477000000000004,67.04609,53.12534,-6.88103,34.40453,1.218127,14.0,50.0,60.0,55.0,26.0,1.2214,1.2184,0,5,,1,0,1,1,1,1,1,16.888260792940628,5.970000000000001,1.4936313968793633,13.96,39.81,28.78,21.07
17.34,40.8954,56.42700000000001,39.52597,49.02021,24.89675,38.64641,1.216468,14.0,50.0,60.0,55.0,26.0,1.2214,1.2184,0,4,,1,0,1,1,0,1,1,7.3497036317081825,0.45499999999999996,1.1773599255843377,14.780000000000001,56.305,4.95,23.385
24.9556,49.4642,71.208,91.80992,54.9393,-10.0311,27.25047,1.219662,14.0,50.0,60.0,55.0,26.0,1.2214,1.2184,0,3,,1,0,1,0,1,1,0,25.46795389225059,3.03,1.505370547937781,32.625,75.33500000000001,7.48,35.02
7.469,60.693,43.918000000000006,60.22193,57.20695,1.87121,23.07021,1.219466,14.0,50.0,60.0,55.0,26.0,1.2214,1.2184,0,3,,1,1,0,1,1,0,0,14.502027363228114,2.36,0.9770554554559613,7.745,74.47,30.310000000000002,3.415
14.6129,48.7931,60.29600000000001,25.00918,42.33621,11.60549,22.60075,1.220394,14.0,50.0,60.0,55.0,26.0,1.2214,1.2184,0,1,,1,0,1,0,0,0,0,2.2652584071965505,5.420000000000001,0.9881079246511375,24.990000000000002,62.075,31.7,20.715
1.51761,59.5104,7.443999999999988,73.01124,58.84528,-0.0951692,28.99773,1.217859,14.0,50.0,60.0,55.0,26.0,1.2214,1.2184,0,5,,1,1,0,1,1,1,1,18.961920597541816,2.305,1.026760565137282,14.99,34.900000000000006,39.535000000000004,33.055
22.5603,43.1391,60.867999999999995,38.86351,44.30958,-7.65075,35.75171,1.214606,14.0,50.0,60.0,55.0,26.0,1.2214,1.2184,0,3,,1,0,1,0,0,1,1,7.143808863727112,5.025,1.4858219431789172,13.835,28.415,29.145,39.44
19.7299,47.0406,78.338,123.5247,28.52529,-0.962206,442.4134,1.230948,14.0,50.0,60.0,55.0,26.0,1.2214,1.2184,0,4,,1,0,1,0,1,1,1,36.34878980042355,5.825,0.965799674014117,2.9000000000000004,87.01,3.935,3.115
18.9472,56.0767,59.943,44.88779,53.5748,-9.8065,26.09971,1.219101,14.0,50.0,60.0,55.0,26.0,1.2214,1.2184,0,2,,1,0,0,1,0,1,0,9.182054748917082,3.245,1.5012550412086014,25.7,85.765,33.46,16.405
26.4259,42.7673,75.899,43.95803,41.67385,1.466579,30.30077,1.218691,14.0,50.0,60.0,55.0,26.0,1.2214,1.2184,0,2,,1,0,1,0,0,1,0,8.864762752820504,5.920000000000001,1.216336340938149,12.55,52.550000000000004,6.485,26.615000000000002
4.66905,61.3235,26.626000000000005,100.2144,61.17407,-12.7187,26.33861,1.218628,14.0,50.0,60.0,55.0,26.0,1.2214,1.2184,0,4,,1,1,0,1,1,1,0,28.39818876228119,3.2,1.1359756668723824,35.89,84.37,32.485,20.875
10.1336,48.6942,45.35499999999999,104.9005,51.02458,-7.05569,30.35003,1.219309,14.0,50.0,60.0,55.0,26.0,1.2214,1.2184,0,5,,1,1,1,1,1,1,0,30.01811685461721,5.735,1.2194220613759283,17.32,52.74,27.8,28.095
27.1871,48.0062,73.445,52.47268,50.69067,-7.91402,25.38833,1.221272,14.0,50.0,60.0,55.0,26.0,1.2214,1.2184,0,1,,1,0,1,0,0,0,0,11.790755931143238,4.625000000000001,1.4801225848187805,22.045,69.49000000000001,9.955,10.450000000000001
27.194,38.1297,69.896,40.46423,34.51981,-8.55016,38.8085,1.212012,14.0,50.0,60.0,55.0,26.0,1.2214,1.2184,0,3,,1,0,1,0,0,1,1,7.730386440923383,6.28,1.3070335220467448,30.835,21.34,31.355,29.85
21.1513,49.6374,58.557,75.01315,55.02029,-10.4629,31.59772,1.217771,14.0,50.0,60.0,55.0,26.0,1.2214,1.2184,0,5,,1,0,1,1,1,1,1,19.65766778410131,1.8199999999999998,1.5359567656173134,39.01,49.65,17.06,39.52
6.12528,60.3477,31.38499999999999,89.75144,60.45846,-12.3357,27.14774,1.218473,14.0,50.0,60.0,55.0,26.0,1.2214,1.2184,0,4,,1,1,0,1,1,1,0,24.76739848637247,3.685,1.161872990590093,28.315,53.410000000000004,29.0,20.02
4.128,61.4714,25.304000000000002,78.86187,59.96668,0.3912646,25.75921,1.218746,14.0,50.0,60.0,55.0,26.0,1.2214,1.2184,0,3,,1,1,0,1,1,0,0,20.982474256243886,2.165,0.9582831551584915,18.975,88.92,37.550000000000004,12.9
18.5794,42.563,57.455,81.25893,46.18113,-8.92702,32.87726,1.222361,14.0,50.0,60.0,55.0,26.0,1.2214,1.2184,0,5,,1,0,1,1,1,1,1,21.77440939063674,6.785,1.2211082733817789,32.315,27.86,36.905,7.825
27.7044,37.8039,70.109,40.33978,48.69645,-9.25398,48.70294,1.212297,14.0,50.0,60.0,55.0,26.0,1.2214,1.2184,0,3,,1,0,1,0,0,1,1,7.683741374234562,6.960000000000001,1.5776482198867898,36.155,26.585,35.35,23.16
12.9879,50.3153,63.94,40.20615,48.82175,7.929768,25.16921,1.220828,14.0,50.0,60.0,55.0,26.0,1.2214,1.2184,0,1,,1,1,0,0,0,0,0,7.5370196358744606,7.960000000000001,0.9163637600321838,38.02,82.165,26.69,7.54
16.8622,54.961,57.032,62.05277,55.12192,-9.3905,27.42974,1.218761,14.0,50.0,60.0,55.0,26.0,1.2214,1.2184,0,3,,1,0,0,1,1,1,0,15.146314060203723,3.63,1.6305263261406755,18.38,65.075,27.105,21.02
18.3016,57.9681,65.417,54.51712,50.4349,12.80779,25.88184,1.219294,14.0,50.0,60.0,55.0,26.0,1.2214,1.2184,1,0,,1,0,0,0,0,0,0,12.523463784603996,3.98,1.085414724727504,13.695,84.94,10.515,37.43
19.3212,41.3838,61.864000000000004,57.79433,51.77571,-8.21055,34.91108,1.217986,14.0,50.0,60.0,55.0,26.0,1.2214,1.2184,0,4,,1,0,1,0,1,1,1,13.677078868825976,7.3950000000000005,1.5225466549175344,25.830000000000002,84.675,38.35,39.07
0.45006,53.7568,2.3259999999999934,117.8864,65.26726,11.04912,26.95698,1.218777,14.0,50.0,60.0,55.0,26.0,1.2214,1.2184,0,4,,1,1,0,1,1,1,0,34.53167363580027,0.885,1.199336459415596,20.325,88.555,35.54,36.31
2.85772,56.3542,16.655,129.8164,88.1746,6.97898,23.65976,1.219562,14.0,50.0,60.0,55.0,26.0,1.2214,1.2184,0,3,,1,1,0,1,1,0,0,38.66519973158456,1.3299999999999998,1.2127308886223416,21.62,88.17,24.330000000000002,14.88
12.413,54.2484,58.387,38.09218,50.08307,5.890695,25.77145,1.219343,14.0,50.0,60.0,55.0,26.0,1.2214,1.2184,0,2,,1,1,0,1,0,0,0,6.82004263500491,5.095000000000001,1.1087443530141672,13.765,74.045,32.21,14.64
35.2225,42.9827,78.341,109.4381,53.39134,-10.3328,13.9341,1.230467,14.0,50.0,60.0,55.0,26.0,1.2214,1.2184,0,3,,1,0,1,0,1,0,1,31.462799416172015,3.25,1.6221926978340888,37.425000000000004,87.69,2.06,9.825000000000001
21.9965,48.4108,63.958,122.7054,52.7247,-9.54901,18.86367,1.231484,14.0,50.0,60.0,55.0,26.0,1.2214,1.2184,0,3,,1,0,1,0,1,0,1,36.0579811157559,5.840000000000001,1.4517010220026778,38.57,95.11,16.64,4.6899999999999995
19.3387,30.3841,62.662000000000006,32.33408,39.06264,22.10766,66.33453,1.210668,14.0,50.0,60.0,55.0,26.0,1.2214,1.2184,0,3,,1,0,1,0,0,1,1,4.919071883078237,0.215,1.4562260315874007,23.615000000000002,41.515,5.4350000000000005,11.765
12.4828,54.9719,48.46799999999999,84.35884,62.11472,-10.7887,24.25934,1.219649,14.0,50.0,60.0,55.0,26.0,1.2214,1.2184,0,3,,1,1,0,1,1,0,0,22.880838373826965,2.8649999999999998,1.5317669843795667,23.240000000000002,82.625,30.62,13.8
26.1035,33.6969,72.142,84.21379,49.10022,-7.10847,60.16494,1.210007,14.0,50.0,60.0,55.0,26.0,1.2214,1.2184,0,4,,1,0,1,0,1,1,1,22.94492824437642,7.540000000000001,1.5985750934782335,20.36,19.439999999999998,17.545,36.050000000000004
24.3876,32.0904,83.0134,102.4946,21.45873,-8.4441,208.0059,1.275022,14.0,50.0,60.0,55.0,26.0,1.2214,1.2184,0,4,,1,0,1,0,1,1,1,28.53183516947813,6.0600000000000005,1.3674410947345275,30.435000000000002,56.89,1.2850000000000001,8.705
26.5267,49.1872,58.879000000000005,30.42439,37.65183,-12.5834,26.1826,1.218019,14.0,50.0,60.0,55.0,26.0,1.2214,1.2184,0,4,,1,0,1,1,0,1,1,4.1730504697693425,1.865,1.3249500947132733,23.94,23.439999999999998,25.685000000000002,36.86
13.7836,49.3207,45.339,99.86182,61.49314,-10.3259,35.58516,1.217055,14.0,50.0,60.0,55.0,26.0,1.2214,1.2184,0,6,,1,1,1,1,1,1,1,28.29540467942489,2.705,1.6431379677185007,22.73,12.094999999999999,37.410000000000004,16.810000000000002
28.9451,38.2611,80.334,74.27176,48.67726,-1.77574,53.76218,1.222105,14.0,50.0,60.0,55.0,26.0,1.2214,1.2184,0,4,,1,0,1,0,1,1,1,19.350949849818786,7.105,1.3171108108619822,9.905,41.18,4.16,17.125
8.65285,56.7779,40.650000000000006,105.476,64.05963,-6.01385,27.69326,1.218763,14.0,50.0,60.0,55.0,26.0,1.2214,1.2184,0,4,,1,1,0,1,1,1,0,30.223698112760086,3.285,1.409799866161154,8.295,70.86,25.39,29.465
21.4698,43.6973,67.916,37.74355,40.89874,-3.46764,27.48997,1.218516,14.0,50.0,60.0,55.0,26.0,1.2214,1.2184,0,2,,1,0,1,0,0,1,0,6.7087478906006615,7.010000000000001,1.3342229702067425,17.4,89.46000000000001,28.615000000000002,25.575
31.5135,46.3347,67.683,22.48826,32.29097,-8.66986,18.31854,1.223136,14.0,50.0,60.0,55.0,26.0,1.2214,1.2184,0,2,,1,0,1,0,0,0,1,1.3571869523917157,1.1,1.3575180404208782,12.64,31.06,13.96,15.475
23.7548,40.0869,70.338,107.3201,67.19954,-9.96781,29.42087,1.226299,14.0,50.0,60.0,55.0,26.0,1.2214,1.2184,0,4,,1,0,1,0,1,1,1,30.776723251012694,7.69,1.5092072600711564,38.665,73.265,18.105,20.615000000000002
6.79093,54.3773,36.65899999999999,25.83275,44.12865,0.6390864,22.81726,1.220501,14.0,50.0,60.0,55.0,26.0,1.2214,1.2184,0,2,,1,1,0,1,0,0,0,2.5500826361219087,2.7399999999999998,0.9611628333334175,26.03,24.92,37.02,13.72
8.82588,59.4369,39.88300000000001,88.66915,58.52166,-11.1426,27.70709,1.218592,14.0,50.0,60.0,55.0,26.0,1.2214,1.2184,0,4,,1,1,0,1,1,1,0,24.38993381005903,4.180000000000001,1.3003952941409893,33.215,99.635,39.08,35.81
28.1127,53.8353,66.625,32.79157,49.22272,-12.6233,29.10528,1.218981,14.0,50.0,60.0,55.0,26.0,1.2214,1.2184,0,1,,1,0,0,0,0,1,0,4.983413320192758,2.89,1.6416069027918434,39.545,70.495,25.35,32.715
16.4772,46.9992,59.989000000000004,64.79609,42.38355,-5.25825,31.08217,1.221396,14.0,50.0,60.0,55.0,26.0,1.2214,1.2184,0,4,,1,0,1,1,1,1,0,16.068576980913384,6.61,1.2820130473185756,20.785,68.13499999999999,27.695,13.375
21.4393,47.2135,73.303,110.7378,66.03495,-4.50235,23.28333,1.221579,14.0,50.0,60.0,55.0,26.0,1.2214,1.2184,0,3,,1,0,1,0,1,0,1,32.017663765408045,2.0100000000000002,1.2596801686971943,32.93,57.51,1.8900000000000001,23.635
6.252,53.7139,28.786,93.01207,60.54846,17.17989,27.84539,1.218634,14.0,50.0,60.0,55.0,26.0,1.2214,1.2184,0,4,,1,1,0,1,1,1,0,25.89696213371461,1.1199999999999999,1.2308487912281953,6.03,42.34,14.685,18.925
5.11364,54.0173,24.375,109.2415,45.66364,0.09804958,27.25165,1.220721,14.0,50.0,60.0,55.0,26.0,1.2214,1.2184,0,4,,1,1,0,1,1,1,0,31.507968053963992,1.8399999999999999,1.4732435188963053,14.21,68.775,34.51,10.6
17.0489,48.4424,59.44499999999999,25.45092,41.84282,8.859731,22.91667,1.220231,14.0,50.0,60.0,55.0,26.0,1.2214,1.2184,0,2,,1,0,1,1,0,0,0,2.420487465879468,5.035,1.050723706007041,36.480000000000004,61.125,16.5,33.215
18.4054,49.5715,54.107,29.38939,46.06384,-2.95482,32.7832,1.217734,14.0,50.0,60.0,55.0,26.0,1.2214,1.2184,0,4,,1,0,1,1,0,1,1,3.818016577865273,3.57,1.606324478304502,3.165,14.695,30.665,22.965
20.9083,46.6404,63.262,120.0895,56.56922,-10.3973,17.53435,1.22772,14.0,50.0,60.0,55.0,26.0,1.2214,1.2184,0,3,,1,0,1,0,1,0,1,35.1936366735464,5.24,1.6557265548590814,34.15,80.215,19.25,7.71
12.9462,51.102,60.131,96.54899,54.80308,7.036663,26.7768,1.220188,14.0,50.0,60.0,55.0,26.0,1.2214,1.2184,0,3,,1,1,0,0,1,1,0,27.1078272639888,5.16,0.9489803619235078,3.735,62.56,15.48,17.77
32.7201,42.1676,77.162,106.0266,44.98603,-6.82626,43.56859,1.215638,14.0,50.0,60.0,55.0,26.0,1.2214,1.2184,0,4,,1,0,1,0,1,1,1,30.452722651154765,3.0,1.3429860452971298,25.64,10.525,5.965,24.105
17.746,43.1145,60.271,103.4371,73.84475,-9.45411,32.62903,1.220144,14.0,50.0,60.0,55.0,26.0,1.2214,1.2184,0,3,,1,0,1,0,1,1,0,29.500313151712433,5.9,1.4252564409748758,27.715,50.825,25.240000000000002,27.215
13.0197,42.2466,45.90100000000001,95.37133,34.17323,10.95088,33.21812,1.232624,14.0,50.0,60.0,55.0,26.0,1.2214,1.2184,0,6,,1,1,1,1,1,1,1,26.552014244846124,0.5650000000000001,1.5606199465040977,30.945,96.735,10.245000000000001,5.255
16.0091,47.7123,47.991000000000014,126.9161,61.88552,0.9017443,29.16483,1.218986,14.0,50.0,60.0,55.0,26.0,1.2214,1.2184,0,4,,1,0,1,1,1,1,0,37.66549850224414,1.46,1.566428389129809,38.825,28.98,21.21,19.415
12.7532,45.7259,58.129000000000005,109.8175,55.84373,6.352544,28.88907,1.221181,14.0,50.0,60.0,55.0,26.0,1.2214,1.2184,0,5,,1,1,1,1,1,1,0,31.703566697603733,7.99,0.9447438781760557,1.525,79.355,24.27,30.195
26.6239,44.7848,72.714,89.22335,52.65419,-8.09061,31.7563,1.219133,14.0,50.0,60.0,55.0,26.0,1.2214,1.2184,0,3,,1,0,1,0,1,1,0,24.577180695314567,4.325,1.4005932269987353,19.555,22.395,8.495000000000001,13.605
24.747,37.3066,74.781,131.7047,75.00959,-8.95293,50.30485,1.225257,14.0,50.0,60.0,55.0,26.0,1.2214,1.2184,0,4,,1,0,1,0,1,1,1,39.255769048388544,7.825,1.483542597999643,31.325,71.93,10.795,38.01
26.5146,37.6894,71.003,56.36218,45.08647,-8.798,39.76874,1.216579,14.0,50.0,60.0,55.0,26.0,1.2214,1.2184,0,4,,1,0,1,0,1,1,1,13.197166813507827,7.9750000000000005,1.2868087553127305,39.335,30.96,26.645,16.6
4.06978,22.4542,26.30600000000001,131.2197,32.75972,27.6158,42.4292,1.221143,14.0,50.0,60.0,55.0,26.0,1.2214,1.2184,0,5,,1,1,1,1,1,1,0,39.13231057027287,0.175,1.3818916942917832,35.025,11.5,17.795,9.26
10.8239,55.3323,44.24600000000001,45.48222,53.02427,16.75715,28.50616,1.21845,14.0,50.0,60.0,55.0,26.0,1.2214,1.2184,0,3,,1,1,0,1,0,1,0,9.395664931184145,1.29,0.9920214865170711,24.03,53.87,12.125,30.34
19.8708,41.9091,76.657,104.6182,39.39274,-0.0260966,75.83883,1.227963,14.0,50.0,60.0,55.0,26.0,1.2214,1.2184,0,4,,1,0,1,0,1,1,1,29.818877867946195,6.380000000000001,0.9749660176002034,27.48,89.88,4.08,18.625
5.97825,46.4784,26.917,127.3916,46.96946,18.98273,20.36905,1.225567,14.0,50.0,60.0,55.0,26.0,1.2214,1.2184,0,5,,1,1,1,1,1,0,1,37.75294885003369,0.73,1.6374254498737095,1.96,60.4,15.915000000000001,6.43
5.64017,55.5649,23.467000000000013,45.39272,54.14414,10.02228,30.25819,1.217802,14.0,50.0,60.0,55.0,26.0,1.2214,1.2184,0,4,,1,1,0,1,0,1,1,9.372459504980089,1.22,1.2378915972252587,4.51,27.535,30.93,25.44
15.2688,52.6242,63.468,91.73398,75.62654,6.64406,25.65744,1.219801,14.0,50.0,60.0,55.0,26.0,1.2214,1.2184,0,1,,1,0,0,0,1,0,0,25.439458408780272,1.6949999999999998,1.3127143158668748,17.095,97.965,5.695,30.825
21.0409,41.2367,49.19,69.58892,57.27061,12.93048,36.40954,1.218129,14.0,50.0,60.0,55.0,26.0,1.2214,1.2184,0,5,,1,0,1,1,1,1,1,17.769766775226255,0.65,1.5029243949930562,34.945,18.66,20.945,9.025
30.8327,39.809,80.1268,43.24313,40.03736,-4.79321,31.18621,1.219459,14.0,50.0,60.0,55.0,26.0,1.2214,1.2184,0,2,,1,0,1,0,0,1,0,8.6075056728927,7.405,1.2361940000151752,31.165,73.935,5.59,28.875
7.74296,55.5204,38.757000000000005,119.9639,58.13331,-2.7716,27.97536,1.218605,14.0,50.0,60.0,55.0,26.0,1.2214,1.2184,0,4,,1,1,0,1,1,1,0,35.2563396272414,4.300000000000001,1.0716501567714996,19.295,61.855000000000004,22.38,38.565
17.6074,47.794,58.063,80.39255,59.80852,-10.0163,28.25644,1.221497,14.0,50.0,60.0,55.0,26.0,1.2214,1.2184,0,5,,1,0,1,1,1,1,1,21.48264045388144,5.2700000000000005,1.4088968678554563,32.39,68.525,30.330000000000002,13.48
11.1411,52.2636,50.797,71.21428,53.70991,5.293767,28.5073,1.218614,14.0,50.0,60.0,55.0,26.0,1.2214,1.2184,0,4,,1,1,0,1,1,1,0,18.32930720653915,4.775,1.0195630053532105,31.3,65.49000000000001,18.900000000000002,36.0
23.7274,51.4686,62.876999999999995,40.19999,51.95169,-11.6811,32.12749,1.217875,14.0,50.0,60.0,55.0,26.0,1.2214,1.2184,0,2,,1,0,0,0,0,1,1,7.56942244560135,2.69,1.5118410982837855,25.22,21.259999999999998,27.900000000000002,12.24
13.6216,49.7265,61.458,32.51408,46.7368,8.83097,26.04657,1.219494,14.0,50.0,60.0,55.0,26.0,1.2214,1.2184,0,3,,1,1,1,0,0,1,0,4.881589894111729,6.035,1.059511271001225,33.45,71.685,24.59,17.0
17.1036,43.5458,63.712,25.08208,41.81719,11.21353,29.66331,1.217911,14.0,50.0,60.0,55.0,26.0,1.2214,1.2184,0,3,,1,0,1,0,0,1,1,2.3201904831860727,7.565,0.9681835879891009,10.415000000000001,39.655,33.35,19.19
30.26,32.9418,78.64,99.10042,33.64943,-5.92175,59.38917,1.207852,14.0,50.0,60.0,55.0,26.0,1.2214,1.2184,0,4,,1,0,1,0,1,1,1,28.139726913008804,6.1450000000000005,1.1825269286928966,26.545,9.645,12.67,36.46
22.2403,41.5769,65.228,51.2953,48.84541,-3.12339,37.93368,1.215838,14.0,50.0,60.0,55.0,26.0,1.2214,1.2184,0,3,,1,0,1,0,0,1,1,11.445871470104063,5.545000000000001,1.6837751715874911,6.885,38.575,16.37,32.480000000000004
33.461,42.6207,77.128,107.2238,51.98261,-10.2916,35.64688,1.219028,14.0,50.0,60.0,55.0,26.0,1.2214,1.2184,0,3,,1,0,1,0,1,1,0,30.827814422330214,2.405,1.5612112939297516,39.82,28.84,4.035,24.865000000000002
16.188,59.9496,55.387,36.6732,49.43857,7.742798,25.24391,1.219136,14.0,50.0,60.0,55.0,26.0,1.2214,1.2184,0,1,,1,0,0,1,0,0,0,6.329409509673631,3.425,1.340639529494319,1.62,83.655,32.94,38.4
14.0451,49.1893,62.977999999999994,73.75984,53.18025,8.075164,27.46037,1.220271,14.0,50.0,60.0,55.0,26.0,1.2214,1.2184,0,3,,1,0,1,0,1,1,0,19.194100975013328,6.115,1.0041068329351657,5.9750000000000005,62.275,17.395,15.76
22.0928,40.4609,60.396,115.2195,73.63739,19.30767,35.05114,1.219171,14.0,50.0,60.0,55.0,26.0,1.2214,1.2184,0,3,,1,0,1,0,1,1,0,33.601489151869075,0.8350000000000001,1.5172888904220736,16.375,33.69,3.72,27.835
17.1219,47.0978,54.80500000000001,64.35194,53.07374,-10.6299,33.04552,1.217054,14.0,50.0,60.0,55.0,26.0,1.2214,1.2184,0,5,,1,0,1,1,1,1,1,15.965210764196584,4.655,1.486605024142757,23.31,33.44,36.28,29.745
5.42174,56.441,28.77000000000001,86.49119,57.63112,10.70778,28.15442,1.218389,14.0,50.0,60.0,55.0,26.0,1.2214,1.2184,0,5,,1,1,0,1,1,1,1,23.63621452206072,2.025,1.0379041473145423,24.69,33.215,15.44,18.115000000000002
18.9536,49.5239,63.256,94.24566,38.41275,-8.48829,29.35314,1.223141,14.0,50.0,60.0,55.0,26.0,1.2214,1.2184,0,4,,1,0,1,0,1,1,1,26.2735148880471,5.585000000000001,1.2661956086145427,39.15,80.775,15.195,14.355
11.3204,43.7587,47.870000000000005,77.04376,61.10248,-5.06404,23.97452,1.228577,14.0,50.0,60.0,55.0,26.0,1.2214,1.2184,0,5,,1,1,1,1,1,0,1,20.238109431042425,7.23,1.5725882640367495,6.16,36.150000000000006,39.83,3.245
3.42153,56.615,16.174000000000007,79.98385,57.61872,5.241054,30.11698,1.217676,14.0,50.0,60.0,55.0,26.0,1.2214,1.2184,0,5,,1,1,0,1,1,1,1,21.385521365480997,2.45,0.956135817535685,15.895,20.4,22.915,27.580000000000002
18.3388,48.3841,64.727,114.1083,58.68202,-6.11173,29.39583,1.219509,14.0,50.0,60.0,55.0,26.0,1.2214,1.2184,0,3,,1,0,1,0,1,1,0,33.212932612116774,4.545000000000001,1.2260595881994847,24.245,40.38,9.275,25.735
10.4962,57.0999,48.291,88.14744,57.32125,9.548372,27.16262,1.218698,14.0,50.0,60.0,55.0,26.0,1.2214,1.2184,0,4,,1,1,0,1,1,1,0,24.207377163106926,2.26,1.2088669448784488,7.295,65.75,13.755,28.325
14.8296,48.3775,59.793000000000006,54.97648,51.364,9.425414,29.30621,1.218689,14.0,50.0,60.0,55.0,26.0,1.2214,1.2184,0,3,,1,0,1,1,0,1,0,12.69030456192805,6.105,1.0173940914582795,17.88,86.03,21.605,38.050000000000004
7.41048,50.7329,38.80699999999999,119.555,56.49421,-6.43525,27.70399,1.220916,14.0,50.0,60.0,55.0,26.0,1.2214,1.2184,0,4,,1,1,0,1,1,1,0,35.08724182335613,4.930000000000001,1.5756873227056865,3.8850000000000002,92.285,36.765,23.26
22.5456,40.8877,72.618,70.10122,62.51509,-3.26134,31.51818,1.222767,14.0,50.0,60.0,55.0,26.0,1.2214,1.2184,0,4,,1,0,1,0,1,1,1,17.894651275055182,7.210000000000001,1.471422202895245,12.08,73.15,13.565,19.085
25.9855,54.9666,78.504,24.6623,41.2676,12.92348,17.0501,1.223489,14.0,50.0,60.0,55.0,26.0,1.2214,1.2184,0,1,,1,0,0,0,0,0,1,2.1078480312717156,2.205,1.294542391194337,4.96,97.82000000000001,7.97,9.725
19.8176,41.8315,65.171,42.66194,48.55054,-1.31004,33.44022,1.217913,14.0,50.0,60.0,55.0,26.0,1.2214,1.2184,0,3,,1,0,1,0,0,1,1,8.423515387343706,7.295000000000001,1.5930355792520772,8.715,97.10000000000001,33.55,33.125
5.53044,57.428,29.467000000000013,98.37925,58.90146,-7.27139,27.56254,1.218606,14.0,50.0,60.0,55.0,26.0,1.2214,1.2184,0,4,,1,1,0,1,1,1,0,27.761703205758234,4.430000000000001,0.9892370219822306,3.6350000000000002,57.85,35.995,22.740000000000002
27.2884,37.4466,75.731,97.98025,47.35715,-5.22185,46.25846,1.216223,14.0,50.0,60.0,55.0,26.0,1.2214,1.2184,0,4,,1,0,1,0,1,1,1,27.651911040465876,5.595000000000001,1.4598170537218043,11.370000000000001,23.6,5.93,30.26
30.7046,39.7684,71.782,27.86503,44.26501,-10.0614,40.8964,1.214599,14.0,50.0,60.0,55.0,26.0,1.2214,1.2184,0,3,,1,0,1,0,0,1,1,3.324674451795012,6.6450000000000005,1.6612063268248611,35.525,54.125,30.42,26.240000000000002
3.17963,59.4884,18.20599999999999,102.5461,62.43121,-0.0185766,26.71257,1.218584,14.0,50.0,60.0,55.0,26.0,1.2214,1.2184,0,4,,1,1,0,1,1,1,0,29.20817446311173,2.1,1.1762453222157778,33.76,68.67,28.445,21.150000000000002
13.9124,50.0662,57.345,27.36211,44.20229,10.57404,26.00536,1.219329,14.0,50.0,60.0,55.0,26.0,1.2214,1.2184,0,3,,1,1,0,1,0,1,0,3.095523887270453,4.41,0.9025214193519524,7.4,18.305,20.345,10.825000000000001
14.466,48.6562,45.63300000000001,90.93641,54.14045,5.068357,31.61227,1.217594,14.0,50.0,60.0,55.0,26.0,1.2214,1.2184,0,5,,1,0,1,1,1,1,1,25.188597883742332,1.355,1.4910190913887953,23.69,36.285,18.025,34.55
14.0575,51.8996,47.834,84.99051,55.71138,-8.06362,30.96658,1.217735,14.0,50.0,60.0,55.0,26.0,1.2214,1.2184,0,4,,1,0,0,1,1,1,1,23.122901112513695,2.605,1.4944128501920915,17.27,36.004999999999995,23.02,34.925
17.7125,50.0953,73.195,31.64782,43.57703,17.41449,24.75578,1.220407,14.0,50.0,60.0,55.0,26.0,1.2214,1.2184,1,0,,1,0,0,0,0,0,0,4.571258932793232,3.915,0.9211514514658546,5.33,13.25,6.25,1.52
11.5099,35.193,50.393,66.66322,53.00856,36.35082,26.58236,1.233445,14.0,50.0,60.0,55.0,26.0,1.2214,1.2184,0,6,,1,1,1,1,1,1,1,16.57350883841504,0.29000000000000004,1.2850516673038956,30.89,94.735,13.215,5.43
34.9367,42.4398,79.648,107.6789,51.41071,-8.94457,46.32651,1.216399,14.0,50.0,60.0,55.0,26.0,1.2214,1.2184,0,4,,1,0,1,0,1,1,1,31.017420698722507,3.835,1.5248694551063595,29.85,15.925,4.775,31.245
24.499,38.9458,69.707,26.95905,42.83121,-1.05249,39.81215,1.214796,14.0,50.0,60.0,55.0,26.0,1.2214,1.2184,0,3,,1,0,1,0,0,1,1,3.0078214149878257,7.425000000000001,1.67599493457947,6.755,60.025,34.865,22.39
33.5902,50.0417,72.308,27.53208,37.9863,-8.39096,21.47741,1.220451,14.0,50.0,60.0,55.0,26.0,1.2214,1.2184,1,0,,1,0,0,0,0,0,0,3.14051779109085,4.15,1.331584180561364,23.765,51.11,10.835,32.585
14.2278,30.7558,54.06399999999999,75.75347,44.32277,36.70761,58.89414,1.2143,14.0,50.0,60.0,55.0,26.0,1.2214,1.2184,0,5,,1,0,1,1,1,1,1,19.953673631497256,0.28500000000000003,1.3095375997124012,20.88,26.330000000000002,2.75,19.225
15.2728,58.8907,69.124,38.73969,49.3742,9.084464,24.15778,1.219759,14.0,50.0,60.0,55.0,26.0,1.2214,1.2184,1,0,,1,0,0,0,0,0,0,7.040399720468591,5.470000000000001,1.0088487458709097,1.1,47.94,20.535,3.835
11.8598,58.6121,51.345,73.35061,84.08003,-3.00835,27.08192,1.218749,14.0,50.0,60.0,55.0,26.0,1.2214,1.2184,0,4,,1,1,0,1,1,1,0,19.069074082291497,3.015,1.3456091499616276,11.105,80.49,20.435,26.79
36.5109,28.2843,82.2641,56.4493,41.69984,-4.57035,106.4671,1.193938,14.0,50.0,60.0,55.0,26.0,1.2214,1.2184,0,4,,1,0,1,0,1,1,1,13.493002408625896,7.815,1.4591270104938046,20.475,8.25,10.91,31.575
24.9855,44.4203,67.278,111.8779,51.70231,-8.73411,19.79469,1.231429,14.0,50.0,60.0,55.0,26.0,1.2214,1.2184,0,3,,1,0,1,0,1,0,1,32.298552631709995,1.94,1.668586499649516,31.2,66.685,6.1000000000000005,4.21
19.9099,51.6709,56.266999999999996,95.45186,56.1659,-13.4194,22.6554,1.220125,14.0,50.0,60.0,55.0,26.0,1.2214,1.2184,0,2,,1,0,0,1,1,0,0,26.727436861220138,2.655,1.629366913703882,38.945,38.075,24.06,8.18
24.401,47.4751,75.159,133.9391,40.08184,-5.33513,27.49031,1.228422,14.0,50.0,60.0,55.0,26.0,1.2214,1.2184,0,4,,1,0,1,0,1,1,1,39.99412207474691,4.235,1.3838765092177776,20.245,88.05,3.87,9.6
-1.72072,52.5573,-6.4410000000000025,96.27988,58.61316,10.68847,32.39174,1.217295,14.0,50.0,60.0,55.0,26.0,1.2214,1.2184,0,5,,1,1,0,1,1,1,1,27.04763372309995,0.99,1.3025031723337783,2.8,16.445,33.18,21.645
16.8943,50.6179,64.623,33.41914,45.17054,-4.64641,26.41312,1.219091,14.0,50.0,60.0,55.0,26.0,1.2214,1.2184,0,1,,1,0,0,0,0,1,0,5.200770265461239,4.840000000000001,1.151947366421929,30.495,41.81,17.965,16.89
17.5458,56.7942,60.010000000000005,81.53671,58.4541,-9.71373,26.41381,1.219518,14.0,50.0,60.0,55.0,26.0,1.2214,1.2184,0,2,,1,0,0,0,1,1,0,21.902621979148954,3.87,1.3586765142175672,37.055,87.28,19.405,17.855
6.84479,58.627,40.018,44.73036,52.71658,-0.585768,25.98874,1.218943,14.0,50.0,60.0,55.0,26.0,1.2214,1.2184,0,2,,1,1,0,1,0,0,0,9.129820442028208,2.985,0.9732325863025387,15.4,30.715,24.94,5.285
11.2752,50.3597,44.04400000000001,98.91374,63.1429,1.371567,24.02827,1.220532,14.0,50.0,60.0,55.0,26.0,1.2214,1.2184,0,3,,1,1,0,1,1,0,0,27.923845602925805,1.375,1.5398855910432854,31.54,82.94,22.82,16.62
23.1348,32.5242,81.6275,69.10137,29.40279,-6.56493,136.9298,1.23443,14.0,50.0,60.0,55.0,26.0,1.2214,1.2184,0,4,,1,0,1,0,1,1,1,17.41170071656845,6.430000000000001,1.2457325157460408,25.35,46.205,1.43,15.780000000000001
21.8645,38.2112,66.29,42.07761,32.65031,-7.7492,35.13168,1.213961,14.0,50.0,60.0,55.0,26.0,1.2214,1.2184,0,3,,1,0,1,0,0,1,1,8.26767855834423,7.590000000000001,1.2528474869072008,28.815,31.57,39.235,27.205000000000002
15.0845,47.3461,53.209,102.7713,50.85762,-9.31758,31.79119,1.218748,14.0,50.0,60.0,55.0,26.0,1.2214,1.2184,0,4,,1,0,1,1,1,1,0,29.286314205874916,5.24,1.0868144201056582,34.480000000000004,17.66,25.82,11.345
22.8271,42.604,76.27,85.02014,59.03081,1.298904,32.93843,1.223403,14.0,50.0,60.0,55.0,26.0,1.2214,1.2184,0,4,,1,0,1,0,1,1,1,23.06722946689987,6.575,1.1722956281452457,22.115000000000002,86.515,5.745,25.2
20.337,52.9241,62.182,68.11688,40.79453,-5.74671,15.92495,1.225445,14.0,50.0,60.0,55.0,26.0,1.2214,1.2184,0,2,,1,0,0,0,1,0,1,17.17343344066505,1.9649999999999999,1.4166109368627955,19.475,85.26,8.865,2.135
5.80808,57.5304,27.590000000000003,68.43884,55.32417,1.109028,26.82166,1.218825,14.0,50.0,60.0,55.0,26.0,1.2214,1.2184,0,4,,1,1,0,1,1,1,0,17.362492869963205,1.4349999999999998,1.2979654120037216,22.005,46.775,25.625,10.120000000000001
12.0076,46.5279,48.758999999999986,94.79468,46.38621,22.75339,26.65454,1.221237,14.0,50.0,60.0,55.0,26.0,1.2214,1.2184,0,5,,1,1,1,1,1,1,0,26.485424220655332,0.9600000000000001,1.5697580286146697,2.365,44.67,7.66,11.705
10.8146,34.5609,40.226,67.61266,27.15831,19.02972,46.3,1.225342,14.0,50.0,60.0,55.0,26.0,1.2214,1.2184,0,6,,1,1,1,1,1,1,1,16.998384397301216,0.345,1.5977454337363917,11.290000000000001,41.025,20.385,8.79
4.09965,57.7343,18.601,103.1815,62.52227,-5.26844,28.0202,1.218385,14.0,50.0,60.0,55.0,26.0,1.2214,1.2184,0,5,,1,1,0,1,1,1,1,29.43173353276655,2.295,1.1939274219010065,33.38,26.725,28.695,12.545
21.5591,54.2832,70.585,65.81471,49.60467,8.929842,26.21649,1.21945,14.0,50.0,60.0,55.0,26.0,1.2214,1.2184,0,2,,1,0,0,0,1,1,0,16.444630188172052,3.985,1.305372800651327,4.32,60.7,6.74,29.37
21.5981,43.7111,62.778999999999996,83.97292,56.18122,-10.6767,27.33508,1.223425,14.0,50.0,60.0,55.0,26.0,1.2214,1.2184,0,4,,1,0,1,0,1,1,1,22.703579576476663,6.155,1.644291617784513,38.28,58.69,29.645,11.845
18.0414,47.4904,67.676,46.88815,48.22137,12.44403,28.77122,1.219021,14.0,50.0,60.0,55.0,26.0,1.2214,1.2184,0,2,,1,0,1,0,0,1,0,9.878367550430678,5.705,1.0618938375476412,8.995000000000001,47.59,12.34,18.23
6.17595,58.7467,36.67699999999999,95.84015,63.4934,7.666216,23.58481,1.219583,14.0,50.0,60.0,55.0,26.0,1.2214,1.2184,0,3,,1,1,0,1,1,0,0,26.867786099930424,1.7349999999999999,1.1069334868669127,9.46,95.3,22.995,8.43
9.21861,54.7374,50.26400000000001,102.2969,63.31697,-1.90447,25.00302,1.220701,14.0,50.0,60.0,55.0,26.0,1.2214,1.2184,0,3,,1,1,0,1,1,0,0,29.097583210352692,5.265000000000001,0.9299960465532682,8.5,70.91499999999999,24.46,8.99
25.3331,44.0649,68.825,71.78855,51.58274,-9.84675,35.38038,1.217076,14.0,50.0,60.0,55.0,26.0,1.2214,1.2184,0,4,,1,0,1,0,1,1,1,18.54706313386748,4.795000000000001,1.54828869479782,24.515,36.655,14.32,35.355000000000004
26.325,40.8903,78.729,101.8271,42.87836,-3.2883,71.37632,1.22993,14.0,50.0,60.0,55.0,26.0,1.2214,1.2184,0,4,,1,0,1,0,1,1,1,28.82691112479472,7.455,1.4025651675638051,15.67,91.08500000000001,5.305,16.509999999999998
5.7539,44.1756,18.477000000000004,105.0535,52.91715,10.72296,27.4732,1.219701,14.0,50.0,60.0,55.0,26.0,1.2214,1.2184,0,5,,1,1,1,1,1,1,0,30.065688734377424,0.8,1.6171978684035557,15.530000000000001,19.560000000000002,36.54,9.435
34.135,39.6921,77.407,122.0752,53.69113,-7.48568,38.8356,1.218657,14.0,50.0,60.0,55.0,26.0,1.2214,1.2184,0,3,,1,0,1,0,1,1,0,35.99076644716886,4.575,1.4210239432246485,36.79,9.175,10.185,8.645
29.3326,46.4886,71.411,39.8619,37.54622,-4.33732,27.98975,1.218195,14.0,50.0,60.0,55.0,26.0,1.2214,1.2184,0,3,,1,0,1,0,0,1,1,7.448142318860511,2.055,1.3507364258349182,10.120000000000001,18.880000000000003,5.07,12.65
20.7487,37.224,77.481,73.09179,29.87428,-13.124,109.2748,1.233587,14.0,50.0,60.0,55.0,26.0,1.2214,1.2184,0,4,,1,0,1,0,1,1,1,18.80682017707238,4.9750000000000005,1.1734975433984225,30.36,49.2,1.165,12.025
17.6127,47.574,55.912000000000006,106.1227,78.73426,-10.0618,19.24267,1.228331,14.0,50.0,60.0,55.0,26.0,1.2214,1.2184,0,4,,1,0,1,1,1,0,1,30.336923184460908,5.875000000000001,1.5388242229795994,33.565,87.215,32.74,5.925
5.76173,56.5639,28.358000000000004,62.12549,55.96254,8.913992,28.3708,1.218282,14.0,50.0,60.0,55.0,26.0,1.2214,1.2184,0,5,,1,1,0,1,1,1,1,15.177596660794727,2.085,1.1504457572644027,1.16,17.895,20.23,7.97
9.54172,57.5372,38.04599999999999,75.25557,40.36094,-6.18019,23.02652,1.220727,14.0,50.0,60.0,55.0,26.0,1.2214,1.2184,0,3,,1,1,0,1,1,0,0,19.707500381796148,1.95,1.1344892893141507,16.875,44.605000000000004,16.875,2.4699999999999998
24.1405,26.1275,85.0043,130.3369,27.33983,-8.45868,200.7153,1.239023,14.0,50.0,60.0,55.0,26.0,1.2214,1.2184,0,4,,1,0,1,0,1,1,1,38.62128479076802,7.19,1.5590053261263759,32.8,22.6,2.4699999999999998,24.495
7.13163,58.2043,39.73599999999999,131.3627,77.04762,-6.05159,20.70997,1.220317,14.0,50.0,60.0,55.0,26.0,1.2214,1.2184,0,3,,1,1,0,1,1,0,0,39.19378591835547,2.835,0.9940062426174499,23.515,90.995,19.51,7.325
-2.01778,51.2458,-8.256,112.1194,63.23735,13.61782,31.32962,1.217746,14.0,50.0,60.0,55.0,26.0,1.2214,1.2184,0,5,,1,1,0,1,1,1,1,32.54178986549116,0.765,1.1604899151186796,19.275000000000002,24.0,31.13,23.45
20.8691,45.5079,61.483000000000004,48.76306,52.8623,-10.1015,31.47196,1.218593,14.0,50.0,60.0,55.0,26.0,1.2214,1.2184,0,2,,1,0,1,0,0,1,0,10.534267470577324,5.295000000000001,1.6537329492529094,27.740000000000002,49.745,38.165,15.450000000000001
2.14408,51.2494,8.584000000000003,110.5169,48.0612,9.782684,31.33597,1.216919,14.0,50.0,60.0,55.0,26.0,1.2214,1.2184,0,5,,1,1,0,1,1,1,1,31.996139493570894,1.905,1.2541982261358111,9.265,14.45,30.075,36.38
11.5907,40.7621,33.96700000000001,47.24422,48.42489,12.23371,76.91898,1.211507,14.0,50.0,60.0,55.0,26.0,1.2214,1.2184,0,5,,1,1,1,1,0,1,1,10.08846999233082,0.6900000000000001,1.6873992234544382,9.815,16.68,38.735,27.72
10.6641,32.1595,47.16499999999999,56.59155,44.84044,41.95123,28.24326,1.224642,14.0,50.0,60.0,55.0,26.0,1.2214,1.2184,0,6,,1,1,1,1,1,1,1,13.179033800729615,0.26,1.171707386699481,36.365,66.96000000000001,19.2,12.4
15.5524,44.5864,53.039,94.33577,58.85714,-9.85918,30.21314,1.220621,14.0,50.0,60.0,55.0,26.0,1.2214,1.2184,0,4,,1,0,1,1,1,1,0,26.33491528585526,5.215000000000001,1.5716936835588284,20.17,29.36,33.435,10.905
5.03034,55.931,25.040999999999997,88.90805,59.84049,12.56242,28.59077,1.218236,14.0,50.0,60.0,55.0,26.0,1.2214,1.2184,0,5,,1,1,0,1,1,1,1,24.47655890234003,1.38,1.1980577728943107,27.13,60.855000000000004,18.865000000000002,37.045
5.85812,51.38,30.15299999999999,89.67429,56.93122,-6.95576,29.85697,1.218131,14.0,50.0,60.0,55.0,26.0,1.2214,1.2184,0,5,,1,1,0,1,1,1,1,24.74497046537377,5.2,1.0702954655686783,32.205,46.565,33.645,34.82
13.5058,52.2275,48.405,83.63093,50.53987,-9.35903,24.74611,1.222353,14.0,50.0,60.0,55.0,26.0,1.2214,1.2184,0,4,,1,1,0,1,1,0,1,22.59723057154831,4.87,1.3647660705302456,18.82,51.765,34.055,5.14
22.6701,51.3686,69.949,79.1177,53.75973,-7.21568,25.88629,1.219787,14.0,50.0,60.0,55.0,26.0,1.2214,1.2184,0,1,,1,0,0,0,1,0,0,21.059550273070627,3.54,1.5409005669960312,19.165,79.205,9.44,25.825
20.4035,53.6046,60.19199999999999,55.36964,55.12904,-11.7204,28.18699,1.218701,14.0,50.0,60.0,55.0,26.0,1.2214,1.2184,0,2,,1,0,0,0,1,1,0,12.82602905044053,2.34,1.6090971188682652,32.75,88.49,23.205000000000002,30.085
24.8098,40.1192,64.291,27.63103,35.95004,8.205931,32.14312,1.214266,14.0,50.0,60.0,55.0,26.0,1.2214,1.2184,0,3,,1,0,1,0,0,1,1,3.2476774421872214,5.720000000000001,1.497731900804267,1.365,30.365000000000002,20.085,31.01
32.7792,41.2974,70.186,24.80405,28.16182,-10.512,19.738,1.218999,14.0,50.0,60.0,55.0,26.0,1.2214,1.2184,0,1,,1,0,1,0,0,0,0,2.2087826330605393,0.635,1.4503806175898442,37.955,53.195,14.185,13.13
9.39357,56.1412,37.102000000000004,86.83119,54.40854,-9.13437,28.28513,1.218758,14.0,50.0,60.0,55.0,26.0,1.2214,1.2184,0,4,,1,1,0,1,1,1,0,23.749695925576425,2.145,1.378919244486583,33.975,57.06,35.235,18.53
16.5265,40.5769,58.729,111.2001,61.87101,-9.1254,33.99125,1.22117,14.0,50.0,60.0,55.0,26.0,1.2214,1.2184,0,4,,1,0,1,1,1,1,0,32.18376622275872,7.4350000000000005,1.5645446133637657,28.495,70.33,33.11,38.14
12.4277,40.4185,54.488,103.7888,55.95232,1.664295,37.08624,1.218454,14.0,50.0,60.0,55.0,26.0,1.2214,1.2184,0,5,,1,1,1,1,1,1,0,29.64344261974072,6.8950000000000005,1.1207891913669659,3.765,17.285,16.945,14.105
10.9062,34.2301,40.077,97.56995,48.89715,38.28569,44.91053,1.2171,14.0,50.0,60.0,55.0,26.0,1.2214,1.2184,0,6,,1,1,1,1,1,1,1,27.496172027258893,0.315,0.9932209592279625,6.69,41.99,8.825,34.235
6.93814,49.0969,30.608000000000004,128.9012,61.5373,-12.4937,17.58093,1.223778,14.0,50.0,60.0,55.0,26.0,1.2214,1.2184,0,5,,1,1,1,1,1,0,1,38.29992849841309,4.365,1.694667569398989,6.24,25.76,33.74,3.505
14.946,56.5694,54.661,82.10657,76.96836,-10.6583,27.37645,1.21892,14.0,50.0,60.0,55.0,26.0,1.2214,1.2184,0,3,,1,0,0,1,1,1,0,22.107308528357716,3.3649999999999998,1.4133265214163357,34.775,97.635,25.990000000000002,29.995
26.1119,47.3026,78.852,21.71336,35.727,16.28638,22.96955,1.226921,14.0,50.0,60.0,55.0,26.0,1.2214,1.2184,0,2,,1,0,1,0,0,0,1,1.0444657223440377,5.115,0.9337061715188651,8.185,91.425,13.335,11.39
16.0897,42.0021,63.43899999999999,123.9728,56.11821,9.028151,33.11196,1.21992,14.0,50.0,60.0,55.0,26.0,1.2214,1.2184,0,3,,1,0,1,0,1,1,0,36.633506087403426,6.535,1.117945253879871,6.845,47.4,10.995000000000001,37.355000000000004
3.18717,54.1737,16.233000000000004,126.7338,66.11498,13.99078,25.04103,1.219332,14.0,50.0,60.0,55.0,26.0,1.2214,1.2184,0,3,,1,1,0,1,1,0,0,37.59756237591152,1.09,1.2044335214939919,4.445,59.2,20.975,16.950000000000003
17.0616,29.7974,76.343,112.3174,30.46692,-6.04452,154.6567,1.22743,14.0,50.0,60.0,55.0,26.0,1.2214,1.2184,0,4,,1,0,1,0,1,1,1,32.4999881832514,6.555000000000001,1.1877705109057093,5.57,17.745,2.55,17.325
26.762,39.6187,78.583,46.20803,41.91554,5.335629,32.99964,1.218746,14.0,50.0,60.0,55.0,26.0,1.2214,1.2184,0,2,,1,0,1,0,0,1,0,9.645332891620775,5.955,1.1053885927583318,28.37,55.33,3.165,32.985
23.6027,38.199,71.711,93.08086,54.16756,-5.95627,30.48127,1.227182,14.0,50.0,60.0,55.0,26.0,1.2214,1.2184,0,4,,1,0,1,0,1,1,1,25.822815477611094,7.735,1.6648123555148036,15.345,39.18,14.15,10.26
19.705,40.4697,61.604,102.5148,66.04221,-9.72081,34.40235,1.221199,14.0,50.0,60.0,55.0,26.0,1.2214,1.2184,0,3,,1,0,1,0,1,1,0,29.168154182019332,6.880000000000001,1.4280247989596813,35.155,37.71,31.82,18.48
11.3722,49.3446,48.736999999999995,60.89519,51.17775,-0.514815,29.62118,1.218211,14.0,50.0,60.0,55.0,26.0,1.2214,1.2184,0,6,,1,1,1,1,1,1,1,14.751077369825218,5.985,1.2325975141888779,14.09,73.505,36.715,38.855000000000004
7.73739,55.3137,33.510999999999996,90.51359,47.14059,-14.8856,28.48891,1.219188,14.0,50.0,60.0,55.0,26.0,1.2214,1.2184,0,4,,1,1,0,1,1,1,0,25.024167774941073,4.7250000000000005,1.1416157378160967,27.595,37.495000000000005,33.81,11.25
30.5421,48.316,66.64,37.07744,49.77316,-9.96543,37.41751,1.217385,14.0,50.0,60.0,55.0,26.0,1.2214,1.2184,0,3,,1,0,1,0,0,1,1,6.490122232376876,1.4849999999999999,1.6059166310099924,19.86,32.879999999999995,8.594999999999999,24.97
26.0994,47.5881,78.786,59.97816,47.77154,2.704967,22.30546,1.222421,14.0,50.0,60.0,55.0,26.0,1.2214,1.2184,0,3,,1,0,1,0,1,0,1,14.383554277275438,4.595000000000001,1.5895354485496365,4.609999999999999,58.0,5.01,8.48
18.2048,45.1508,56.373999999999995,129.4475,36.22887,-8.10765,13.44446,1.225243,14.0,50.0,60.0,55.0,26.0,1.2214,1.2184,0,4,,1,0,1,1,1,0,1,38.47281181978082,2.435,1.0558126766227232,12.895,10.1,4.46,2.725
19.1751,44.4088,54.753,132.2245,55.15129,-1.84592,36.73303,1.216806,14.0,50.0,60.0,55.0,26.0,1.2214,1.2184,0,5,,1,0,1,1,1,1,1,39.534790342075205,1.895,1.5799903714632801,30.310000000000002,14.870000000000001,19.065,25.305
17.0183,46.8568,67.977,110.0632,52.04348,13.14422,27.98771,1.220449,14.0,50.0,60.0,55.0,26.0,1.2214,1.2184,0,3,,1,0,1,0,1,1,0,31.797423260810017,4.885000000000001,0.9705665253037847,8.61,43.925000000000004,6.8500000000000005,21.78
35.811,40.1819,78.508,67.77918,49.12308,-9.0302,37.50646,1.218376,14.0,50.0,60.0,55.0,26.0,1.2214,1.2184,0,4,,1,0,1,0,1,1,1,17.140565220577642,4.95,1.5145062155194542,33.695,16.995,7.36,9.505
14.8264,43.8249,61.241,49.28114,47.95256,1.349444,33.32014,1.217391,14.0,50.0,60.0,55.0,26.0,1.2214,1.2184,0,3,,1,0,1,0,0,1,1,10.728740714276178,7.7700000000000005,1.063288536239758,25.855,38.875,21.92,22.495
13.8426,48.5464,62.397999999999996,34.28147,52.36928,2.643824,26.18881,1.220276,14.0,50.0,60.0,55.0,26.0,1.2214,1.2184,0,3,,1,1,1,0,0,1,0,5.486310031998147,5.49,1.499794219719929,1.995,52.345,39.555,4.965
9.23405,58.6497,50.85400000000001,81.99436,56.86519,7.067184,25.24275,1.219192,14.0,50.0,60.0,55.0,26.0,1.2214,1.2184,0,3,,1,1,0,1,1,0,0,22.064947270589215,2.3449999999999998,1.0221484949946378,29.98,98.99,15.07,17.525
7.45817,60.6385,40.584,51.87208,53.94657,-1.96601,26.50605,1.218704,14.0,50.0,60.0,55.0,26.0,1.2214,1.2184,0,3,,1,1,0,1,0,1,0,11.612169871733625,3.56,1.0488045022397392,22.52,49.87,27.82,14.315
18.5695,40.632,65.004,38.34673,41.81439,8.599835,34.15626,1.216335,14.0,50.0,60.0,55.0,26.0,1.2214,1.2184,0,3,,1,0,1,0,0,1,1,6.944241364647699,7.325,1.5063000994171243,1.01,42.235,24.14,19.955000000000002
28.3394,41.2608,75.092,133.1416,54.91213,-10.3227,34.28004,1.219722,14.0,50.0,60.0,55.0,26.0,1.2214,1.2184,0,3,,1,0,1,0,1,1,0,39.81954953343546,4.8500000000000005,1.4462500726452254,37.79,29.695,8.690000000000001,26.54
22.9049,41.2534,69.883,64.19385,61.20593,-7.23559,33.12613,1.219947,14.0,50.0,60.0,55.0,26.0,1.2214,1.2184,0,3,,1,0,1,0,1,1,0,15.876456615988799,7.36,1.3306054998986645,26.84,66.14500000000001,18.17,24.46
17.3644,34.427,68.546,114.4184,35.17608,-4.56753,54.48827,1.213272,14.0,50.0,60.0,55.0,26.0,1.2214,1.2184,0,4,,1,0,1,0,1,1,1,33.39601607394266,7.94,0.9181185597892139,27.85,8.94,31.490000000000002,19.575
11.5087,43.6663,51.62899999999999,111.8036,67.35344,-4.04675,29.77347,1.222972,14.0,50.0,60.0,55.0,26.0,1.2214,1.2184,0,6,,1,1,1,1,1,1,1,32.37212627253559,6.575,1.6274104454653644,8.625,79.575,32.06,25.0
11.0807,54.7291,54.697,82.87614,47.54005,-4.04644,24.94005,1.221596,14.0,50.0,60.0,55.0,26.0,1.2214,1.2184,0,4,,1,1,0,1,1,0,1,22.343725816207456,6.285,0.9842967288794561,12.325000000000001,99.44,29.435000000000002,7.23
21.4062,50.2056,57.331999999999994,47.92489,56.01117,-8.54447,26.99406,1.219348,14.0,50.0,60.0,55.0,26.0,1.2214,1.2184,0,2,,1,0,0,1,0,1,0,10.235552300098263,3.08,1.2068875095316258,15.71,8.785,28.87,1.06
13.6883,46.3821,57.03,95.54108,44.03861,-5.00572,30.25779,1.221023,14.0,50.0,60.0,55.0,26.0,1.2214,1.2184,0,5,,1,1,1,1,1,1,0,26.748111937268483,7.800000000000001,1.201124439422909,30.75,99.12,26.46,34.145
7.43242,43.4603,35.28999999999999,109.4306,55.30681,-2.82421,35.55036,1.217053,14.0,50.0,60.0,55.0,26.0,1.2214,1.2184,0,6,,1,1,1,1,1,1,1,31.618218223653603,7.03,0.92325888392636,9.45,26.29,28.565,33.865
12.353,46.0215,55.31,81.20961,64.25161,-2.5225,22.7759,1.228039,14.0,50.0,60.0,55.0,26.0,1.2214,1.2184,0,5,,1,1,1,1,1,0,1,21.689999381743895,6.755000000000001,1.665640437947632,7.835,96.415,37.805,6.57
24.2353,45.5842,69.247,59.55523,44.77791,5.319352,34.80216,1.217967,14.0,50.0,60.0,55.0,26.0,1.2214,1.2184,0,4,,1,0,1,0,1,1,1,14.288805418468659,2.225,1.0806218045806535,20.61,19.685000000000002,1.545,36.54
13.5694,55.2622,54.327,59.12599,58.90421,-5.13633,26.30162,1.21919,14.0,50.0,60.0,55.0,26.0,1.2214,1.2184,0,4,,1,1,0,1,1,1,0,14.124830702821122,2.815,1.5103963066206831,10.495000000000001,74.21000000000001,25.085,14.485
16.4507,53.992,55.256,33.11753,48.15031,11.87229,27.06118,1.219011,14.0,50.0,60.0,55.0,26.0,1.2214,1.2184,0,2,,1,0,0,1,0,1,0,5.0955140864920745,1.045,1.3691912618245579,9.63,74.84,19.525000000000002,31.95
9.18238,56.9697,43.412000000000006,30.16811,48.18125,1.795416,24.70729,1.219613,14.0,50.0,60.0,55.0,26.0,1.2214,1.2184,0,2,,1,1,0,1,0,0,0,4.064885128522624,1.68,1.1101635922204698,18.72,55.545,38.08,21.62
6.76988,43.3165,26.883999999999986,130.3494,49.39668,14.02516,24.59018,1.225175,14.0,50.0,60.0,55.0,26.0,1.2214,1.2184,0,5,,1,1,1,1,1,0,1,38.78439118015163,0.68,1.614353133620381,25.015,69.215,22.75,12.49
33.5577,39.3649,77.746,38.38678,44.94374,-9.71139,31.8147,1.221086,14.0,50.0,60.0,55.0,26.0,1.2214,1.2184,0,2,,1,0,1,0,0,1,0,6.90227456046616,7.9350000000000005,1.6792303653070495,35.805,83.88,11.6,15.040000000000001
23.488,50.2645,75.469,59.49995,46.64963,15.75108,24.72142,1.220632,14.0,50.0,60.0,55.0,26.0,1.2214,1.2184,0,1,,1,0,0,0,1,0,0,14.237664542138102,2.12,1.0896884670000522,16.200000000000003,77.515,2.14,32.06
27.0442,45.9887,64.854,56.98832,46.03729,-3.48262,34.56255,1.216591,14.0,50.0,60.0,55.0,26.0,1.2214,1.2184,0,4,,1,0,1,0,1,1,1,13.413245774283137,1.775,1.513514676833493,13.495000000000001,22.87,7.12,27.92
2.16533,52.4668,11.802999999999997,99.25886,82.89838,11.86126,23.25826,1.220029,14.0,50.0,60.0,55.0,26.0,1.2214,1.2184,0,3,,1,1,0,1,1,0,0,28.049053620133982,0.75,1.2891021790326673,24.42,89.24,31.62,13.530000000000001
22.2677,30.6265,82.558,118.9524,22.84291,-9.74121,192.8084,1.263399,14.0,50.0,60.0,55.0,26.0,1.2214,1.2184,0,4,,1,0,1,0,1,1,1,34.38210469311134,6.300000000000001,1.2576804954177347,28.695,83.275,1.705,26.715
24.484,51.0017,70.118,60.73301,48.81267,-4.53809,20.59283,1.224904,14.0,50.0,60.0,55.0,26.0,1.2214,1.2184,0,2,,1,0,0,0,1,0,1,14.61605840231969,2.73,1.6567373074899168,13.215,94.12,7.93,2.04
17.1287,47.0228,55.900999999999996,121.1082,50.71747,-10.0904,29.70915,1.220724,14.0,50.0,60.0,55.0,26.0,1.2214,1.2184,0,4,,1,0,1,1,1,1,0,35.62985262675037,4.760000000000001,1.2491371849374255,28.1,23.005000000000003,23.735,10.045
27.6114,36.8989,71.35,30.62898,35.74507,-4.71962,38.75943,1.212139,14.0,50.0,60.0,55.0,26.0,1.2214,1.2184,0,3,,1,0,1,0,0,1,1,4.313566448323299,7.6450000000000005,1.3976934477389118,12.435,35.36,22.255,25.07
27.9996,50.8119,74.197,42.60204,44.70233,15.48702,25.02076,1.220562,14.0,50.0,60.0,55.0,26.0,1.2214,1.2184,1,0,,1,0,0,0,0,0,0,8.371165068012317,2.005,1.1660555291310248,8.325,70.05000000000001,2.175,37.94
14.4788,48.2535,64.639,47.0538,50.31122,6.781448,27.67511,1.22,14.0,50.0,60.0,55.0,26.0,1.2214,1.2184,0,2,,1,0,1,0,0,1,0,9.924839775424255,7.165000000000001,0.9994677960566166,8.82,40.12,19.85,7.13
18.8954,27.5173,64.629,28.51445,35.9488,20.80116,98.08705,1.200109,14.0,50.0,60.0,55.0,26.0,1.2214,1.2184,0,3,,1,0,1,0,0,1,1,3.7153612198997923,0.195,1.3914982688657291,14.455,56.075,24.175,21.545
10.3848,41.2054,47.303,87.12338,92.19132,-4.44552,33.43114,1.221688,14.0,50.0,60.0,55.0,26.0,1.2214,1.2184,0,6,,1,1,1,1,1,1,1,23.81813952953272,7.515000000000001,1.5794106321642223,5.555,45.185,38.910000000000004,16.115000000000002
-0.128911,56.8274,-0.7410000000000139,118.8388,55.66993,1.605299,27.07921,1.218647,14.0,50.0,60.0,55.0,26.0,1.2214,1.2184,0,4,,1,1,0,1,1,1,0,34.86427600061607,1.24,1.311576488846457,38.135,63.915,39.09,23.715
12.3737,59.6555,48.44999999999999,54.43754,53.70331,-7.12773,23.23862,1.220278,14.0,50.0,60.0,55.0,26.0,1.2214,1.2184,0,2,,1,1,0,1,0,0,0,12.484939881519889,3.645,1.0241427185621201,5.65,32.71,20.02,1.15
1.341,45.2054,4.104000000000013,119.0889,39.48403,16.53629,36.01982,1.215829,14.0,50.0,60.0,55.0,26.0,1.2214,1.2184,0,6,,1,1,1,1,1,1,1,34.98442791118791,0.7100000000000001,1.4053731509562994,12.74,11.79,37.09,30.57
23.9414,48.145,66.851,82.28162,50.53089,-6.76523,33.86047,1.217653,14.0,50.0,60.0,55.0,26.0,1.2214,1.2184,0,4,,1,0,1,0,1,1,1,22.18361870457612,3.46,1.519331274699993,11.78,30.625,8.165,39.19
21.3658,43.0426,69.176,23.23354,38.12561,12.25514,22.94157,1.220492,14.0,50.0,60.0,55.0,26.0,1.2214,1.2184,0,1,,1,0,1,0,0,0,0,1.647731294985363,6.945,1.0297133228098285,26.905,64.67500000000001,13.605,25.935000000000002
26.6185,43.3672,70.397,46.6544,50.4471,-6.91873,28.27959,1.221997,14.0,50.0,60.0,55.0,26.0,1.2214,1.2184,0,3,,1,0,1,0,0,1,1,9.7628789048793,6.720000000000001,1.465357862559039,18.64,37.39,17.31,4.875
10.8825,48.3981,48.45099999999999,129.4664,43.97849,-8.27742,30.09263,1.222085,14.0,50.0,60.0,55.0,26.0,1.2214,1.2184,0,6,,1,1,1,1,1,1,1,38.51511160864516,5.680000000000001,1.3852930402137005,21.76,99.875,32.54,29.085
13.2473,48.0056,53.215,26.26562,44.4713,9.301077,28.03317,1.219551,14.0,50.0,60.0,55.0,26.0,1.2214,1.2184,0,4,,1,1,1,1,0,1,0,2.709624546109813,0.615,0.9035854576037669,35.855000000000004,80.04,27.135,28.72
7.60181,56.1279,35.19800000000001,91.42256,59.31407,8.32279,28.45525,1.218287,14.0,50.0,60.0,55.0,26.0,1.2214,1.2184,0,5,,1,1,0,1,1,1,1,25.349214425534498,1.7249999999999999,1.27595646814711,27.895,61.505,16.564999999999998,39.675000000000004
20.732,51.3441,60.271,50.0463,53.01445,-5.23745,27.73901,1.218719,14.0,50.0,60.0,55.0,26.0,1.2214,1.2184,0,1,,1,0,0,0,0,1,0,10.977666716945135,1.625,1.3906105853867727,25.47,36.535,14.08,11.555
13.0694,54.5693,53.319,128.5935,50.62192,-12.0869,24.15928,1.220185,14.0,50.0,60.0,55.0,26.0,1.2214,1.2184,0,3,,1,1,0,1,1,0,0,38.2342944212162,3.52,1.1398355362076742,26.465,48.56,10.03,12.685
13.7262,54.5213,60.05500000000001,118.3278,57.55824,2.791024,25.70964,1.219446,14.0,50.0,60.0,55.0,26.0,1.2214,1.2184,0,2,,1,1,0,0,1,0,0,34.67811472866421,2.965,1.1906224380999202,16.425,69.78,8.129999999999999,28.995
29.1818,46.8,69.683,72.7411,54.17519,-8.94923,37.65548,1.217417,14.0,50.0,60.0,55.0,26.0,1.2214,1.2184,0,4,,1,0,1,0,1,1,1,18.873389622634694,2.075,1.6264954885109622,25.935000000000002,25.81,7.26,26.315
6.9819,56.3575,34.91300000000001,81.68207,56.52397,9.14808,28.36938,1.218343,14.0,50.0,60.0,55.0,26.0,1.2214,1.2184,0,5,,1,1,0,1,1,1,1,21.96712868067897,2.375,1.074050027266306,16.305,29.2,15.01,17.45
25.9272,35.2646,76.607,125.2908,62.72044,-6.68959,79.49486,1.224474,14.0,50.0,60.0,55.0,26.0,1.2214,1.2184,0,4,,1,0,1,0,1,1,1,37.038060677756654,7.78,1.6608027175583384,18.135,56.58,7.62,35.645
16.7217,45.367,68.277,101.8767,44.76717,1.753076,27.28143,1.226053,14.0,50.0,60.0,55.0,26.0,1.2214,1.2184,0,4,,1,0,1,0,1,1,1,28.889287357975398,6.345000000000001,1.4318148401916697,6.255,83.64,14.49,13.295
23.2863,50.426,62.593,42.22773,45.52032,-7.33758,21.43902,1.226594,14.0,50.0,60.0,55.0,26.0,1.2214,1.2184,0,1,,1,0,0,0,0,0,1,8.17172127549992,5.765000000000001,1.2790691955587419,28.135,57.695,24.87,1.2650000000000001
14.4355,58.1097,48.522999999999996,59.98419,51.04258,-11.7016,23.02666,1.220456,14.0,50.0,60.0,55.0,26.0,1.2214,1.2184,0,2,,1,0,0,1,1,0,0,14.4080088858235,2.64,1.3496711591296482,34.56,75.62,34.405,3.9250000000000003
23.9698,44.3232,64.662,35.13937,46.93256,-8.8589,33.07984,1.216524,14.0,50.0,60.0,55.0,26.0,1.2214,1.2184,0,3,,1,0,1,0,0,1,1,5.827811593381149,5.345000000000001,1.5305283800377354,22.925,59.525,34.58,33.985
33.4798,49.21,69.257,23.01649,35.81039,-4.727,16.54655,1.222996,14.0,50.0,60.0,55.0,26.0,1.2214,1.2184,0,2,,1,0,1,0,0,0,1,1.5429651521376542,3.505,1.3992899982988796,9.125,40.665,11.915000000000001,33.230000000000004
3.29104,41.2336,14.25200000000001,84.15706,56.30621,19.59238,34.36709,1.218396,14.0,50.0,60.0,55.0,26.0,1.2214,1.2184,0,6,,1,1,1,1,1,1,1,22.824077481949057,0.43000000000000005,1.1679648060575043,19.400000000000002,55.635,31.185000000000002,31.515
11.9464,45.1658,56.626000000000005,62.73794,49.3499,0.6834618,29.65039,1.223143,14.0,50.0,60.0,55.0,26.0,1.2214,1.2184,0,6,,1,1,1,1,1,1,1,15.33365783995061,7.295000000000001,1.469396504809103,2.935,66.31,36.255,9.095
18.0897,43.693,61.059,58.78418,48.53613,-3.44892,33.183,1.220048,14.0,50.0,60.0,55.0,26.0,1.2214,1.2184,0,3,,1,0,1,0,1,1,0,13.998422429241323,6.99,1.1038683082234715,10.205,15.629999999999999,23.345,4.01
5.98389,39.4023,30.060000000000002,63.32776,53.48312,22.29835,28.50854,1.221537,14.0,50.0,60.0,55.0,26.0,1.2214,1.2184,0,6,,1,1,1,1,1,1,1,15.554763306176604,0.385,0.9690839761394332,33.61,81.58,31.265,17.65
19.079,36.3439,78.163,123.1968,27.8016,-11.5529,120.2991,1.236917,14.0,50.0,60.0,55.0,26.0,1.2214,1.2184,0,4,,1,0,1,0,1,1,1,36.16506890467742,4.825,1.23939941795251,32.29,93.775,1.77,37.495
11.9924,50.9806,51.93799999999999,77.48415,52.89,20.0796,29.49896,1.218533,14.0,50.0,60.0,55.0,26.0,1.2214,1.2184,0,4,,1,1,0,1,1,1,0,20.50711967288311,1.78,1.0981625255410126,27.545,26.96,5.215,19.72
16.245,54.3327,55.863,31.15359,47.90879,2.018629,27.04964,1.219083,14.0,50.0,60.0,55.0,26.0,1.2214,1.2184,0,2,,1,0,0,1,0,1,0,4.413759600574,3.415,1.6906893507151102,2.13,53.765,39.44,24.78
16.7008,41.5606,58.013000000000005,77.41355,57.10889,-7.70185,34.08039,1.220821,14.0,50.0,60.0,55.0,26.0,1.2214,1.2184,0,4,,1,0,1,1,1,1,0,20.45683220705634,7.275,1.3279526319560038,22.57,41.39,34.64,14.73
5.1127,55.0192,28.033999999999992,80.65634,61.81857,12.69921,24.15321,1.219488,14.0,50.0,60.0,55.0,26.0,1.2214,1.2184,0,3,,1,1,0,1,1,0,0,21.596289675048634,0.9400000000000001,1.1188944528450417,5.245,96.815,29.585,12.865
12.7937,55.8087,56.809,132.6417,48.75716,-4.61113,26.2704,1.219716,14.0,50.0,60.0,55.0,26.0,1.2214,1.2184,0,4,,1,1,0,1,1,1,0,39.64494954251089,3.265,1.336888288523032,15.115,94.83500000000001,12.505,31.13
14.3773,51.4685,51.010999999999996,101.2406,62.64859,-6.4203,19.77173,1.221211,14.0,50.0,60.0,55.0,26.0,1.2214,1.2184,0,2,,1,0,0,1,1,0,0,28.72413556146526,1.9849999999999999,1.6386952559474284,29.765,77.825,21.36,10.525
8.90046,53.342,46.74000000000001,33.94082,48.84635,2.856387,26.32119,1.218974,14.0,50.0,60.0,55.0,26.0,1.2214,1.2184,0,3,,1,1,0,1,0,1,0,5.383193734033807,4.8950000000000005,1.034646313944339,29.46,46.83,36.805,15.14
9.14359,53.3655,47.143,75.62347,55.52998,1.385275,27.59661,1.219078,14.0,50.0,60.0,55.0,26.0,1.2214,1.2184,0,4,,1,1,0,1,1,1,0,19.85467312232158,5.140000000000001,1.0139794049749753,36.555,97.2,28.400000000000002,32.25
14.4469,40.7276,56.319,115.5555,49.31179,7.880676,38.24913,1.216744,14.0,50.0,60.0,55.0,26.0,1.2214,1.2184,0,5,,1,0,1,1,1,1,1,33.74844253230745,6.215000000000001,1.0957833338433056,5.39,24.635,12.63,36.25
23.8438,53.0227,74.644,73.99274,62.18217,-2.89825,24.91685,1.220301,14.0,50.0,60.0,55.0,26.0,1.2214,1.2184,0,1,,1,0,0,0,1,0,0,19.273925650008184,3.4899999999999998,1.3185886738358856,25.23,98.045,4.51,33.97
26.4592,44.9459,68.99,52.07085,51.68355,-7.82476,36.94009,1.216548,14.0,50.0,60.0,55.0,26.0,1.2214,1.2184,0,3,,1,0,1,0,0,1,1,11.707950508595408,4.37,1.4543958404800326,19.775000000000002,11.115,20.66,8.895
6.14358,58.1906,29.339,90.71705,45.55269,-5.29977,25.75449,1.21944,14.0,50.0,60.0,55.0,26.0,1.2214,1.2184,0,3,,1,1,0,1,1,0,0,25.09062652295061,1.595,1.2843718093937968,34.385,78.58,23.405,10.885
14.6242,48.2728,61.57899999999999,74.20826,51.45345,9.264515,28.94144,1.219181,14.0,50.0,60.0,55.0,26.0,1.2214,1.2184,0,3,,1,0,1,0,1,1,0,19.362338982682132,5.1850000000000005,1.012407737849342,35.585,65.58,11.42,33.51
8.81655,57.4597,37.653999999999996,78.47159,65.55006,-10.413,28.04208,1.218299,14.0,50.0,60.0,55.0,26.0,1.2214,1.2184,0,5,,1,1,0,1,1,1,1,20.852568144200855,2.8649999999999998,1.3668868237547933,18.285,59.86,34.245,29.595
19.7554,46.1105,66.997,55.14547,47.31499,-3.89161,31.62181,1.21761,14.0,50.0,60.0,55.0,26.0,1.2214,1.2184,0,4,,1,0,1,0,1,1,1,12.762047837622431,4.905,1.1220006962559355,35.300000000000004,35.085,8.34,35.44
22.5162,46.5324,59.18000000000001,63.74043,44.8695,-0.90768,30.90515,1.226823,14.0,50.0,60.0,55.0,26.0,1.2214,1.2184,0,5,,1,0,1,1,1,1,1,15.637340569920473,1.025,1.6809070119649268,26.61,76.84,10.39,1.815
5.00117,60.981,28.75,100.4235,59.27881,-7.99434,27.03814,1.218481,14.0,50.0,60.0,55.0,26.0,1.2214,1.2184,0,4,,1,1,0,1,1,1,0,28.472593859453124,4.105,0.9134431567467043,35.705,98.33500000000001,37.19,35.53
7.48245,61.0523,38.08500000000001,45.88472,53.54929,-9.74045,23.73679,1.219434,14.0,50.0,60.0,55.0,26.0,1.2214,1.2184,0,2,,1,1,0,1,0,0,0,9.524689391606525,3.81,0.9463099124311776,39.42,56.735,32.79,2.565
22.0135,49.0902,58.538,31.77288,49.99973,-10.6579,37.40854,1.217515,14.0,50.0,60.0,55.0,26.0,1.2214,1.2184,0,4,,1,0,1,1,0,1,1,4.646435877477835,1.315,1.6631698831218658,17.965,49.475,32.32,30.77
15.2788,54.8049,64.651,99.11225,58.78903,0.1805053,24.47299,1.220393,14.0,50.0,60.0,55.0,26.0,1.2214,1.2184,0,1,,1,0,0,0,1,0,0,27.994999423545472,4.025,1.4416143005141395,7.515000000000001,97.345,13.095,17.740000000000002
10.756,50.2553,53.712,62.37916,55.71461,0.3586822,27.44565,1.220042,14.0,50.0,60.0,55.0,26.0,1.2214,1.2184,0,4,,1,1,0,1,1,1,0,15.245139682366178,7.495,1.0426807097161377,16.05,77.08500000000001,35.035000000000004,14.82
5.63764,56.3405,32.138000000000005,63.70169,58.23534,13.03115,26.52852,1.218814,14.0,50.0,60.0,55.0,26.0,1.2214,1.2184,0,4,,1,1,0,1,1,1,0,15.71733026812272,1.15,0.9528781084348595,32.08,85.395,22.54,20.16
27.6246,34.4636,74.908,61.42608,33.32665,-4.78075,50.73682,1.210286,14.0,50.0,60.0,55.0,26.0,1.2214,1.2184,0,4,,1,0,1,0,1,1,1,15.029589760903571,6.3950000000000005,1.157727438360053,14.355,13.190000000000001,11.08,30.425
22.6387,41.3514,63.971000000000004,36.62984,45.81785,0.4044622,37.58465,1.215035,14.0,50.0,60.0,55.0,26.0,1.2214,1.2184,0,3,,1,0,1,0,0,1,1,6.36288089137749,6.07,1.6705089060997562,4.78,52.805,23.900000000000002,38.425000000000004
24.532,43.2754,53.846999999999994,33.57032,31.50998,-10.8402,36.30115,1.21442,14.0,50.0,60.0,55.0,26.0,1.2214,1.2184,0,4,,1,0,1,1,0,1,1,5.306953637255732,0.855,1.3866379258657244,33.365,13.975000000000001,38.695,39.125
13.6329,57.1261,57.632999999999996,26.03731,43.93838,-2.57944,20.23787,1.221233,14.0,50.0,60.0,55.0,26.0,1.2214,1.2184,0,2,,1,1,0,1,0,0,0,2.612051833404186,3.6,1.186802328191213,38.435,72.915,35.815,22.325
-0.505808,54.8781,-2.594999999999999,128.8919,74.97152,8.858356,27.03892,1.21867,14.0,50.0,60.0,55.0,26.0,1.2214,1.2184,0,4,,1,1,0,1,1,1,0,38.35451754641293,1.025,1.3199805744068882,7.135,65.25,37.300000000000004,29.12
14.7044,55.0175,63.126999999999995,112.6915,55.40123,13.92852,25.45093,1.219459,14.0,50.0,60.0,55.0,26.0,1.2214,1.2184,0,1,,1,0,0,0,1,0,0,32.72071178582245,2.76,1.046398536143021,3.13,90.29,8.235,33.375
19.9085,49.3638,71.37,96.66688,48.92931,2.527879,27.78273,1.219637,14.0,50.0,60.0,55.0,26.0,1.2214,1.2184,0,3,,1,0,1,0,1,1,0,27.155376702052912,3.82,1.1025383968153943,34.28,34.035,3.31,25.5
9.81388,57.1016,45.583,120.4075,47.84491,-7.40575,26.5058,1.21963,14.0,50.0,60.0,55.0,26.0,1.2214,1.2184,0,4,,1,1,0,1,1,1,0,35.398083905576065,3.065,1.3359160423022538,15.245000000000001,72.665,18.995,18.41
7.46955,49.3792,35.94,121.6882,56.13009,-8.91004,29.76153,1.219797,14.0,50.0,60.0,55.0,26.0,1.2214,1.2184,0,5,,1,1,1,1,1,1,0,35.84108835908536,5.075,1.46095254784042,9.335,82.245,39.74,37.57
3.97664,57.585,23.12100000000001,106.3433,65.88342,5.625196,17.33343,1.220972,14.0,50.0,60.0,55.0,26.0,1.2214,1.2184,0,3,,1,1,0,1,1,0,0,30.498643556049,1.7049999999999998,0.9346438797152095,8.094999999999999,70.66499999999999,27.47,2.4000000000000004
12.4855,31.4741,54.623999999999995,54.14454,44.01545,38.32164,36.27234,1.221734,14.0,50.0,60.0,55.0,26.0,1.2214,1.2184,0,5,,1,1,1,1,0,1,1,12.363599160480922,0.245,1.3153174339145592,21.14,27.36,5.535,6.32
28.8744,51.4853,69.262,28.49663,46.68146,-11.0959,29.20809,1.219048,14.0,50.0,60.0,55.0,26.0,1.2214,1.2184,0,1,,1,0,0,0,0,1,0,3.492348383105206,3.96,1.6122787798393516,36.195,23.86,37.765,10.3
44.8091,40.5681,82.8999,56.72164,45.5656,-10.3204,52.55926,1.216866,14.0,50.0,60.0,55.0,26.0,1.2214,1.2184,0,4,,1,0,1,0,1,1,1,13.317781501612501,2.275,1.6495406521507063,29.405,19.25,1.31,23.8
12.5536,51.9658,59.327,48.44732,51.48848,7.928894,26.76811,1.219452,14.0,50.0,60.0,55.0,26.0,1.2214,1.2184,0,3,,1,1,0,1,0,1,0,10.414227661654646,5.750000000000001,0.9430660921618919,25.095,96.065,26.240000000000002,20.94
18.0155,40.2909,60.503,64.81622,36.36732,-7.70021,36.89409,1.214451,14.0,50.0,60.0,55.0,26.0,1.2214,1.2184,0,4,,1,0,1,0,1,1,1,16.15749659990295,5.855,1.1931512251486425,21.645,20.275,27.330000000000002,39.88
32.124,51.4522,69.665,24.21068,41.5784,-10.9769,22.23516,1.22138,14.0,50.0,60.0,55.0,26.0,1.2214,1.2184,1,0,,1,0,0,0,0,0,0,1.9762558065570037,4.035,1.545814145827143,33.005,64.38,26.555,37.175000000000004
12.983,51.0823,46.38900000000001,108.7327,51.63881,-11.6671,32.68361,1.216994,14.0,50.0,60.0,55.0,26.0,1.2214,1.2184,0,5,,1,1,0,1,1,1,1,31.3763972056841,3.925,1.339783794091548,23.43,16.185000000000002,35.945,34.35
23.1512,39.4271,80.724,83.69287,28.62844,-8.23378,103.7794,1.240335,14.0,50.0,60.0,55.0,26.0,1.2214,1.2184,0,4,,1,0,1,0,1,1,1,22.40859549235898,4.335000000000001,1.5529125584582504,24.17,72.41,1.125,7.635
31.8355,33.1679,81.1976,74.13988,35.36307,-4.35648,56.17738,1.211099,14.0,50.0,60.0,55.0,26.0,1.2214,1.2184,0,4,,1,0,1,0,1,1,1,19.434988374775482,6.505000000000001,1.1496542560740302,14.705,10.76,6.335,17.18
8.28281,47.1377,39.74000000000001,127.5996,51.74367,-9.03751,28.87549,1.222385,14.0,50.0,60.0,55.0,26.0,1.2214,1.2184,0,6,,1,1,1,1,1,1,1,37.863649474798166,5.6450000000000005,1.4891270744087897,10.66,71.42500000000001,38.475,20.5
1.66787,53.7206,9.193999999999988,111.0112,65.29599,12.5207,25.83574,1.219124,14.0,50.0,60.0,55.0,26.0,1.2214,1.2184,0,3,,1,1,0,1,1,0,0,32.1404847226432,0.915,1.2271364965429803,29.62,78.795,26.865000000000002,23.475
21.7937,33.0745,79.367,120.5701,22.36986,-9.5597,185.5348,1.265041,14.0,50.0,60.0,55.0,26.0,1.2214,1.2184,0,4,,1,0,1,0,1,1,1,34.92535597224516,6.855,1.5156899913305395,36.07,37.07,2.2800000000000002,6.775
36.6171,33.755,84.7658,35.12351,37.222,-1.15172,54.30062,1.211661,14.0,50.0,60.0,55.0,26.0,1.2214,1.2184,0,3,,1,0,1,0,0,1,1,5.881418418581023,6.735,1.0001753072662805,7.37,9.31,3.24,8.3
15.3615,43.8802,54.900999999999996,97.83466,60.54305,-9.66757,31.22478,1.220476,14.0,50.0,60.0,55.0,26.0,1.2214,1.2184,0,4,,1,0,1,1,1,1,0,27.55110930902675,5.78,1.5571764312391347,23.330000000000002,51.295,32.879999999999995,22.19
17.7212,34.8535,60.491,126.2075,51.29888,-7.29282,50.87622,1.214832,14.0,50.0,60.0,55.0,26.0,1.2214,1.2184,0,4,,1,0,1,0,1,1,1,37.4701622876585,7.920000000000001,1.3937271212765774,24.115000000000002,16.814999999999998,36.395,26.39
11.8922,49.9391,53.729,124.4544,56.96711,3.711866,28.48409,1.219394,14.0,50.0,60.0,55.0,26.0,1.2214,1.2184,0,5,,1,1,1,1,1,1,0,36.80659040104719,4.785,1.0883229033955524,7.92,48.925000000000004,13.85,29.27
7.21701,52.4589,39.178,106.8304,57.87224,-3.02027,27.86417,1.219335,14.0,50.0,60.0,55.0,26.0,1.2214,1.2184,0,4,,1,1,0,1,1,1,0,30.6875381608917,5.355,0.9317350338902948,26.310000000000002,84.87,31.395,32.625
18.5425,44.6525,59.909000000000006,71.58767,62.42871,-7.2009,25.20312,1.225197,14.0,50.0,60.0,55.0,26.0,1.2214,1.2184,0,4,,1,0,1,1,1,0,1,18.382575100372673,6.44,1.5359180173387985,18.545,54.655,29.845,6.055
8.83509,53.1139,46.73599999999999,116.0881,38.18717,-5.77338,26.69779,1.223799,14.0,50.0,60.0,55.0,26.0,1.2214,1.2184,0,5,,1,1,0,1,1,1,1,33.85010246444364,6.015000000000001,1.235679755217278,4.925000000000001,78.385,30.53,9.355
17.5297,38.8167,62.0,125.7132,56.97405,-7.17737,36.6241,1.220756,14.0,50.0,60.0,55.0,26.0,1.2214,1.2184,0,3,,1,0,1,0,1,1,0,37.228180681572034,7.045000000000001,1.6848971484044957,16.62,45.76,21.715,33.565
22.0962,38.8659,74.966,90.39319,49.59689,4.389095,52.01227,1.220458,14.0,50.0,60.0,55.0,26.0,1.2214,1.2184,0,3,,1,0,1,0,1,1,0,24.967494100076767,6.675000000000001,1.100829675922157,32.91,59.730000000000004,4.845000000000001,39.005
8.72674,55.6286,41.947,34.69453,50.7595,8.142944,26.64719,1.219072,14.0,50.0,60.0,55.0,26.0,1.2214,1.2184,0,3,,1,1,0,1,0,1,0,5.642428032297735,1.135,1.0579576369199921,36.905,75.5,26.355,26.065
11.3698,57.3708,52.429,74.65673,55.84206,11.7996,26.65671,1.218864,14.0,50.0,60.0,55.0,26.0,1.2214,1.2184,0,4,,1,1,0,1,1,1,0,19.521233852631134,2.2399999999999998,1.143092184319209,4.24,58.18,12.955,18.735
25.2699,48.06,64.841,43.74067,52.22328,-8.71069,18.73468,1.226376,14.0,50.0,60.0,55.0,26.0,1.2214,1.2184,0,2,,1,0,1,0,0,0,1,8.699288359025068,5.930000000000001,1.5289582703583078,31.025000000000002,92.565,27.025000000000002,2.145
12.0158,62.6582,44.90100000000001,58.47655,38.92876,-12.5957,25.49385,1.220734,14.0,50.0,60.0,55.0,26.0,1.2214,1.2184,0,3,,1,1,0,1,1,0,0,13.881706257683202,4.995,1.0814643445707603,36.99,76.575,37.13,3.04
12.0438,58.4937,44.965,49.13478,52.95891,4.177319,27.85587,1.218393,14.0,50.0,60.0,55.0,26.0,1.2214,1.2184,0,4,,1,1,0,1,0,1,1,10.665297199107012,2.92,0.9846597294790668,10.325000000000001,43.2,19.925,37.775
6.53513,51.9298,29.401999999999987,50.55953,55.43601,20.13431,30.68728,1.217956,14.0,50.0,60.0,55.0,26.0,1.2214,1.2184,0,4,,1,1,0,1,0,1,1,11.164165136217166,0.785,1.143829196181204,17.595,37.975,17.61,20.285
27.5022,41.4696,74.643,45.01031,46.8417,-2.4436,33.06659,1.218661,14.0,50.0,60.0,55.0,26.0,1.2214,1.2184,0,2,,1,0,1,0,0,1,0,9.23016547641553,6.175000000000001,1.674789749144907,9.595,85.97500000000001,11.290000000000001,32.120000000000005
26.1032,37.253,77.336,52.66073,45.07084,6.012725,37.7533,1.218918,14.0,50.0,60.0,55.0,26.0,1.2214,1.2184,0,2,,1,0,1,0,0,1,0,11.884312396772078,7.375000000000001,1.602150573879078,2.5250000000000004,40.865,7.705,16.33
12.6363,45.884,47.602000000000004,124.2771,54.64184,10.18969,34.87152,1.21763,14.0,50.0,60.0,55.0,26.0,1.2214,1.2184,0,6,,1,1,1,1,1,1,1,36.76617008722758,2.59,1.4821208427284769,3.57,12.325,10.55,16.200000000000003
17.6475,46.1295,51.059,52.88459,59.7325,3.676426,38.34721,1.217267,14.0,50.0,60.0,55.0,26.0,1.2214,1.2184,0,4,,1,0,1,1,0,1,1,11.979409844134004,0.905,1.6503370991479946,21.855,59.245000000000005,22.02,33.67
13.5093,15.7443,72.19,73.11047,24.00226,24.00226,24.60973,1.21903,14.0,50.0,60.0,55.0,26.0,1.2214,1.2184,0,3,,1,1,1,0,1,0,0,18.97944519112633,0.16,1.0952793150671765,14.5,22.05,6.565,9.21
29.2141,53.7468,70.958,26.71394,41.28193,-9.19122,19.71484,1.221046,14.0,50.0,60.0,55.0,26.0,1.2214,1.2184,1,0,,1,0,0,0,0,0,0,2.849012764681047,3.1,1.381117207289987,29.885,82.75,19.81,18.36
8.01244,56.0277,34.05799999999999,36.35321,51.4727,6.210933,28.2873,1.21845,14.0,50.0,60.0,55.0,26.0,1.2214,1.2184,0,3,,1,1,0,1,0,1,0,6.225810229537235,1.2349999999999999,1.1536366111370517,30.2,57.255,31.855,39.84
9.51347,51.0345,41.80500000000001,92.38406,54.00082,-6.39548,31.32441,1.217368,14.0,50.0,60.0,55.0,26.0,1.2214,1.2184,0,5,,1,1,0,1,1,1,1,25.695216764106252,4.465000000000001,1.0984681463147201,27.38,23.265,21.865000000000002,36.655
21.3668,37.2751,66.922,79.30341,38.52051,-6.27881,46.7164,1.211566,14.0,50.0,60.0,55.0,26.0,1.2214,1.2184,0,4,,1,0,1,0,1,1,1,21.222624398263886,5.460000000000001,1.233353719406879,22.25,8.01,30.97,21.48
10.6258,48.7119,37.208,93.34121,58.5787,-6.3515,39.11226,1.21608,14.0,50.0,60.0,55.0,26.0,1.2214,1.2184,0,6,,1,1,1,1,1,1,1,26.042886220334122,3.185,1.6926019016753169,7.035,11.77,27.545,35.075
14.9277,42.202,56.611000000000004,53.16264,52.47166,-4.29113,33.75144,1.218534,14.0,50.0,60.0,55.0,26.0,1.2214,1.2184,0,3,,1,0,1,1,0,1,0,12.062790872635713,6.6000000000000005,1.533319112894864,9.15,48.97,37.475,17.245
10.5435,46.8352,51.827,43.01582,55.46626,21.26454,22.83107,1.221621,14.0,50.0,60.0,55.0,26.0,1.2214,1.2184,0,4,,1,1,1,1,0,0,1,8.501311024035274,0.525,1.3479270902946534,3.225,92.655,34.14,5.98
23.1343,44.9397,60.423,96.979,58.74265,-8.79921,30.00824,1.220069,14.0,50.0,60.0,55.0,26.0,1.2214,1.2184,0,3,,1,0,1,0,1,1,0,27.26010712480061,4.695,1.360808732462705,33.29,11.26,34.7,4.46
29.731,43.3569,82.1539,67.58185,54.13535,-6.10857,32.12279,1.226355,14.0,50.0,60.0,55.0,26.0,1.2214,1.2184,0,4,,1,0,1,0,1,1,1,16.97740004157741,3.295,1.6889793176150572,17.490000000000002,80.295,1.02,15.955
1.41824,54.0787,6.866000000000014,117.3763,63.66316,12.79958,28.37847,1.21838,14.0,50.0,60.0,55.0,26.0,1.2214,1.2184,0,5,,1,1,0,1,1,1,1,34.359652237545106,1.07,1.2151053566285177,16.515,46.085,23.5,28.13
30.5269,41.6167,73.71,25.56038,31.46226,-7.54668,22.91144,1.218658,14.0,50.0,60.0,55.0,26.0,1.2214,1.2184,0,1,,1,0,1,0,0,0,0,2.4769394710768804,6.710000000000001,1.2561148252618295,37.205,71.50999999999999,26.945,23.565
6.63042,54.7031,38.666,121.2277,60.37667,15.4228,24.4642,1.219593,14.0,50.0,60.0,55.0,26.0,1.2214,1.2184,0,3,,1,1,0,1,1,0,0,35.68271602417243,1.4949999999999999,1.0211218551798908,39.255,89.64,12.265,21.805
19.9549,47.0691,74.204,32.15264,42.83474,15.20903,24.02739,1.221081,14.0,50.0,60.0,55.0,26.0,1.2214,1.2184,0,1,,1,0,1,0,0,0,0,4.737581576405254,5.625000000000001,0.9789675734873329,27.965,67.78999999999999,7.175,13.96
24.9796,47.7369,70.287,87.37837,52.54944,-7.8695,32.32696,1.218422,14.0,50.0,60.0,55.0,26.0,1.2214,1.2184,0,3,,1,0,1,0,1,1,0,23.944646566970267,3.905,1.5268635237912895,16.14,24.795,9.01,19.5
38.031,36.0953,78.372,22.36813,30.51831,-6.44254,33.97603,1.216544,14.0,50.0,60.0,55.0,26.0,1.2214,1.2184,0,3,,1,0,1,0,0,1,1,1.3944474785062848,5.66,1.0644442831830576,19.91,15.9,9.09,20.795
12.2887,45.2552,50.322,114.2226,61.08284,-7.69007,30.23616,1.220293,14.0,50.0,60.0,55.0,26.0,1.2214,1.2184,0,5,,1,1,1,1,1,1,0,33.243173253534714,5.445,1.67021298237361,14.615,75.19,31.04,37.22
16.2996,42.3861,62.958,109.9092,74.7591,-4.5247,23.28317,1.230958,14.0,50.0,60.0,55.0,26.0,1.2214,1.2184,0,3,,1,0,1,0,1,0,1,31.621246765411342,7.720000000000001,1.6730062458393489,13.89,86.62,25.025000000000002,11.115
19.3592,37.1443,51.72999999999999,43.28728,50.07363,13.18736,37.56512,1.218248,14.0,50.0,60.0,55.0,26.0,1.2214,1.2184,0,4,,1,0,1,1,0,1,1,8.635399770622328,0.5,1.5947645919579478,23.900000000000002,27.065,29.09,6.355
35.4314,33.2997,77.411,30.28028,40.56927,-5.66716,64.35939,1.205541,14.0,50.0,60.0,55.0,26.0,1.2214,1.2184,0,3,,1,0,1,0,0,1,1,4.269842120400069,7.33,1.5831407819939498,13.32,21.535,9.215,30.905
19.4593,40.0018,64.418,53.4902,35.43052,-6.8942,34.0663,1.215633,14.0,50.0,60.0,55.0,26.0,1.2214,1.2184,0,3,,1,0,1,0,0,1,1,12.21076887460275,7.180000000000001,1.2226321535379345,25.38,33.760000000000005,29.225,29.505
20.8531,44.0018,68.085,87.69193,57.0895,-1.05068,31.26055,1.219661,14.0,50.0,60.0,55.0,26.0,1.2214,1.2184,0,3,,1,0,1,0,1,1,0,24.040271009539453,4.415,1.2612782283096893,5.44,9.905,8.4,4.545
14.9021,46.9413,55.944,123.2702,45.98267,-5.08923,16.93339,1.232995,14.0,50.0,60.0,55.0,26.0,1.2214,1.2184,0,4,,1,0,1,1,1,0,1,36.23685131001471,6.8500000000000005,1.4562902648491045,13.64,64.065,25.545,4.35
31.4098,47.3409,71.007,50.82107,49.83402,-9.91226,26.45764,1.220476,14.0,50.0,60.0,55.0,26.0,1.2214,1.2184,0,2,,1,0,1,0,0,1,0,11.227396095801119,4.510000000000001,1.4308673290006118,31.64,23.65,11.85,3.7
19.6419,53.1474,56.089,47.15854,52.3446,-12.4793,31.58502,1.217493,14.0,50.0,60.0,55.0,26.0,1.2214,1.2184,0,3,,1,0,0,1,0,1,1,9.989944314293817,3.135,1.475106943409985,28.64,28.105,39.675000000000004,29.900000000000002
8.25796,50.2157,44.05000000000001,93.80549,57.03469,-1.72301,27.92796,1.220022,14.0,50.0,60.0,55.0,26.0,1.2214,1.2184,0,4,,1,1,0,1,1,1,0,26.157216959737642,6.87,0.9396635622515912,12.875,78.245,36.435,22.815
27.9628,48.5497,64.129,50.29648,55.35465,-11.5036,38.77759,1.217198,14.0,50.0,60.0,55.0,26.0,1.2214,1.2184,0,3,,1,0,1,0,0,1,1,11.082024635254154,1.395,1.6897601383780567,36.695,45.37,11.815,36.625
8.18841,57.5536,46.635999999999996,97.3359,60.01931,12.22733,23.34023,1.219899,14.0,50.0,60.0,55.0,26.0,1.2214,1.2184,0,3,,1,1,0,1,1,0,0,27.38355292605406,1.8299999999999998,0.9109914256607579,6.345,84.29,16.134999999999998,8.065000000000001
11.3033,53.2144,41.33600000000001,123.3776,60.76968,-14.9989,27.16024,1.218805,14.0,50.0,60.0,55.0,26.0,1.2214,1.2184,0,4,,1,1,0,1,1,1,0,36.43931710388745,3.23,1.5887468739059076,31.72,43.95,38.205,22.56
16.9335,47.5684,54.94499999999999,80.35488,55.99682,-8.63409,37.50403,1.216354,14.0,50.0,60.0,55.0,26.0,1.2214,1.2184,0,5,,1,0,1,1,1,1,1,21.53076329907881,4.125,1.6007149736463675,12.255,12.98,24.740000000000002,24.255
21.168,49.3324,59.795,98.13092,61.07744,-11.2208,37.50444,1.216664,14.0,50.0,60.0,55.0,26.0,1.2214,1.2184,0,5,,1,0,1,1,1,1,1,27.699060288924574,3.32,1.6953392800759808,35.055,13.74,30.18,27.445
12.3035,48.3086,40.349999999999994,65.44188,55.22195,8.551581,36.83753,1.216809,14.0,50.0,60.0,55.0,26.0,1.2214,1.2184,0,6,,1,1,1,1,1,1,1,16.34602504004614,1.64,1.6771989247155543,5.815,18.97,19.35,21.23
35.3577,33.7469,75.147,21.95239,27.64254,-6.36496,39.53779,1.212189,14.0,50.0,60.0,55.0,26.0,1.2214,1.2184,0,3,,1,0,1,0,0,1,1,1.3007294822885662,6.795000000000001,1.1698284752471408,18.875,20.98,17.18,34.47
7.37718,54.3494,30.877999999999986,123.7187,47.10554,-16.5431,29.19537,1.219164,14.0,50.0,60.0,55.0,26.0,1.2214,1.2184,0,4,,1,1,0,1,1,1,0,36.554019802421365,4.45,1.2180245997063794,28.23,34.25,38.825,15.635
14.5669,50.2112,58.748999999999995,41.53896,48.57904,8.195872,28.11403,1.21863,14.0,50.0,60.0,55.0,26.0,1.2214,1.2184,0,2,,1,0,0,1,0,1,0,8.025392843833465,4.98,1.0575586671375123,28.985,51.545,15.155000000000001,26.965
11.2434,53.1374,39.655,34.43598,50.63354,11.17394,30.44736,1.217999,14.0,50.0,60.0,55.0,26.0,1.2214,1.2184,0,4,,1,1,0,1,0,1,1,5.56525145032456,0.895,0.93815023510775,2.51,43.515,35.125,35.945
31.4858,38.7173,71.603,26.72051,31.89841,-4.25256,31.56451,1.215404,14.0,50.0,60.0,55.0,26.0,1.2214,1.2184,0,3,,1,0,1,0,0,1,1,2.918137690064143,6.920000000000001,1.2243177032964199,15.975,42.86,15.765,39.335
5.4178,50.1962,23.55600000000001,115.9479,58.85631,-9.80212,17.68326,1.224236,14.0,50.0,60.0,55.0,26.0,1.2214,1.2184,0,4,,1,1,0,1,1,0,1,33.79700474088935,3.885,1.6397571807795708,3.955,20.85,34.75,1.415
5.85176,55.3458,31.711000000000013,108.3199,75.8011,1.789207,16.90484,1.221454,14.0,50.0,60.0,55.0,26.0,1.2214,1.2184,0,4,,1,1,0,1,1,0,1,31.17913025544658,1.4449999999999998,1.0475473461937095,35.37,88.86,16.814999999999998,3.755
11.6466,41.4839,51.703,120.6721,54.10076,5.189091,35.66479,1.218416,14.0,50.0,60.0,55.0,26.0,1.2214,1.2184,0,5,,1,1,1,1,1,1,0,35.50544623800723,7.65,0.9247664218952495,10.23,34.525000000000006,18.68,34.725
15.1805,45.8834,67.536,116.5841,62.8505,7.658741,25.70957,1.223928,14.0,50.0,60.0,55.0,26.0,1.2214,1.2184,0,3,,1,0,1,0,1,0,1,34.02091272223118,7.665000000000001,0.9808331605527218,7.555,89.16,14.855,19.85
5.41707,56.8853,24.066000000000003,34.69547,50.55904,-5.40436,27.85078,1.218398,14.0,50.0,60.0,55.0,26.0,1.2214,1.2184,0,4,,1,1,0,1,0,1,1,5.651608788080136,2.0500000000000003,1.0530428437403772,24.665,27.59,38.49,34.865
38.972,41.0576,78.751,21.83407,34.91548,-6.81975,18.83606,1.226532,14.0,50.0,60.0,55.0,26.0,1.2214,1.2184,0,2,,1,0,1,0,0,0,1,1.0913434373861874,7.075,1.5514717184624751,21.3,69.405,9.845,2.81
3.20363,59.0055,17.891999999999996,104.2194,60.03937,2.318977,27.75836,1.218306,14.0,50.0,60.0,55.0,26.0,1.2214,1.2184,0,5,,1,1,0,1,1,1,1,29.792692256954723,2.515,0.9874261844695325,27.01,50.665,26.425,27.095
33.1928,42.0523,77.771,63.15293,41.06489,4.488097,37.34766,1.218039,14.0,50.0,60.0,55.0,26.0,1.2214,1.2184,0,4,,1,0,1,0,1,1,1,15.537164471711034,2.795,1.5487365077933606,2.6100000000000003,25.475,1.4849999999999999,31.445
25.6065,40.1349,68.611,31.28384,46.03186,-8.27042,38.66197,1.215665,14.0,50.0,60.0,55.0,26.0,1.2214,1.2184,0,3,,1,0,1,0,0,1,1,4.49930646816719,7.125000000000001,1.5962675072776549,24.37,61.215,38.945,22.875
7.88788,55.0661,35.0,65.94538,57.21052,16.70536,29.04929,1.218201,14.0,50.0,60.0,55.0,26.0,1.2214,1.2184,0,5,,1,1,0,1,1,1,1,16.503760663180145,1.1949999999999998,1.2435196090629335,18.21,55.835,15.845,32.2
9.76381,58.5593,52.215999999999994,58.00316,53.54528,-1.03953,25.3868,1.219436,14.0,50.0,60.0,55.0,26.0,1.2214,1.2184,0,3,,1,1,0,1,1,0,0,13.732744787186187,5.315,0.9070571922443982,23.025000000000002,54.31,24.685,5.53
19.4687,38.6479,70.99,93.28302,67.67207,1.531531,32.78706,1.225354,14.0,50.0,60.0,55.0,26.0,1.2214,1.2184,0,4,,1,0,1,0,1,1,1,25.914165093301026,7.87,1.6044325846523906,4.88,47.025,12.88,14.635
20.765,49.2262,58.275999999999996,37.07865,45.27986,-5.94538,28.85719,1.21791,14.0,50.0,60.0,55.0,26.0,1.2214,1.2184,0,4,,1,0,1,1,0,1,1,6.484282525226155,1.275,1.4685589053608354,21.075,34.22,23.12,15.200000000000001
19.9999,52.9435,72.705,90.16362,50.87043,16.77702,24.72283,1.220072,14.0,50.0,60.0,55.0,26.0,1.2214,1.2184,0,1,,1,0,0,0,1,0,0,24.891388249778927,2.945,0.9195860845393931,10.565,95.755,4.33,36.76
18.5704,56.0728,66.94,33.37103,46.56414,13.02815,23.44327,1.220225,14.0,50.0,60.0,55.0,26.0,1.2214,1.2184,1,0,,1,0,0,0,0,0,0,5.170221788248579,4.205,1.0682536020771547,20.52,90.715,13.17,26.195
22.308,39.8296,64.041,77.50327,50.60677,-7.87197,47.34329,1.212165,14.0,50.0,60.0,55.0,26.0,1.2214,1.2184,0,4,,1,0,1,0,1,1,1,20.589990245774562,4.9350000000000005,1.4883479240771758,20.91,10.36,27.62,34.095
19.2192,46.0389,66.608,78.95315,42.63333,-6.82815,26.37931,1.22387,14.0,50.0,60.0,55.0,26.0,1.2214,1.2184,0,4,,1,0,1,0,1,1,1,20.955743390610927,7.155,0.9825106776797942,22.425,46.385,9.72,7.3100000000000005
15.5782,51.9885,57.57299999999999,85.40987,53.07166,-0.195636,27.41411,1.219677,14.0,50.0,60.0,55.0,26.0,1.2214,1.2184,0,3,,1,0,0,1,1,1,0,23.246112322391298,2.62,1.2989624211086233,9.69,26.095,9.78,8.105
8.64593,55.8579,39.75399999999999,82.63919,58.35181,13.61327,28.07356,1.218444,14.0,50.0,60.0,55.0,26.0,1.2214,1.2184,0,4,,1,1,0,1,1,1,0,22.297432515778443,1.505,1.2473233457195478,16.945,72.215,14.59,37.65
19.7379,48.1115,66.626,66.28916,47.06633,-0.55881,32.07125,1.21831,14.0,50.0,60.0,55.0,26.0,1.2214,1.2184,0,4,,1,0,1,0,1,1,1,16.62301659424693,2.58,1.0914788592695799,35.445,22.0,2.64,32.379999999999995
27.3476,47.528,74.026,115.3681,52.18854,-10.8303,25.0599,1.220349,14.0,50.0,60.0,55.0,26.0,1.2214,1.2184,0,2,,1,0,1,0,1,0,0,33.64023232320643,3.755,1.6196612393236292,34.660000000000004,53.595,6.955,26.455000000000002
16.26,49.7727,57.084999999999994,29.57306,46.11179,9.674381,26.79015,1.218675,14.0,50.0,60.0,55.0,26.0,1.2214,1.2184,0,3,,1,0,1,1,0,1,0,3.869951297931155,5.33,1.0446871411686303,14.27,63.06,32.295,35.185
21.6015,39.2965,69.501,121.9292,49.8033,-7.19994,37.30056,1.220227,14.0,50.0,60.0,55.0,26.0,1.2214,1.2184,0,3,,1,0,1,0,1,1,0,35.920856743830754,7.24,1.1652407580880335,33.89,31.425,12.985,24.685
14.9802,50.7323,59.894000000000005,118.6544,59.09831,-4.86597,25.07155,1.220265,14.0,50.0,60.0,55.0,26.0,1.2214,1.2184,0,2,,1,0,0,1,1,0,0,34.78215306741026,4.165,1.6213236938281823,11.035,74.63,15.685,25.285
10.4052,59.6691,42.233000000000004,41.48051,51.8248,1.264041,26.961,1.218595,14.0,50.0,60.0,55.0,26.0,1.2214,1.2184,0,3,,1,1,0,1,0,1,0,8.00549815212601,4.0,1.072214101477973,7.1850000000000005,40.2,34.345,31.19
9.94873,58.1019,46.34200000000001,51.70923,54.10034,1.49928,26.92542,1.21863,14.0,50.0,60.0,55.0,26.0,1.2214,1.2184,0,3,,1,1,0,1,0,1,0,11.556239351049348,4.390000000000001,1.1271787174863532,18.455000000000002,95.995,37.585,36.19
20.7406,29.369,74.392,23.89923,35.91919,11.06471,58.1189,1.20839,14.0,50.0,60.0,55.0,26.0,1.2214,1.2184,0,3,,1,0,1,0,0,1,1,2.0163755587534684,0.21,1.1830838543024516,12.425,95.59,35.755,19.285
27.7566,46.4909,67.466,36.07942,37.63635,-10.505,28.31356,1.217106,14.0,50.0,60.0,55.0,26.0,1.2214,1.2184,0,3,,1,0,1,0,0,1,1,6.147837787816244,4.6000000000000005,1.271485240247311,37.31,30.265,28.025000000000002,33.685
6.08137,58.1879,28.580000000000013,125.411,50.51066,-11.0073,28.25659,1.218702,14.0,50.0,60.0,55.0,26.0,1.2214,1.2184,0,4,,1,1,0,1,1,1,0,37.14598068247448,2.54,1.37728104140587,31.46,91.59,35.485,38.185
10.9667,52.7596,42.46000000000001,103.5639,92.55056,6.842985,29.3805,1.218289,14.0,50.0,60.0,55.0,26.0,1.2214,1.2184,0,5,,1,1,0,1,1,1,1,29.565176089358783,1.515,1.320369219977752,30.6,33.115,13.455,24.325
10.8559,51.3607,40.831999999999994,130.4643,49.67801,-10.2117,31.22263,1.21726,14.0,50.0,60.0,55.0,26.0,1.2214,1.2184,0,5,,1,1,0,1,1,1,1,38.91869503556866,2.84,1.2626390193601698,35.275,15.280000000000001,36.595,28.485
7.11544,55.2442,31.593999999999994,65.24815,57.52384,15.39101,29.32043,1.218098,14.0,50.0,60.0,55.0,26.0,1.2214,1.2184,0,5,,1,1,0,1,1,1,1,16.26285857328861,1.1749999999999998,1.028359421846833,17.625,54.885,17.695,34.43
18.985,48.7513,73.864,37.92373,56.0315,10.14908,25.65222,1.220994,14.0,50.0,60.0,55.0,26.0,1.2214,1.2184,0,1,,1,0,1,0,0,0,0,6.742716407510264,7.605,1.1578793538394692,2.415,64.89500000000001,18.650000000000002,6.84
18.145,49.2898,61.39,50.28446,40.18434,-4.96083,29.71282,1.221185,14.0,50.0,60.0,55.0,26.0,1.2214,1.2184,0,2,,1,0,1,0,0,1,0,11.032397671298133,6.37,1.20533776143619,22.34,54.425000000000004,23.665,7.4
