corner,vdd,algo,run,feasible,penalty,objective,VREF,TC,LOOP_GAIN_DB,PHASE_MARGIN_DEG,GAIN_MARGIN_DB,POWER_UW,sim_failure
ff,1.62,ABC,0,0,6,-200.0,,,,,,,timeout
ff,1.62,ABC,1,0,6,-200.0,,,,,,,timeout
ff,1.62,ABC,2,0,1,26.54792,1.218263,8.362627,62.1471,60.509,22.3975,50.25919,
ff,1.62,ABC,3,0,2,22.22898,1.222236,33.90706,50.472,72.018,22.0315,35.24054,
ff,1.62,ABC,4,0,2,19.5935,1.216742,2.679784,43.3695,72.413,27.0223,26.25183,
ff,1.62,ABC,5,0,1,43.54179,1.217698,14.8666,55.9723,60.69499999999999,17.3665,53.58384,
ff,1.62,ABC,6,0,3,16.99248,1.212482,38.35858,30.6351,76.07,32.0757,32.25659,
ff,1.62,ABC,7,0,2,25.28303,1.21357,18.55282,44.4211,81.3988,27.0406,29.09074,
ff,1.62,ABC,8,0,3,13.21923,1.237009,59.45426,52.0891,66.596,17.5923,55.49526,
ff,1.62,ABC,9,0,2,39.56749,1.215701,20.84843,49.787,75.63,21.5269,43.18711,
ff,1.62,ABC,10,0,2,21.55828,1.25709,12.13481,48.5353,65.573,15.2272,47.59119,
ff,1.62,ABC,11,0,2,30.25359,1.216203,22.36469,48.9377,70.859,27.8591,36.65927,
ff,1.62,ABC,12,0,3,17.23572,1.213935,4769.229,44.14,68.618,38.1358,22.42645,
ff,1.62,ABC,13,0,2,34.27854,1.214577,30.54811,54.9577,60.688,25.9187,39.37747,
ff,1.62,ABC,14,1,0,39.70568,1.219738,19.90989,51.4226,61.543000000000006,14.7328,30.60049,
ff,1.62,ABC,15,0,1,27.47546,1.217481,19.66803,56.2705,64.579,23.5828,26.37889,
ff,1.62,ABC,16,0,1,24.23687,1.219751,28.59004,54.9866,65.769,28.3767,25.77379,
ff,1.62,ABC,17,0,2,28.18408,1.231276,43.36472,52.809,61.523,31.4231,43.62185,
ff,1.62,ABC,18,0,1,33.24193,1.227949,7.91169,56.14,71.338,20.9349,38.91082,
ff,1.62,ABC,19,0,2,33.53235,1.217722,76.34723,52.7158,63.93600000000001,20.5497,43.01514,
ff,1.62,ABC,20,0,2,19.81037,1.222421,15.59746,47.5036,71.44,26.0584,26.37054,
ff,1.62,ABC,21,0,3,19.07656,1.23302,32.66186,49.984,62.766000000000005,22.078,35.04017,
ff,1.62,ABC,22,0,1,31.8974,1.224508,14.20484,54.1229,60.370000000000005,27.8527,40.30189,
ff,1.62,ABC,23,0,1,26.78896,1.230508,9.540283,53.2582,69.996,29.5379,26.90089,
ff,1.62,ABC,24,0,2,26.40955,1.208457,50.5127,58.0053,63.229,14.684,38.51872,
ff,1.62,ABC,25,0,1,34.98092,1.218174,22.75139,51.6624,69.541,23.1919,30.02657,
ff,1.62,ABC,26,0,2,33.9543,1.216728,13.65809,49.9044,61.226,15.0609,44.34453,
ff,1.62,ABC,27,0,1,19.22393,1.219197,32.16722,53.7773,60.659000000000006,20.4812,35.15643,
ff,1.62,ABC,28,0,1,26.51526,1.226252,18.60313,50.0715,66.408,19.4598,50.77073,
ff,1.62,ABC,29,0,2,27.41767,1.238181,20.03428,47.5403,61.66,22.0775,53.42553,
ff,1.62,ACO,0,0,2,12.08424,1.223095,32.85257,54.8074,67.69,22.3558,31.66074,
ff,1.62,ACO,1,0,2,3.797191,1.299881,65.11086,50.8022,67.316,23.4841,53.879,
ff,1.62,ACO,2,0,1,23.66157,1.217314,15.46873,54.572,72.708,22.4439,44.12335,
ff,1.62,ACO,3,0,1,16.97892,1.225225,20.41926,51.7032,68.889,22.1605,34.41827,
ff,1.62,ACO,4,0,1,32.99014,1.219187,27.28097,52.8811,62.444,22.5035,46.32269,
ff,1.62,ACO,5,0,3,12.5247,1.216388,51.43395,29.3931,79.198,30.5653,37.84765,
ff,1.62,ACO,6,0,1,28.72356,1.217187,19.70764,58.4498,76.111,27.6845,31.81768,
ff,1.62,ACO,7,0,2,23.11683,1.225293,10.63444,48.8735,71.416,24.6737,41.50256,
ff,1.62,ACO,8,0,1,22.77922,1.221609,10.30434,56.6476,70.879,30.0036,29.7405,
ff,1.62,ACO,9,1,0,35.29587,1.220902,25.48538,53.3729,69.255,20.7901,49.38043,
ff,1.62,ACO,10,0,1,25.73637,1.220266,11.72124,44.3656,72.726,29.0328,35.03556,
ff,1.62,ACO,11,1,0,20.54104,1.220431,24.05012,53.8978,64.218,20.3273,40.10152,
ff,1.62,ACO,12,0,1,14.69283,1.219702,19.20986,43.6677,78.002,27.2154,45.27832,
ff,1.62,ACO,13,0,1,20.33882,1.216831,25.35149,56.0317,81.5171,28.7447,32.83463,
ff,1.62,ACO,14,0,2,10.17349,1.209951,20.24124,45.9367,81.8515,27.462,36.63767,
ff,1.62,ACO,15,0,2,11.54115,1.25364,20.61391,38.1614,65.186,31.2516,30.9382,
ff,1.62,ACO,16,0,3,15.46979,1.216831,32.60332,28.7172,76.043,34.8865,28.74056,
ff,1.62,ACO,17,0,1,39.40114,1.218086,11.98104,58.0196,61.065,21.8319,41.55689,
ff,1.62,ACO,18,0,2,15.75537,1.225732,38.05271,52.7619,68.279,22.5777,43.82332,
ff,1.62,ACO,19,0,1,16.59045,1.230705,18.11723,58.5952,67.496,21.2846,42.28209,
ff,1.62,ACO,20,0,2,21.1137,1.216402,13.43256,42.6257,81.9425,29.2204,34.47446,
ff,1.62,ACO,21,0,1,15.61148,1.230385,20.25481,52.0218,67.685,27.4554,34.98606,
ff,1.62,ACO,22,0,2,9.761365,1.248326,24.76529,28.231,78.803,37.2199,26.12266,
ff,1.62,ACO,23,0,1,41.96357,1.220232,29.9943,54.5829,63.81699999999999,20.8364,53.35949,
ff,1.62,ACO,24,0,2,29.23587,1.222377,15.50878,48.5575,64.065,20.8031,54.51421,
ff,1.62,ACO,25,0,3,13.17344,1.211452,37.73583,31.1693,82.8679,24.3589,47.90552,
ff,1.62,ACO,26,0,1,18.46432,1.217163,16.33207,50.8732,64.501,23.6831,32.72144,
ff,1.62,ACO,27,1,0,21.2744,1.220378,10.92061,51.5286,73.117,26.3523,38.30665,
ff,1.62,ACO,28,0,3,22.62586,1.271054,57.85225,47.5845,83.6113,23.8959,34.93721,
ff,1.62,ACO,29,0,1,28.88437,1.210364,16.57903,58.904,68.927,28.2289,32.49218,
ff,1.62,FA,0,0,2,15.37667,1.213799,5576.508,50.005,83.1255,34.207,23.81242,
ff,1.62,FA,1,0,2,15.13347,1.225151,21.85507,33.4622,85.1165,22.9537,39.72848,
ff,1.62,FA,2,0,1,12.10116,1.224515,24.53909,52.5854,62.887,25.6566,38.09851,
ff,1.62,FA,3,0,3,11.53966,1.214142,26.01663,49.965,79.056,31.4969,27.72245,
ff,1.62,FA,4,0,2,19.51479,1.226064,224.2554,55.2179,65.647,16.125,46.45912,
ff,1.62,FA,5,0,2,18.32829,1.216451,11.57366,41.7843,80.2509,40.4426,22.95803,
ff,1.62,FA,6,0,3,18.06955,1.240841,452.2153,49.7483,85.3039,34.8676,31.51418,
ff,1.62,FA,7,0,2,13.73705,1.222675,140.7346,50.1202,83.0094,27.7424,30.6396,
ff,1.62,FA,8,0,3,14.65436,1.217974,115.557,49.6436,86.6954,37.9578,25.78018,
ff,1.62,FA,9,0,3,16.75862,1.230808,6254.747,48.3842,84.205,32.9741,28.79766,
ff,1.62,FA,10,0,3,17.08787,1.21494,30.51404,43.4011,86.1279,26.2169,35.30961,
ff,1.62,FA,11,0,3,18.06655,1.197855,5610.743,47.2261,82.7366,22.1715,52.76855,
ff,1.62,FA,12,0,3,12.98119,0.9911449,526.4717,2.51485,134.3479,40.6479,17.75218,
ff,1.62,FA,13,0,2,20.54964,1.229593,5485.637,50.7651,83.8286,22.6047,44.78382,
ff,1.62,FA,14,0,3,13.2732,1.218022,41.31885,44.5885,65.06,31.2309,33.14268,
ff,1.62,FA,15,0,3,17.96276,1.226683,45.78496,45.1411,62.917,26.5505,43.03197,
ff,1.62,FA,16,0,2,16.29515,1.216831,25.222,42.5573,68.026,39.2032,21.6463,
ff,1.62,FA,17,0,3,14.76054,1.226053,382.5333,47.8319,85.4892,25.3448,53.49254,
ff,1.62,FA,18,0,3,11.15536,1.209032,3537.465,44.0677,82.5203,19.8419,48.55586,
ff,1.62,FA,19,0,2,10.41701,1.2357,12.22225,29.8834,84.9448,22.522,37.20204,
ff,1.62,FA,20,0,4,14.86556,1.234389,1832.284,42.6906,72.683,23.7578,108.0802,
ff,1.62,FA,21,0,1,21.32096,1.228642,13.0965,54.2908,75.88,28.9637,29.55136,
ff,1.62,FA,22,0,3,17.76681,1.240326,1601.402,35.0645,84.8274,37.0996,34.51505,
ff,1.62,FA,23,0,3,14.33804,1.213014,45.66137,45.2027,87.0351,33.8392,25.07834,
ff,1.62,FA,24,0,3,18.69841,1.225793,51.76117,26.8432,87.1584,33.7229,28.26324,
ff,1.62,FA,25,0,2,16.46533,1.215988,17.1154,32.4783,84.3132,26.2138,28.87254,
ff,1.62,FA,26,0,3,13.68389,1.212936,34.68668,48.2024,85.5111,26.3144,30.77095,
ff,1.62,FA,27,0,2,12.4029,1.232415,10.85329,48.7315,85.8524,24.4947,50.89511,
ff,1.62,FA,28,0,3,17.94639,1.226295,6207.238,46.3829,86.4453,32.722,27.42565,
ff,1.62,FA,29,0,3,15.54242,1.21374,4546.871,48.6112,74.331,30.9499,30.51403,
ff,1.62,GA,0,0,2,24.23615,1.216367,21.33527,48.8827,61.893,30.299,32.37044,
ff,1.62,GA,1,0,2,28.92827,1.228925,87.39345,50.7207,67.991,19.1489,41.09675,
ff,1.62,GA,2,0,2,26.40744,1.218086,29.15155,53.8223,60.645,33.4528,25.12811,
ff,1.62,GA,3,0,3,22.6607,1.210471,4392.832,49.9484,66.68,27.4757,37.65685,
ff,1.62,GA,4,1,0,39.11764,1.220776,25.07099,54.8264,61.66,19.0016,26.31641,
ff,1.62,GA,5,0,2,34.4984,1.216438,5463.576,53.5802,68.138,22.4866,25.67275,
ff,1.62,GA,6,0,3,20.33151,1.205864,4275.391,36.5641,67.716,30.8204,32.92101,
ff,1.62,GA,7,0,3,23.61582,1.213372,30.08396,41.4076,67.158,33.1159,22.47035,
ff,1.62,GA,8,0,1,33.44999,1.221306,9.636976,48.4828,62.721,18.2821,29.6332,
ff,1.62,GA,9,0,6,-200.0,,,,,,,measure_failed
ff,1.62,GA,10,0,3,9.731386,1.270641,59.83141,46.82,67.803,17.536,53.03966,
ff,1.62,GA,11,0,3,26.48559,1.23792,228.6436,48.5402,62.119,14.5777,42.79469,
ff,1.62,GA,12,0,2,16.68157,1.240221,44.3616,51.9903,63.203,21.3484,25.8125,
ff,1.62,GA,13,0,1,43.28571,1.221518,14.0858,51.8177,61.013000000000005,19.6308,43.80064,
ff,1.62,GA,14,0,1,18.29679,1.229729,8.807065,53.3323,60.101,20.3389,53.21491,
ff,1.62,GA,15,0,2,14.13629,1.216687,27.59605,50.4934,61.381,30.3759,24.60224,
ff,1.62,GA,16,0,2,13.66887,1.224563,23.06327,40.3786,61.455,36.7256,26.03288,
ff,1.62,GA,17,0,3,18.60091,1.2147,4962.506,41.8669,65.974,34.8107,27.90977,
ff,1.62,GA,18,0,2,45.8532,1.218429,36.44037,48.5885,60.81699999999999,18.2237,50.69005,
ff,1.62,GA,19,0,3,14.19805,1.222977,31.7556,46.6859,64.366,28.7622,30.20168,
ff,1.62,GA,20,0,3,14.6084,1.259558,341.9622,22.957,87.7852,26.9098,32.50753,
ff,1.62,GA,21,0,3,15.26795,1.240664,5393.922,47.9569,64.198,17.6116,42.22984,
ff,1.62,GA,22,0,2,21.73559,1.238131,5969.936,51.4628,68.846,14.6415,28.96816,
ff,1.62,GA,23,0,3,13.08084,1.230035,6133.191,46.9456,64.205,15.9425,37.8707,
ff,1.62,GA,24,0,1,44.91445,1.221097,44.88761,50.5049,60.944,14.643,49.72934,
ff,1.62,GA,25,0,3,22.51605,1.212886,3443.18,48.8687,61.95099999999999,31.6924,26.58303,
ff,1.62,GA,26,0,3,5.459106,1.463355,619.1211,46.5537,77.276,25.6894,54.55805,
ff,1.62,GA,27,0,2,13.68696,1.233292,48.89599,53.6407,64.105,15.5463,26.56544,
ff,1.62,GA,28,0,3,21.10023,1.21411,5245.325,48.3266,85.6177,33.7974,28.55936,
ff,1.62,GA,29,0,2,27.59527,1.22341,68.94787,50.0727,61.245000000000005,21.7341,47.92858,
ff,1.62,GWO,0,0,2,37.18446,1.247527,43.3828,53.8403,64.425,16.5658,35.36221,
ff,1.62,GWO,1,0,2,24.32156,1.24837,12.92352,40.1689,66.817,20.9101,42.72305,
ff,1.62,GWO,2,1,0,47.12382,1.219592,5.242687,51.7737,62.306,17.1101,44.91583,
ff,1.62,GWO,3,0,2,28.38829,1.23127,14.85532,37.7756,70.843,22.6145,31.6777,
ff,1.62,GWO,4,0,1,36.73505,1.245212,15.05403,51.1716,63.351,19.2972,29.63684,
ff,1.62,GWO,5,1,0,38.31694,1.221228,5.08182,54.1138,68.394,23.2248,31.78942,
ff,1.62,GWO,6,0,1,39.54925,1.25845,16.04668,54.2859,65.119,17.8406,34.81637,
ff,1.62,GWO,7,0,1,43.14251,1.23332,6.874767,54.6584,67.666,18.9755,39.06365,
ff,1.62,GWO,8,0,1,41.8086,1.227314,14.25137,54.3216,62.199,16.4176,37.55318,
ff,1.62,GWO,9,0,2,29.66805,1.21777,9.704773,42.503,71.37,25.5767,34.62259,
ff,1.62,GWO,10,0,1,34.8685,1.215753,24.45672,52.1139,64.469,27.7235,37.25678,
ff,1.62,GWO,11,0,1,25.40282,1.249737,14.47092,53.051,63.591,16.3753,41.765,
ff,1.62,GWO,12,0,1,38.19384,1.248005,12.51452,52.2206,65.92,19.2419,39.08394,
ff,1.62,GWO,13,0,1,28.38748,1.236478,6.563118,55.7424,68.484,22.4663,54.98465,
ff,1.62,GWO,14,0,2,40.10511,1.209106,19.86943,49.6715,63.459,24.6952,41.19385,
ff,1.62,GWO,15,0,2,41.72572,1.233378,12.12241,49.5055,67.034,19.5346,35.09543,
ff,1.62,GWO,16,0,6,-200.0,,,,,,,measure_failed
ff,1.62,GWO,17,0,6,-200.0,,,,,,,measure_failed
ff,1.62,GWO,18,0,1,27.86034,1.247193,12.70732,54.6838,62.18899999999999,16.5831,46.64106,
ff,1.62,GWO,19,0,2,34.58847,1.205229,9.765528,48.8519,78.546,27.5856,31.97952,
ff,1.62,GWO,20,0,1,42.70603,1.23887,15.15066,50.8402,64.875,16.5051,36.85885,
ff,1.62,GWO,21,0,2,38.25828,1.241137,10.02502,48.9137,64.022,20.4055,35.67706,
ff,1.62,GWO,22,0,3,9.242661,1.239508,111.7892,47.5374,68.738,20.1671,41.12564,
ff,1.62,GWO,23,0,2,16.92662,1.222305,54.2988,51.1914,63.758,26.0814,28.72222,
ff,1.62,GWO,24,0,1,42.09991,1.217763,22.7093,53.6077,65.13,27.7305,29.37992,
ff,1.62,GWO,25,0,2,18.52188,1.230733,40.19777,52.597,68.77,19.5146,42.68056,
ff,1.62,GWO,26,0,6,-200.0,,,,,,,measure_failed
ff,1.62,GWO,27,0,2,38.25961,1.249691,27.6141,53.1261,68.805,17.6134,39.40114,
ff,1.62,GWO,28,0,1,42.67453,1.223245,19.68931,52.1388,62.172,15.3397,42.58543,
ff,1.62,GWO,29,0,2,19.43889,1.239012,27.6222,52.2802,66.619,20.1612,37.82842,
ff,1.62,PSO,0,0,2,26.11139,1.231398,36.83421,58.855,60.64,25.2238,33.6739,
ff,1.62,PSO,1,0,2,31.02718,1.221921,33.6182,51.813,61.371,20.7901,33.46578,
ff,1.62,PSO,2,0,3,22.6745,1.212268,5471.477,49.908,79.179,26.4655,32.11524,
ff,1.62,PSO,3,0,3,18.10488,1.223988,44.61818,44.8633,72.904,21.9191,54.9779,
ff,1.62,PSO,4,0,2,16.96043,1.221285,31.27357,35.9041,62.355,31.6179,36.139,
ff,1.62,PSO,5,0,3,22.14047,1.210584,42.93445,49.1122,69.617,25.3853,54.73883,
ff,1.62,PSO,6,0,1,45.54926,1.220597,20.79459,49.5883,60.821,17.8654,53.9084,
ff,1.62,PSO,7,0,2,16.70398,1.259526,17.28885,49.1824,65.854,20.955,46.80491,
ff,1.62,PSO,8,1,0,41.89622,1.218571,22.77879,53.2024,70.617,25.7367,28.63708,
ff,1.62,PSO,9,0,2,10.14874,1.211693,23.59834,41.9442,79.67,28.7999,43.37932,
ff,1.62,PSO,10,0,2,33.95197,1.231475,5920.35,52.0879,63.235,14.3866,23.86391,
ff,1.62,PSO,11,0,1,31.6228,1.219838,34.47552,57.1464,60.639,27.4378,26.48862,
ff,1.62,PSO,12,0,3,16.73954,1.217846,62.62921,30.3037,88.7146,50.9161,21.28361,
ff,1.62,PSO,13,0,4,18.77476,1.228684,50.20893,48.5799,63.353,17.0801,55.30084,
ff,1.62,PSO,14,0,1,35.44869,1.221118,36.27079,53.5063,61.20399999999999,28.4812,23.89594,
ff,1.62,PSO,15,0,3,18.84866,1.212566,5259.473,49.6528,85.3399,44.3952,21.11045,
ff,1.62,PSO,16,0,3,24.50563,1.248365,35.4403,53.8947,60.847,21.4872,55.91986,
ff,1.62,PSO,17,0,3,19.63305,1.229051,6292.897,49.1353,60.531000000000006,19.1535,37.57145,
ff,1.62,PSO,18,0,3,18.98819,1.238617,14.75252,46.4429,65.245,16.9789,55.57765,
ff,1.62,PSO,19,0,2,12.98546,1.218694,52.96281,39.0302,77.932,21.9674,54.92065,
ff,1.62,PSO,20,0,4,18.02895,1.240386,6214.372,45.4827,63.632000000000005,16.0489,55.64668,
ff,1.62,PSO,21,0,3,24.50525,1.236609,129.2587,43.4626,68.429,27.6024,32.98338,
ff,1.62,PSO,22,0,2,33.22722,1.245904,116.7024,58.9918,60.804,14.733,35.91896,
ff,1.62,PSO,23,0,3,11.23565,1.209988,5245.057,33.8584,69.714,27.1792,43.43445,
ff,1.62,PSO,24,0,4,14.07583,1.222007,6340.566,46.7014,78.378,23.8722,55.1286,
ff,1.62,PSO,25,0,3,11.58706,1.213666,31.4649,38.8569,65.99,28.2184,30.18127,
ff,1.62,PSO,26,0,3,20.56361,1.236991,23.82125,47.9909,60.932,22.6219,55.53241,
ff,1.62,PSO,27,0,2,19.6622,1.229136,47.00518,50.8141,61.328,15.6262,40.9048,
ff,1.62,PSO,28,0,3,14.70253,1.222284,6207.051,49.2733,66.162,24.3331,28.14192,
ff,1.62,PSO,29,0,6,-200.0,,,,,,,measure_failed
ff,1.8,ABC,0,0,2,39.92324,1.230222,34.2929,51.2781,64.211,22.7789,27.29173,
ff,1.8,ABC,1,0,6,-200.0,,,,,,,timeout
ff,1.8,ABC,2,0,6,-200.0,,,,,,,timeout
ff,1.8,ABC,3,0,2,31.8531,1.225905,47.74209,50.8649,71.642,21.6023,35.36791,
ff,1.8,ABC,4,0,2,46.81948,1.217519,32.8089,50.0124,70.686,24.8896,26.28196,
ff,1.8,ABC,5,0,1,41.69207,1.218284,14.70523,56.1731,60.361,17.4597,53.6076,
ff,1.8,ABC,6,0,2,43.03616,1.217881,26.18059,51.3441,73.103,30.6643,32.44183,
ff,1.8,ABC,7,0,1,36.65958,1.216314,19.16371,50.1239,80.9449,24.8439,29.18689,
ff,1.8,ABC,8,0,2,39.04204,1.229505,21.28474,52.8454,66.09,17.6448,55.24718,
ff,1.8,ABC,9,0,1,48.4582,1.216326,18.80975,50.8044,75.31,21.3568,43.21215,
ff,1.8,ABC,10,0,2,46.62464,1.254585,45.42369,52.0262,62.434,14.0696,47.51091,
ff,1.8,ABC,11,0,1,46.02363,1.216926,22.99385,51.923,69.832,27.4067,36.6876,
ff,1.8,ABC,12,0,3,35.83589,1.214366,4797.495,49.9664,67.652,36.8305,22.44501,
ff,1.8,ABC,13,0,1,32.32579,1.218506,31.77264,55.4134,60.372,25.5882,39.5134,
ff,1.8,ABC,14,1,0,40.26811,1.221152,20.58662,52.063,61.399,14.8997,30.65207,
ff,1.8,ABC,15,1,0,37.34635,1.219188,24.13927,56.3621,64.139,22.8027,26.44027,
ff,1.8,ABC,16,0,1,31.92608,1.221229,27.92021,55.2166,65.797,28.5881,25.82752,
ff,1.8,ABC,17,0,2,46.54447,1.231064,36.97221,53.8538,60.497,31.2645,43.61879,
ff,1.8,ABC,18,0,1,37.41019,1.230327,7.019568,56.5961,70.887,20.687,38.99477,
ff,1.8,ABC,19,0,1,37.96988,1.217062,15.62133,52.6908,63.627,20.0064,42.99732,
ff,1.8,ABC,20,0,1,43.10667,1.223613,7.350314,53.4688,69.99,24.2351,26.41466,
ff,1.8,ABC,21,0,3,19.30968,1.230393,55.49348,49.6536,62.77,22.4637,34.95672,
ff,1.8,ABC,22,0,2,45.11966,1.225354,26.28801,54.1553,60.517,27.6051,40.33438,
ff,1.8,ABC,23,0,1,37.80366,1.228972,17.15649,53.507,69.392,28.9092,26.85332,
ff,1.8,ABC,24,0,2,26.97953,1.213941,41.34293,58.4143,62.557,14.5165,38.70675,
ff,1.8,ABC,25,0,6,-200.0,,,,,,,no_convergence
ff,1.8,ABC,26,0,2,35.81822,1.216825,10.03107,49.9036,60.613,15.0233,44.35184,
ff,1.8,ABC,27,0,1,44.53381,1.216126,18.72812,55.3668,61.151,18.4184,35.05743,
ff,1.8,ABC,28,0,1,41.07799,1.227313,18.72037,50.9237,65.554,19.0918,50.81053,
ff,1.8,ABC,29,0,1,40.59648,1.242955,17.40232,53.6119,60.843,21.777,53.59018,
ff,1.8,ACO,0,0,2,35.8843,1.226072,36.55428,56.3017,66.047,20.847,31.76478,
ff,1.8,ACO,1,0,2,35.47317,1.278689,69.72577,53.4887,65.042,23.5711,53.16768,
ff,1.8,ACO,2,1,0,34.23784,1.219835,14.91508,54.8625,72.395,22.2283,44.2121,
ff,1.8,ACO,3,0,2,27.42267,1.224959,29.30463,51.2196,68.306,22.6582,34.41418,
ff,1.8,ACO,4,0,1,30.09747,1.21956,36.2873,52.5843,62.782,22.5888,46.34006,
ff,1.8,ACO,5,1,0,41.18418,1.221005,21.29393,50.8652,75.358,27.9993,38.00669,
ff,1.8,ACO,6,1,0,33.68732,1.220686,22.83862,58.3992,75.769,27.2685,31.93922,
ff,1.8,ACO,7,0,2,30.17822,1.226447,16.99909,48.8881,71.13,24.9385,41.54616,
ff,1.8,ACO,8,0,1,33.93846,1.224047,11.12554,57.5224,70.604,29.6575,29.82645,
ff,1.8,ACO,9,0,2,36.39062,1.223225,32.91845,53.7485,69.361,20.8268,49.46261,
ff,1.8,ACO,10,0,2,39.97405,1.221609,11.8175,48.5151,72.03,28.9002,35.08474,
ff,1.8,ACO,11,0,1,35.38819,1.222473,22.90935,54.3901,63.866,19.7874,40.17415,
ff,1.8,ACO,12,0,1,33.18226,1.222448,23.5692,54.565,75.596,25.8297,45.37462,
ff,1.8,ACO,13,0,2,23.24592,1.216647,30.8797,57.6682,81.3214,28.7024,32.8325,
ff,1.8,ACO,14,0,2,36.50544,1.214458,28.72961,52.6164,79.465,23.0851,36.79294,
ff,1.8,ACO,15,0,3,28.3382,1.248929,42.38783,49.7144,62.70399999999999,31.0543,30.78369,
ff,1.8,ACO,16,0,2,33.67719,1.223913,11.48329,49.8974,72.828,33.0987,28.98236,
ff,1.8,ACO,17,1,0,36.28534,1.220861,13.47782,58.631,60.385000000000005,21.5381,41.65412,
ff,1.8,ACO,18,0,2,23.21349,1.224607,87.18196,51.8106,67.914,22.6153,43.79038,
ff,1.8,ACO,19,1,0,40.49307,1.221223,14.73436,58.8884,66.676,21.358,41.96783,
ff,1.8,ACO,20,0,1,40.05958,1.21766,10.7011,50.6643,81.0709,28.6231,34.52076,
ff,1.8,ACO,21,0,2,38.84744,1.22735,26.63042,59.9163,66.732,27.0015,34.88816,
ff,1.8,ACO,22,0,2,27.24819,1.2503,26.84447,50.7621,74.898,35.0444,26.19319,
ff,1.8,ACO,23,0,1,43.88622,1.222715,25.62603,54.8589,64.026,20.8441,53.44697,
ff,1.8,ACO,24,0,2,27.03383,1.22327,12.95088,48.478,64.422,21.0517,54.54902,
ff,1.8,ACO,25,0,1,39.0333,1.214017,12.42057,51.212,79.599,22.1388,47.99569,
ff,1.8,ACO,26,1,0,21.99848,1.218487,21.77564,50.543,64.175,23.424,32.77071,
ff,1.8,ACO,27,1,0,36.05026,1.21933,13.33569,54.7201,72.136,25.8307,38.27554,
ff,1.8,ACO,28,0,2,26.7518,1.273773,61.03556,50.1,83.4034,23.654,35.03291,
ff,1.8,ACO,29,0,2,35.73122,1.215113,30.9536,59.3489,68.786,28.112,32.6556,
ff,1.8,FA,0,0,1,17.24665,1.219613,5797.278,50.0217,82.9686,34.1638,24.01162,
ff,1.8,FA,1,0,3,19.52395,1.226428,30.35176,32.8512,85.2337,22.8303,39.77546,
ff,1.8,FA,2,0,2,20.3399,1.230835,55.64097,53.1591,61.982,25.2112,38.31493,
ff,1.8,FA,3,0,1,12.74464,1.218899,22.48925,49.9137,78.803,31.3519,27.88618,
ff,1.8,FA,4,0,2,25.42294,1.2354,116.2426,55.5919,64.756,15.9116,46.77689,
ff,1.8,FA,5,0,1,20.66901,1.219031,25.23117,41.9044,79.942,40.2799,23.04869,
ff,1.8,FA,6,0,2,22.07904,1.237835,102.7356,50.3079,85.1451,34.8338,31.41715,
ff,1.8,FA,7,0,2,16.33025,1.220923,127.2162,49.9759,82.8742,27.6623,30.58484,
ff,1.8,FA,8,0,1,20.42338,1.221723,24.69438,50.1189,86.6196,36.8257,25.91008,
ff,1.8,FA,9,0,2,23.27631,1.232935,6228.039,50.2464,83.7777,32.0591,28.87322,
ff,1.8,FA,10,0,3,21.55709,1.221438,26.73947,46.3745,85.8399,25.6662,35.5318,
ff,1.8,FA,11,0,2,23.89729,1.211741,5203.389,50.2588,82.4479,21.7822,53.23819,
ff,1.8,FA,12,0,3,13.99905,1.007387,388.8572,2.81581,131.7374,40.6062,18.28483,
ff,1.8,FA,13,0,2,25.0811,1.238663,5765.59,51.071,83.6908,22.3756,45.09277,
ff,1.8,FA,14,0,2,19.71064,1.219098,34.87924,49.2055,64.269,30.9118,33.18286,
ff,1.8,FA,15,0,1,22.50189,1.227662,17.20442,50.0416,62.432,26.306,43.06891,
ff,1.8,FA,16,0,2,18.79975,1.219529,30.45885,42.7773,67.464,38.7118,21.7409,
ff,1.8,FA,17,0,2,20.57422,1.231296,146.6353,50.413,85.1863,24.6414,53.67276,
ff,1.8,FA,18,0,2,24.54179,1.218252,244.4834,50.1185,81.5086,18.8911,48.8693,
ff,1.8,FA,19,0,1,25.10387,1.249381,24.041,50.656,82.3705,21.2027,37.6663,
ff,1.8,FA,20,0,4,20.24605,1.23701,292.6852,44.9527,72.444,24.0642,108.1723,
ff,1.8,FA,21,0,1,23.02843,1.229322,22.92961,54.9598,75.504,28.6279,29.57825,
ff,1.8,FA,22,0,3,26.90309,1.238377,46.03777,35.3767,84.2301,36.6907,34.45355,
ff,1.8,FA,23,0,3,19.02338,1.217414,43.1466,49.5458,86.8237,32.4161,25.2301,
ff,1.8,FA,24,0,3,30.92536,1.235396,36.14594,49.9911,84.3608,32.7424,28.58998,
ff,1.8,FA,25,0,3,21.15179,1.228063,33.5389,48.9275,82.5403,24.906,29.28209,
ff,1.8,FA,26,0,2,23.07261,1.223774,27.67396,50.233,84.8396,25.2759,31.13881,
ff,1.8,FA,27,0,2,22.13598,1.236657,32.60501,50.9701,85.4953,23.7926,51.04175,
ff,1.8,FA,28,0,2,25.12663,1.228095,6184.343,50.9025,86.1528,32.2503,27.49016,
ff,1.8,FA,29,0,2,21.0424,1.211542,5147.922,50.1101,73.75,30.1847,30.44435,
ff,1.8,GA,0,1,0,36.23318,1.218776,22.19813,54.9368,60.46,28.9754,32.45539,
ff,1.8,GA,1,0,2,37.52435,1.232005,50.47205,50.9792,68.231,18.9709,41.20443,
ff,1.8,GA,2,0,1,31.67436,1.221612,25.94684,54.0645,60.36,33.5119,25.25054,
ff,1.8,GA,3,0,1,30.32058,1.218963,3907.946,50.2048,66.453,27.2828,37.94609,
ff,1.8,GA,4,0,1,44.77354,1.222035,25.89322,55.0887,61.05800000000001,18.5414,26.36278,
ff,1.8,GA,5,0,1,38.70515,1.218926,5348.385,53.821,67.766,21.8636,25.76038,
ff,1.8,GA,6,0,2,35.06211,1.212375,3875.512,51.7281,65.969,29.5393,33.14347,
ff,1.8,GA,7,0,2,30.98478,1.216879,23.89122,42.2973,67.211,32.8853,22.59211,
ff,1.8,GA,8,0,2,35.93465,1.221833,10.55047,48.8204,62.291,17.466,29.65522,
ff,1.8,GA,9,0,6,-200.0,,,,,,,measure_failed
ff,1.8,GA,10,0,3,37.74423,1.272855,28.20669,51.6244,59.858,14.5549,53.11841,
ff,1.8,GA,11,0,2,36.76954,1.238554,237.173,50.1196,60.274,14.0487,42.82007,
ff,1.8,GA,12,0,1,36.63194,1.233393,15.85673,52.6429,62.56699999999999,21.4321,25.58709,
ff,1.8,GA,13,0,2,44.94043,1.22234,36.47252,51.9569,60.624,19.3506,43.83236,
ff,1.8,GA,14,0,2,40.9014,1.22335,30.28445,54.0212,60.44,19.1593,53.00473,
ff,1.8,GA,15,1,0,30.722,1.220661,21.03182,55.5112,60.282,29.0928,24.73972,
ff,1.8,GA,16,0,1,36.41188,1.225733,14.74937,50.3714,60.199,35.504,26.07622,
ff,1.8,GA,17,0,2,40.68802,1.217523,3474.81,51.2578,64.64,33.8885,28.00858,
ff,1.8,GA,18,0,2,48.3115,1.219226,38.14641,49.2474,60.46,18.2575,50.72089,
ff,1.8,GA,19,0,1,40.39196,1.22411,20.21506,53.7094,62.504000000000005,26.4414,30.24378,
ff,1.8,GA,20,0,3,31.41402,1.263718,337.9014,24.1722,86.1239,25.9368,32.65177,
ff,1.8,GA,21,0,2,38.62373,1.239794,5483.321,53.837,60.222,16.2958,42.20467,
ff,1.8,GA,22,0,3,35.22996,1.240037,5999.058,54.4477,67.497,13.9949,29.03634,
ff,1.8,GA,23,0,3,39.14192,1.231468,6128.053,51.7557,59.987,14.3988,37.92296,
ff,1.8,GA,24,0,1,47.09518,1.221946,23.55904,50.7073,60.581,14.5388,49.76192,
ff,1.8,GA,25,0,2,42.62478,1.213226,4259.219,55.8311,60.365,30.126,26.59849,
ff,1.8,GA,26,0,2,33.72129,1.463357,39.81712,55.8776,60.532,17.6555,54.5623,
ff,1.8,GA,27,0,2,22.18459,1.239828,30.72762,56.0627,63.056,14.3305,26.78931,
ff,1.8,GA,28,0,3,24.03937,1.216546,4556.084,49.9959,85.4033,33.4842,28.64516,
ff,1.8,GA,29,0,2,36.27069,1.227345,49.47363,57.0704,60.463,21.2472,48.06482,
ff,1.8,GWO,0,0,2,49.07191,1.247466,42.35495,54.2861,63.95399999999999,16.173,35.36426,
ff,1.8,GWO,1,0,1,46.74644,1.240435,13.85145,50.5549,65.614,19.366,42.46016,
ff,1.8,GWO,2,1,0,44.51353,1.220023,8.738037,52.5353,62.019000000000005,16.7448,44.93444,
ff,1.8,GWO,3,0,1,50.59915,1.228972,3.994469,50.7013,68.783,19.1445,31.60456,
ff,1.8,GWO,4,0,1,49.84179,1.244819,19.10464,51.5516,62.703,18.6777,29.62773,
ff,1.8,GWO,5,0,1,45.55111,1.22233,7.843936,54.7189,67.854,22.751,31.83048,
ff,1.8,GWO,6,0,1,47.3245,1.25829,19.36731,55.4135,64.329,17.1736,34.81506,
ff,1.8,GWO,7,0,1,41.2164,1.23346,12.83406,54.8947,67.258,18.6482,39.07244,
ff,1.8,GWO,8,0,1,52.64445,1.227418,16.87208,55.1427,61.835,15.8826,37.56078,
ff,1.8,GWO,9,1,0,47.60694,1.218561,10.25054,51.1592,70.25,24.6422,34.6532,
ff,1.8,GWO,10,0,1,54.22893,1.215574,22.92968,53.228,64.139,27.4638,37.25485,
ff,1.8,GWO,11,0,2,54.43647,1.247566,29.91522,53.485,63.667,15.587,41.6961,
ff,1.8,GWO,12,0,1,49.86838,1.247715,17.66138,53.0044,65.274,18.8703,39.07823,
ff,1.8,GWO,13,0,1,51.4767,1.23588,12.34306,56.2087,68.394,22.1973,54.96862,
ff,1.8,GWO,14,0,1,41.82312,1.209329,13.90202,50.1417,63.285,24.5183,41.20576,
ff,1.8,GWO,15,0,1,46.41133,1.233817,14.87869,50.5355,66.476,19.0979,35.11426,
ff,1.8,GWO,16,0,6,-200.0,,,,,,,measure_failed
ff,1.8,GWO,17,0,6,-200.0,,,,,,,measure_failed
ff,1.8,GWO,18,0,1,51.84401,1.246093,23.1171,55.1806,62.85,15.5801,46.60816,
ff,1.8,GWO,19,0,2,42.3441,1.205393,5115.065,50.0006,78.141,27.2705,31.9891,
ff,1.8,GWO,20,0,1,47.79111,1.238476,16.47675,51.212,64.448,16.134,36.84974,
ff,1.8,GWO,21,0,1,53.25893,1.240553,15.98994,50.2506,63.31100000000001,19.866,35.66151,
ff,1.8,GWO,22,0,2,38.30174,1.22753,24.78987,48.9839,68.132,19.5867,40.72718,
ff,1.8,GWO,23,0,2,38.69148,1.213777,5139.862,53.4794,63.07599999999999,26.7379,28.44009,
ff,1.8,GWO,24,0,1,47.10305,1.217383,18.25077,55.0031,64.66,27.7916,29.37123,
ff,1.8,GWO,25,0,1,41.58016,1.222124,6.248436,53.6184,68.657,18.7983,42.39545,
ff,1.8,GWO,26,0,6,-200.0,,,,,,,measure_failed
ff,1.8,GWO,27,0,2,44.3912,1.249963,28.50993,53.5978,68.265,17.2772,39.41438,
ff,1.8,GWO,28,0,1,50.08095,1.22348,20.30968,52.4499,61.83,15.0608,42.59741,
ff,1.8,GWO,29,0,1,53.02299,1.228545,20.69953,54.5107,66.649,19.0315,37.48072,
ff,1.8,PSO,0,0,1,33.38406,1.232788,22.67342,60.2036,60.165000000000006,24.7831,33.72466,
ff,1.8,PSO,1,0,2,35.95338,1.223868,37.83831,53.6481,60.714,20.4963,33.53528,
ff,1.8,PSO,2,0,2,30.93426,1.215894,5361.645,50.0824,79.063,26.3738,32.2411,
ff,1.8,PSO,3,0,3,37.65645,1.226605,50.17545,51.9976,68.71,17.572,55.06988,
ff,1.8,PSO,4,0,1,47.43221,1.223083,23.24479,50.2671,60.119,30.8809,36.20344,
ff,1.8,PSO,5,0,3,27.61382,1.212827,33.97022,49.3899,69.561,24.9638,54.81841,
ff,1.8,PSO,6,0,3,44.69537,1.221595,31.84609,49.663,60.513000000000005,17.6586,53.94602,
ff,1.8,PSO,7,0,1,39.35599,1.252139,4.675635,50.4736,65.128,20.7758,46.56031,
ff,1.8,PSO,8,1,0,40.75211,1.21878,18.68237,53.557,70.481,25.8748,28.6483,
ff,1.8,PSO,9,0,1,28.65672,1.220075,28.19499,50.1235,76.876,26.4863,43.66467,
ff,1.8,PSO,10,0,3,51.88549,1.230923,5606.542,52.3804,62.157,13.9772,23.84944,
ff,1.8,PSO,11,0,1,39.41077,1.221373,39.86075,57.3949,60.279,27.2254,26.54424,
ff,1.8,PSO,12,0,3,26.55992,1.226683,98.90679,31.3423,88.0979,50.1167,21.58443,
ff,1.8,PSO,13,0,3,43.14602,1.23044,35.6118,55.8953,60.458,15.346,55.36391,
ff,1.8,PSO,14,0,1,43.58267,1.220852,43.7598,53.769,60.525000000000006,27.7685,23.89108,
ff,1.8,PSO,15,0,3,22.89328,1.21385,5154.594,49.9482,85.1769,44.2909,21.15761,
ff,1.8,PSO,16,0,3,38.78761,1.248012,34.60048,54.1846,60.79900000000001,20.9814,55.91209,
ff,1.8,PSO,17,0,2,36.93403,1.228271,6266.42,51.3902,60.238,18.677,37.54931,
ff,1.8,PSO,18,0,2,47.46404,1.237963,22.56884,51.1907,60.351,14.5406,55.55974,
ff,1.8,PSO,19,0,2,29.16999,1.223979,18.8902,50.5965,76.006,22.369,55.10218,
ff,1.8,PSO,20,0,3,40.30439,1.241535,6191.96,50.0279,60.074,15.0326,55.68939,
ff,1.8,PSO,21,0,2,47.11892,1.237878,78.93763,51.0062,66.296,26.4015,33.03013,
ff,1.8,PSO,22,0,2,31.73241,1.24344,67.73974,58.8825,60.151,14.3434,35.84012,
ff,1.8,PSO,23,0,3,25.4104,0.1742297,36294.44,20.005,240.5509,28.2253,25.32425,
ff,1.8,PSO,24,0,3,27.33473,1.228808,6161.463,50.2766,76.855,23.7345,55.36111,
ff,1.8,PSO,25,0,1,36.97582,1.218625,37.2004,52.8274,60.626000000000005,21.32,30.35176,
ff,1.8,PSO,26,0,3,33.41521,1.235964,23.90969,52.2133,59.985,22.4049,55.50194,
ff,1.8,PSO,27,0,2,26.71781,1.238204,54.58052,51.9847,60.146,14.9155,41.21368,
ff,1.8,PSO,28,0,6,-200.0,,,,,,,no_convergence
ff,1.8,PSO,29,0,6,-200.0,,,,,,,measure_failed
ff,1.98,ABC,0,0,2,37.12579,1.232369,47.03432,51.5958,63.979,22.94,27.36794,
ff,1.98,ABC,1,0,1,26.14244,1.221795,18.64619,50.7515,71.734,27.775,31.3394,
ff,1.98,ABC,2,0,1,35.69316,1.22088,37.47918,63.0583,60.066,22.3827,50.35516,
ff,1.98,ABC,3,0,6,-200.0,,,,,,,timeout
ff,1.98,ABC,4,0,1,36.55968,1.218651,51.28373,50.9445,70.281,24.9146,26.32405,
ff,1.98,ABC,5,1,0,40.79683,1.219849,23.45546,56.194,60.285,17.4207,53.66421,
ff,1.98,ABC,6,1,0,35.47591,1.218464,22.99467,53.2309,72.8,30.7857,32.46547,
ff,1.98,ABC,7,1,0,38.08917,1.218601,24.4493,52.5062,80.7813,24.6568,29.26773,
ff,1.98,ABC,8,0,2,41.60679,1.230714,23.18437,53.1815,66.164,17.6087,55.29197,
ff,1.98,ABC,9,0,1,45.50208,1.216656,16.11969,51.4638,75.225,21.3965,43.22727,
ff,1.98,ABC,10,0,3,37.40014,1.256234,79.67055,52.5856,61.875,13.8871,47.57051,
ff,1.98,ABC,11,0,1,46.16044,1.217822,23.10135,52.3181,69.587,27.2905,36.72175,
ff,1.98,ABC,12,0,2,35.45107,1.213659,5046.24,50.233,67.509,36.8265,22.42534,
ff,1.98,ABC,13,0,2,30.94088,1.223245,33.89891,55.7651,60.356,25.5823,39.67661,
ff,1.98,ABC,14,0,1,37.04773,1.221753,23.12623,52.5077,61.42100000000001,15.1202,30.67637,
ff,1.98,ABC,15,0,1,36.43609,1.220956,28.50722,56.4211,64.075,23.1909,26.50372,
ff,1.98,ABC,16,0,2,28.46543,1.22166,31.96346,55.3477,66.084,28.5094,25.84613,
ff,1.98,ABC,17,0,2,37.72403,1.230199,28.1748,53.7022,60.30500000000001,31.2256,43.59379,
ff,1.98,ABC,18,0,1,37.18792,1.232786,9.060532,56.833,70.752,20.8684,39.08146,
ff,1.98,ABC,19,0,2,36.46704,1.217765,33.70307,52.6009,63.652,20.1477,43.02527,
ff,1.98,ABC,20,0,1,39.06792,1.225163,17.61547,53.942,69.732,24.2787,26.47076,
ff,1.98,ABC,21,0,3,18.45613,1.231026,87.33784,49.081,62.917,22.7806,34.98282,
ff,1.98,ABC,22,0,2,43.25312,1.226477,30.47902,54.1611,60.80800000000001,27.634,40.37616,
ff,1.98,ABC,23,0,2,34.78407,1.226279,26.5153,53.6041,69.254,29.127,26.76694,
ff,1.98,ABC,24,0,2,26.57305,1.217378,35.73502,58.5972,62.259,14.4243,38.82618,
ff,1.98,ABC,25,0,6,-200.0,,,,,,,no_convergence
ff,1.98,ABC,26,0,2,27.85554,1.217123,13.22543,51.0839,59.3,14.3057,44.36591,
ff,1.98,ABC,27,0,1,44.49222,1.217221,16.72463,56.2818,61.157,18.5775,35.09824,
ff,1.98,ABC,28,0,1,39.12514,1.22851,19.15106,51.4764,65.793,19.2335,50.85493,
ff,1.98,ABC,29,0,2,21.46683,1.257735,48.03729,54.9658,60.406000000000006,21.4755,54.09171,
ff,1.98,ACO,0,0,2,36.27555,1.228895,42.68432,56.5557,65.82,20.7306,31.86369,
ff,1.98,ACO,1,0,2,34.98134,1.281295,72.43618,54.6446,64.993,23.5357,53.25968,
ff,1.98,ACO,2,0,1,32.57132,1.221743,12.98195,55.046,72.544,22.2473,44.28031,
ff,1.98,ACO,3,0,2,25.79478,1.226079,61.20027,50.402,68.645,22.7794,34.45663,
ff,1.98,ACO,4,0,1,34.69177,1.219552,55.04754,51.9353,62.566,22.6971,46.34464,
ff,1.98,ACO,5,0,1,36.1098,1.222002,22.97769,52.7041,75.088,27.9664,38.04424,
ff,1.98,ACO,6,0,1,33.97759,1.224348,23.38412,58.3473,75.699,27.4663,32.06624,
ff,1.98,ACO,7,0,3,28.74065,1.228449,27.57357,48.713,71.472,25.0122,41.61825,
ff,1.98,ACO,8,0,1,34.72838,1.226855,11.60395,57.7832,70.566,29.6594,29.92482,
ff,1.98,ACO,9,0,2,37.63521,1.224365,34.33815,53.9273,69.037,20.7268,49.50502,
ff,1.98,ACO,10,0,1,40.21441,1.223297,10.8351,50.0336,71.854,28.9612,35.14549,
ff,1.98,ACO,11,0,1,36.64669,1.224283,22.64776,54.5822,63.906000000000006,19.7508,40.239,
ff,1.98,ACO,12,0,1,29.22374,1.224641,23.68041,54.9962,75.346,25.9049,45.4523,
ff,1.98,ACO,13,0,2,25.51999,1.217038,33.9473,58.1127,81.3458,28.6839,32.84969,
ff,1.98,ACO,14,0,2,30.9161,1.216826,34.46622,52.8987,79.179,22.7686,36.87649,
ff,1.98,ACO,15,0,2,31.94086,1.250721,45.19575,51.2814,62.337,30.9785,30.84806,
ff,1.98,ACO,16,0,1,33.72163,1.225849,11.12402,51.4701,72.584,33.1143,29.05146,
ff,1.98,ACO,17,0,1,37.67937,1.222257,12.65914,58.7562,60.447,21.5804,41.70508,
ff,1.98,ACO,18,0,2,21.9619,1.225638,153.1571,50.3766,68.413,22.9117,43.82986,
ff,1.98,ACO,19,0,1,39.25745,1.221498,14.89974,59.034,66.858,21.342,41.98127,
ff,1.98,ACO,20,1,0,42.74142,1.218557,10.79767,51.5244,80.9469,28.6451,34.55492,
ff,1.98,ACO,21,0,1,36.04957,1.229869,25.49668,60.763,66.688,27.0394,34.97683,
ff,1.98,ACO,22,0,1,31.27211,1.254975,24.8852,51.8079,74.621,35.0151,26.35459,
ff,1.98,ACO,23,0,1,44.92712,1.223209,13.95733,54.9853,63.878,20.7712,53.46769,
ff,1.98,ACO,24,0,2,30.85869,1.223905,24.92766,48.2132,64.322,20.9885,54.57519,
ff,1.98,ACO,25,0,1,30.75057,1.21589,9.8095,54.4929,79.32,22.0112,48.06259,
ff,1.98,ACO,26,0,2,20.65135,1.219843,52.77381,49.9689,64.416,23.7624,32.82107,
ff,1.98,ACO,27,1,0,39.65392,1.220121,11.53388,55.3142,71.951,25.8573,38.30614,
ff,1.98,ACO,28,0,2,27.85849,1.276408,63.96264,50.9766,83.3383,23.5962,35.12585,
ff,1.98,ACO,29,0,2,38.41403,1.21758,42.09045,59.5845,68.876,28.1825,32.74245,
ff,1.98,FA,0,0,6,-200.0,,,,,,,no_convergence
ff,1.98,FA,1,0,3,21.2152,1.228257,34.14052,32.1635,85.3242,22.8101,39.84097,
ff,1.98,FA,2,0,2,21.56718,1.238693,60.75808,53.3406,61.712,25.1656,38.58314,
ff,1.98,FA,3,0,3,14.07328,1.222733,26.80533,49.6864,78.781,31.4576,28.01896,
ff,1.98,FA,4,0,2,26.40833,1.244057,122.3076,55.7648,64.432,15.868,47.07207,
ff,1.98,FA,5,0,3,22.54795,1.221846,38.33246,42.4203,79.769,40.1553,23.14728,
ff,1.98,FA,6,0,2,23.26759,1.237086,89.02152,50.359,85.1157,34.9342,31.39603,
ff,1.98,FA,7,0,1,18.4485,1.22038,108.0985,50.01,82.8584,27.6221,30.5707,
ff,1.98,FA,8,0,2,21.60994,1.225117,40.98063,50.1983,86.5961,36.814,26.02813,
ff,1.98,FA,9,0,2,24.91128,1.235158,6186.716,50.419,83.6857,31.964,28.95201,
ff,1.98,FA,10,0,1,23.46502,1.225952,25.83027,50.3522,85.5066,25.0517,35.68745,
ff,1.98,FA,11,0,1,23.83127,1.221268,4599.948,50.5215,82.4479,21.7515,53.56201,
ff,1.98,FA,12,0,3,-1.17279,1.141593,295.2971,5.14015,115.7704,40.2042,22.71647,
ff,1.98,FA,13,0,2,26.23348,1.246553,5909.013,51.219,83.6671,22.3292,45.36223,
ff,1.98,FA,14,0,1,20.97978,1.219337,31.70128,50.1868,64.076,30.8928,33.19495,
ff,1.98,FA,15,0,1,23.66696,1.227374,8.794336,50.2189,62.361,26.3147,43.06331,
ff,1.98,FA,16,0,3,19.78946,1.222168,36.56195,42.8821,67.294,38.6669,21.83357,
ff,1.98,FA,17,0,2,23.47675,1.235932,142.9028,51.7831,85.0743,24.3907,53.83264,
ff,1.98,FA,18,0,2,25.90918,1.226157,242.0324,50.3909,81.4144,18.7978,49.13881,
ff,1.98,FA,19,0,1,24.657,1.253766,25.58594,52.5073,82.2045,21.0588,37.81796,
ff,1.98,FA,20,0,4,21.7248,1.244713,111.721,45.2051,72.297,24.3214,108.4355,
ff,1.98,FA,21,0,2,23.49181,1.229183,31.00852,55.0752,75.424,28.7658,29.57764,
ff,1.98,FA,22,0,3,29.89184,1.238883,110.3536,35.5532,84.1248,36.6362,34.47464,
ff,1.98,FA,23,0,1,19.27496,1.218506,44.4608,53.6472,86.6401,31.6103,25.27079,
ff,1.98,FA,24,0,2,32.43682,1.2396,36.81051,51.9908,84.2287,32.8066,28.73542,
ff,1.98,FA,25,0,2,21.38578,1.231734,34.48206,53.1512,82.3423,24.8019,29.40952,
ff,1.98,FA,26,0,2,24.2,1.231687,49.56001,50.423,84.7452,25.1455,31.40876,
ff,1.98,FA,27,0,2,23.81186,1.240449,61.46846,51.1135,85.4821,23.7383,51.17332,
ff,1.98,FA,28,0,2,27.60531,1.22977,6150.201,51.6223,86.0838,32.1038,27.55049,
ff,1.98,FA,29,0,2,22.05573,1.209885,5003.89,50.1741,73.639,30.1631,30.39282,
ff,1.98,GA,0,1,0,32.68169,1.221232,21.42397,55.3197,60.228,29.0724,32.54193,
ff,1.98,GA,1,0,1,21.85057,1.235159,25.05873,51.1334,68.847,18.2617,41.31464,
ff,1.98,GA,2,0,2,29.48948,1.223518,36.16992,54.2142,60.315,33.522,25.31864,
ff,1.98,GA,3,0,2,27.06085,1.221643,3741.715,50.3124,66.417,27.7124,38.0403,
ff,1.98,GA,4,0,1,42.35897,1.22238,24.18531,55.2453,60.858,18.7908,26.37844,
ff,1.98,GA,5,0,1,33.85598,1.219675,5185.706,53.9531,67.712,22.4428,25.78963,
ff,1.98,GA,6,0,1,31.19519,1.215566,25.72689,55.1559,65.693,29.3653,33.25459,
ff,1.98,GA,7,0,1,23.04496,1.219173,25.41216,45.439,67.093,32.146,22.6732,
ff,1.98,GA,8,0,2,34.10996,1.222236,14.22133,48.9583,62.167,17.6045,29.67305,
ff,1.98,GA,9,0,6,-200.0,,,,,,,measure_failed
ff,1.98,GA,10,0,3,29.92261,1.275252,27.37427,51.9638,58.852,14.2568,53.2033,
ff,1.98,GA,11,0,4,30.40602,1.240376,256.2224,53.8914,59.254000000000005,13.5766,42.88541,
ff,1.98,GA,12,0,2,32.18622,1.234865,27.14565,52.9388,62.449,21.6209,25.64069,
ff,1.98,GA,13,0,2,42.78621,1.223509,43.65487,52.0116,60.650000000000006,19.589,43.87568,
ff,1.98,GA,14,0,2,45.40848,1.223668,32.5004,54.4493,60.529,19.1317,53.01949,
ff,1.98,GA,15,0,1,31.32646,1.223922,25.96719,55.856,60.155,29.1696,24.8533,
ff,1.98,GA,16,0,1,37.37259,1.226597,13.60255,51.2206,60.074,35.5459,26.10932,
ff,1.98,GA,17,0,1,36.45168,1.219201,36.9641,51.9308,64.422,33.801,28.06897,
ff,1.98,GA,18,0,2,50.72529,1.21983,40.26393,49.6539,60.400000000000006,18.3603,50.74524,
ff,1.98,GA,19,0,1,27.0342,1.225061,22.1535,55.6524,62.06100000000001,26.0109,30.27978,
ff,1.98,GA,20,0,3,24.07114,1.265385,350.9771,24.6335,85.5278,25.1815,32.71201,
ff,1.98,GA,21,0,3,35.02289,1.241013,5518.036,54.7874,59.54900000000001,16.022,42.24974,
ff,1.98,GA,22,0,3,35.24007,1.242815,5998.55,55.6392,67.179,13.6312,29.13383,
ff,1.98,GA,23,0,3,28.34785,1.232691,6120.831,52.3822,59.063,14.0305,37.96808,
ff,1.98,GA,24,0,1,45.34707,1.222488,25.34821,50.8189,60.604,14.6131,49.78415,
ff,1.98,GA,25,0,2,39.47478,1.214858,3376.799,56.2111,60.173,30.1995,26.65733,
ff,1.98,GA,26,0,3,36.85643,1.464659,88.12063,56.3321,59.108,17.2903,54.61076,
ff,1.98,GA,27,0,1,24.98374,1.248678,25.18542,56.3788,62.838,14.1638,27.09117,
ff,1.98,GA,28,0,6,-200.0,,,,,,,timeout
ff,1.98,GA,29,0,2,31.47349,1.23116,42.79778,58.6875,60.202,21.0531,48.19709,
ff,1.98,GWO,0,0,2,40.00218,1.2487,38.07111,54.59,63.903000000000006,16.2625,35.40987,
ff,1.98,GWO,1,0,1,35.61442,1.242768,16.35157,51.946,65.545,19.2892,42.54273,
ff,1.98,GWO,2,0,1,38.86491,1.221601,10.35402,53.0895,62.103,16.7693,44.99154,
ff,1.98,GWO,3,0,1,45.20893,1.229477,4.362535,51.4378,68.704,19.0626,31.62559,
ff,1.98,GWO,4,0,1,39.53621,1.24602,19.74773,51.7797,62.48,18.7883,29.67224,
ff,1.98,GWO,5,0,1,46.44235,1.223142,12.05539,55.0082,67.745,22.8954,31.86182,
ff,1.98,GWO,6,0,1,38.84133,1.259682,17.3252,55.7564,64.152,17.2045,34.86602,
ff,1.98,GWO,7,0,1,37.03393,1.232522,16.76287,54.9887,67.256,18.7785,39.04499,
ff,1.98,GWO,8,0,1,47.11983,1.228033,17.46079,55.4278,61.77,15.8907,37.58551,
ff,1.98,GWO,9,0,1,45.21819,1.21829,7.422226,51.8095,70.088,24.7349,34.64816,
ff,1.98,GWO,10,0,1,59.90837,1.215661,22.12539,53.5992,63.94,27.4785,37.26182,
ff,1.98,GWO,11,0,2,38.67324,1.248833,28.01646,53.7525,63.682,15.5368,41.7429,
ff,1.98,GWO,12,0,1,38.8128,1.249057,18.39934,53.5789,65.081,18.9433,39.12745,
ff,1.98,GWO,13,0,2,39.69764,1.23708,14.5357,56.4839,68.626,22.1195,55.01304,
ff,1.98,GWO,14,0,2,37.27836,1.208287,3307.488,50.453,63.606,24.546,41.17527,
ff,1.98,GWO,15,0,1,41.07335,1.235053,15.76671,51.2182,66.344,19.1302,35.15985,
ff,1.98,GWO,16,0,6,-200.0,,,,,,,measure_failed
ff,1.98,GWO,17,0,6,-200.0,,,,,,,measure_failed
ff,1.98,GWO,18,0,1,37.84025,1.247513,21.92483,55.4374,62.893,15.534,46.66003,
ff,1.98,GWO,19,0,6,-200.0,,,,,,,measure_failed
ff,1.98,GWO,20,0,1,46.88892,1.238091,18.18538,51.4112,64.484,16.1333,36.84092,
ff,1.98,GWO,21,0,1,39.04321,1.241778,17.53107,51.0275,63.09,19.9299,35.70678,
ff,1.98,GWO,22,0,3,39.91573,1.227692,26.29225,49.7363,68.01,19.5771,40.73677,
ff,1.98,GWO,23,0,2,35.43126,1.213107,5055.9,53.9181,63.017,26.8671,28.42178,
ff,1.98,GWO,24,0,1,44.32,1.21672,13.08037,55.4469,64.507,27.9603,29.35305,
ff,1.98,GWO,25,0,1,37.78403,1.223447,4.309731,53.9839,68.738,18.7547,42.44402,
ff,1.98,GWO,26,0,6,-200.0,,,,,,,measure_failed
ff,1.98,GWO,27,0,2,37.1885,1.251769,26.26586,53.8457,68.146,17.2793,39.47924,
ff,1.98,GWO,28,0,1,44.13647,1.224329,22.1321,52.6432,61.882000000000005,15.033,42.63003,
ff,1.98,GWO,29,0,1,32.88827,1.231392,25.33226,54.973,66.914,18.7225,37.58053,
ff,1.98,PSO,0,0,2,32.1406,1.23315,36.41819,60.1836,60.084,25.0085,33.74089,
ff,1.98,PSO,1,0,2,32.1191,1.227552,44.62688,54.7601,60.993,20.4892,33.66311,
ff,1.98,PSO,2,0,2,28.84606,1.21511,5217.523,50.1536,79.169,26.4342,32.21892,
ff,1.98,PSO,3,0,3,26.58415,1.225987,55.65831,53.2961,67.418,16.8036,55.05316,
ff,1.98,PSO,4,0,2,36.57468,1.223513,22.21125,51.3031,59.867,30.8501,36.22196,
ff,1.98,PSO,5,0,3,27.47297,1.216423,42.97747,49.5786,69.877,25.1835,54.9434,
ff,1.98,PSO,6,0,3,43.88024,1.222695,36.85847,49.672,60.647000000000006,17.7979,53.98706,
ff,1.98,PSO,7,0,1,43.61871,1.251812,5.378869,51.276,65.0,20.8077,46.55347,
ff,1.98,PSO,8,1,0,49.44762,1.218655,15.92914,53.7735,70.74,25.6911,28.6483,
ff,1.98,PSO,9,0,2,24.27008,1.225765,34.96641,50.7557,76.413,26.2351,43.85981,
ff,1.98,PSO,10,0,3,45.00183,1.231448,301.4436,52.5521,61.773,13.9555,23.87115,
ff,1.98,PSO,11,0,1,35.82032,1.221133,37.49623,57.5289,60.266000000000005,27.323,26.54026,
ff,1.98,PSO,12,0,3,26.85357,1.234986,123.7801,31.5384,87.97,50.0074,21.86746,
ff,1.98,PSO,13,0,4,34.37835,1.232457,36.27639,58.2948,59.598,14.4998,55.43579,
ff,1.98,PSO,14,0,1,39.48744,1.219994,39.47858,53.9231,60.318,28.3984,23.86633,
ff,1.98,PSO,15,0,6,-200.0,,,,,,,no_convergence
ff,1.98,PSO,16,0,3,33.40237,1.250263,29.29808,54.3998,61.166,21.123,55.99199,
ff,1.98,PSO,17,0,3,22.70305,1.228554,6243.394,54.9667,59.777,18.0873,37.56289,
ff,1.98,PSO,18,0,4,43.04043,1.238942,36.22348,51.7995,59.865,14.3243,55.59673,
ff,1.98,PSO,19,0,2,34.28907,1.227633,16.43962,51.7904,75.843,22.6507,55.22897,
ff,1.98,PSO,20,0,4,30.09717,1.242574,6174.057,51.0359,59.106,14.7187,55.72841,
ff,1.98,PSO,21,0,2,43.65042,1.237759,40.49351,53.71,65.841,26.3916,33.0302,
ff,1.98,PSO,22,0,2,27.70991,1.23808,58.02729,58.6916,60.176,14.4935,35.66392,
ff,1.98,PSO,23,0,6,-200.0,,,,,,,measure_failed
ff,1.98,PSO,24,0,3,29.66452,1.234903,6283.88,50.5941,76.632,23.8339,55.56998,
ff,1.98,PSO,25,0,3,26.93973,1.221491,40.24391,54.4105,59.879000000000005,21.0109,30.45208,
ff,1.98,PSO,26,0,4,30.41033,1.240765,52.57753,56.2256,59.57899999999999,22.1896,55.66745,
ff,1.98,PSO,27,0,3,21.73201,1.247305,36.34503,61.1541,58.913,14.2834,41.52386,
ff,1.98,PSO,28,0,6,-200.0,,,,,,,no_convergence
ff,1.98,PSO,29,0,3,26.70922,0.1752659,36818.45,20.156,246.3568,35.1564,14.92526,
fs,1.62,ABC,0,0,6,-200.0,,,,,,,timeout
fs,1.62,ABC,1,0,6,-200.0,,,,,,,timeout
fs,1.62,ABC,2,0,6,-200.0,,,,,,,timeout
fs,1.62,ABC,3,0,6,-200.0,,,,,,,timeout
fs,1.62,ABC,4,0,6,-200.0,,,,,,,timeout
fs,1.62,ABC,5,0,6,-200.0,,,,,,,timeout
fs,1.62,ABC,6,0,6,-200.0,,,,,,,timeout
fs,1.62,ABC,7,0,6,-200.0,,,,,,,timeout
fs,1.62,ABC,8,0,6,-200.0,,,,,,,timeout
fs,1.62,ABC,9,0,6,-200.0,,,,,,,timeout
fs,1.62,ABC,10,0,6,-200.0,,,,,,,timeout
fs,1.62,ABC,11,0,6,-200.0,,,,,,,timeout
fs,1.62,ABC,12,0,6,-200.0,,,,,,,timeout
fs,1.62,ABC,13,0,6,-200.0,,,,,,,timeout
fs,1.62,ABC,14,0,6,-200.0,,,,,,,timeout
fs,1.62,ABC,15,0,6,-200.0,,,,,,,timeout
fs,1.62,ABC,16,0,6,-200.0,,,,,,,timeout
fs,1.62,ABC,17,0,6,-200.0,,,,,,,timeout
fs,1.62,ABC,18,0,6,-200.0,,,,,,,timeout
fs,1.62,ABC,19,0,6,-200.0,,,,,,,timeout
fs,1.62,ABC,20,0,6,-200.0,,,,,,,timeout
fs,1.62,ABC,21,0,6,-200.0,,,,,,,timeout
fs,1.62,ABC,22,0,6,-200.0,,,,,,,timeout
fs,1.62,ABC,23,0,6,-200.0,,,,,,,timeout
fs,1.62,ABC,24,0,6,-200.0,,,,,,,timeout
fs,1.62,ABC,25,0,6,-200.0,,,,,,,timeout
fs,1.62,ABC,26,0,6,-200.0,,,,,,,timeout
fs,1.62,ABC,27,0,6,-200.0,,,,,,,timeout
fs,1.62,ABC,28,0,6,-200.0,,,,,,,timeout
fs,1.62,ABC,29,0,6,-200.0,,,,,,,timeout
fs,1.62,ACO,0,0,6,-200.0,,,,,,,timeout
fs,1.62,ACO,1,0,6,-200.0,,,,,,,timeout
fs,1.62,ACO,2,0,6,-200.0,,,,,,,timeout
fs,1.62,ACO,3,0,6,-200.0,,,,,,,timeout
fs,1.62,ACO,4,0,6,-200.0,,,,,,,timeout
fs,1.62,ACO,5,0,6,-200.0,,,,,,,timeout
fs,1.62,ACO,6,0,6,-200.0,,,,,,,timeout
fs,1.62,ACO,7,0,6,-200.0,,,,,,,timeout
fs,1.62,ACO,8,0,6,-200.0,,,,,,,timeout
fs,1.62,ACO,9,0,6,-200.0,,,,,,,timeout
fs,1.62,ACO,10,0,6,-200.0,,,,,,,timeout
fs,1.62,ACO,11,0,6,-200.0,,,,,,,timeout
fs,1.62,ACO,12,0,6,-200.0,,,,,,,timeout
fs,1.62,ACO,13,0,6,-200.0,,,,,,,timeout
fs,1.62,ACO,14,0,6,-200.0,,,,,,,timeout
fs,1.62,ACO,15,0,6,-200.0,,,,,,,timeout
fs,1.62,ACO,16,0,6,-200.0,,,,,,,timeout
fs,1.62,ACO,17,0,6,-200.0,,,,,,,timeout
fs,1.62,ACO,18,0,6,-200.0,,,,,,,timeout
fs,1.62,ACO,19,0,6,-200.0,,,,,,,timeout
fs,1.62,ACO,20,0,6,-200.0,,,,,,,timeout
fs,1.62,ACO,21,0,6,-200.0,,,,,,,timeout
fs,1.62,ACO,22,0,6,-200.0,,,,,,,timeout
fs,1.62,ACO,23,0,6,-200.0,,,,,,,timeout
fs,1.62,ACO,24,0,6,-200.0,,,,,,,timeout
fs,1.62,ACO,25,0,6,-200.0,,,,,,,timeout
fs,1.62,ACO,26,0,6,-200.0,,,,,,,timeout
fs,1.62,ACO,27,0,6,-200.0,,,,,,,timeout
fs,1.62,ACO,28,0,6,-200.0,,,,,,,timeout
fs,1.62,ACO,29,0,6,-200.0,,,,,,,timeout
fs,1.62,FA,0,0,6,-200.0,,,,,,,timeout
fs,1.62,FA,1,0,6,-200.0,,,,,,,timeout
fs,1.62,FA,2,0,1,15.34628,1.239157,10.08017,53.0291,62.44799999999999,25.3986,38.55389,
fs,1.62,FA,3,0,2,11.42495,1.215618,23.59194,49.934,79.126,31.5617,27.73537,
fs,1.62,FA,4,0,2,20.59164,1.236808,195.3612,55.2033,65.434,16.0163,46.78348,
fs,1.62,FA,5,0,1,18.37043,1.219428,14.17455,41.7803,80.275,40.4394,23.02133,
fs,1.62,FA,6,0,2,18.52327,1.242411,299.3739,50.0993,85.2947,34.8259,31.53028,
fs,1.62,FA,7,0,2,13.69558,1.226593,140.7594,50.1053,82.9905,27.7477,30.73455,
fs,1.62,FA,8,0,2,16.75095,1.219446,52.71644,49.9061,86.6886,37.1245,25.79294,
fs,1.62,FA,9,0,3,16.74079,1.24855,6258.299,49.3838,84.184,32.3742,29.35755,
fs,1.62,FA,10,0,2,17.02579,1.220673,28.10174,44.1692,86.035,25.9976,35.4654,
fs,1.62,FA,11,0,3,21.61752,1.198631,5616.7,49.571,82.6358,22.0008,52.75804,
fs,1.62,FA,12,0,3,11.48274,1.101959,232.9075,7.77224,107.2661,39.9221,21.35538,
fs,1.62,FA,13,0,6,-200.0,,,,,,,timeout
fs,1.62,FA,14,0,6,-200.0,,,,,,,timeout
fs,1.62,FA,15,0,6,-200.0,,,,,,,timeout
fs,1.62,FA,16,0,1,16.52848,1.220751,20.55863,42.6375,67.989,38.8692,21.74125,
fs,1.62,FA,17,0,3,15.451,1.232239,292.0134,48.6328,85.3912,25.1182,53.66369,
fs,1.62,FA,18,0,3,16.79806,1.206216,3801.56,49.0423,81.8808,19.328,48.42486,
fs,1.62,FA,19,0,2,13.20196,1.247028,22.70611,36.5438,83.6664,22.0263,37.54631,
fs,1.62,FA,20,0,4,16.08166,1.233487,1844.748,44.4379,72.735,23.7897,108.0131,
fs,1.62,FA,21,0,1,21.80541,1.234605,14.24575,54.7822,75.866,28.5415,29.71507,
fs,1.62,FA,22,0,3,17.57198,1.242569,1058.803,35.0112,84.8948,37.1674,34.55375,
fs,1.62,FA,23,0,2,15.27024,1.213913,25.86676,45.3413,87.0792,33.597,25.07189,
fs,1.62,FA,24,0,2,21.73064,1.228903,24.82135,40.5485,84.9193,32.903,28.33105,
fs,1.62,FA,25,0,2,18.20556,1.218119,19.96123,39.2534,83.1095,25.1682,28.90744,
fs,1.62,FA,26,0,2,18.15282,1.219214,31.16762,49.5905,85.0991,25.7188,30.94502,
fs,1.62,FA,27,0,2,15.74885,1.246246,28.87703,50.6193,85.5255,24.096,51.32345,
fs,1.62,FA,28,0,3,17.44053,1.239602,6199.815,47.9816,86.386,32.3934,27.83617,
fs,1.62,FA,29,0,3,17.97065,1.21314,5244.177,49.8255,74.157,30.445,30.45728,
fs,1.62,GA,0,0,1,28.79465,1.219159,29.93619,52.7732,61.437,29.2946,32.42765,
fs,1.62,GA,1,0,2,29.14133,1.241317,45.17196,50.788,67.799,19.004,41.47677,
fs,1.62,GA,2,1,0,23.95223,1.22129,25.05547,53.7956,60.845,33.3847,25.19912,
fs,1.62,GA,3,0,2,23.001,1.209675,4755.56,50.5029,66.221,27.2373,37.59356,
fs,1.62,GA,4,0,1,32.51007,1.223522,25.58436,54.8179,61.471,19.0632,26.37211,
fs,1.62,GA,5,0,2,36.94545,1.211594,5478.278,53.5218,68.243,23.0077,25.47373,
fs,1.62,GA,6,0,1,20.18059,1.219589,23.54494,40.1912,67.207,30.3265,33.34487,
fs,1.62,GA,7,0,3,24.23257,1.216367,26.35269,41.7772,67.229,32.9722,22.53425,
fs,1.62,GA,8,0,3,37.30066,1.221892,26.09465,49.7286,61.325,17.2919,29.61612,
fs,1.62,GA,9,0,6,-200.0,,,,,,,measure_failed
fs,1.62,GA,10,0,3,10.27261,1.277842,46.79765,48.0655,67.964,17.2766,53.24558,
fs,1.62,GA,11,0,3,26.09507,1.247964,251.4156,48.7933,62.135000000000005,14.6034,43.09582,
fs,1.62,GA,12,0,2,31.25099,1.239527,27.87476,52.8703,62.30500000000001,21.0364,25.75256,
fs,1.62,GA,13,0,1,40.86761,1.224439,11.5229,52.2422,61.17400000000001,19.6157,43.86222,
fs,1.62,GA,14,0,1,29.65401,1.226237,19.95264,54.0612,60.53,19.7323,53.06105,
fs,1.62,GA,15,1,0,18.87489,1.21965,24.67176,53.5342,61.05200000000001,29.6436,24.66517,
fs,1.62,GA,16,0,2,16.52892,1.230029,17.96952,44.726,61.009,36.1592,26.17985,
fs,1.62,GA,17,0,3,20.61578,1.21684,5252.234,47.2316,65.614,34.3248,27.94498,
fs,1.62,GA,18,0,1,43.64875,1.219125,24.12063,49.7309,60.878,18.0681,50.67689,
fs,1.62,GA,19,0,2,14.62828,1.230179,25.70703,47.6434,64.167,28.5099,30.40697,
fs,1.62,GA,20,0,3,13.957,1.265941,300.3778,23.3602,87.7806,27.0834,32.68575,
fs,1.62,GA,21,0,3,15.51338,1.24781,269.3252,49.7182,64.054,17.5956,42.43349,
fs,1.62,GA,22,0,2,23.28736,1.247835,5740.886,52.1183,68.516,14.5187,29.25788,
fs,1.62,GA,23,0,3,13.73645,1.242211,6117.859,47.7856,64.252,15.8964,38.2433,
fs,1.62,GA,24,0,2,43.97641,1.22378,40.8174,50.5695,61.039,14.6206,49.78285,
fs,1.62,GA,25,0,6,-200.0,,,,,,,measure_failed
fs,1.62,GA,26,0,2,7.716425,1.457337,650.356,50.0659,75.637,24.5955,54.31572,
fs,1.62,GA,27,0,1,12.58714,1.2553,13.36877,55.9145,63.202,14.9568,27.26926,
fs,1.62,GA,28,0,3,21.65298,1.2148,5246.687,49.6976,85.5594,33.6391,28.54589,
fs,1.62,GA,29,0,2,30.43442,1.236366,28.27936,54.6276,60.904,21.3139,48.32734,
fs,1.62,GWO,0,0,1,39.5946,1.274061,15.65978,54.7912,64.411,16.1169,36.21931,
fs,1.62,GWO,1,0,2,26.87248,1.255433,28.05745,50.4359,66.076,19.9757,42.92411,
fs,1.62,GWO,2,0,1,52.07568,1.229562,14.02322,52.4824,62.266000000000005,16.9118,45.21418,
fs,1.62,GWO,3,0,2,36.13441,1.239597,14.13949,47.6067,69.588,20.0074,31.92102,
fs,1.62,GWO,4,0,1,38.00673,1.26813,18.68655,51.7568,63.31,19.121,30.37194,
fs,1.62,GWO,5,0,1,41.53134,1.231647,3.601977,54.4833,68.302,22.6046,32.10284,
fs,1.62,GWO,6,0,1,39.63082,1.289829,9.608979,55.2692,65.482,17.5723,35.83764,
fs,1.62,GWO,7,0,1,41.12085,1.240441,7.69521,55.383,67.73,18.932,39.26646,
fs,1.62,GWO,8,0,1,44.41471,1.237032,15.27116,54.8238,62.307,16.1017,37.84322,
fs,1.62,GWO,9,0,2,39.79721,1.226076,15.89698,49.9021,70.95,24.9742,34.86487,
fs,1.62,GWO,10,0,2,48.23346,1.211709,5242.267,52.5958,64.826,27.8537,37.08457,
fs,1.62,GWO,11,0,1,37.25968,1.267707,7.945627,53.5267,64.338,15.89,42.33362,
fs,1.62,GWO,12,0,1,38.07084,1.271594,17.56802,53.4353,66.161,19.1999,39.84172,
fs,1.62,GWO,13,0,2,32.67702,1.244011,16.53011,55.9142,68.678,22.3421,55.20137,
fs,1.62,GWO,14,0,1,46.17521,1.214812,14.50281,51.7116,63.56100000000001,23.5607,41.34852,
fs,1.62,GWO,15,0,1,41.11695,1.248755,7.401311,50.7347,67.149,19.4368,35.57596,
fs,1.62,GWO,16,0,3,42.62178,1.201816,3535.403,49.5475,66.808,17.6017,40.59432,
fs,1.62,GWO,17,0,6,-200.0,,,,,,,measure_failed
fs,1.62,GWO,18,0,1,39.49697,1.265207,6.591328,55.1284,62.908,15.7854,47.21099,
fs,1.62,GWO,19,0,2,35.72983,1.2142,10.85139,49.7083,78.527,27.1628,32.24389,
fs,1.62,GWO,20,0,1,42.26791,1.267337,20.08506,51.5725,64.806,16.1901,37.78056,
fs,1.62,GWO,21,0,1,40.65334,1.261153,13.49895,50.5761,64.186,20.2739,36.31412,
fs,1.62,GWO,22,1,0,31.82273,1.221347,14.9115,50.127,66.597,18.9092,40.47883,
fs,1.62,GWO,23,0,1,26.21654,1.224363,8.405113,53.2908,62.994,25.9306,28.75478,
fs,1.62,GWO,24,0,2,39.92312,1.234409,26.61561,54.7808,64.974,27.4889,29.90248,
fs,1.62,GWO,25,0,1,31.8477,1.234105,21.32818,53.1457,68.827,19.0084,42.75733,
fs,1.62,GWO,26,0,6,-200.0,,,,,,,measure_failed
fs,1.62,GWO,27,0,1,38.2174,1.268165,10.33705,53.5794,68.942,17.5087,39.98662,
fs,1.62,GWO,28,0,6,-200.0,,,,,,,timeout
fs,1.62,GWO,29,0,6,-200.0,,,,,,,timeout
fs,1.62,PSO,0,0,6,-200.0,,,,,,,timeout
fs,1.62,PSO,1,0,1,28.96064,1.236944,23.85645,53.9873,61.378,20.3379,33.934,
fs,1.62,PSO,2,0,6,-200.0,,,,,,,measure_failed
fs,1.62,PSO,3,0,2,19.39754,1.223071,18.69611,47.1243,71.904,20.053,54.91049,
fs,1.62,PSO,4,0,3,17.79819,1.224572,28.28446,46.584,61.691,31.1838,36.21271,
fs,1.62,PSO,5,0,2,24.66403,1.210324,51.03066,50.4466,69.045,24.7234,54.6934,
fs,1.62,PSO,6,0,2,47.52954,1.222338,19.8725,49.7268,60.786,17.7626,53.93036,
fs,1.62,PSO,7,0,1,35.30909,1.231751,7.193504,51.1019,63.867,20.0756,45.83389,
fs,1.62,PSO,8,0,2,47.34077,1.214137,3530.526,53.5708,70.612,25.3402,28.45172,
fs,1.62,PSO,9,0,2,12.39651,1.216905,22.91955,45.2822,79.034,27.8331,43.51759,
fs,1.62,PSO,10,0,2,34.97659,1.233183,5773.152,52.134,62.963,14.42,23.8847,
fs,1.62,PSO,11,0,2,30.79904,1.223407,33.1662,57.1433,60.71,27.3324,26.57191,
fs,1.62,PSO,12,0,3,16.03949,1.224702,66.8165,30.6061,88.7552,51.0631,21.47713,
fs,1.62,PSO,13,0,4,20.56593,1.239721,40.67386,49.7554,62.934,16.6608,55.63525,
fs,1.62,PSO,14,0,1,35.21053,1.21954,27.15877,53.5366,61.381,28.6591,23.8064,
fs,1.62,PSO,15,0,6,-200.0,,,,,,,measure_failed
fs,1.62,PSO,16,0,2,25.19175,1.257127,9.801088,54.1661,61.015,21.367,56.17822,
fs,1.62,PSO,17,0,3,23.15506,1.234348,6281.765,49.7593,60.42400000000001,19.0506,37.71281,
fs,1.62,PSO,18,0,2,29.33561,1.245713,17.62651,50.7492,62.282,15.047,55.77964,
fs,1.62,PSO,19,0,4,12.42913,1.223685,47.06598,46.9169,77.694,21.9716,55.05156,
fs,1.62,PSO,20,0,4,17.50328,1.258215,6108.515,46.1707,64.199,16.1546,56.2099,
fs,1.62,PSO,21,0,3,22.46362,1.25296,78.20995,47.1247,68.273,27.2415,33.49669,
fs,1.62,PSO,22,0,2,37.9024,1.257547,98.59985,59.3327,60.627,14.7631,36.27418,
fs,1.62,PSO,23,0,2,15.83749,1.223097,23.34858,45.5651,67.812,25.5172,43.83778,
fs,1.62,PSO,24,0,4,13.73008,1.226275,6321.755,48.9279,78.387,23.9069,55.23527,
fs,1.62,PSO,25,0,2,12.85993,1.227373,17.76645,42.5743,64.499,25.8971,30.6049,
fs,1.62,PSO,26,0,4,20.41357,1.252391,53.99127,49.5382,60.884,22.5079,56.01377,
fs,1.62,PSO,27,0,1,19.56997,1.251496,13.66123,51.404,61.089,15.4874,41.62005,
fs,1.62,PSO,28,0,6,-200.0,,,,,,,no_convergence
fs,1.62,PSO,29,0,3,28.52852,1.231239,31.27178,49.0802,68.754,29.9611,33.70576,
fs,1.8,ABC,0,0,6,-200.0,,,,,,,timeout
fs,1.8,ABC,1,0,6,-200.0,,,,,,,timeout
fs,1.8,ABC,2,0,6,-200.0,,,,,,,timeout
fs,1.8,ABC,3,0,6,-200.0,,,,,,,timeout
fs,1.8,ABC,4,0,6,-200.0,,,,,,,timeout
fs,1.8,ABC,5,0,6,-200.0,,,,,,,timeout
fs,1.8,ABC,6,0,6,-200.0,,,,,,,timeout
fs,1.8,ABC,7,0,6,-200.0,,,,,,,timeout
fs,1.8,ABC,8,0,6,-200.0,,,,,,,timeout
fs,1.8,ABC,9,0,6,-200.0,,,,,,,timeout
fs,1.8,ABC,10,0,6,-200.0,,,,,,,timeout
fs,1.8,ABC,11,0,6,-200.0,,,,,,,timeout
fs,1.8,ABC,12,0,6,-200.0,,,,,,,timeout
fs,1.8,ABC,13,0,6,-200.0,,,,,,,timeout
fs,1.8,ABC,14,0,6,-200.0,,,,,,,timeout
fs,1.8,ABC,15,0,6,-200.0,,,,,,,timeout
fs,1.8,ABC,16,0,6,-200.0,,,,,,,timeout
fs,1.8,ABC,17,0,6,-200.0,,,,,,,timeout
fs,1.8,ABC,18,0,6,-200.0,,,,,,,timeout
fs,1.8,ABC,19,0,6,-200.0,,,,,,,timeout
fs,1.8,ABC,20,0,6,-200.0,,,,,,,timeout
fs,1.8,ABC,21,0,6,-200.0,,,,,,,timeout
fs,1.8,ABC,22,0,6,-200.0,,,,,,,timeout
fs,1.8,ABC,23,0,6,-200.0,,,,,,,timeout
fs,1.8,ABC,24,0,6,-200.0,,,,,,,timeout
fs,1.8,ABC,25,0,6,-200.0,,,,,,,timeout
fs,1.8,ABC,26,0,6,-200.0,,,,,,,timeout
fs,1.8,ABC,27,0,6,-200.0,,,,,,,timeout
fs,1.8,ABC,28,0,6,-200.0,,,,,,,timeout
fs,1.8,ABC,29,0,6,-200.0,,,,,,,timeout
fs,1.8,ACO,0,0,6,-200.0,,,,,,,timeout
fs,1.8,ACO,1,0,6,-200.0,,,,,,,timeout
fs,1.8,ACO,2,0,6,-200.0,,,,,,,timeout
fs,1.8,ACO,3,0,6,-200.0,,,,,,,timeout
fs,1.8,ACO,4,0,6,-200.0,,,,,,,timeout
fs,1.8,ACO,5,0,6,-200.0,,,,,,,timeout
fs,1.8,ACO,6,0,6,-200.0,,,,,,,timeout
fs,1.8,ACO,7,0,6,-200.0,,,,,,,timeout
fs,1.8,ACO,8,0,6,-200.0,,,,,,,timeout
fs,1.8,ACO,9,0,6,-200.0,,,,,,,timeout
fs,1.8,ACO,10,0,6,-200.0,,,,,,,timeout
fs,1.8,ACO,11,0,6,-200.0,,,,,,,timeout
fs,1.8,ACO,12,0,6,-200.0,,,,,,,timeout
fs,1.8,ACO,13,0,6,-200.0,,,,,,,timeout
fs,1.8,ACO,14,0,6,-200.0,,,,,,,timeout
fs,1.8,ACO,15,0,6,-200.0,,,,,,,timeout
fs,1.8,ACO,16,0,6,-200.0,,,,,,,timeout
fs,1.8,ACO,17,0,6,-200.0,,,,,,,timeout
fs,1.8,ACO,18,0,6,-200.0,,,,,,,timeout
fs,1.8,ACO,19,0,6,-200.0,,,,,,,timeout
fs,1.8,ACO,20,0,6,-200.0,,,,,,,timeout
fs,1.8,ACO,21,0,6,-200.0,,,,,,,timeout
fs,1.8,ACO,22,0,6,-200.0,,,,,,,timeout
fs,1.8,ACO,23,0,6,-200.0,,,,,,,timeout
fs,1.8,ACO,24,0,6,-200.0,,,,,,,timeout
fs,1.8,ACO,25,0,6,-200.0,,,,,,,timeout
fs,1.8,ACO,26,0,6,-200.0,,,,,,,timeout
fs,1.8,ACO,27,0,6,-200.0,,,,,,,timeout
fs,1.8,ACO,28,0,6,-200.0,,,,,,,timeout
fs,1.8,ACO,29,0,6,-200.0,,,,,,,timeout
fs,1.8,FA,0,0,6,-200.0,,,,,,,no_convergence
fs,1.8,FA,1,0,3,19.77445,1.213891,26.95564,33.0008,85.254,22.8931,39.31794,
fs,1.8,FA,2,0,2,20.34923,1.245682,31.60493,53.3183,61.807,25.162,38.77742,
fs,1.8,FA,3,0,1,12.88272,1.220106,23.74856,49.8305,78.902,31.4235,27.89006,
fs,1.8,FA,4,0,2,25.46987,1.245941,101.8386,55.4993,64.522,15.8061,47.0947,
fs,1.8,FA,5,0,3,21.04012,1.222113,26.89331,41.9779,79.954,40.2534,23.11553,
fs,1.8,FA,6,0,2,22.24444,1.240544,107.2697,50.2663,85.1563,34.8865,31.47152,
fs,1.8,FA,7,0,3,16.66715,1.225252,125.7824,49.9815,82.8583,27.6548,30.69358,
fs,1.8,FA,8,0,2,20.66423,1.223529,32.03847,50.0937,86.6244,36.7984,25.93411,
fs,1.8,FA,9,0,2,23.20206,1.25023,6235.812,50.4086,83.8049,31.9078,29.41814,
fs,1.8,FA,10,0,3,21.95856,1.226397,28.72667,47.6742,85.698,25.3628,35.66169,
fs,1.8,FA,11,0,2,23.76334,1.211084,5474.66,50.2562,82.5603,21.8915,53.17956,
fs,1.8,FA,12,0,3,3.038036,1.144586,234.0876,8.25599,104.5958,40.1259,22.77581,
fs,1.8,FA,13,0,2,25.08953,1.252658,233.9268,51.1673,83.6467,22.3233,45.52688,
fs,1.8,FA,14,1,0,19.86956,1.218736,22.00989,50.3587,64.235,30.873,33.13408,
fs,1.8,FA,15,0,1,22.70185,1.234164,19.86377,50.2406,62.403000000000006,26.3058,43.25072,
fs,1.8,FA,16,0,2,18.92159,1.22341,25.69074,42.8066,67.499,38.6648,21.83458,
fs,1.8,FA,17,0,2,21.72723,1.237712,158.2245,51.154,85.1227,24.4991,53.85173,
fs,1.8,FA,18,0,2,24.97515,1.216023,3274.288,50.2203,81.5161,18.9105,48.75784,
fs,1.8,FA,19,0,2,24.57274,1.252453,32.54704,51.9661,82.33,21.1645,37.73295,
fs,1.8,FA,20,0,4,20.71471,1.237511,143.1417,45.0813,72.474,24.1236,108.1525,
fs,1.8,FA,21,0,1,23.23803,1.236009,24.1785,55.0721,75.499,28.6789,29.76631,
fs,1.8,FA,22,0,3,27.23629,1.242309,43.9992,35.4204,84.2646,36.7098,34.54906,
fs,1.8,FA,23,0,2,18.68599,1.217647,27.61909,53.1083,86.6872,31.7066,25.20126,
fs,1.8,FA,24,0,1,30.87843,1.232966,23.48611,51.5547,84.2747,32.7546,28.47161,
fs,1.8,FA,25,0,2,20.92819,1.223384,26.47896,52.3729,82.1986,24.5122,29.08827,
fs,1.8,FA,26,0,2,23.10128,1.229493,29.07826,50.284,84.7538,25.2115,31.29428,
fs,1.8,FA,27,0,1,21.76502,1.250261,6.888259,51.1119,85.4806,23.8121,51.46261,
fs,1.8,FA,28,0,2,25.34692,1.24107,6168.537,51.4908,86.1171,32.053,27.88958,
fs,1.8,FA,29,0,2,21.21917,1.210391,5135.099,50.0782,73.809,30.1902,30.36913,
fs,1.8,GA,0,0,1,32.94407,1.221205,27.93068,55.0327,60.612,28.8823,32.50042,
fs,1.8,GA,1,0,2,24.52467,1.245198,26.30225,51.0341,68.468,18.1976,41.61146,
fs,1.8,GA,2,0,2,30.5319,1.224376,27.4772,54.0355,60.547,33.4375,25.30679,
fs,1.8,GA,3,0,2,29.14069,1.21693,4814.368,50.7458,65.945,27.071,37.84117,
fs,1.8,GA,4,0,1,46.73139,1.224475,25.45556,55.0577,60.891000000000005,18.6319,26.40821,
fs,1.8,GA,5,0,2,35.97422,1.213296,5356.233,53.7403,67.886,22.3709,25.53496,
fs,1.8,GA,6,1,0,40.30154,1.221194,24.81923,54.2888,65.832,29.3026,33.40283,
fs,1.8,GA,7,0,1,23.53323,1.218684,23.76632,45.314,67.119,32.2328,22.61612,
fs,1.8,GA,8,0,2,41.53268,1.222858,21.0882,49.9899,60.744,16.8537,29.6528,
fs,1.8,GA,9,0,6,-200.0,,,,,,,measure_failed
fs,1.8,GA,10,0,2,36.74466,1.280437,25.28493,51.6474,59.68000000000001,14.5061,53.33722,
fs,1.8,GA,11,0,4,33.02081,1.249933,266.6276,53.5006,59.52,13.7479,43.16614,
fs,1.8,GA,12,0,2,33.94569,1.239282,28.33508,53.2998,61.97,21.1273,25.74848,
fs,1.8,GA,13,0,1,46.90552,1.224761,25.77126,52.2916,60.793000000000006,19.3894,43.87712,
fs,1.8,GA,14,0,2,42.50078,1.226497,27.11343,54.599,60.56399999999999,19.0631,53.07388,
fs,1.8,GA,15,0,1,31.72872,1.223486,22.16716,55.6112,60.397000000000006,29.1093,24.79804,
fs,1.8,GA,16,0,1,36.83455,1.231071,15.29587,51.1351,60.19199999999999,35.4381,26.21891,
fs,1.8,GA,17,0,2,44.51451,1.217595,5160.544,51.687,64.609,33.8169,27.97436,
fs,1.8,GA,18,1,0,46.86251,1.219743,24.95806,50.2092,60.523,18.0844,50.70172,
fs,1.8,GA,19,0,1,29.83904,1.231252,19.3693,55.3705,62.258,25.9745,30.44705,
fs,1.8,GA,20,0,3,29.79115,1.269144,303.8746,24.9688,85.6847,25.5028,32.79778,
fs,1.8,GA,21,0,3,41.10392,1.24877,283.047,54.6796,59.848,16.2601,42.4699,
fs,1.8,GA,22,0,3,34.4987,1.25071,5752.429,55.484,67.22,13.7145,29.35872,
fs,1.8,GA,23,0,3,35.01386,1.243623,6116.974,52.2197,59.702,14.2864,38.29489,
fs,1.8,GA,24,0,1,46.6868,1.224761,23.15356,50.7558,60.675,14.5127,49.81988,
fs,1.8,GA,25,0,6,-200.0,,,,,,,measure_failed
fs,1.8,GA,26,0,6,-200.0,,,,,,,timeout
fs,1.8,GA,27,0,6,-200.0,,,,,,,timeout
fs,1.8,GA,28,0,2,24.16859,1.217,4621.137,50.0482,85.4182,33.5003,28.62378,
fs,1.8,GA,29,0,2,32.54957,1.239306,27.72813,59.0778,60.258,20.904,48.43026,
fs,1.8,GWO,0,0,1,47.82326,1.274162,17.78471,55.1725,63.907,16.0529,36.2268,
fs,1.8,GWO,1,0,1,38.23391,1.255322,14.69622,52.4777,65.603,19.1728,42.92447,
fs,1.8,GWO,2,0,1,41.52014,1.230554,13.47508,53.0486,61.932,16.5854,45.25162,
fs,1.8,GWO,3,0,1,47.92338,1.239875,12.15665,51.3379,68.733,18.9381,31.93447,
fs,1.8,GWO,4,0,1,48.35052,1.268023,20.39443,52.1128,62.491,18.4819,30.37243,
fs,1.8,GWO,5,0,1,46.12675,1.232671,7.124219,54.9307,67.862,22.6292,32.1413,
fs,1.8,GWO,6,0,1,46.77423,1.289881,9.31728,55.9148,64.333,16.9695,35.84349,
fs,1.8,GWO,7,0,1,49.84341,1.241507,8.215822,55.48,67.279,18.6413,39.30637,
fs,1.8,GWO,8,0,1,51.19921,1.23731,15.28732,55.3185,61.795,15.7463,37.85663,
fs,1.8,GWO,9,0,1,51.35422,1.226426,13.55997,51.623,70.307,24.5633,34.88071,
fs,1.8,GWO,10,0,2,55.47296,1.211732,5154.043,53.221,64.287,27.5681,37.08938,
fs,1.8,GWO,11,0,1,47.54961,1.267401,9.645126,53.8601,63.922,15.4686,42.32749,
fs,1.8,GWO,12,0,6,-200.0,,,,,,,timeout
fs,1.8,GWO,13,0,6,-200.0,,,,,,,timeout
fs,1.8,GWO,14,0,1,44.89453,1.214729,8.242267,52.0614,63.366,23.3324,41.35003,
fs,1.8,GWO,15,0,1,45.07105,1.249362,7.315249,51.5034,66.51,18.9984,35.60045,
fs,1.8,GWO,16,0,3,46.82976,1.202188,4478.507,49.7757,66.583,17.3126,40.61099,
fs,1.8,GWO,17,0,6,-200.0,,,,,,,measure_failed
fs,1.8,GWO,18,0,1,45.64656,1.265094,2.730663,55.5281,62.644000000000005,15.3129,47.21128,
fs,1.8,GWO,19,0,1,41.95174,1.214312,21.89543,50.3557,78.162,27.1582,32.2517,
fs,1.8,GWO,20,0,1,49.85357,1.26718,22.78502,51.9293,64.228,15.7826,37.77941,
fs,1.8,GWO,21,0,1,47.67158,1.261009,13.31305,51.4145,63.35,19.7706,36.31334,
fs,1.8,GWO,22,1,0,44.08176,1.221152,13.98084,51.0618,66.437,18.7512,40.47644,
fs,1.8,GWO,23,0,1,39.4799,1.223233,22.64739,54.1003,62.654,26.2525,28.721,
fs,1.8,GWO,24,0,1,45.88806,1.234287,22.00264,55.5633,64.443,27.5195,29.90245,
fs,1.8,GWO,25,0,1,38.68185,1.234676,13.48409,53.7316,68.606,18.535,42.78065,
fs,1.8,GWO,26,0,6,-200.0,,,,,,,measure_failed
fs,1.8,GWO,27,0,1,43.13961,1.268659,14.11177,53.9711,68.286,17.1343,40.00734,
fs,1.8,GWO,28,1,0,47.38729,1.221041,25.27898,52.4466,61.719,14.9081,42.47899,
fs,1.8,GWO,29,0,1,34.84484,1.244898,15.04809,54.7196,66.701,18.5351,37.99393,
fs,1.8,PSO,0,0,1,36.91033,1.243827,24.66484,60.648,60.13,24.8861,34.05919,
fs,1.8,PSO,1,0,1,38.90334,1.236877,24.74463,54.8303,60.702,20.0087,33.93585,
fs,1.8,PSO,2,0,3,12.968,0.3563892,17850.66,24.8157,256.9259,39.6578,13.93779,
fs,1.8,PSO,3,0,2,30.89832,1.225503,29.57351,52.8005,67.998,17.0329,54.99623,
fs,1.8,PSO,4,0,1,44.91083,1.22512,25.68951,50.8823,60.126000000000005,30.8017,36.23519,
fs,1.8,PSO,5,0,2,30.75214,1.211412,26.95577,50.6247,68.951,24.3191,54.73411,
fs,1.8,PSO,6,0,2,46.80662,1.222654,24.84907,49.8072,60.503,17.5695,53.9451,
fs,1.8,PSO,7,0,1,45.3637,1.231418,5.143122,51.9496,63.602,20.0321,45.82687,
fs,1.8,PSO,8,0,2,38.04678,1.214416,5103.61,53.848,70.459,25.4621,28.46525,
fs,1.8,PSO,9,0,2,27.59593,1.223968,29.24913,50.4306,76.731,26.3035,43.75876,
fs,1.8,PSO,10,0,2,51.90062,1.233079,5392.124,52.4094,61.858,14.0091,23.88526,
fs,1.8,PSO,11,0,1,37.62195,1.224781,25.25622,57.3734,60.352,27.1311,26.62213,
fs,1.8,PSO,12,0,3,27.2728,1.232113,27.21612,31.2801,88.1797,50.1997,21.73016,
fs,1.8,PSO,13,0,4,34.09137,1.240909,32.27351,57.8344,59.824,14.7455,55.67927,
fs,1.8,PSO,14,0,1,42.70261,1.219622,28.88625,53.7854,60.697,28.0827,23.81323,
fs,1.8,PSO,15,0,6,-200.0,,,,,,,measure_failed
fs,1.8,PSO,16,0,2,38.2394,1.257314,13.15937,54.4475,60.988,20.8795,56.1886,
fs,1.8,PSO,17,0,3,26.89184,1.234226,6257.524,54.2113,59.974,18.2743,37.71279,
fs,1.8,PSO,18,0,3,44.92241,1.24522,31.17862,51.9636,60.405,14.4312,55.76713,
fs,1.8,PSO,19,0,2,28.82274,1.22771,15.60925,52.297,75.999,22.4144,55.19084,
fs,1.8,PSO,20,0,4,34.31783,1.259525,6031.52,50.8427,59.739,14.9075,56.2581,
fs,1.8,PSO,21,0,1,52.05465,1.253832,15.21638,53.8936,65.937,26.3151,33.53015,
fs,1.8,PSO,22,0,3,45.22348,1.258515,58.7802,59.3011,59.852,14.3398,36.31084,
fs,1.8,PSO,23,0,2,45.39901,1.223922,29.38393,55.6161,65.919,24.3991,43.86956,
fs,1.8,PSO,24,0,3,27.20347,1.233271,6296.19,50.3951,76.822,23.7509,55.47438,
fs,1.8,PSO,25,0,1,31.72166,1.228486,20.23185,53.9035,60.155,20.9461,30.64633,
fs,1.8,PSO,26,0,3,33.2371,1.252372,22.05754,55.3033,59.786,22.3031,56.01717,
fs,1.8,PSO,27,0,3,26.39538,1.259766,29.27432,55.3834,59.444,14.5364,41.90256,
fs,1.8,PSO,28,0,6,-200.0,,,,,,,no_convergence
fs,1.8,PSO,29,0,2,47.69304,1.231391,32.2375,50.5605,67.873,29.6004,33.71494,
fs,1.98,ABC,0,0,6,-200.0,,,,,,,timeout
fs,1.98,ABC,1,1,0,30.65147,1.219673,10.34058,51.7951,71.636,26.9814,31.23122,
fs,1.98,ABC,2,0,6,-200.0,,,,,,,timeout
fs,1.98,ABC,3,0,2,28.97024,1.239117,31.46424,51.3408,71.74,21.5311,35.7795,
fs,1.98,ABC,4,0,1,36.43206,1.221308,39.6743,51.2547,70.11,25.1561,26.37662,
fs,1.98,ABC,5,1,0,45.81814,1.220792,18.86505,56.4539,60.459,17.4929,53.65926,
fs,1.98,ABC,6,1,0,36.13597,1.221354,24.76139,53.545,72.713,30.7859,32.52586,
fs,1.98,ABC,7,0,1,37.87234,1.223887,16.98018,53.3136,80.7635,24.7744,29.4086,
fs,1.98,ABC,8,0,2,36.71137,1.235459,24.72888,53.5678,65.799,17.189,55.41485,
fs,1.98,ABC,9,0,1,46.20583,1.217391,10.04632,52.1132,75.238,21.4374,43.21534,
fs,1.98,ABC,10,0,3,37.86059,1.286562,36.60684,53.2211,61.834,13.6704,48.55604,
fs,1.98,ABC,11,0,1,45.83911,1.21994,26.00724,52.5372,69.616,27.3236,36.75623,
fs,1.98,ABC,12,0,6,-200.0,,,,,,,measure_failed
fs,1.98,ABC,13,0,1,45.88068,1.226585,24.39392,55.773,60.497,25.5043,39.75221,
fs,1.98,ABC,14,0,2,37.30047,1.228284,29.53122,53.1301,61.132000000000005,15.1513,30.85922,
fs,1.98,ABC,15,0,1,35.58827,1.221636,24.2298,56.6417,64.022,23.2871,26.48999,
fs,1.98,ABC,16,0,2,27.37606,1.223481,29.75613,55.2723,66.285,28.1814,25.87075,
fs,1.98,ABC,17,0,1,37.13058,1.227174,25.73046,54.0504,60.228,31.235,43.45553,
fs,1.98,ABC,18,0,1,39.1297,1.238751,9.026688,57.7313,70.688,20.9002,39.24535,
fs,1.98,ABC,19,1,0,40.71636,1.218749,25.13258,53.8479,62.173,19.4587,43.02144,
fs,1.98,ABC,20,0,1,39.2156,1.235345,4.847131,54.0902,69.548,24.2684,26.77626,
fs,1.98,ABC,21,0,1,27.9949,1.238838,21.4277,51.9742,60.69499999999999,20.9953,35.20755,
fs,1.98,ABC,22,0,1,40.39138,1.231593,24.98366,54.4831,61.031000000000006,27.5174,40.5115,
fs,1.98,ABC,23,0,1,40.5667,1.232568,22.01366,54.2567,68.941,29.297,26.94155,
fs,1.98,ABC,24,0,3,27.87842,1.228621,28.13699,58.6716,61.516000000000005,13.9281,39.16712,
fs,1.98,ABC,25,0,6,-200.0,,,,,,,no_convergence
fs,1.98,ABC,26,0,3,19.98907,1.223158,17.73848,56.5423,57.615,13.421,44.53195,
fs,1.98,ABC,27,0,2,43.98544,1.214635,3171.698,57.0569,61.13,18.8616,34.9749,
fs,1.98,ABC,28,0,1,31.81463,1.230588,24.35396,52.0437,65.783,18.9602,50.88821,
fs,1.98,ABC,29,0,2,21.50036,1.279301,29.50949,55.1868,60.575,21.5673,54.78181,
fs,1.98,ACO,0,0,1,37.78396,1.228366,10.38581,56.5533,65.825,20.7281,31.80928,
fs,1.98,ACO,1,0,1,32.70137,1.235483,15.24125,56.9391,64.505,23.1655,51.68005,
fs,1.98,ACO,2,0,1,32.05753,1.227567,13.45356,55.2357,72.444,21.9515,44.43939,
fs,1.98,ACO,3,0,2,34.75766,1.231711,58.32242,53.1084,67.051,20.8197,34.60802,
fs,1.98,ACO,4,0,2,44.62743,1.2221,31.65441,54.6456,60.944,20.8949,46.39237,
fs,1.98,ACO,5,0,1,39.89853,1.234337,20.22924,53.2432,75.011,27.8338,38.42195,
fs,1.98,ACO,6,0,2,33.9186,1.232363,27.63845,58.7821,75.635,27.611,32.29891,
fs,1.98,ACO,7,0,1,35.12273,1.234425,8.420066,51.2035,70.356,22.9946,41.78122,
fs,1.98,ACO,8,0,1,35.42929,1.235927,10.01824,57.9514,70.524,29.5869,30.19302,
fs,1.98,ACO,9,0,1,40.16016,1.226813,23.58908,54.1648,68.912,20.4909,49.55071,
fs,1.98,ACO,10,0,1,39.45192,1.232008,10.61583,51.9247,71.682,28.6288,35.40145,
fs,1.98,ACO,11,0,1,33.61691,1.229938,21.00623,54.6366,63.916,19.687,40.39236,
fs,1.98,ACO,12,0,1,30.09586,1.231261,19.16242,55.1743,75.364,25.9104,45.63805,
fs,1.98,ACO,13,0,1,25.82036,1.21998,27.94383,58.3755,81.3188,28.8046,32.91179,
fs,1.98,ACO,14,0,1,32.17169,1.225387,9.011377,52.9221,79.191,22.8096,37.12729,
fs,1.98,ACO,15,0,1,32.18762,1.231183,19.8971,53.4442,60.112,29.8349,30.15428,
fs,1.98,ACO,16,0,1,34.69871,1.231428,13.81988,51.8797,72.455,33.0595,29.20221,
fs,1.98,ACO,17,0,1,43.21935,1.22975,11.8674,59.162,60.482,21.2533,41.92016,
fs,1.98,ACO,18,0,2,28.48381,1.230501,69.21546,53.8135,66.64,20.8632,43.95539,
fs,1.98,ACO,19,0,2,39.73558,1.234574,29.29731,59.5983,66.766,20.7097,42.38384,
fs,1.98,ACO,20,0,1,42.46157,1.235141,6.12861,52.034,80.8313,28.4551,35.07532,
fs,1.98,ACO,21,0,1,35.84282,1.235105,17.18416,60.971,66.675,26.9529,35.11616,
fs,1.98,ACO,22,0,1,31.75075,1.241054,18.46427,51.9418,74.34,35.0172,25.84944,
fs,1.98,ACO,23,0,1,45.84948,1.230381,11.47218,55.0967,63.978,20.5475,53.67208,
fs,1.98,ACO,24,0,1,42.97469,1.226673,11.44757,50.5616,61.901,19.0621,54.63036,
fs,1.98,ACO,25,0,1,31.25564,1.225127,20.62371,54.8055,79.312,22.0056,48.33605,
fs,1.98,ACO,26,0,1,31.17165,1.222065,18.40402,52.5607,62.563,22.0356,32.85788,
fs,1.98,ACO,27,0,1,35.69593,1.231649,13.56644,56.1378,71.847,25.6708,38.65673,
fs,1.98,ACO,28,0,1,28.29689,1.260961,22.07552,52.8239,82.9386,23.1533,34.56841,
fs,1.98,ACO,29,0,2,38.51795,1.221954,38.77545,59.7455,68.992,28.1248,32.85274,
fs,1.98,FA,0,0,6,-200.0,,,,,,,no_convergence
fs,1.98,FA,1,0,3,21.39023,1.216328,43.69834,32.692,85.232,22.7911,39.40378,
fs,1.98,FA,2,0,2,21.66072,1.253063,35.79592,53.4877,61.548,25.1229,39.02985,
fs,1.98,FA,3,0,2,15.58944,1.224142,20.91261,49.8798,78.893,31.6767,28.02964,
fs,1.98,FA,4,0,2,26.40984,1.254452,138.2035,55.6627,64.202,15.7582,47.3852,
fs,1.98,FA,5,0,3,23.15631,1.224939,38.92835,42.8015,79.74,39.9994,23.21449,
fs,1.98,FA,6,0,2,23.45016,1.240711,93.39708,50.3201,85.1235,34.9796,31.48123,
fs,1.98,FA,7,0,2,18.7683,1.225723,107.7262,52.0007,82.7438,27.4248,30.71345,
fs,1.98,FA,8,0,2,21.79751,1.227162,47.45119,50.1709,86.5975,36.8099,26.06018,
fs,1.98,FA,9,0,2,24.96373,1.252269,6196.723,50.5235,83.7176,31.8601,29.49084,
fs,1.98,FA,10,0,1,23.1365,1.229961,25.96288,51.5652,85.4144,24.8967,35.78548,
fs,1.98,FA,11,0,1,23.72035,1.219558,5244.365,50.4722,82.5606,21.8668,53.46799,
fs,1.98,FA,12,0,3,1.194559,1.305207,415.1251,10.8519,96.7836,39.2723,28.17227,
fs,1.98,FA,13,0,2,26.26927,1.260264,5550.457,51.309,83.6132,22.2636,45.78703,
fs,1.98,FA,14,1,0,21.00406,1.218916,20.91277,50.6094,64.078,30.8765,33.14417,
fs,1.98,FA,15,0,1,23.96422,1.235005,8.803792,50.3453,62.331,26.3136,43.28303,
fs,1.98,FA,16,0,3,19.93305,1.226026,31.67662,42.9084,67.331,38.6201,21.92648,
fs,1.98,FA,17,0,2,23.68446,1.242509,155.526,51.7486,85.074,24.3991,54.01706,
fs,1.98,FA,18,0,2,25.32618,1.225752,229.0937,50.4551,81.4332,18.8273,49.08852,
fs,1.98,FA,19,0,2,24.62304,1.255721,32.50577,52.6738,82.2462,21.0945,37.84702,
fs,1.98,FA,20,0,4,21.92616,1.245313,114.3974,45.2552,72.333,24.3712,108.4189,
fs,1.98,FA,21,0,2,23.71458,1.236734,32.69119,55.1583,75.413,28.8127,29.79475,
fs,1.98,FA,22,0,3,30.97982,1.243245,102.8394,36.382,84.0482,36.5548,34.58461,
fs,1.98,FA,23,0,1,19.45401,1.218697,29.71877,53.6606,86.6528,31.6387,25.24057,
fs,1.98,FA,24,0,1,32.4407,1.236471,23.75284,52.5378,84.1724,32.8336,28.59349,
fs,1.98,FA,25,0,2,21.51624,1.226188,26.51232,53.6579,82.0982,24.4758,29.1865,
fs,1.98,FA,26,0,2,24.32924,1.237046,49.09545,50.4443,84.6771,25.1081,31.55218,
fs,1.98,FA,27,0,2,23.48229,1.253951,33.6198,51.2376,85.4718,23.7603,51.59088,
fs,1.98,FA,28,0,2,27.67173,1.242873,6064.275,51.715,86.0752,32.0894,27.95431,
fs,1.98,FA,29,0,6,-200.0,,,,,,,measure_failed
fs,1.98,GA,0,0,2,32.25814,1.223346,27.11391,55.2584,60.44,28.9139,32.5764,
fs,1.98,GA,1,0,1,21.69322,1.249962,10.69608,51.2061,68.613,18.0221,41.77593,
fs,1.98,GA,2,0,2,28.81246,1.226216,36.5747,54.1819,60.5,33.4088,25.37266,
fs,1.98,GA,3,0,1,27.09509,1.219329,4076.024,50.8532,65.912,27.4313,37.92589,
fs,1.98,GA,4,0,1,44.2926,1.224902,23.72979,55.2132,60.67700000000001,18.8669,26.42665,
fs,1.98,GA,5,0,2,32.48738,1.213279,5143.451,53.8544,67.837,23.0005,25.53847,
fs,1.98,GA,6,0,1,35.58018,1.221161,26.55198,55.264,65.68,29.2642,33.40579,
fs,1.98,GA,7,0,1,22.81217,1.219914,24.34349,45.8371,67.2,32.055,22.66146,
fs,1.98,GA,8,0,1,38.69093,1.223275,22.83488,50.1172,60.596,16.995,29.671,
fs,1.98,GA,9,0,6,-200.0,,,,,,,measure_failed
fs,1.98,GA,10,0,3,29.78902,1.283092,29.28059,51.9068,58.815,14.2976,53.43088,
fs,1.98,GA,11,0,4,30.0972,1.252062,288.3341,54.1996,59.005,13.574,43.24185,
fs,1.98,GA,12,0,2,30.98971,1.241697,39.42308,53.5451,61.821,21.277,25.83382,
fs,1.98,GA,13,0,2,48.22926,1.225346,32.22837,52.3024,60.831,19.6273,43.90083,
fs,1.98,GA,14,0,2,39.00405,1.228209,30.17451,54.941,60.603,19.0654,53.13544,
fs,1.98,GA,15,0,2,30.61699,1.226578,27.40317,55.8332,60.29600000000001,29.1738,24.90593,
fs,1.98,GA,16,0,1,37.65808,1.232005,14.32009,51.4165,60.11,35.5098,26.25435,
fs,1.98,GA,17,0,2,37.90126,1.218292,5056.202,51.9752,64.415,33.7531,28.00184,
fs,1.98,GA,18,0,1,46.74068,1.220214,26.061,50.5206,60.466,18.1613,50.72157,
fs,1.98,GA,19,0,1,27.79928,1.232251,21.37502,55.7905,62.094,25.991,30.48471,
fs,1.98,GA,20,0,3,24.25783,1.270348,317.8513,25.1767,85.4,25.2579,32.84244,
fs,1.98,GA,21,0,3,34.59942,1.250589,304.4529,55.0757,59.246,16.0614,42.53517,
fs,1.98,GA,22,0,3,34.21228,1.254167,5735.727,55.7457,66.871,13.5555,29.47912,
fs,1.98,GA,23,0,3,28.56713,1.245162,6112.731,52.475,59.032,14.0486,38.35073,
fs,1.98,GA,24,0,1,47.27553,1.225464,24.93057,50.8614,60.696,14.5804,49.84753,
fs,1.98,GA,25,0,6,-200.0,,,,,,,measure_failed
fs,1.98,GA,26,0,3,30.14538,1.463498,75.58064,56.1831,59.139,17.3614,54.53386,
fs,1.98,GA,27,0,2,25.35378,1.272516,57.69053,56.7721,62.368,14.0027,27.85745,
fs,1.98,GA,28,0,1,24.76834,1.218918,4478.235,50.1799,85.382,33.5064,28.69222,
fs,1.98,GA,29,0,1,31.86053,1.243928,23.34248,59.4212,60.167,21.0818,48.58978,
fs,1.98,GWO,0,0,1,39.93966,1.275449,17.48641,55.4259,63.819,16.127,36.27428,
fs,1.98,GWO,1,0,1,35.40668,1.257984,15.41186,53.385,65.469,19.2029,43.01816,
fs,1.98,GWO,2,0,1,37.54656,1.232515,14.94358,53.4688,61.98,16.6115,45.32168,
fs,1.98,GWO,3,0,1,41.58481,1.240999,12.00401,51.7559,68.631,18.9048,31.97633,
fs,1.98,GWO,4,0,1,38.89816,1.269408,24.71207,52.3335,62.25,18.5615,30.42324,
fs,1.98,GWO,5,0,1,46.96149,1.23344,11.8663,55.1777,67.744,22.761,32.17122,
fs,1.98,GWO,6,0,1,38.52917,1.291379,12.357,56.2086,64.089,16.9792,35.89814,
fs,1.98,GWO,7,0,1,42.05002,1.241596,13.0282,55.5036,67.247,18.7565,39.31344,
fs,1.98,GWO,8,0,1,46.61265,1.237984,15.86156,55.5606,61.711,15.7504,37.88338,
fs,1.98,GWO,9,0,1,47.97644,1.226427,10.37258,52.02,70.152,24.6539,34.88481,
fs,1.98,GWO,10,0,2,57.41671,1.211889,5062.798,53.5083,64.077,27.579,37.09872,
fs,1.98,GWO,11,0,1,37.77242,1.26897,7.550863,54.0804,63.857,15.4163,42.38455,
fs,1.98,GWO,12,0,1,38.46767,1.272844,18.06501,54.3622,65.116,18.8346,39.892,
fs,1.98,GWO,13,0,2,38.45219,1.245655,18.38147,56.5693,68.817,21.9322,55.26484,
fs,1.98,GWO,14,0,1,38.51976,1.213508,7.371566,52.2701,63.705,23.3204,41.3134,
fs,1.98,GWO,15,0,1,40.51963,1.250721,8.446037,52.0293,66.377,19.0292,35.65024,
fs,1.98,GWO,16,0,3,40.67346,1.201662,4952.918,49.8853,66.64,17.2977,40.59752,
fs,1.98,GWO,17,0,6,-200.0,,,,,,,measure_failed
fs,1.98,GWO,18,0,1,36.67705,1.26691,4.08534,55.7671,62.657,15.2696,47.27657,
fs,1.98,GWO,19,0,2,38.70683,1.213389,4739.26,50.6265,78.051,27.2069,32.22479,
fs,1.98,GWO,20,0,2,48.16014,1.266967,26.12299,52.1265,64.249,15.7682,37.77635,
fs,1.98,GWO,21,0,1,38.02918,1.262533,16.61403,51.9808,63.1,19.8351,36.36873,
fs,1.98,GWO,22,0,1,41.11291,1.222565,14.39101,51.5812,66.347,18.7543,40.52803,
fs,1.98,GWO,23,0,2,37.0098,1.222788,31.07157,54.402,62.633,26.351,28.71018,
fs,1.98,GWO,24,0,1,44.28262,1.233839,16.92672,55.9014,64.287,27.6643,29.89147,
fs,1.98,GWO,25,0,1,36.55988,1.236797,14.26951,54.0187,68.65,18.5154,42.85607,
fs,1.98,GWO,26,0,6,-200.0,,,,,,,measure_failed
fs,1.98,GWO,27,0,1,36.91696,1.270587,20.05754,54.198,68.141,17.1216,40.07639,
fs,1.98,GWO,28,0,2,43.0602,1.222065,27.39526,52.6284,61.771,14.8755,42.51748,
fs,1.98,GWO,29,0,1,32.44181,1.248513,12.0774,55.0581,66.728,18.4816,38.11972,
fs,1.98,PSO,0,0,2,35.3855,1.245596,39.39699,60.6011,60.034000000000006,25.0913,34.12274,
fs,1.98,PSO,1,0,2,39.16513,1.237605,27.01209,55.3664,60.926,19.9913,33.96442,
fs,1.98,PSO,2,0,6,-200.0,,,,,,,measure_failed
fs,1.98,PSO,3,0,3,26.53018,1.225586,31.00558,53.2078,67.431,16.7557,55.00309,
fs,1.98,PSO,4,0,2,37.46683,1.225492,24.75196,51.4726,59.888000000000005,30.764,36.25175,
fs,1.98,PSO,5,0,2,31.82177,1.213631,36.27981,50.7416,69.246,24.5214,54.81279,
fs,1.98,PSO,6,0,3,50.50764,1.223011,29.21255,49.8151,60.648,17.7089,53.96117,
fs,1.98,PSO,7,0,1,41.66233,1.23259,4.484275,52.4952,63.534000000000006,20.0591,45.87043,
fs,1.98,PSO,8,0,2,42.62195,1.214262,4986.526,54.0096,70.717,25.2847,28.46425,
fs,1.98,PSO,9,0,2,24.26304,1.228998,34.09528,50.7449,76.393,26.192,43.93174,
fs,1.98,PSO,10,0,3,42.38782,1.233986,295.981,52.5785,61.466,13.9826,23.91982,
fs,1.98,PSO,11,0,1,34.59442,1.224918,24.43206,57.509,60.335,27.1938,26.63078,
fs,1.98,PSO,12,0,2,28.08437,1.239271,14.67138,31.44,88.0646,50.0835,21.97481,
fs,1.98,PSO,13,0,4,35.1122,1.243812,31.95942,58.3487,59.637,14.405,55.78097,
fs,1.98,PSO,14,0,1,38.71801,1.218948,26.58527,53.9272,60.489,28.5986,23.79465,
fs,1.98,PSO,15,0,2,24.53677,1.210476,5030.963,50.0241,85.1334,44.337,21.01185,
fs,1.98,PSO,16,0,2,33.10554,1.259881,24.46118,54.6587,61.363,20.999,56.27916,
fs,1.98,PSO,17,0,3,22.64841,1.234736,6234.515,54.8963,59.825,18.082,37.73399,
fs,1.98,PSO,18,0,4,42.93138,1.246225,42.95153,52.2922,59.985,14.2457,55.80499,
fs,1.98,PSO,19,0,2,34.39407,1.231244,15.25434,52.3763,75.858,22.7093,55.31362,
fs,1.98,PSO,20,0,4,29.85438,1.26103,5900.117,51.1542,59.135000000000005,14.7539,56.31286,
fs,1.98,PSO,21,0,1,40.87173,1.253044,19.12917,54.2098,65.562,26.4069,33.50768,
fs,1.98,PSO,22,0,3,34.8772,1.257031,53.91733,59.1833,59.795,14.4598,36.26494,
fs,1.98,PSO,23,0,2,36.34579,1.224226,33.30243,56.5335,65.698,24.3343,43.88384,
fs,1.98,PSO,24,0,3,29.19251,1.239702,6274.581,50.6079,76.593,23.8102,55.69463,
fs,1.98,PSO,25,0,2,29.02545,1.228511,20.16237,54.4397,59.851,21.0368,30.65123,
fs,1.98,PSO,26,0,4,30.91011,1.256916,29.39373,56.4821,59.533,22.2023,56.17422,
fs,1.98,PSO,27,0,3,20.24267,1.269169,42.20371,62.9863,58.649,14.229,42.22343,
fs,1.98,PSO,28,0,6,-200.0,,,,,,,no_convergence
fs,1.98,PSO,29,0,2,55.47642,1.231377,33.87683,50.9967,67.661,29.5047,33.71854,
sf,1.62,ABC,0,0,6,-200.0,,,,,,,timeout
sf,1.62,ABC,1,0,6,-200.0,,,,,,,timeout
sf,1.62,ABC,2,0,6,-200.0,,,,,,,timeout
sf,1.62,ABC,3,0,6,-200.0,,,,,,,timeout
sf,1.62,ABC,4,0,6,-200.0,,,,,,,timeout
sf,1.62,ABC,5,0,6,-200.0,,,,,,,timeout
sf,1.62,ABC,6,0,6,-200.0,,,,,,,timeout
sf,1.62,ABC,7,0,6,-200.0,,,,,,,timeout
sf,1.62,ABC,8,0,6,-200.0,,,,,,,timeout
sf,1.62,ABC,9,0,6,-200.0,,,,,,,timeout
sf,1.62,ABC,10,0,6,-200.0,,,,,,,timeout
sf,1.62,ABC,11,0,6,-200.0,,,,,,,timeout
sf,1.62,ABC,12,0,6,-200.0,,,,,,,timeout
sf,1.62,ABC,13,0,6,-200.0,,,,,,,timeout
sf,1.62,ABC,14,0,6,-200.0,,,,,,,timeout
sf,1.62,ABC,15,0,6,-200.0,,,,,,,timeout
sf,1.62,ABC,16,0,6,-200.0,,,,,,,timeout
sf,1.62,ABC,17,0,6,-200.0,,,,,,,timeout
sf,1.62,ABC,18,0,6,-200.0,,,,,,,timeout
sf,1.62,ABC,19,0,6,-200.0,,,,,,,timeout
sf,1.62,ABC,20,0,6,-200.0,,,,,,,timeout
sf,1.62,ABC,21,0,6,-200.0,,,,,,,timeout
sf,1.62,ABC,22,0,6,-200.0,,,,,,,timeout
sf,1.62,ABC,23,0,6,-200.0,,,,,,,timeout
sf,1.62,ABC,24,0,6,-200.0,,,,,,,timeout
sf,1.62,ABC,25,0,6,-200.0,,,,,,,timeout
sf,1.62,ABC,26,0,6,-200.0,,,,,,,timeout
sf,1.62,ABC,27,0,6,-200.0,,,,,,,timeout
sf,1.62,ABC,28,0,6,-200.0,,,,,,,timeout
sf,1.62,ABC,29,0,6,-200.0,,,,,,,timeout
sf,1.62,ACO,0,0,6,-200.0,,,,,,,timeout
sf,1.62,ACO,1,0,6,-200.0,,,,,,,timeout
sf,1.62,ACO,2,0,6,-200.0,,,,,,,timeout
sf,1.62,ACO,3,0,6,-200.0,,,,,,,timeout
sf,1.62,ACO,4,0,6,-200.0,,,,,,,timeout
sf,1.62,ACO,5,0,6,-200.0,,,,,,,timeout
sf,1.62,ACO,6,0,6,-200.0,,,,,,,timeout
sf,1.62,ACO,7,0,6,-200.0,,,,,,,timeout
sf,1.62,ACO,8,0,6,-200.0,,,,,,,timeout
sf,1.62,ACO,9,0,6,-200.0,,,,,,,timeout
sf,1.62,ACO,10,0,6,-200.0,,,,,,,timeout
sf,1.62,ACO,11,0,6,-200.0,,,,,,,timeout
sf,1.62,ACO,12,0,6,-200.0,,,,,,,timeout
sf,1.62,ACO,13,0,6,-200.0,,,,,,,timeout
sf,1.62,ACO,14,0,6,-200.0,,,,,,,timeout
sf,1.62,ACO,15,0,6,-200.0,,,,,,,timeout
sf,1.62,ACO,16,0,6,-200.0,,,,,,,timeout
sf,1.62,ACO,17,0,6,-200.0,,,,,,,timeout
sf,1.62,ACO,18,0,6,-200.0,,,,,,,timeout
sf,1.62,ACO,19,0,6,-200.0,,,,,,,timeout
sf,1.62,ACO,20,0,6,-200.0,,,,,,,timeout
sf,1.62,ACO,21,0,6,-200.0,,,,,,,timeout
sf,1.62,ACO,22,0,6,-200.0,,,,,,,timeout
sf,1.62,ACO,23,0,6,-200.0,,,,,,,timeout
sf,1.62,ACO,24,0,6,-200.0,,,,,,,timeout
sf,1.62,ACO,25,0,6,-200.0,,,,,,,timeout
sf,1.62,ACO,26,0,6,-200.0,,,,,,,timeout
sf,1.62,ACO,27,0,6,-200.0,,,,,,,timeout
sf,1.62,ACO,28,0,6,-200.0,,,,,,,timeout
sf,1.62,ACO,29,0,6,-200.0,,,,,,,timeout
sf,1.62,FA,0,0,6,-200.0,,,,,,,timeout
sf,1.62,FA,1,0,6,-200.0,,,,,,,timeout
sf,1.62,FA,2,0,6,-200.0,,,,,,,timeout
sf,1.62,FA,3,0,6,-200.0,,,,,,,timeout
sf,1.62,FA,4,0,6,-200.0,,,,,,,timeout
sf,1.62,FA,5,0,2,18.18357,1.210518,17.18273,41.6781,80.2706,40.4647,22.81104,
sf,1.62,FA,6,0,6,-200.0,,,,,,,measure_failed
sf,1.62,FA,7,0,2,13.72283,1.211975,5255.218,50.1457,83.0537,27.6886,30.33259,
sf,1.62,FA,8,0,3,12.58026,1.207377,451.6829,48.7565,86.7709,38.9617,25.4767,
sf,1.62,FA,9,0,6,-200.0,,,,,,,measure_failed
sf,1.62,FA,10,0,3,17.38451,1.200896,40.63128,41.526,86.1436,26.0998,34.89066,
sf,1.62,FA,11,0,3,16.25266,1.206755,4631.121,45.3418,82.5049,22.1058,53.11894,
sf,1.62,FA,12,0,3,12.21419,1.062396,218.0606,7.14211,109.5756,40.1369,20.13498,
sf,1.62,FA,13,0,6,-200.0,,,,,,,measure_failed
sf,1.62,FA,14,0,3,12.80675,1.214897,26.93332,44.5822,64.947,31.1751,33.0899,
sf,1.62,FA,15,0,6,-200.0,,,,,,,measure_failed
sf,1.62,FA,16,0,2,14.28746,1.209031,22.80313,42.1357,68.173,40.1486,21.43665,
sf,1.62,FA,17,0,6,-200.0,,,,,,,measure_failed
sf,1.62,FA,18,0,3,7.667188,1.206451,3344.373,38.2759,83.2533,20.3304,48.52136,
sf,1.62,FA,19,0,6,-200.0,,,,,,,measure_failed
sf,1.62,FA,20,0,4,10.80222,1.202164,5838.67,41.4617,72.667,23.8135,107.0504,
sf,1.62,FA,21,0,6,-200.0,,,,,,,measure_failed
sf,1.62,FA,22,0,3,21.91753,1.19544,1907.46,34.7027,84.8115,37.0824,33.06044,
sf,1.62,FA,23,0,3,13.58946,1.212053,29.44166,45.5358,86.9305,33.728,25.09823,
sf,1.62,FA,24,0,3,19.84522,1.198963,71.74382,24.859,87.8826,33.8655,27.4151,
sf,1.62,FA,25,0,2,15.685,1.196542,10.95581,31.245,84.4687,26.3196,28.27247,
sf,1.62,FA,26,0,3,11.30746,1.192177,3000.685,45.6871,85.899,26.7805,30.12707,
sf,1.62,FA,27,0,6,-200.0,,,,,,,measure_failed
sf,1.62,FA,28,0,6,-200.0,,,,,,,measure_failed
sf,1.62,FA,29,0,3,11.61551,1.227354,73.19021,45.1786,74.527,31.7544,31.02332,
sf,1.62,GA,0,0,2,23.27884,1.216764,19.48537,48.4093,61.034000000000006,30.5734,32.43551,
sf,1.62,GA,1,0,6,-200.0,,,,,,,measure_failed
sf,1.62,GA,2,0,3,28.27603,1.211827,32.58791,53.7847,59.822,33.3404,24.96994,
sf,1.62,GA,3,0,2,21.36854,1.211435,3913.816,51.0552,63.597,25.6266,37.73997,
sf,1.62,GA,4,0,1,38.79597,1.214674,22.17829,55.0073,60.55500000000001,18.3499,26.16327,
sf,1.62,GA,5,0,2,31.22585,1.223975,5497.77,54.1747,65.822,20.5064,25.97747,
sf,1.62,GA,6,0,2,19.53857,1.208864,15.52171,35.6023,68.053,31.0691,33.07361,
sf,1.62,GA,7,0,3,22.51368,1.21233,34.809,41.4267,66.711,33.4012,22.48738,
sf,1.62,GA,8,0,2,25.99874,1.21319,15.5413,49.6487,60.026,17.6483,29.41137,
sf,1.62,GA,9,0,3,24.17591,1.277217,254.8818,49.9842,71.079,34.4657,25.05902,
sf,1.62,GA,10,0,3,9.554812,1.260019,107.4346,46.1701,67.667,17.7205,52.73404,
sf,1.62,GA,11,0,6,-200.0,,,,,,,measure_failed
sf,1.62,GA,12,0,6,-200.0,,,,,,,measure_failed
sf,1.62,GA,13,0,2,19.14192,1.212669,15.74289,51.7983,59.777,19.4136,43.55537,
sf,1.62,GA,14,0,2,16.55709,1.228119,7.959943,53.8387,58.898,20.5271,53.21264,
sf,1.62,GA,15,0,3,13.56855,1.213207,28.80919,49.7993,60.89,30.4003,24.53733,
sf,1.62,GA,16,0,3,13.40249,1.208725,32.54619,40.2741,61.168000000000006,36.9178,25.55327,
sf,1.62,GA,17,0,1,17.44313,1.220719,19.22364,41.1887,66.323,35.158,28.16384,
sf,1.62,GA,18,0,2,46.27771,1.219114,26.33308,49.4292,60.19,18.3714,50.765,
sf,1.62,GA,19,0,3,14.19752,1.20915,5244.652,46.6093,64.321,28.8976,29.78957,
sf,1.62,GA,20,0,3,23.65457,1.162053,264.6518,23.0715,86.0377,25.4162,29.28895,
sf,1.62,GA,21,0,6,-200.0,,,,,,,measure_failed
sf,1.62,GA,22,0,6,-200.0,,,,,,,timeout
sf,1.62,GA,23,0,6,-200.0,,,,,,,timeout
sf,1.62,GA,24,0,2,44.56923,1.215629,45.17925,50.7687,60.104,14.5096,49.5977,
sf,1.62,GA,25,0,3,20.99762,1.232763,26.56757,48.1132,61.56699999999999,31.9187,27.30256,
sf,1.62,GA,26,0,3,11.78761,1.395976,949.6299,49.6161,66.678,20.1774,52.31824,
sf,1.62,GA,27,0,6,-200.0,,,,,,,measure_failed
sf,1.62,GA,28,0,3,20.45505,1.215495,174.4694,47.3014,85.6462,33.9079,28.65793,
sf,1.62,GA,29,0,3,15.47672,0.2685942,22430.27,25.8883,242.5085,35.0882,29.35562,
sf,1.62,GWO,0,0,6,-200.0,,,,,,,measure_failed
sf,1.62,GWO,1,0,3,28.49862,0.3451194,15734.95,36.5688,65.986,21.5255,23.31002,
sf,1.62,GWO,2,0,6,-200.0,,,,,,,measure_failed
sf,1.62,GWO,3,0,3,27.93341,1.202352,31.84163,35.1996,70.392,23.79,30.75872,
sf,1.62,GWO,4,0,6,-200.0,,,,,,,measure_failed
sf,1.62,GWO,5,0,6,-200.0,,,,,,,measure_failed
sf,1.62,GWO,6,0,6,-200.0,,,,,,,measure_failed
sf,1.62,GWO,7,0,6,-200.0,,,,,,,measure_failed
sf,1.62,GWO,8,0,6,-200.0,,,,,,,measure_failed
sf,1.62,GWO,9,0,2,23.2473,1.207973,9.261696,35.3901,71.523,26.4353,34.34575,
sf,1.62,GWO,10,0,1,21.44703,1.226222,24.81137,50.2867,63.515,27.534,37.66027,
sf,1.62,GWO,11,0,6,-200.0,,,,,,,measure_failed
sf,1.62,GWO,12,0,3,25.33644,0.7578398,9287.646,33.9534,203.372,27.5025,29.66947,
sf,1.62,GWO,13,0,6,-200.0,,,,,,,measure_failed
sf,1.62,GWO,14,0,1,38.53203,1.224421,19.17542,51.9155,62.117,23.5383,41.75833,
sf,1.62,GWO,15,0,6,-200.0,,,,,,,measure_failed
sf,1.62,GWO,16,0,2,23.06861,1.2385,51.84179,50.9746,64.532,17.9384,41.91372,
sf,1.62,GWO,17,0,2,21.80276,1.271962,42.54939,50.7895,62.236,21.8543,50.34622,
sf,1.62,GWO,18,0,6,-200.0,,,,,,,measure_failed
sf,1.62,GWO,19,0,1,31.56014,1.219893,9.066866,47.1544,78.143,27.5189,32.52353,
sf,1.62,GWO,20,0,6,-200.0,,,,,,,measure_failed
sf,1.62,GWO,21,0,6,-200.0,,,,,,,measure_failed
sf,1.62,GWO,22,0,3,1.24645,1.265431,330.1881,48.8201,66.88,19.5351,42.04993,
sf,1.62,GWO,23,0,3,19.82609,1.228181,44.27834,39.696,63.941,27.1624,28.97091,
sf,1.62,GWO,24,0,6,-200.0,,,,,,,timeout
sf,1.62,GWO,25,0,6,-200.0,,,,,,,timeout
sf,1.62,GWO,26,0,6,-200.0,,,,,,,timeout
sf,1.62,GWO,27,0,2,37.02083,0.1460481,48137.9,52.245,67.474,18.0541,19.95331,
sf,1.62,GWO,28,0,1,40.67707,1.217709,24.00434,52.7507,60.79900000000001,15.3337,42.45127,
sf,1.62,GWO,29,0,3,22.83911,1.212805,35.26011,42.6755,66.376,21.1352,36.99949,
sf,1.62,PSO,0,0,6,-200.0,,,,,,,measure_failed
sf,1.62,PSO,1,0,6,-200.0,,,,,,,measure_failed
sf,1.62,PSO,2,0,2,21.17395,1.24271,467.6632,50.4427,77.948,25.653,33.18943,
sf,1.62,PSO,3,0,2,18.77201,1.210086,21.6213,43.7512,72.849,23.0828,54.56324,
sf,1.62,PSO,4,0,3,17.01511,1.211201,38.75442,30.9991,62.734,32.115,35.85256,
sf,1.62,PSO,5,0,3,23.53021,1.223951,111.8633,50.4811,67.867,23.8554,55.23817,
sf,1.62,PSO,6,0,1,46.95173,1.218731,21.27896,50.1803,59.297,17.5417,53.89738,
sf,1.62,PSO,7,0,3,5.567713,1.232033,104.8575,49.8394,64.259,20.1494,45.93121,
sf,1.62,PSO,8,0,2,36.66177,1.226018,30.24327,53.8992,69.742,25.6455,28.9381,
sf,1.62,PSO,9,0,3,9.380521,1.203815,29.04403,38.5042,80.0337,29.3577,43.16711,
sf,1.62,PSO,10,0,6,-200.0,,,,,,,measure_failed
sf,1.62,PSO,11,0,2,32.13713,1.213011,36.90291,57.064,60.06,27.3034,26.3113,
sf,1.62,PSO,12,0,3,19.08936,1.194618,248.8738,29.6744,88.7894,50.9806,20.55677,
sf,1.62,PSO,13,0,3,18.29099,0.9132348,6654.107,48.2123,62.639,17.2852,47.06739,
sf,1.62,PSO,14,1,0,32.87727,1.219843,20.49941,53.6137,60.054,27.5315,23.90504,
sf,1.62,PSO,15,0,3,17.77659,1.225752,50.76414,49.03,85.2726,44.3385,21.60533,
sf,1.62,PSO,16,0,6,-200.0,,,,,,,measure_failed
sf,1.62,PSO,17,0,6,-200.0,,,,,,,measure_failed
sf,1.62,PSO,18,0,6,-200.0,,,,,,,measure_failed
sf,1.62,PSO,19,0,4,1.169605,0.3419438,16185.32,4.21893,113.3123,12.1748,36.51152,
sf,1.62,PSO,20,0,6,-200.0,,,,,,,measure_failed
sf,1.62,PSO,21,0,6,-200.0,,,,,,,measure_failed
sf,1.62,PSO,22,0,6,-200.0,,,,,,,measure_failed
sf,1.62,PSO,23,0,2,8.864488,1.208238,16.35239,28.7367,71.465,28.5324,43.42772,
sf,1.62,PSO,24,0,6,-200.0,,,,,,,measure_failed
sf,1.62,PSO,25,0,2,11.31342,1.20662,24.37563,37.9902,66.326,28.9229,29.99684,
sf,1.62,PSO,26,0,6,-200.0,,,,,,,measure_failed
sf,1.62,PSO,27,0,6,-200.0,,,,,,,measure_failed
sf,1.62,PSO,28,0,6,-200.0,,,,,,,measure_failed
sf,1.62,PSO,29,0,3,26.63229,0.1460472,45013.65,18.6432,249.5206,36.3648,14.91604,
sf,1.8,ABC,0,0,6,-200.0,,,,,,,measure_failed
sf,1.8,ABC,1,0,1,30.75531,1.22144,21.14742,51.6866,70.981,26.8914,31.37375,
sf,1.8,ABC,2,0,6,-200.0,,,,,,,measure_failed
sf,1.8,ABC,3,0,2,30.22471,1.203025,3487.633,50.6816,71.337,21.8398,34.65162,
sf,1.8,ABC,4,0,6,-200.0,,,,,,,timeout
sf,1.8,ABC,5,0,6,-200.0,,,,,,,timeout
sf,1.8,ABC,6,0,2,38.29283,1.219865,27.57881,47.531,72.966,30.5711,32.56052,
sf,1.8,ABC,7,0,2,35.18403,1.217571,16.55556,45.8312,80.8772,25.5948,29.28112,
sf,1.8,ABC,8,0,1,34.04889,1.206528,24.64874,52.695,64.411,17.5379,54.52711,
sf,1.8,ABC,9,0,1,48.17641,1.224279,11.74717,51.3329,74.785,21.3666,43.53124,
sf,1.8,ABC,10,0,6,-200.0,,,,,,,measure_failed
sf,1.8,ABC,11,0,1,42.14863,1.219964,26.99533,52.1512,69.641,27.5366,36.84159,
sf,1.8,ABC,12,0,2,31.688,1.236094,24.98094,49.2712,67.84,36.7968,23.22697,
sf,1.8,ABC,13,0,2,46.04768,1.215147,24.42902,55.5798,59.588,25.4077,39.45256,
sf,1.8,ABC,14,0,3,41.16637,1.212155,22.19938,52.5956,59.06999999999999,13.8588,30.4016,
sf,1.8,ABC,15,0,1,37.30614,1.216398,22.79956,56.8134,63.45,21.7088,26.39849,
sf,1.8,ABC,16,0,1,29.14463,1.218184,23.14424,55.3176,65.427,28.2562,25.77676,
sf,1.8,ABC,17,0,6,-200.0,,,,,,,measure_failed
sf,1.8,ABC,18,0,6,-200.0,,,,,,,measure_failed
sf,1.8,ABC,19,0,1,38.87533,1.218802,30.19856,54.7444,60.964,19.4522,43.10627,
sf,1.8,ABC,20,0,2,28.33449,0.1781151,35073.2,51.3848,70.744,25.0519,7.838438,
sf,1.8,ABC,21,0,3,27.07683,1.200127,3291.948,53.124,59.547,19.7867,33.99053,
sf,1.8,ABC,22,0,3,39.1916,1.210008,3488.949,54.216,59.651,27.8978,39.87103,
sf,1.8,ABC,23,0,6,-200.0,,,,,,,measure_failed
sf,1.8,ABC,24,0,3,28.05471,1.212431,27.59795,58.5109,61.365,13.9825,38.70808,
sf,1.8,ABC,25,0,1,43.43869,1.218322,21.22641,54.6651,68.709,22.51,30.08767,
sf,1.8,ABC,26,0,2,34.63189,1.21421,27.27799,50.0338,60.44199999999999,15.0666,44.31604,
sf,1.8,ABC,27,0,2,28.39591,1.225172,20.5537,56.0549,59.566,18.4197,35.41315,
sf,1.8,ABC,28,0,1,32.25831,1.211479,23.67754,51.1384,64.104,18.8781,50.33002,
sf,1.8,ABC,29,0,3,7.946488,0.2860607,9108.678,5.48048,118.9006,23.8796,34.36022,
sf,1.8,ACO,0,0,1,38.71551,1.213409,18.78005,56.0262,66.019,20.8673,31.39164,
sf,1.8,ACO,1,0,1,27.33047,1.206784,12.49,54.8329,64.164,23.1785,50.80099,
sf,1.8,ACO,2,0,1,36.67276,1.211543,17.1832,54.8741,71.145,21.8643,43.98523,
sf,1.8,ACO,3,0,1,31.32414,1.206418,25.18852,54.8968,65.223,20.7651,33.84148,
sf,1.8,ACO,4,0,2,41.68635,1.214119,22.03868,56.1696,59.911,20.8976,46.20697,
sf,1.8,ACO,5,0,3,18.65876,0.3191882,17086.85,0.139481,168.901,22.7628,19.51859,
sf,1.8,ACO,6,0,1,33.56322,1.212632,19.65672,58.5769,75.455,26.8921,31.72086,
sf,1.8,ACO,7,0,1,33.62451,1.206994,12.69871,51.5149,68.306,23.1449,40.94276,
sf,1.8,ACO,8,0,6,-200.0,,,,,,,measure_failed
sf,1.8,ACO,9,0,1,37.9868,1.213573,22.55798,53.8081,68.138,20.5677,49.18995,
sf,1.8,ACO,10,0,3,36.88584,1.20577,3524.553,49.6255,71.752,28.7887,34.60523,
sf,1.8,ACO,11,0,1,38.96693,1.212058,22.13615,54.2228,63.426,19.7274,39.8765,
sf,1.8,ACO,12,0,2,36.89132,1.208362,4595.693,53.812,75.74,26.2086,44.95392,
sf,1.8,ACO,13,0,1,22.49333,1.220018,27.82373,57.7206,81.2143,28.8446,32.9978,
sf,1.8,ACO,14,0,1,32.34627,1.216015,14.46852,52.2063,79.578,23.496,36.89721,
sf,1.8,ACO,15,0,2,26.2852,1.208735,30.786,50.2639,60.649,29.9588,29.48528,
sf,1.8,ACO,16,0,3,33.84991,1.207533,3813.698,47.4923,72.835,33.0325,28.48469,
sf,1.8,ACO,17,0,1,37.79192,1.21227,14.77319,58.859,60.22,21.7563,41.41769,
sf,1.8,ACO,18,0,2,34.96868,1.210656,27.23292,57.2389,64.611,20.2361,43.37167,
sf,1.8,ACO,19,0,2,27.4865,1.206087,3674.181,60.1892,65.02,20.826,41.51061,
sf,1.8,ACO,20,0,6,-200.0,,,,,,,measure_failed
sf,1.8,ACO,21,0,6,-200.0,,,,,,,measure_failed
sf,1.8,ACO,22,0,3,25.07703,0.1619972,39458.71,49.3348,74.625,35.0,6.72374,
sf,1.8,ACO,23,0,2,30.72358,1.20767,3975.313,54.7197,62.79900000000001,20.7913,52.99358,
sf,1.8,ACO,24,0,2,38.98674,1.215113,27.57195,51.0987,60.717,18.9528,54.32477,
sf,1.8,ACO,25,0,2,31.6878,1.215832,14.85951,44.0523,79.976,22.6308,48.10858,
sf,1.8,ACO,26,0,1,28.77323,1.2155,24.59644,53.8837,61.271,20.8688,32.72002,
sf,1.8,ACO,27,0,6,-200.0,,,,,,,measure_failed
sf,1.8,ACO,28,0,6,-200.0,,,,,,,measure_failed
sf,1.8,ACO,29,0,1,34.83259,1.217483,21.81849,59.4008,68.722,28.1163,32.78711,
sf,1.8,FA,0,0,3,16.89415,1.21126,6034.212,49.9504,83.2639,34.183,23.78338,
sf,1.8,FA,1,0,2,19.31798,1.220422,29.41357,33.3194,84.6422,22.1277,39.6259,
sf,1.8,FA,2,0,6,-200.0,,,,,,,measure_failed
sf,1.8,FA,3,1,0,12.50897,1.218619,20.78359,50.1279,78.536,31.0508,27.92894,
sf,1.8,FA,4,0,4,3.093726,0.3686618,7407.262,8.29934,86.11,12.1182,27.80077,
sf,1.8,FA,5,0,2,20.27871,1.213201,25.66714,41.792,79.961,40.3212,22.90514,
sf,1.8,FA,6,0,6,-200.0,,,,,,,measure_failed
sf,1.8,FA,7,0,2,15.96224,1.210105,5616.576,50.024,82.9304,27.5934,30.27389,
sf,1.8,FA,8,0,2,19.6853,1.211792,19.44028,49.8945,86.6379,36.9491,25.62889,
sf,1.8,FA,9,0,6,-200.0,,,,,,,measure_failed
sf,1.8,FA,10,0,3,21.22633,1.208429,36.61654,44.6459,85.8336,25.6332,35.14732,
sf,1.8,FA,11,0,2,22.45397,1.223864,3924.3,50.4733,82.0607,21.5111,53.69731,
sf,1.8,FA,12,0,3,13.01759,1.069377,186.2427,7.13025,109.4393,40.1124,20.36923,
sf,1.8,FA,13,0,6,-200.0,,,,,,,measure_failed
sf,1.8,FA,14,0,2,18.73884,1.216428,22.78903,47.5855,64.264,30.9956,33.14538,
sf,1.8,FA,15,0,6,-200.0,,,,,,,measure_failed
sf,1.8,FA,16,0,3,18.48444,1.211871,26.96557,42.6807,67.362,38.7504,21.53603,
sf,1.8,FA,17,0,6,-200.0,,,,,,,measure_failed
sf,1.8,FA,18,0,1,24.04463,1.219173,238.3832,50.1038,81.3731,18.7876,48.95235,
sf,1.8,FA,19,0,6,-200.0,,,,,,,measure_failed
sf,1.8,FA,20,0,4,19.46035,1.198278,5392.109,44.1688,72.959,24.0513,106.9242,
sf,1.8,FA,21,0,6,-200.0,,,,,,,measure_failed
sf,1.8,FA,22,0,3,27.71019,1.193049,5126.574,34.8247,84.5334,37.0014,32.98439,
sf,1.8,FA,23,0,2,18.16028,1.217037,23.17103,46.3024,86.9148,32.8752,25.26959,
sf,1.8,FA,24,0,2,30.60834,1.208166,19.0923,47.856,84.3982,32.5141,27.72774,
sf,1.8,FA,25,0,2,20.91562,1.211267,17.06703,44.3523,82.5281,24.631,28.77028,
sf,1.8,FA,26,0,3,22.62455,1.204997,37.27408,49.8808,84.8766,25.2715,30.5608,
sf,1.8,FA,27,0,6,-200.0,,,,,,,measure_failed
sf,1.8,FA,28,0,6,-200.0,,,,,,,measure_failed
sf,1.8,FA,29,0,1,20.23788,1.224992,25.08365,50.2097,73.503,30.1014,30.94805,
sf,1.8,GA,0,0,1,30.06976,1.220319,24.29568,53.8818,59.715,29.1697,32.55896,
sf,1.8,GA,1,0,6,-200.0,,,,,,,measure_failed
sf,1.8,GA,2,0,2,30.15872,1.216793,24.12203,54.0687,59.641000000000005,33.3098,25.14071,
sf,1.8,GA,3,0,2,29.16745,1.223657,3253.881,51.4076,63.554,26.2949,38.15451,
sf,1.8,GA,4,0,1,45.35492,1.216434,25.71351,55.298,60.098,18.5579,26.22647,
sf,1.8,GA,5,0,2,36.20152,1.227783,5385.445,54.4515,65.505,20.992,26.1095,
sf,1.8,GA,6,0,3,29.07338,1.214171,27.92777,43.4993,66.434,30.0172,33.25574,
sf,1.8,GA,7,0,3,31.52901,1.215945,28.67953,41.8944,66.825,32.9801,22.61277,
sf,1.8,GA,8,0,2,45.41657,1.213848,11.57351,50.4541,59.632000000000005,17.033,29.43769,
sf,1.8,GA,9,0,2,39.45461,1.275679,163.9578,50.9009,70.27,35.0386,25.01123,
sf,1.8,GA,10,0,2,28.30017,1.261594,27.74749,51.172,60.647000000000006,14.9549,52.79119,
sf,1.8,GA,11,0,6,-200.0,,,,,,,measure_failed
sf,1.8,GA,12,0,6,-200.0,,,,,,,measure_failed
sf,1.8,GA,13,0,2,47.29413,1.211816,21.96053,52.3741,59.349,19.3221,43.53082,
sf,1.8,GA,14,0,2,33.51666,1.21456,22.19534,54.7774,59.3,19.2925,52.76135,
sf,1.8,GA,15,0,2,21.88667,1.217767,22.06224,54.3478,59.95099999999999,29.1874,24.69449,
sf,1.8,GA,16,0,2,27.1834,1.21016,20.89381,47.2086,60.036,35.5526,25.60549,
sf,1.8,GA,17,0,3,32.41596,1.223656,26.71577,48.1119,64.936,34.2414,28.26653,
sf,1.8,GA,18,0,2,45.37436,1.219757,27.49678,50.1977,59.578,17.949,50.79067,
sf,1.8,GA,19,0,6,-200.0,,,,,,,measure_failed
sf,1.8,GA,20,0,3,31.52837,1.167768,252.2294,23.4741,85.5254,25.2619,29.48389,
sf,1.8,GA,21,0,6,-200.0,,,,,,,measure_failed
sf,1.8,GA,22,0,6,-200.0,,,,,,,measure_failed
sf,1.8,GA,23,0,6,-200.0,,,,,,,measure_failed
sf,1.8,GA,24,0,2,45.41066,1.21653,23.24047,50.9882,59.764,14.51,49.63203,
sf,1.8,GA,25,0,2,33.95846,1.23198,18.50187,55.2521,59.885000000000005,30.0979,27.2803,
sf,1.8,GA,26,0,3,34.54073,1.397126,74.20428,55.2962,59.899,17.6011,52.36142,
sf,1.8,GA,27,0,6,-200.0,,,,,,,measure_failed
sf,1.8,GA,28,0,3,23.5965,1.218367,28.21959,49.9079,85.3769,33.4826,28.75838,
sf,1.8,GA,29,0,6,-200.0,,,,,,,measure_failed
sf,1.8,GWO,0,0,6,-200.0,,,,,,,measure_failed
sf,1.8,GWO,1,0,6,-200.0,,,,,,,measure_failed
sf,1.8,GWO,2,0,6,-200.0,,,,,,,measure_failed
sf,1.8,GWO,3,0,6,-200.0,,,,,,,measure_failed
sf,1.8,GWO,4,0,2,48.15597,0.5712683,12176.51,51.1088,61.091,18.7919,17.14338,
sf,1.8,GWO,5,0,3,23.3488,0.3950384,15671.51,18.5586,254.7692,34.3848,13.29856,
sf,1.8,GWO,6,0,6,-200.0,,,,,,,measure_failed
sf,1.8,GWO,7,0,6,-200.0,,,,,,,measure_failed
sf,1.8,GWO,8,0,6,-200.0,,,,,,,measure_failed
sf,1.8,GWO,9,0,1,49.22885,1.212648,19.94133,50.5798,69.463,24.452,34.50667,
sf,1.8,GWO,10,0,1,48.49073,1.224819,20.16377,53.3467,63.614,27.6559,37.61721,
sf,1.8,GWO,11,0,2,40.23126,0.1719513,15940.54,52.9066,62.344,16.1904,22.31393,
sf,1.8,GWO,12,0,3,26.06435,0.1591481,44107.59,34.12,202.7852,27.464,19.69708,
sf,1.8,GWO,13,0,6,-200.0,,,,,,,measure_failed
sf,1.8,GWO,14,0,1,44.98032,1.225866,15.32127,52.4275,61.849,23.2515,41.81119,
sf,1.8,GWO,15,0,6,-200.0,,,,,,,measure_failed
sf,1.8,GWO,16,0,1,44.35908,1.235658,21.58094,51.4969,64.86,16.9562,41.8223,
sf,1.8,GWO,17,0,2,37.1632,1.264148,30.58234,51.3743,62.354,21.9289,50.087,
sf,1.8,GWO,18,0,6,-200.0,,,,,,,measure_failed
sf,1.8,GWO,19,0,1,46.34845,1.221586,5.531805,50.2375,77.549,27.0037,32.58445,
sf,1.8,GWO,20,0,3,25.27479,0.5661304,11395.63,29.5501,214.219,29.4316,24.6047,
sf,1.8,GWO,21,0,6,-200.0,,,,,,,measure_failed
sf,1.8,GWO,22,0,1,34.38977,1.215893,22.19095,50.7251,65.367,18.7127,40.38772,
sf,1.8,GWO,23,0,1,30.95413,1.214742,11.16087,53.5347,61.166,25.7273,28.52372,
sf,1.8,GWO,24,0,2,46.02264,0.7778798,7994.497,54.9345,63.248000000000005,27.3839,18.26051,
sf,1.8,GWO,25,0,2,27.22644,0.4198613,12082.71,53.635,67.16,18.9894,23.86512,
sf,1.8,GWO,26,0,1,49.80677,1.241382,16.7067,50.8268,71.278,19.2459,38.68457,
sf,1.8,GWO,27,0,2,49.62573,0.1592615,17939.69,52.8119,67.228,17.7941,19.9573,
sf,1.8,GWO,28,0,1,45.69514,1.21739,23.43812,53.1064,60.544,15.0379,42.44463,
sf,1.8,GWO,29,0,6,-200.0,,,,,,,measure_failed
sf,1.8,PSO,0,0,6,-200.0,,,,,,,measure_failed
sf,1.8,PSO,1,0,3,38.13368,0.5801468,11815.25,53.9316,59.231,20.4124,22.21783,
sf,1.8,PSO,2,0,2,33.76854,1.251826,386.1898,50.7446,78.021,25.6228,33.50041,
sf,1.8,PSO,3,0,2,25.92098,1.215168,22.51341,49.4911,69.514,18.792,54.73786,
sf,1.8,PSO,4,0,4,45.29696,1.216116,26.20862,49.0498,59.916,31.0593,36.0216,
sf,1.8,PSO,5,0,3,30.9131,1.224206,26.82753,50.7129,67.721,23.3784,55.251,
sf,1.8,PSO,6,0,1,48.83001,1.218511,21.59118,50.2666,59.232,17.6422,53.89412,
sf,1.8,PSO,7,0,1,37.38529,1.204586,12.7241,51.2511,62.224,19.8733,45.01386,
sf,1.8,PSO,8,0,1,41.84126,1.226869,25.89,54.2485,70.041,25.3572,28.97089,
sf,1.8,PSO,9,0,3,24.01581,1.213843,31.38542,48.3124,77.063,26.87,43.50757,
sf,1.8,PSO,10,0,6,-200.0,,,,,,,measure_failed
sf,1.8,PSO,11,0,3,37.7884,1.216421,26.36149,57.3761,59.908,27.309,26.42983,
sf,1.8,PSO,12,0,2,27.64476,1.202992,19.85957,30.8864,88.2415,50.4336,20.84144,
sf,1.8,PSO,13,0,2,23.89353,0.2570961,23936.79,51.2155,61.032,16.3809,36.55525,
sf,1.8,PSO,14,0,1,43.02563,1.221384,22.42364,53.9627,59.316,26.2007,23.96086,
sf,1.8,PSO,15,0,2,22.07944,1.226752,26.12961,50.062,85.0452,44.1301,21.64297,
sf,1.8,PSO,16,0,6,-200.0,,,,,,,measure_failed
sf,1.8,PSO,17,0,6,-200.0,,,,,,,measure_failed
sf,1.8,PSO,18,0,6,-200.0,,,,,,,measure_failed
sf,1.8,PSO,19,0,3,30.2837,1.207198,3531.108,46.8646,76.304,22.4864,54.59108,
sf,1.8,PSO,20,0,6,-200.0,,,,,,,measure_failed
sf,1.8,PSO,21,0,6,-200.0,,,,,,,measure_failed
sf,1.8,PSO,22,0,6,-200.0,,,,,,,measure_failed
sf,1.8,PSO,23,0,2,33.64093,1.211384,5171.401,52.114,66.075,24.8157,43.53736,
sf,1.8,PSO,24,0,6,-200.0,,,,,,,measure_failed
sf,1.8,PSO,25,0,3,19.82735,1.210467,5154.31,47.4311,61.75,22.4309,30.12993,
sf,1.8,PSO,26,0,6,-200.0,,,,,,,measure_failed
sf,1.8,PSO,27,0,6,-200.0,,,,,,,measure_failed
sf,1.8,PSO,28,0,6,-200.0,,,,,,,measure_failed
sf,1.8,PSO,29,0,6,-200.0,,,,,,,measure_failed
sf,1.98,ABC,0,0,6,-200.0,,,,,,,measure_failed
sf,1.98,ABC,1,0,1,42.31341,1.221828,11.66161,51.86,70.749,27.2065,31.39101,
sf,1.98,ABC,2,0,6,-200.0,,,,,,,timeout
sf,1.98,ABC,3,0,6,-200.0,,,,,,,timeout
sf,1.98,ABC,4,0,2,35.95715,1.218104,50.15743,50.9102,70.336,24.8385,26.35769,
sf,1.98,ABC,5,0,1,45.20885,1.219533,20.83261,56.8793,59.397000000000006,17.1938,53.70556,
sf,1.98,ABC,6,1,0,33.88179,1.221006,23.58214,53.0577,72.509,30.5706,32.6029,
sf,1.98,ABC,7,1,0,34.02803,1.219835,22.84462,52.8885,80.5558,24.4913,29.36122,
sf,1.98,ABC,8,0,1,37.49864,1.207286,25.29591,53.1221,64.568,17.5851,54.55665,
sf,1.98,ABC,9,0,1,45.73325,1.224853,10.37107,51.9624,74.704,21.4041,43.55458,
sf,1.98,ABC,10,0,6,-200.0,,,,,,,measure_failed
sf,1.98,ABC,11,0,1,43.63082,1.22075,27.07228,52.5711,69.429,27.3322,36.87205,
sf,1.98,ABC,12,0,1,32.60802,1.235916,21.95893,50.4248,67.603,36.5962,23.22506,
sf,1.98,ABC,13,0,2,47.64003,1.215644,23.1577,55.7902,59.643,25.497,39.4733,
sf,1.98,ABC,14,0,2,41.55885,1.213326,23.55159,53.0524,59.158,14.0855,30.44498,
sf,1.98,ABC,15,0,2,40.79115,1.217993,26.5265,56.808,63.406000000000006,22.0992,26.45609,
sf,1.98,ABC,16,0,1,35.86666,1.219239,27.60291,55.4675,65.332,28.5474,25.81632,
sf,1.98,ABC,17,0,6,-200.0,,,,,,,measure_failed
sf,1.98,ABC,18,0,6,-200.0,,,,,,,measure_failed
sf,1.98,ABC,19,1,0,47.53344,1.218487,23.71545,54.6675,60.606,19.0915,43.09997,
sf,1.98,ABC,20,0,6,-200.0,,,,,,,measure_failed
sf,1.98,ABC,21,0,3,30.88557,1.20031,3174.653,53.1764,59.706,20.1146,34.00124,
sf,1.98,ABC,22,0,3,43.8455,1.210964,3222.445,54.1817,59.736,27.7147,39.90717,
sf,1.98,ABC,23,0,6,-200.0,,,,,,,measure_failed
sf,1.98,ABC,24,0,1,29.0911,1.218445,20.94075,58.7357,61.009,13.8693,38.91402,
sf,1.98,ABC,25,0,6,-200.0,,,,,,,no_convergence
sf,1.98,ABC,26,0,3,28.9823,1.214446,33.84509,50.2474,59.634,14.574,44.32804,
sf,1.98,ABC,27,0,2,45.49848,1.225697,19.80815,56.996,59.993,17.9962,35.43484,
sf,1.98,ABC,28,0,1,34.63679,1.212504,24.0624,51.5852,64.358,19.0481,50.36857,
sf,1.98,ABC,29,0,4,-2.69623,0.4195197,15179.45,0.38398,147.3325,5.55996,34.36209,
sf,1.98,ACO,0,0,1,32.39621,1.215256,10.25348,56.3315,65.764,20.7302,31.4577,
sf,1.98,ACO,1,0,1,31.32721,1.209775,9.738851,56.092,64.071,23.2248,50.90535,
sf,1.98,ACO,2,0,1,38.81723,1.213802,15.87299,55.0736,71.339,21.9353,44.06515,
sf,1.98,ACO,3,0,2,34.4323,1.207271,31.43077,54.8804,65.424,20.8881,33.87463,
sf,1.98,ACO,4,0,2,33.15858,1.214036,19.97345,56.0936,59.444,20.9408,46.20877,
sf,1.98,ACO,5,0,6,-200.0,,,,,,,measure_failed
sf,1.98,ACO,6,0,1,34.1369,1.2162,20.11731,58.5146,75.395,27.1408,31.84468,
sf,1.98,ACO,7,0,1,32.9182,1.208803,12.74489,51.6726,68.593,23.1388,41.00803,
sf,1.98,ACO,8,0,6,-200.0,,,,,,,measure_failed
sf,1.98,ACO,9,0,2,27.7697,1.215191,26.07895,53.9848,67.773,20.4184,49.24838,
sf,1.98,ACO,10,0,2,35.5452,1.207475,3180.885,50.9445,71.601,28.8633,34.66649,
sf,1.98,ACO,11,0,1,40.03134,1.213966,21.5522,54.4375,63.465,19.7082,39.94459,
sf,1.98,ACO,12,0,2,27.14287,1.210604,3678.789,54.8527,75.364,25.9252,45.03319,
sf,1.98,ACO,13,0,1,24.09429,1.219692,27.35415,58.1786,81.187,28.6955,32.99092,
sf,1.98,ACO,14,1,0,28.15141,1.218568,10.29524,52.752,79.139,22.7696,36.98698,
sf,1.98,ACO,15,0,2,30.23617,1.210767,27.85612,52.56,60.285,29.9588,29.55751,
sf,1.98,ACO,16,0,1,30.99347,1.209521,15.93418,51.2505,72.506,32.9562,28.55547,
sf,1.98,ACO,17,0,2,31.11277,1.213428,10.7634,58.972,59.83,21.5703,41.46061,
sf,1.98,ACO,18,0,1,41.34524,1.211341,24.75593,57.1601,64.879,20.4781,43.39921,
sf,1.98,ACO,19,0,2,38.48333,1.205665,3733.725,60.4704,65.155,20.9471,41.50066,
sf,1.98,ACO,20,0,6,-200.0,,,,,,,measure_failed
sf,1.98,ACO,21,0,3,18.45538,0.2450564,24893.19,22.2792,255.1267,36.3021,16.18816,
sf,1.98,ACO,22,0,6,-200.0,,,,,,,measure_failed
sf,1.98,ACO,23,0,2,34.43108,1.208122,3821.444,54.8302,62.666,20.724,53.01284,
sf,1.98,ACO,24,0,1,30.91309,1.215652,24.21945,51.1784,60.313,18.7294,54.34742,
sf,1.98,ACO,25,0,1,28.95845,1.217635,15.68863,54.1203,79.256,21.9725,48.17318,
sf,1.98,ACO,26,0,1,34.28521,1.2167,18.29091,53.8836,61.5,21.2322,32.76488,
sf,1.98,ACO,27,0,2,40.44223,1.207629,4062.113,55.6369,71.757,25.8903,37.93896,
sf,1.98,ACO,28,0,2,27.96286,0.2087722,32064.42,51.5694,82.7832,23.0453,14.77642,
sf,1.98,ACO,29,0,1,30.67394,1.220289,34.13002,59.6482,68.63,28.0501,32.88539,
sf,1.98,FA,0,0,2,18.59905,1.216609,5619.613,50.0397,83.2483,34.0361,23.96698,
sf,1.98,FA,1,0,3,20.80925,1.223097,36.66302,32.6158,84.7541,22.1095,39.71981,
sf,1.98,FA,2,0,6,-200.0,,,,,,,measure_failed
sf,1.98,FA,3,0,2,13.52124,1.222717,25.56155,49.9756,78.491,31.154,28.0706,
sf,1.98,FA,4,0,2,26.34912,1.198151,5941.187,55.1109,65.311,16.1123,45.5827,
sf,1.98,FA,5,0,3,21.66035,1.215969,38.23861,42.0292,79.829,40.268,23.00211,
sf,1.98,FA,6,0,6,-200.0,,,,,,,measure_failed
sf,1.98,FA,7,0,6,-200.0,,,,,,,measure_failed
sf,1.98,FA,8,0,3,21.01597,1.215722,37.17457,49.9898,86.6255,36.9045,25.76484,
sf,1.98,FA,9,0,6,-200.0,,,,,,,measure_failed
sf,1.98,FA,10,0,3,23.13372,1.213829,30.22242,48.4859,85.4996,25.0112,35.33258,
sf,1.98,FA,11,0,2,23.44506,1.235289,554.9333,50.8412,82.0493,21.4631,54.08532,
sf,1.98,FA,12,0,3,1.112869,1.140806,358.7894,8.07217,104.796,40.2059,22.74188,
sf,1.98,FA,13,0,6,-200.0,,,,,,,measure_failed
sf,1.98,FA,14,0,1,20.56872,1.216974,21.40929,50.4301,63.93300000000001,30.8037,33.16775,
sf,1.98,FA,15,0,6,-200.0,,,,,,,measure_failed
sf,1.98,FA,16,0,3,19.22652,1.214578,32.43426,42.7915,67.18,38.6947,21.63091,
sf,1.98,FA,17,0,2,22.97177,1.20219,5615.264,51.2581,85.2101,24.6046,52.75195,
sf,1.98,FA,18,0,2,24.52421,1.22991,233.8727,50.5506,81.2094,18.6319,49.31708,
sf,1.98,FA,19,0,6,-200.0,,,,,,,measure_failed
sf,1.98,FA,20,0,4,21.02202,1.20515,5508.428,44.6896,72.834,24.3565,107.1587,
sf,1.98,FA,21,0,6,-200.0,,,,,,,measure_failed
sf,1.98,FA,22,0,3,29.91272,1.193273,5081.871,34.848,84.485,37.0172,32.99594,
sf,1.98,FA,23,0,1,18.64862,1.219382,26.51616,53.654,86.5772,31.4055,25.35235,
sf,1.98,FA,24,0,1,31.10284,1.211717,19.24642,51.7618,84.2354,32.5335,27.85091,
sf,1.98,FA,25,0,1,20.45427,1.214943,19.29009,53.036,82.1152,24.3625,28.89772,
sf,1.98,FA,26,0,2,23.6874,1.214097,41.34261,50.1862,84.7483,25.0809,30.87013,
sf,1.98,FA,27,0,6,-200.0,,,,,,,measure_failed
sf,1.98,FA,28,0,6,-200.0,,,,,,,measure_failed
sf,1.98,FA,29,0,2,21.28061,1.222634,34.17857,50.305,73.376,30.0553,30.8729,
sf,1.98,GA,0,0,2,36.15935,1.222866,25.83598,55.5103,59.145,29.048,32.6486,
sf,1.98,GA,1,0,2,23.38888,1.193987,4212.133,51.5534,67.737,18.3962,39.98392,
sf,1.98,GA,2,0,2,37.34339,1.219555,35.85511,54.2363,59.485,33.4105,25.23749,
sf,1.98,GA,3,0,2,27.53865,1.228203,310.5103,51.573,63.353,25.9583,38.31145,
sf,1.98,GA,4,0,2,49.25617,1.216985,24.1979,55.4655,59.757000000000005,18.1108,26.24902,
sf,1.98,GA,5,0,2,37.57914,1.229599,5244.914,54.6077,65.334,20.3899,26.17466,
sf,1.98,GA,6,0,2,32.83903,1.2147,3501.736,54.6947,65.73,29.4328,33.27757,
sf,1.98,GA,7,0,2,25.06039,1.219273,29.42638,43.7468,66.698,32.7524,22.72855,
sf,1.98,GA,8,0,2,46.38716,1.214583,7.963826,50.6575,59.196,16.5611,29.46659,
sf,1.98,GA,9,0,2,33.91282,1.276698,132.8997,51.4178,70.167,34.6638,25.04966,
sf,1.98,GA,10,0,3,29.48811,1.263581,26.24575,51.9078,59.175,14.4271,52.86222,
sf,1.98,GA,11,0,6,-200.0,,,,,,,measure_failed
sf,1.98,GA,12,0,6,-200.0,,,,,,,measure_failed
sf,1.98,GA,13,0,3,44.61425,1.212741,38.90011,52.3827,59.253,19.1098,43.56594,
sf,1.98,GA,14,0,3,45.34471,1.214729,28.13946,55.235,59.616,19.1037,52.77112,
sf,1.98,GA,15,0,1,34.90476,1.221323,25.40216,55.8995,59.494,28.8544,24.81797,
sf,1.98,GA,16,0,2,31.84806,1.211361,19.72737,51.0812,59.69799999999999,35.4095,25.64984,
sf,1.98,GA,17,0,2,34.9843,1.224335,27.76523,51.8558,64.53,33.9392,28.29343,
sf,1.98,GA,18,0,2,45.41476,1.220237,28.77235,50.602,59.538,18.0725,50.81085,
sf,1.98,GA,19,0,2,25.02688,1.210741,5061.421,55.4449,61.928,25.9753,29.85109,
sf,1.98,GA,20,0,3,23.56289,1.170963,269.501,24.0276,84.8547,24.455,29.59472,
sf,1.98,GA,21,0,6,-200.0,,,,,,,measure_failed
sf,1.98,GA,22,0,6,-200.0,,,,,,,measure_failed
sf,1.98,GA,23,0,6,-200.0,,,,,,,measure_failed
sf,1.98,GA,24,0,2,44.44624,1.217143,25.14084,51.1022,59.764,14.495,49.65667,
sf,1.98,GA,25,0,3,42.06908,1.233062,35.81623,56.5745,59.397000000000006,29.7547,27.32072,
sf,1.98,GA,26,0,3,37.6292,1.398731,52.22483,55.9258,59.004000000000005,17.5233,52.42005,
sf,1.98,GA,27,0,6,-200.0,,,,,,,measure_failed
sf,1.98,GA,28,0,1,24.08644,1.220583,33.1188,50.1134,85.3316,33.4963,28.83688,
sf,1.98,GA,29,0,3,33.25556,0.1822573,37378.71,58.5263,59.747,20.7524,29.36624,
sf,1.98,GWO,0,0,2,41.4468,0.2132798,6857.587,53.9721,62.237,16.4013,15.99386,
sf,1.98,GWO,1,0,6,-200.0,,,,,,,measure_failed
sf,1.98,GWO,2,0,6,-200.0,,,,,,,measure_failed
sf,1.98,GWO,3,0,6,-200.0,,,,,,,measure_failed
sf,1.98,GWO,4,0,6,-200.0,,,,,,,measure_failed
sf,1.98,GWO,5,0,6,-200.0,,,,,,,measure_failed
sf,1.98,GWO,6,0,2,39.15069,0.7592873,9059.547,54.4665,62.515,17.9137,24.63242,
sf,1.98,GWO,7,0,6,-200.0,,,,,,,measure_failed
sf,1.98,GWO,8,0,6,-200.0,,,,,,,measure_failed
sf,1.98,GWO,9,0,1,47.26312,1.212963,17.38792,51.8759,69.261,24.5499,34.5213,
sf,1.98,GWO,10,0,1,57.28445,1.224806,21.37135,53.8578,63.406000000000006,27.4223,37.62083,
sf,1.98,GWO,11,0,6,-200.0,,,,,,,measure_failed
sf,1.98,GWO,12,0,6,-200.0,,,,,,,measure_failed
sf,1.98,GWO,13,0,6,-200.0,,,,,,,measure_failed
sf,1.98,GWO,14,0,1,51.90634,1.226006,8.611357,52.7399,62.237,23.2533,41.82025,
sf,1.98,GWO,15,0,6,-200.0,,,,,,,measure_failed
sf,1.98,GWO,16,0,1,45.41561,1.235765,15.31624,51.7209,65.03,16.9268,41.83009,
sf,1.98,GWO,17,0,1,46.76166,1.263861,19.08534,51.6422,62.569,21.6154,50.08149,
sf,1.98,GWO,18,0,6,-200.0,,,,,,,measure_failed
sf,1.98,GWO,19,0,1,44.95648,1.221867,12.82687,50.7417,77.422,27.0779,32.59796,
sf,1.98,GWO,20,0,6,-200.0,,,,,,,measure_failed
sf,1.98,GWO,21,0,6,-200.0,,,,,,,measure_failed
sf,1.98,GWO,22,0,1,45.04438,1.215942,25.53451,51.6123,65.389,18.6936,40.39351,
sf,1.98,GWO,23,0,2,61.3469,1.214478,27.11228,54.4289,61.05500000000001,26.0313,28.51898,
sf,1.98,GWO,24,0,6,-200.0,,,,,,,measure_failed
sf,1.98,GWO,25,0,6,-200.0,,,,,,,measure_failed
sf,1.98,GWO,26,0,1,45.62578,1.241562,12.7015,51.1936,71.182,19.1934,38.69469,
sf,1.98,GWO,27,0,6,-200.0,,,,,,,measure_failed
sf,1.98,GWO,28,0,1,48.51548,1.217769,24.47596,53.3112,60.642,15.0334,42.46146,
sf,1.98,GWO,29,0,6,-200.0,,,,,,,measure_failed
sf,1.98,PSO,0,0,6,-200.0,,,,,,,measure_failed
sf,1.98,PSO,1,0,6,-200.0,,,,,,,measure_failed
sf,1.98,PSO,2,0,2,29.79172,1.253689,328.519,50.867,77.86,25.4986,33.5673,
sf,1.98,PSO,3,0,2,26.89754,1.216038,32.86879,53.1087,66.997,16.8723,54.77114,
sf,1.98,PSO,4,0,2,34.53505,1.216642,24.92703,51.0761,59.620000000000005,31.0334,36.04333,
sf,1.98,PSO,5,0,3,35.12374,1.226151,35.93902,50.8655,68.071,23.6959,55.32055,
sf,1.98,PSO,6,0,2,42.94313,1.219203,30.59624,50.2695,59.17400000000001,17.4842,53.92147,
sf,1.98,PSO,7,0,1,45.01063,1.204583,13.9417,52.1211,62.17100000000001,19.9111,45.01789,
sf,1.98,PSO,8,0,2,31.91694,1.227229,28.8356,54.4637,69.807,25.6205,28.98713,
sf,1.98,PSO,9,0,1,23.87379,1.21999,28.74837,50.5459,76.275,26.1914,43.71795,
sf,1.98,PSO,10,0,6,-200.0,,,,,,,measure_failed
sf,1.98,PSO,11,0,3,41.33393,1.216793,26.13427,57.5259,59.663,27.1303,26.44643,
sf,1.98,PSO,12,0,2,28.03519,1.210256,10.55624,31.0992,88.1268,50.3697,21.08912,
sf,1.98,PSO,13,0,6,-200.0,,,,,,,measure_failed
sf,1.98,PSO,14,0,1,53.07997,1.221389,22.34416,54.1352,59.101,27.0897,23.96507,
sf,1.98,PSO,15,0,6,-200.0,,,,,,,no_convergence
sf,1.98,PSO,16,0,6,-200.0,,,,,,,measure_failed
sf,1.98,PSO,17,0,6,-200.0,,,,,,,measure_failed
sf,1.98,PSO,18,0,6,-200.0,,,,,,,measure_failed
sf,1.98,PSO,19,0,1,32.98577,1.211547,17.75341,51.8556,76.036,22.621,54.74106,
sf,1.98,PSO,20,0,6,-200.0,,,,,,,measure_failed
sf,1.98,PSO,21,0,6,-200.0,,,,,,,measure_failed
sf,1.98,PSO,22,0,6,-200.0,,,,,,,measure_failed
sf,1.98,PSO,23,0,2,32.42499,1.212039,5107.701,55.9445,65.573,24.5247,43.5634,
sf,1.98,PSO,24,0,2,30.84711,1.206944,6308.392,50.2783,77.089,23.9394,54.68335,
sf,1.98,PSO,25,0,3,27.12651,1.210646,5061.597,54.1857,59.456,20.5638,30.14003,
sf,1.98,PSO,26,0,6,-200.0,,,,,,,measure_failed
sf,1.98,PSO,27,0,6,-200.0,,,,,,,measure_failed
sf,1.98,PSO,28,0,6,-200.0,,,,,,,no_convergence
sf,1.98,PSO,29,0,6,-200.0,,,,,,,measure_failed
ss,1.62,ABC,0,0,6,-200.0,,,,,,,timeout
ss,1.62,ABC,1,0,1,31.26439,1.218694,43.34496,52.0353,70.572,26.3446,31.20034,
ss,1.62,ABC,2,0,2,25.04203,1.221489,38.22955,62.746,60.27,22.3488,50.34256,
ss,1.62,ABC,3,0,2,24.19515,1.211922,35.68086,50.647,71.176,21.6203,34.86919,
ss,1.62,ABC,4,0,2,18.89435,1.221906,12.26598,43.8458,72.404,27.29,26.40022,
ss,1.62,ABC,5,0,2,41.20594,1.221818,18.31349,57.0881,59.989,17.2928,53.69722,
ss,1.62,ABC,6,0,2,16.37121,1.219528,36.20874,32.166,75.642,31.8868,32.46815,
ss,1.62,ABC,7,0,2,25.22634,1.223482,25.29789,45.6528,81.1572,27.0654,29.39857,
ss,1.62,ABC,8,0,2,14.68101,1.218339,60.09672,52.3141,64.895,17.2252,54.84247,
ss,1.62,ABC,9,0,1,38.80433,1.225493,11.52288,51.4176,75.18,21.5855,43.49095,
ss,1.62,ABC,10,0,6,-200.0,,,,,,,measure_failed
ss,1.62,ABC,11,0,3,29.55928,1.222797,29.49026,49.9117,70.791,27.9887,36.8557,
ss,1.62,ABC,12,0,3,17.79591,1.2258,48.45321,44.9315,68.703,38.0305,22.79992,
ss,1.62,ABC,13,0,2,33.80719,1.223233,41.53425,55.2629,60.03,25.5821,39.64307,
ss,1.62,ABC,14,0,3,38.54867,1.218656,26.62645,52.8167,58.912000000000006,13.772,30.53887,
ss,1.62,ABC,15,0,1,31.12379,1.217671,17.77362,56.9656,63.877,22.807,26.36028,
ss,1.62,ABC,16,0,1,31.92274,1.219213,32.00773,54.9907,65.231,28.1057,25.73037,
ss,1.62,ABC,17,0,6,-200.0,,,,,,,measure_failed
ss,1.62,ABC,18,0,6,-200.0,,,,,,,measure_failed
ss,1.62,ABC,19,0,3,31.53234,1.224297,72.66013,55.9058,59.963,18.9265,43.20959,
ss,1.62,ABC,20,0,2,19.94589,1.218895,72.09212,48.0128,71.598,25.9833,26.22724,
ss,1.62,ABC,21,0,3,19.00873,1.209218,3369.507,54.7564,57.708,18.3685,34.21355,
ss,1.62,ABC,22,0,2,17.37025,1.217508,19.30421,54.4432,59.55200000000001,27.8225,40.04181,
ss,1.62,ABC,23,0,6,-200.0,,,,,,,measure_failed
ss,1.62,ABC,24,0,1,24.02691,1.218577,18.04887,58.3759,61.319,13.6677,38.83342,
ss,1.62,ABC,25,1,0,36.68934,1.220034,23.01476,52.7552,69.029,22.5007,30.06416,
ss,1.62,ABC,26,0,3,33.22889,1.222341,31.02343,49.8566,61.276,15.2302,44.50802,
ss,1.62,ABC,27,0,3,19.23316,1.22701,30.05088,55.9801,59.444,20.2911,35.39385,
ss,1.62,ABC,28,0,2,28.98627,1.214904,31.38295,51.34,65.257,19.0973,50.36409,
ss,1.62,ABC,29,0,4,4.416339,0.4141138,11853.23,6.9643,78.53,6.49007,34.35464,
ss,1.62,ACO,0,0,2,12.85869,1.215367,81.79098,54.9532,67.496,22.2566,31.37639,
ss,1.62,ACO,1,0,6,-200.0,,,,,,,measure_failed
ss,1.62,ACO,2,0,1,28.12826,1.21592,18.31261,54.7791,71.44,21.8855,44.0512,
ss,1.62,ACO,3,0,1,19.97224,1.215108,24.19538,56.3564,64.856,19.207,34.05118,
ss,1.62,ACO,4,0,2,31.30531,1.217668,18.74422,57.6816,58.426,19.5135,46.24425,
ss,1.62,ACO,5,0,3,12.64843,1.213744,43.72646,30.4756,78.912,30.6264,37.73403,
ss,1.62,ACO,6,1,0,30.60111,1.218879,17.7212,58.9802,75.752,27.6004,31.84954,
ss,1.62,ACO,7,0,1,29.72125,1.213525,18.09404,52.9877,68.049,21.5622,41.08007,
ss,1.62,ACO,8,0,2,24.6907,1.212206,3665.409,56.7488,70.762,29.9069,29.40005,
ss,1.62,ACO,9,0,2,31.87454,1.213566,26.55335,53.7213,67.934,20.3116,49.10879,
ss,1.62,ACO,10,0,2,25.62575,1.213877,9.536187,49.2728,72.292,28.9764,34.79625,
ss,1.62,ACO,11,0,1,21.46086,1.217002,20.94068,53.8672,63.806,20.2714,39.96149,
ss,1.62,ACO,12,0,2,15.51819,1.213699,17.55715,44.7761,77.869,27.2011,45.05195,
ss,1.62,ACO,13,0,2,19.88128,1.223922,34.31096,57.2236,81.3804,28.8197,33.04786,
ss,1.62,ACO,14,0,2,9.874076,1.221259,34.83737,45.9292,81.9637,27.706,36.9922,
ss,1.62,ACO,15,0,6,-200.0,,,,,,,measure_failed
ss,1.62,ACO,16,0,3,15.67794,1.2092,40.44247,30.2272,75.458,35.0331,28.45967,
ss,1.62,ACO,17,1,0,38.78397,1.218679,14.52641,58.7004,60.599,21.6074,41.55181,
ss,1.62,ACO,18,0,2,20.72081,1.217781,38.35093,58.8597,63.93000000000001,19.2166,43.5289,
ss,1.62,ACO,19,0,1,18.05049,1.225207,24.2136,60.2871,65.928,20.3849,42.07133,
ss,1.62,ACO,20,0,1,19.92943,1.219953,8.132454,43.3788,81.8677,29.434,34.56875,
ss,1.62,ACO,21,0,1,16.50239,1.214255,25.04591,53.8668,67.32,27.3095,34.41947,
ss,1.62,ACO,22,0,6,-200.0,,,,,,,measure_failed
ss,1.62,ACO,23,0,1,36.86638,1.213772,22.13485,54.5419,62.733,20.5442,53.11744,
ss,1.62,ACO,24,0,2,28.04743,1.218666,30.59978,52.4664,58.539,17.4747,54.36212,
ss,1.62,ACO,25,0,2,11.97584,1.223832,17.29788,32.0525,82.9812,24.5292,48.29609,
ss,1.62,ACO,26,0,2,32.0999,1.218324,28.91702,55.3499,60.513000000000005,20.3555,32.73295,
ss,1.62,ACO,27,0,1,23.25323,1.217365,13.54142,53.1297,72.779,26.2582,38.18059,
ss,1.62,ACO,28,0,6,-200.0,,,,,,,measure_failed
ss,1.62,ACO,29,0,1,28.88104,1.218123,9.706936,59.1843,68.795,28.1204,32.7276,
ss,1.62,FA,0,0,3,15.16845,1.211086,6046.347,49.9345,83.2976,34.2057,23.69657,
ss,1.62,FA,1,0,3,15.94672,1.206161,74.45611,34.018,84.5738,22.3405,39.06641,
ss,1.62,FA,2,0,3,-0.711108,0.2696544,26500.75,0.284772,163.531,18.9572,19.49134,
ss,1.62,FA,3,0,2,11.2228,1.216535,26.9668,50.0256,78.881,31.3054,27.77796,
ss,1.62,FA,4,0,4,2.79723,0.3896686,6135.039,7.71518,79.403,11.3114,27.79699,
ss,1.62,FA,5,0,2,18.1848,1.214979,10.79455,41.6761,80.2956,40.4786,22.8838,
ss,1.62,FA,6,0,6,-200.0,,,,,,,measure_failed
ss,1.62,FA,7,0,2,13.64979,1.217361,5420.382,50.144,83.0314,27.7027,30.43636,
ss,1.62,FA,8,0,3,15.08896,1.21017,232.8548,49.4734,86.7154,37.8365,25.49349,
ss,1.62,FA,9,0,6,-200.0,,,,,,,measure_failed
ss,1.62,FA,10,0,3,17.28217,1.208384,33.30769,42.2574,86.0467,25.9129,35.06486,
ss,1.62,FA,11,0,3,17.72564,1.209953,4798.958,47.7087,82.4547,22.0127,53.14936,
ss,1.62,FA,12,0,3,10.69317,1.165027,97.00907,11.5457,97.5406,39.7216,23.46523,
ss,1.62,FA,13,0,3,3.96242,0.3320296,10385.12,0.378239,161.1961,20.5377,26.0048,
ss,1.62,FA,14,0,3,13.27141,1.216088,26.64779,44.9368,64.93,31.1863,33.05295,
ss,1.62,FA,15,0,6,-200.0,,,,,,,measure_failed
ss,1.62,FA,16,0,2,16.148,1.214504,17.51058,42.5068,67.926,39.1198,21.54337,
ss,1.62,FA,17,0,6,-200.0,,,,,,,measure_failed
ss,1.62,FA,18,0,3,11.82626,1.206447,3565.481,45.4215,82.2658,19.6666,48.44437,
ss,1.62,FA,19,0,3,10.65058,0.190879,32193.93,1.29083,147.5992,24.2556,18.22045,
ss,1.62,FA,20,0,4,13.41716,1.200132,3848.007,42.8382,72.922,23.8258,106.9055,
ss,1.62,FA,21,0,2,21.5787,1.210937,3726.049,54.4244,75.797,28.6672,28.9321,
ss,1.62,FA,22,0,3,21.77518,1.198277,1895.798,34.6554,84.8736,37.1754,33.07871,
ss,1.62,FA,23,0,3,14.22843,1.214111,32.1622,45.5093,86.9835,33.6251,25.09036,
ss,1.62,FA,24,0,2,21.80266,1.204967,23.3126,30.1149,86.1897,33.3339,27.53951,
ss,1.62,FA,25,0,2,17.36841,1.203279,6.326148,35.401,83.4292,25.2421,28.42146,
ss,1.62,FA,26,0,3,14.99664,1.200507,63.93763,47.8952,85.3591,26.0493,30.32935,
ss,1.62,FA,27,0,6,-200.0,,,,,,,measure_failed
ss,1.62,FA,28,0,6,-200.0,,,,,,,measure_failed
ss,1.62,FA,29,0,3,15.39548,1.228385,63.7447,49.0893,74.15,30.8261,30.9809,
ss,1.62,GA,0,0,3,24.89479,1.221593,28.26414,49.4902,61.041,30.0433,32.52078,
ss,1.62,GA,1,0,2,26.21019,1.202719,3075.71,51.1148,66.781,19.1144,40.19159,
ss,1.62,GA,2,0,2,28.89124,1.216631,27.78164,53.7744,60.016000000000005,33.3618,25.05431,
ss,1.62,GA,3,0,2,21.67273,1.212792,4201.227,51.3435,63.525000000000006,25.9388,37.7087,
ss,1.62,GA,4,1,0,38.85191,1.218836,23.52965,55.0129,60.44499999999999,18.5458,26.22614,
ss,1.62,GA,5,0,1,32.91145,1.220545,5512.767,54.1266,65.934,21.1347,25.78543,
ss,1.62,GA,6,0,3,18.97355,1.222736,39.30579,36.8158,67.776,30.7296,33.46223,
ss,1.62,GA,7,0,3,24.18211,1.21678,31.05066,41.6211,66.767,33.3966,22.55978,
ss,1.62,GA,8,0,3,27.09954,1.21505,30.47636,50.814,58.978,16.954,29.39688,
ss,1.62,GA,9,0,2,24.25395,1.249079,256.412,50.4869,71.194,34.406,24.03371,
ss,1.62,GA,10,0,3,9.615083,1.268678,70.33329,46.8882,67.997,17.666,52.94844,
ss,1.62,GA,11,0,6,-200.0,,,,,,,measure_failed
ss,1.62,GA,12,0,6,-200.0,,,,,,,measure_failed
ss,1.62,GA,13,0,2,41.2126,1.215946,14.87805,52.6614,59.758,19.176,43.58849,
ss,1.62,GA,14,0,2,19.36321,1.223443,3.9184,54.6209,59.267,20.2666,52.97864,
ss,1.62,GA,15,0,1,14.92599,1.217753,25.94943,50.7028,60.855,30.2095,24.61307,
ss,1.62,GA,16,0,3,14.56368,1.215683,27.564,41.932,60.961,36.5961,25.70983,
ss,1.62,GA,17,0,2,17.52632,1.224999,12.97713,42.7693,66.193,34.8948,28.23057,
ss,1.62,GA,18,1,0,47.81447,1.221328,21.65055,50.2181,60.178,17.7809,50.76245,
ss,1.62,GA,19,0,3,14.20535,1.217512,29.10556,46.8445,64.291,28.9196,29.99327,
ss,1.62,GA,20,0,3,21.73731,1.188527,241.1184,23.6298,86.1178,25.7592,30.09746,
ss,1.62,GA,21,0,6,-200.0,,,,,,,measure_failed
ss,1.62,GA,22,0,6,-200.0,,,,,,,measure_failed
ss,1.62,GA,23,0,6,-200.0,,,,,,,measure_failed
ss,1.62,GA,24,0,1,44.32224,1.219959,41.08434,50.8578,60.251000000000005,14.5325,49.66618,
ss,1.62,GA,25,0,2,22.1927,1.229791,23.32005,49.9076,61.3,31.3184,27.12568,
ss,1.62,GA,26,0,2,13.8706,1.390667,980.589,51.0299,65.881,19.9996,52.05982,
ss,1.62,GA,27,0,3,6.004965,0.3378209,8917.863,0.205222,166.7534,25.512,7.659272,
ss,1.62,GA,28,0,3,21.07383,1.217923,85.15242,49.0201,85.5735,33.7475,28.66246,
ss,1.62,GA,29,0,2,28.48698,1.207583,3445.504,50.9261,60.648,21.4253,47.37249,
ss,1.62,GWO,0,0,6,-200.0,,,,,,,measure_failed
ss,1.62,GWO,1,0,3,0.9456173,0.4778877,12618.82,12.8455,252.2238,30.9315,23.31466,
ss,1.62,GWO,2,0,2,44.60788,1.218156,38.65754,52.956,61.347,16.7386,44.8423,
ss,1.62,GWO,3,0,3,30.688,1.211442,39.58218,39.0534,69.706,22.2158,30.98682,
ss,1.62,GWO,4,0,6,-200.0,,,,,,,measure_failed
ss,1.62,GWO,5,0,1,40.96882,1.213708,6.536443,54.3937,67.183,22.7559,31.51197,
ss,1.62,GWO,6,0,6,-200.0,,,,,,,measure_failed
ss,1.62,GWO,7,0,6,-200.0,,,,,,,measure_failed
ss,1.62,GWO,8,0,2,40.68644,1.211601,3745.886,54.6284,60.944,16.3299,37.00064,
ss,1.62,GWO,9,0,1,31.68869,1.220471,25.3901,45.0607,70.518,25.0867,34.6883,
ss,1.62,GWO,10,0,1,34.16506,1.222624,20.3239,52.4437,64.185,27.723,37.46246,
ss,1.62,GWO,11,0,6,-200.0,,,,,,,measure_failed
ss,1.62,GWO,12,0,6,-200.0,,,,,,,measure_failed
ss,1.62,GWO,13,0,6,-200.0,,,,,,,measure_failed
ss,1.62,GWO,14,0,1,40.36891,1.230935,15.28279,53.6375,62.468,22.6051,41.90013,
ss,1.62,GWO,15,0,6,-200.0,,,,,,,measure_failed
ss,1.62,GWO,16,0,2,40.69792,1.239493,28.88278,50.2287,65.609,17.4208,41.8702,
ss,1.62,GWO,17,0,2,24.3671,1.263118,35.77007,50.1218,63.181,22.0839,49.97102,
ss,1.62,GWO,18,0,6,-200.0,,,,,,,measure_failed
ss,1.62,GWO,19,0,6,-200.0,,,,,,,timeout
ss,1.62,GWO,20,0,6,-200.0,,,,,,,measure_failed
ss,1.62,GWO,21,0,6,-200.0,,,,,,,measure_failed
ss,1.62,GWO,22,0,1,15.43431,1.219208,50.34068,51.3668,64.432,18.6035,40.41805,
ss,1.62,GWO,23,0,2,19.03727,1.22863,27.58431,51.7957,62.051,25.3432,28.9091,
ss,1.62,GWO,24,0,1,38.644,1.219379,26.387,54.2906,63.827,27.9274,29.40919,
ss,1.62,GWO,25,0,2,20.31802,1.223235,72.34171,52.8131,67.484,19.1761,42.40334,
ss,1.62,GWO,26,0,2,41.84327,1.238241,17.25321,49.8906,71.953,19.6496,38.49777,
ss,1.62,GWO,27,0,6,-200.0,,,,,,,measure_failed
ss,1.62,GWO,28,0,2,42.75972,1.216714,28.12344,52.8399,60.903000000000006,15.1214,42.34102,
ss,1.62,GWO,29,0,2,20.29743,1.222269,91.09734,52.4629,65.2,19.8672,37.24042,
ss,1.62,PSO,0,0,6,-200.0,,,,,,,measure_failed
ss,1.62,PSO,1,1,0,30.66198,1.220483,12.66265,54.1496,60.134,20.1662,33.39232,
ss,1.62,PSO,2,0,2,21.43103,1.219875,4262.368,49.9064,78.257,26.0977,32.34514,
ss,1.62,PSO,3,0,2,19.71498,1.210715,18.30624,45.118,72.197,21.6947,54.50747,
ss,1.62,PSO,4,0,2,17.34205,1.218414,35.10276,38.8453,61.861,31.5954,36.01768,
ss,1.62,PSO,5,0,3,26.01194,1.224891,116.5274,51.4042,67.527,23.6857,55.19277,
ss,1.62,PSO,6,0,2,46.41131,1.221465,21.5737,50.3259,59.387,17.4209,53.91236,
ss,1.62,PSO,7,0,2,22.70179,0.8866504,6066.634,51.6357,61.92700000000001,19.509,37.55923,
ss,1.62,PSO,8,0,2,36.54494,1.223056,44.75129,54.0746,69.808,25.2787,28.76179,
ss,1.62,PSO,9,0,2,10.55461,1.211077,25.91733,40.8732,79.539,28.6368,43.33376,
ss,1.62,PSO,10,0,6,-200.0,,,,,,,measure_failed
ss,1.62,PSO,11,0,2,29.84092,1.218051,45.83079,57.0902,60.137,27.2612,26.40361,
ss,1.62,PSO,12,0,3,18.29884,1.203496,268.5661,30.2393,88.7644,51.1026,20.77747,
ss,1.62,PSO,13,0,3,19.01777,1.207561,3556.631,48.6113,62.581,17.1068,54.56678,
ss,1.62,PSO,14,0,1,32.4217,1.220359,27.35906,53.7022,60.212,27.9749,23.84545,
ss,1.62,PSO,15,0,2,18.14729,1.221047,39.3949,49.7921,85.2392,44.2885,21.37028,
ss,1.62,PSO,16,0,6,-200.0,,,,,,,measure_failed
ss,1.62,PSO,17,0,6,-200.0,,,,,,,measure_failed
ss,1.62,PSO,18,0,3,23.62816,0.2485598,25425.53,48.8322,63.083,16.5181,36.49748,
ss,1.62,PSO,19,0,3,14.34896,1.207651,3780.086,42.6711,77.622,21.9667,54.52533,
ss,1.62,PSO,20,0,6,-200.0,,,,,,,measure_failed
ss,1.62,PSO,21,0,6,-200.0,,,,,,,measure_failed
ss,1.62,PSO,22,0,6,-200.0,,,,,,,measure_failed
ss,1.62,PSO,23,0,2,10.87823,1.221602,12.63616,34.714,69.552,27.1605,43.79927,
ss,1.62,PSO,24,0,3,13.08206,0.3367106,22783.08,18.4057,228.36,34.6725,36.6084,
ss,1.62,PSO,25,0,1,11.27649,1.220834,21.13309,39.4225,65.499,27.7465,30.39692,
ss,1.62,PSO,26,0,3,18.74246,0.3718225,19213.71,21.3222,229.0477,32.9387,36.51014,
ss,1.62,PSO,27,0,3,4.466858,0.1843372,20827.77,3.62948,128.97899999999998,26.5889,22.14263,
ss,1.62,PSO,28,0,6,-200.0,,,,,,,measure_failed
ss,1.62,PSO,29,0,2,27.35723,1.224402,17.13143,47.3727,68.679,30.1925,33.48776,
ss,1.8,ABC,0,0,6,-200.0,,,,,,,timeout
ss,1.8,ABC,1,0,6,-200.0,,,,,,,timeout
ss,1.8,ABC,2,0,6,-200.0,,,,,,,timeout
ss,1.8,ABC,3,0,6,-200.0,,,,,,,timeout
ss,1.8,ABC,4,0,6,-200.0,,,,,,,timeout
ss,1.8,ABC,5,0,6,-200.0,,,,,,,timeout
ss,1.8,ABC,6,0,6,-200.0,,,,,,,timeout
ss,1.8,ABC,7,0,6,-200.0,,,,,,,timeout
ss,1.8,ABC,8,0,6,-200.0,,,,,,,timeout
ss,1.8,ABC,9,0,6,-200.0,,,,,,,timeout
ss,1.8,ABC,10,0,6,-200.0,,,,,,,timeout
ss,1.8,ABC,11,0,6,-200.0,,,,,,,timeout
ss,1.8,ABC,12,0,6,-200.0,,,,,,,timeout
ss,1.8,ABC,13,0,6,-200.0,,,,,,,timeout
ss,1.8,ABC,14,0,6,-200.0,,,,,,,timeout
ss,1.8,ABC,15,0,6,-200.0,,,,,,,timeout
ss,1.8,ABC,16,0,6,-200.0,,,,,,,timeout
ss,1.8,ABC,17,0,6,-200.0,,,,,,,timeout
ss,1.8,ABC,18,0,6,-200.0,,,,,,,timeout
ss,1.8,ABC,19,0,6,-200.0,,,,,,,timeout
ss,1.8,ABC,20,0,6,-200.0,,,,,,,timeout
ss,1.8,ABC,21,0,6,-200.0,,,,,,,timeout
ss,1.8,ABC,22,0,6,-200.0,,,,,,,timeout
ss,1.8,ABC,23,0,6,-200.0,,,,,,,timeout
ss,1.8,ABC,24,0,6,-200.0,,,,,,,timeout
ss,1.8,ABC,25,0,6,-200.0,,,,,,,timeout
ss,1.8,ABC,26,0,6,-200.0,,,,,,,timeout
ss,1.8,ABC,27,0,6,-200.0,,,,,,,timeout
ss,1.8,ABC,28,0,6,-200.0,,,,,,,timeout
ss,1.8,ABC,29,0,6,-200.0,,,,,,,timeout
ss,1.8,ACO,0,0,6,-200.0,,,,,,,timeout
ss,1.8,ACO,1,0,6,-200.0,,,,,,,timeout
ss,1.8,ACO,2,0,6,-200.0,,,,,,,timeout
ss,1.8,ACO,3,0,6,-200.0,,,,,,,timeout
ss,1.8,ACO,4,0,6,-200.0,,,,,,,timeout
ss,1.8,ACO,5,0,6,-200.0,,,,,,,timeout
ss,1.8,ACO,6,0,6,-200.0,,,,,,,timeout
ss,1.8,ACO,7,0,6,-200.0,,,,,,,timeout
ss,1.8,ACO,8,0,6,-200.0,,,,,,,timeout
ss,1.8,ACO,9,0,6,-200.0,,,,,,,timeout
ss,1.8,ACO,10,0,6,-200.0,,,,,,,timeout
ss,1.8,ACO,11,0,6,-200.0,,,,,,,timeout
ss,1.8,ACO,12,0,6,-200.0,,,,,,,timeout
ss,1.8,ACO,13,0,6,-200.0,,,,,,,timeout
ss,1.8,ACO,14,0,6,-200.0,,,,,,,timeout
ss,1.8,ACO,15,0,6,-200.0,,,,,,,measure_failed
ss,1.8,ACO,16,0,6,-200.0,,,,,,,timeout
ss,1.8,ACO,17,0,6,-200.0,,,,,,,timeout
ss,1.8,ACO,18,0,6,-200.0,,,,,,,timeout
ss,1.8,ACO,19,0,6,-200.0,,,,,,,timeout
ss,1.8,ACO,20,0,6,-200.0,,,,,,,timeout
ss,1.8,ACO,21,0,6,-200.0,,,,,,,timeout
ss,1.8,ACO,22,0,6,-200.0,,,,,,,timeout
ss,1.8,ACO,23,0,6,-200.0,,,,,,,timeout
ss,1.8,ACO,24,0,6,-200.0,,,,,,,timeout
ss,1.8,ACO,25,0,6,-200.0,,,,,,,timeout
ss,1.8,ACO,26,0,6,-200.0,,,,,,,timeout
ss,1.8,ACO,27,0,6,-200.0,,,,,,,timeout
ss,1.8,ACO,28,0,6,-200.0,,,,,,,timeout
ss,1.8,ACO,29,0,6,-200.0,,,,,,,timeout
ss,1.8,FA,0,0,6,-200.0,,,,,,,timeout
ss,1.8,FA,1,0,6,-200.0,,,,,,,timeout
ss,1.8,FA,2,0,2,20.02955,1.20607,5522.416,52.8484,62.146,25.2509,37.45877,
ss,1.8,FA,3,1,0,12.53751,1.221365,20.89069,50.0788,78.624,31.1426,27.94415,
ss,1.8,FA,4,0,2,25.74379,1.201604,6003.595,54.8599,65.345,16.0344,45.6176,
ss,1.8,FA,5,0,3,20.48575,1.21772,26.06461,41.8179,79.976,40.3123,22.97986,
ss,1.8,FA,6,0,6,-200.0,,,,,,,measure_failed
ss,1.8,FA,7,0,2,16.14936,1.215861,5846.671,50.0232,82.9081,27.5977,30.39008,
ss,1.8,FA,8,0,3,20.04553,1.214954,27.30618,49.8781,86.6489,36.8617,25.65803,
ss,1.8,FA,9,0,6,-200.0,,,,,,,measure_failed
ss,1.8,FA,10,0,3,21.58084,1.215128,28.41451,45.7337,85.7022,25.3409,35.29514,
ss,1.8,FA,11,0,2,23.25928,1.225012,4268.299,50.5459,82.1647,21.6319,53.65885,
ss,1.8,FA,12,0,3,11.36658,1.176887,163.6315,11.5216,97.0112,39.853,23.86557,
ss,1.8,FA,13,0,2,24.82057,0.8920582,8076.376,50.6298,83.7569,22.5195,36.55571,
ss,1.8,FA,14,0,1,19.46253,1.217621,20.72098,50.4071,64.104,30.7827,33.10846,
ss,1.8,FA,15,0,3,22.12977,1.209107,3956.864,49.9495,62.443,26.2749,42.42127,
ss,1.8,FA,16,0,2,18.5886,1.217254,21.79272,42.7143,67.391,38.7011,21.63971,
ss,1.8,FA,17,0,2,21.16621,1.204788,5561.551,50.2225,85.2891,24.7982,52.75816,
ss,1.8,FA,18,0,2,23.90204,1.217866,220.7338,50.3072,81.3487,18.7783,48.8315,
ss,1.8,FA,19,0,3,8.543376,0.2501565,23562.99,3.22468,129.94740000000002,21.7031,18.22351,
ss,1.8,FA,20,0,4,19.87111,1.199385,5495.162,44.5264,72.993,24.1226,106.8845,
ss,1.8,FA,21,0,1,22.33237,1.213285,19.44633,54.8925,75.459,28.2982,29.01494,
ss,1.8,FA,22,0,3,28.20493,1.197558,2848.337,34.8112,84.5768,37.0627,33.05869,
ss,1.8,FA,23,1,0,18.63227,1.21929,19.08711,50.4348,86.7423,32.0748,25.26824,
ss,1.8,FA,24,0,1,30.48515,1.21067,11.57386,50.7561,84.2714,32.5195,27.73483,
ss,1.8,FA,25,0,1,20.31784,1.211109,16.31863,50.6715,82.0458,24.1548,28.68809,
ss,1.8,FA,26,0,2,22.87536,1.212356,38.62752,50.0099,84.7715,25.175,30.73073,
ss,1.8,FA,27,0,6,-200.0,,,,,,,measure_failed
ss,1.8,FA,28,0,6,-200.0,,,,,,,measure_failed
ss,1.8,FA,29,0,1,20.40195,1.225148,23.22045,50.2066,73.549,30.0909,30.87625,
ss,1.8,GA,0,0,3,36.95733,1.224029,27.8811,55.145,59.6,28.7809,32.60668,
ss,1.8,GA,1,0,1,36.32582,1.206422,25.58027,51.3909,67.124,18.8692,40.31993,
ss,1.8,GA,2,0,2,34.70375,1.221006,26.44119,54.0334,59.718,33.3696,25.20522,
ss,1.8,GA,3,0,2,29.61418,1.223783,3592.221,51.6746,63.503,26.501,38.08179,
ss,1.8,GA,4,0,1,47.13084,1.220414,25.72897,55.2855,59.819,18.0407,26.28324,
ss,1.8,GA,5,0,2,39.15638,1.22354,5396.785,54.3796,65.557,20.505,25.8901,
ss,1.8,GA,6,0,2,38.09996,1.225061,42.78822,52.1766,65.929,29.3902,33.5444,
ss,1.8,GA,7,0,2,31.44296,1.219935,27.95479,43.1699,66.844,32.6394,22.66976,
ss,1.8,GA,8,0,2,40.24805,1.216853,24.09594,51.1877,58.501000000000005,16.1142,29.46161,
ss,1.8,GA,9,0,2,40.0731,1.245782,175.0391,51.0448,70.558,35.047,23.92684,
ss,1.8,GA,10,0,1,37.73215,1.270746,23.73218,51.5483,60.123000000000005,14.705,53.02224,
ss,1.8,GA,11,0,6,-200.0,,,,,,,measure_failed
ss,1.8,GA,12,0,3,17.84556,0.3797405,16474.71,23.2206,258.8959,39.951,6.689349,
ss,1.8,GA,13,0,2,44.19395,1.215941,15.53106,52.6911,59.443,18.8973,43.59242,
ss,1.8,GA,14,0,2,43.44552,1.220232,26.29406,55.2804,59.685,18.9644,52.87489,
ss,1.8,GA,15,0,2,29.09377,1.22209,21.48332,55.5769,59.865,29.0324,24.76273,
ss,1.8,GA,16,0,2,36.17252,1.217025,21.63248,50.7629,59.83,35.3525,25.75895,
ss,1.8,GA,17,0,1,43.37536,1.225453,14.95551,51.3909,64.738,33.93,28.2499,
ss,1.8,GA,18,0,2,49.71646,1.22198,20.60243,50.7711,59.791,17.7883,50.7884,
ss,1.8,GA,19,1,0,37.29789,1.21867,18.86309,54.1441,62.486,26.7525,30.0362,
ss,1.8,GA,20,0,3,32.49618,1.193399,241.5154,24.3869,85.1982,25.16,30.26462,
ss,1.8,GA,21,0,6,-200.0,,,,,,,measure_failed
ss,1.8,GA,22,0,6,-200.0,,,,,,,measure_failed
ss,1.8,GA,23,0,6,-200.0,,,,,,,measure_failed
ss,1.8,GA,24,0,1,46.02864,1.220903,23.82241,51.0489,59.916,14.5276,49.70191,
ss,1.8,GA,25,0,2,44.70896,1.229023,24.46388,56.1831,59.69799999999999,29.6654,27.10393,
ss,1.8,GA,26,0,3,34.45293,1.393846,56.90381,55.4845,59.716,17.7109,52.17188,
ss,1.8,GA,27,0,6,-200.0,,,,,,,measure_failed
ss,1.8,GA,28,0,1,23.70358,1.220366,24.71688,49.9921,85.3896,33.5185,28.74854,
ss,1.8,GA,29,0,3,36.91246,1.20963,29.86638,58.5484,59.901,21.0524,47.44517,
ss,1.8,GWO,0,0,6,-200.0,,,,,,,measure_failed
ss,1.8,GWO,1,0,6,-200.0,,,,,,,measure_failed
ss,1.8,GWO,2,0,6,-200.0,,,,,,,timeout
ss,1.8,GWO,3,0,2,52.5102,1.210864,33.72498,51.1595,67.856,18.9646,30.9715,
ss,1.8,GWO,4,0,6,-200.0,,,,,,,measure_failed
ss,1.8,GWO,5,0,6,-200.0,,,,,,,timeout
ss,1.8,GWO,6,0,6,-200.0,,,,,,,timeout
ss,1.8,GWO,7,0,6,-200.0,,,,,,,timeout
ss,1.8,GWO,8,0,2,52.25303,1.211746,3572.463,55.3798,60.703,15.7877,37.00957,
ss,1.8,GWO,9,0,2,49.31201,1.221752,26.28119,51.5658,69.549,24.2892,34.73537,
ss,1.8,GWO,10,0,1,52.97915,1.222447,20.06408,53.4614,63.854,27.4172,37.46059,
ss,1.8,GWO,11,0,2,54.88174,0.4140415,14745.36,53.3224,63.088,15.8756,22.3418,
ss,1.8,GWO,12,0,6,-200.0,,,,,,,measure_failed
ss,1.8,GWO,13,0,2,47.85407,0.1661975,39556.9,55.7762,67.317,22.3084,35.98105,
ss,1.8,GWO,14,0,1,44.72986,1.232001,10.975,54.0714,62.197,22.2814,41.9402,
ss,1.8,GWO,15,0,6,-200.0,,,,,,,measure_failed
ss,1.8,GWO,16,0,2,50.7275,1.240053,33.84997,50.5745,65.533,16.8781,41.89322,
ss,1.8,GWO,17,0,1,53.37546,1.260483,24.70914,50.5194,63.534000000000006,22.1602,49.88644,
ss,1.8,GWO,18,0,6,-200.0,,,,,,,measure_failed
ss,1.8,GWO,19,0,1,47.69173,1.230691,13.94142,50.6597,77.602,26.8513,32.81332,
ss,1.8,GWO,20,0,6,-200.0,,,,,,,measure_failed
ss,1.8,GWO,21,0,6,-200.0,,,,,,,measure_failed
ss,1.8,GWO,22,0,1,40.22894,1.214711,17.25813,52.5631,64.347,18.049,40.27126,
ss,1.8,GWO,23,0,6,-200.0,,,,,,,timeout
ss,1.8,GWO,24,0,6,-200.0,,,,,,,timeout
ss,1.8,GWO,25,0,6,-200.0,,,,,,,timeout
ss,1.8,GWO,26,0,1,52.11296,1.239046,14.31698,50.5962,71.433,19.1873,38.52891,
ss,1.8,GWO,27,0,6,-200.0,,,,,,,measure_failed
ss,1.8,GWO,28,0,2,50.0379,1.216688,27.96464,53.1412,60.620000000000005,14.8346,42.34424,
ss,1.8,GWO,29,0,2,44.61901,1.213304,52.55372,54.5853,65.309,18.7207,36.94361,
ss,1.8,PSO,0,0,3,34.16481,0.3218244,20300.7,60.5243,59.874,24.3852,14.83696,
ss,1.8,PSO,1,0,2,37.16343,1.218001,16.79851,54.7702,59.292,19.8142,33.31309,
ss,1.8,PSO,2,0,2,34.51529,1.227249,3876.975,50.1183,78.326,26.0316,32.59697,
ss,1.8,PSO,3,0,1,38.51185,1.215751,9.770741,52.0003,68.093,17.5271,54.68051,
ss,1.8,PSO,4,0,2,48.92061,1.219664,28.75606,50.4512,59.896,30.9524,36.06374,
ss,1.8,PSO,5,0,3,28.44813,1.224514,30.12698,51.5468,67.369,23.1914,55.18433,
ss,1.8,PSO,6,0,1,43.63163,1.22127,18.87752,50.4083,59.353,17.5147,53.90993,
ss,1.8,PSO,7,0,3,24.13064,0.4709895,12778.51,19.4047,238.6965,32.224,27.03355,
ss,1.8,PSO,8,0,2,41.87773,1.223967,36.81026,54.3626,70.102,25.0046,28.79654,
ss,1.8,PSO,9,0,2,28.44366,1.219263,30.47544,49.8654,76.678,26.4066,43.61252,
ss,1.8,PSO,10,0,6,-200.0,,,,,,,measure_failed
ss,1.8,PSO,11,0,2,40.14924,1.221368,26.53259,57.3659,59.751000000000005,26.9854,26.51906,
ss,1.8,PSO,12,0,3,28.1512,1.209751,155.6844,30.8434,88.3251,50.531,20.99126,
ss,1.8,PSO,13,0,3,42.40181,1.209162,3485.391,56.13,59.633,15.3719,54.62453,
ss,1.8,PSO,14,0,2,44.12098,1.221725,9.985881,53.9788,59.501000000000005,26.9153,23.89538,
ss,1.8,PSO,15,0,6,-200.0,,,,,,,no_convergence
ss,1.8,PSO,16,0,6,-200.0,,,,,,,measure_failed
ss,1.8,PSO,17,0,6,-200.0,,,,,,,measure_failed
ss,1.8,PSO,18,0,6,-200.0,,,,,,,measure_failed
ss,1.8,PSO,19,0,2,29.59025,1.2129,41.92306,51.9345,76.198,22.5314,54.70546,
ss,1.8,PSO,20,0,6,-200.0,,,,,,,measure_failed
ss,1.8,PSO,21,0,6,-200.0,,,,,,,measure_failed
ss,1.8,PSO,22,0,6,-200.0,,,,,,,measure_failed
ss,1.8,PSO,23,0,2,45.42604,1.22361,30.21363,54.8091,65.812,24.4983,43.87077,
ss,1.8,PSO,24,0,2,28.346,1.207858,6327.182,50.0791,77.21,23.8696,54.63311,
ss,1.8,PSO,25,0,1,39.8121,1.222315,20.70091,52.9681,60.042,20.8496,30.45073,
ss,1.8,PSO,26,0,6,-200.0,,,,,,,measure_failed
ss,1.8,PSO,27,0,6,-200.0,,,,,,,measure_failed
ss,1.8,PSO,28,0,6,-200.0,,,,,,,no_convergence
ss,1.8,PSO,29,0,1,50.46942,1.225148,18.57537,50.457,67.652,29.6735,33.51688,
ss,1.98,ABC,0,0,1,39.46541,1.211015,15.30897,51.641,63.444,22.5085,26.62598,
ss,1.98,ABC,1,1,0,36.22011,1.221381,15.55616,52.4803,70.704,26.5805,31.29896,
ss,1.98,ABC,2,0,2,36.58335,1.221736,16.25605,63.4385,59.832,22.352,50.35898,
ss,1.98,ABC,3,0,6,-200.0,,,,,,,timeout
ss,1.98,ABC,4,0,2,35.75301,1.22223,37.12042,51.2173,70.161,25.155,26.41925,
ss,1.98,ABC,5,0,2,42.78248,1.22226,16.03091,57.1349,59.638000000000005,17.2963,53.72021,
ss,1.98,ABC,6,0,1,34.51199,1.225025,23.88077,53.4927,72.423,30.6472,32.66084,
ss,1.98,ABC,7,0,1,33.79904,1.226997,15.8159,53.6969,80.5373,24.6611,29.52477,
ss,1.98,ABC,8,0,2,41.83476,1.214712,28.23465,53.4672,64.414,17.1554,54.729,
ss,1.98,ABC,9,0,1,46.08526,1.226799,13.47187,52.6171,74.733,21.4236,43.54295,
ss,1.98,ABC,10,0,6,-200.0,,,,,,,measure_failed
ss,1.98,ABC,11,0,2,45.08703,1.224457,29.54433,52.7007,69.462,27.4445,36.91958,
ss,1.98,ABC,12,0,2,33.35526,1.227238,36.08991,50.427,67.557,36.7323,22.85633,
ss,1.98,ABC,13,0,3,30.89523,1.217277,52.8502,55.5087,59.832,25.3909,39.45123,
ss,1.98,ABC,14,0,2,42.42552,1.221277,28.72304,53.679,58.92400000000001,14.1815,30.63512,
ss,1.98,ABC,15,1,0,39.82471,1.220468,23.03637,56.9884,63.375,22.3272,26.4623,
ss,1.98,ABC,16,0,2,37.23287,1.222445,26.22662,55.3939,65.533,28.2424,25.8471,
ss,1.98,ABC,17,0,6,-200.0,,,,,,,measure_failed
ss,1.98,ABC,18,0,1,37.59913,1.213955,17.61835,58.1994,70.041,20.5603,38.42417,
ss,1.98,ABC,19,0,1,40.7064,1.221384,17.72455,55.7218,59.691,18.5206,43.12019,
ss,1.98,ABC,20,1,0,37.9788,1.219026,25.60415,53.8993,69.996,24.3087,26.23973,
ss,1.98,ABC,21,0,3,22.86852,1.209501,34.98563,55.0493,58.05200000000001,18.9966,34.2319,
ss,1.98,ABC,22,0,2,46.39902,1.21786,23.92174,54.4629,59.974,27.5276,40.06177,
ss,1.98,ABC,23,0,6,-200.0,,,,,,,measure_failed
ss,1.98,ABC,24,0,3,28.94931,1.235918,53.16132,58.9052,60.039,13.31,39.42407,
ss,1.98,ABC,25,0,1,44.89585,1.221671,21.34682,55.6523,68.591,23.0502,30.12721,
ss,1.98,ABC,26,0,3,23.33357,1.222497,44.47926,52.3615,58.745000000000005,14.1362,44.52138,
ss,1.98,ABC,27,0,1,44.60107,1.224901,19.08874,57.7452,60.002,18.3653,35.33114,
ss,1.98,ABC,28,0,2,45.06855,1.216507,31.39142,52.0706,64.463,18.7032,50.42621,
ss,1.98,ABC,29,0,2,21.17474,1.211384,33.51538,54.4254,60.014,21.3901,52.50866,
ss,1.98,ACO,0,0,2,34.40005,1.217112,56.9057,56.3488,65.768,20.7644,31.44308,
ss,1.98,ACO,1,0,6,-200.0,,,,,,,measure_failed
ss,1.98,ACO,2,1,0,39.27937,1.2209,16.98201,55.2621,71.247,21.6718,44.22661,
ss,1.98,ACO,3,0,2,29.58746,1.216524,40.26873,56.5067,64.13,19.4623,34.10753,
ss,1.98,ACO,4,0,2,29.5083,1.218316,15.76941,57.8733,58.27,19.563,46.27481,
ss,1.98,ACO,5,1,0,33.23509,1.220018,18.09213,53.0521,75.022,27.9718,37.95271,
ss,1.98,ACO,6,0,1,34.03839,1.226047,22.25433,58.882,75.332,27.362,32.09839,
ss,1.98,ACO,7,0,1,30.30954,1.216604,17.72943,53.4532,67.694,21.6045,41.19224,
ss,1.98,ACO,8,0,1,30.76034,1.21731,12.62097,57.7027,70.461,29.5637,29.57944,
ss,1.98,ACO,9,1,0,28.77609,1.219179,16.61327,54.2027,67.714,20.248,49.30544,
ss,1.98,ACO,10,0,1,39.4079,1.217587,9.890401,52.6272,71.451,28.5383,34.92887,
ss,1.98,ACO,11,1,0,40.06882,1.221049,19.1837,54.4987,63.487,19.7022,40.10546,
ss,1.98,ACO,12,1,0,27.82653,1.218723,16.63937,55.0373,75.39,26.0017,45.22869,
ss,1.98,ACO,13,0,1,25.12662,1.224232,25.51012,58.4263,81.2108,28.7761,33.06636,
ss,1.98,ACO,14,0,1,28.98022,1.228811,17.79498,52.787,79.155,22.8617,37.25399,
ss,1.98,ACO,15,0,6,-200.0,,,,,,,measure_failed
ss,1.98,ACO,16,0,1,31.98396,1.216736,19.6203,51.7353,72.37,32.944,28.72062,
ss,1.98,ACO,17,0,2,33.64064,1.222572,10.48956,59.2825,59.91,21.2304,41.69066,
ss,1.98,ACO,18,0,2,32.14639,1.217931,32.77292,58.9962,63.376000000000005,19.1203,43.54277,
ss,1.98,ACO,19,1,0,37.87629,1.219701,23.97011,60.905,65.297,20.3851,41.89475,
ss,1.98,ACO,20,0,1,40.22646,1.223634,4.031707,51.9445,80.7677,28.5329,34.70045,
ss,1.98,ACO,21,0,2,37.32427,1.214155,3419.2,60.6862,66.459,26.9815,34.42426,
ss,1.98,ACO,22,0,6,-200.0,,,,,,,measure_failed
ss,1.98,ACO,23,0,1,34.89391,1.216872,8.675995,54.9529,62.812,20.4713,53.22969,
ss,1.98,ACO,24,0,2,26.74532,1.220131,27.59763,52.7691,58.359,17.4307,54.42019,
ss,1.98,ACO,25,0,2,29.21117,1.228162,31.02443,54.5974,79.245,22.0052,48.44968,
ss,1.98,ACO,26,1,0,25.21513,1.22071,21.67144,55.5375,60.151,20.2108,32.82187,
ss,1.98,ACO,27,1,0,40.56978,1.219828,13.63829,56.4353,71.673,25.7395,38.27138,
ss,1.98,ACO,28,0,6,-200.0,,,,,,,measure_failed
ss,1.98,ACO,29,0,2,32.11282,1.226317,32.18309,59.7994,68.75,28.0374,33.01087,
ss,1.98,FA,0,0,6,-200.0,,,,,,,no_convergence
ss,1.98,FA,1,0,3,20.99851,1.214286,45.84313,32.9368,84.7416,22.1764,39.34703,
ss,1.98,FA,2,0,2,21.06873,1.212666,29.50674,53.0206,61.91,25.205,37.68404,
ss,1.98,FA,3,0,2,14.33963,1.225411,21.18275,49.9787,78.608,31.3034,28.08405,
ss,1.98,FA,4,0,2,26.5108,1.210059,5935.531,55.0331,65.059,15.9993,45.90511,
ss,1.98,FA,5,0,2,22.33228,1.220655,38.52378,42.4339,79.804,40.152,23.08244,
ss,1.98,FA,6,0,6,-200.0,,,,,,,measure_failed
ss,1.98,FA,7,0,2,18.38968,1.215961,5929.695,50.6684,82.8643,27.4948,30.39752,
ss,1.98,FA,8,0,2,21.18746,1.219136,43.24473,49.9661,86.6265,36.8999,25.80246,
ss,1.98,FA,9,0,6,-200.0,,,,,,,measure_failed
ss,1.98,FA,10,1,0,22.90355,1.219536,25.64314,50.2856,85.357,24.7851,35.44717,
ss,1.98,FA,11,0,2,23.32766,1.235347,3661.215,50.8078,82.1739,21.5996,54.01017,
ss,1.98,FA,12,0,3,2.87012,1.287668,426.9075,12.7577,93.4277,39.5145,27.59191,
ss,1.98,FA,13,0,2,25.7361,1.205749,6017.77,50.7807,83.742,22.4809,43.96675,
ss,1.98,FA,14,0,1,20.62268,1.218097,16.05584,50.7413,63.931,30.7762,33.1285,
ss,1.98,FA,15,0,1,23.13433,1.211221,9.246867,50.105,62.358,26.2835,42.49622,
ss,1.98,FA,16,0,2,19.3662,1.219933,27.08544,42.8211,67.213,38.6507,21.7337,
ss,1.98,FA,17,0,2,23.20024,1.209987,5252.435,51.3142,85.2035,24.5976,52.93656,
ss,1.98,FA,18,0,2,23.40223,1.229689,217.7491,50.6064,81.2374,18.6728,49.23261,
ss,1.98,FA,19,0,3,14.49344,0.3198113,17392.19,19.724,243.3446,26.7322,18.22626,
ss,1.98,FA,20,0,4,21.26595,1.206779,5590.12,44.7381,72.874,24.4115,107.1365,
ss,1.98,FA,21,0,2,22.77945,1.215007,30.59716,55.0042,75.366,28.4478,29.07677,
ss,1.98,FA,22,0,3,30.55618,1.198815,3356.496,35.3185,84.4512,36.9959,33.10484,
ss,1.98,FA,23,1,0,18.76134,1.221068,15.18293,53.7248,86.5877,31.4245,25.33198,
ss,1.98,FA,24,0,1,31.24665,1.213698,11.84459,52.2407,84.1804,32.6033,27.84047,
ss,1.98,FA,25,0,1,20.53475,1.213612,16.36487,53.6403,81.9005,24.0854,28.77611,
ss,1.98,FA,26,0,1,23.78522,1.220972,39.09454,50.2152,84.6788,25.0467,31.02395,
ss,1.98,FA,27,0,2,23.7519,1.20354,5018.954,50.6662,85.5286,23.8377,49.90919,
ss,1.98,FA,28,0,2,27.33063,0.8767228,8497.796,51.3578,86.0928,31.9586,19.57,
ss,1.98,FA,29,0,2,21.44313,1.222338,32.67955,50.2536,73.446,30.0727,30.78592,
ss,1.98,GA,0,0,3,34.78154,1.226562,26.56353,55.4768,59.385000000000005,28.8508,32.69581,
ss,1.98,GA,1,0,2,21.78371,1.210769,34.46845,51.5828,67.79,18.1848,40.46987,
ss,1.98,GA,2,0,3,35.58714,1.223651,37.24572,54.1958,59.678,33.4098,25.2981,
ss,1.98,GA,3,0,2,26.6464,1.228045,308.2258,51.8398,63.248000000000005,26.2178,38.22916,
ss,1.98,GA,4,0,1,48.68657,1.221038,24.15729,55.4505,59.623000000000005,18.3146,26.30826,
ss,1.98,GA,5,0,2,35.34184,1.22458,5236.291,54.5186,65.477,21.0438,25.92914,
ss,1.98,GA,6,0,2,32.00561,1.222468,48.81828,55.0016,65.707,29.3058,33.46139,
ss,1.98,GA,7,0,3,21.20799,1.221656,27.96998,45.8358,66.694,32.364,22.73161,
ss,1.98,GA,8,0,2,44.25028,1.217705,18.17129,51.3521,58.465,16.2827,29.49439,
ss,1.98,GA,9,0,2,38.64873,1.245589,143.0697,51.408,70.483,34.703,23.92441,
ss,1.98,GA,10,0,3,29.23219,1.273018,28.70297,51.8743,59.126000000000005,14.4912,53.10292,
ss,1.98,GA,11,0,6,-200.0,,,,,,,measure_failed
ss,1.98,GA,12,0,6,-200.0,,,,,,,measure_failed
ss,1.98,GA,13,0,3,47.90231,1.216343,27.71347,52.6608,59.523,19.1654,43.60997,
ss,1.98,GA,14,0,3,39.47717,1.221849,29.95956,55.6477,59.833,18.9758,52.93327,
ss,1.98,GA,15,0,3,35.21202,1.22551,27.18472,55.8941,59.639,28.9959,24.88163,
ss,1.98,GA,16,0,2,32.43554,1.218239,21.17314,51.3347,59.729,35.4658,25.80376,
ss,1.98,GA,17,0,1,35.94421,1.225041,15.92031,51.925,64.518,33.8694,28.24011,
ss,1.98,GA,18,0,2,49.09918,1.222495,19.9691,51.1028,59.749,17.8837,50.80975,
ss,1.98,GA,19,1,0,25.34318,1.219484,22.34924,55.6569,61.957,26.0463,30.0676,
ss,1.98,GA,20,0,3,23.53806,1.19579,259.5267,24.6694,84.8269,24.71,30.34877,
ss,1.98,GA,21,0,6,-200.0,,,,,,,measure_failed
ss,1.98,GA,22,0,6,-200.0,,,,,,,measure_failed
ss,1.98,GA,23,0,6,-200.0,,,,,,,measure_failed
ss,1.98,GA,24,0,2,45.10473,1.221579,25.69451,51.1545,59.917,14.5098,49.72869,
ss,1.98,GA,25,0,3,45.8966,1.229661,39.55759,56.5113,59.525000000000006,29.7862,27.12942,
ss,1.98,GA,26,0,3,31.10549,1.397868,38.00159,55.8103,59.069,17.6545,52.31257,
ss,1.98,GA,27,0,3,25.69332,1.212512,5709.728,56.2754,61.778000000000006,13.6778,25.8507,
ss,1.98,GA,28,0,2,24.23728,1.222458,28.378,50.1337,85.3481,33.5399,28.82284,
ss,1.98,GA,29,0,3,32.56183,1.213339,34.65518,59.3342,59.722,20.8822,47.57366,
ss,1.98,GWO,0,0,6,-200.0,,,,,,,measure_failed
ss,1.98,GWO,1,0,6,-200.0,,,,,,,measure_failed
ss,1.98,GWO,2,0,1,40.24201,1.219582,32.93727,53.88,61.214,16.418,44.89841,
ss,1.98,GWO,3,0,2,43.24273,1.211716,32.49586,51.8236,67.788,18.9127,31.00415,
ss,1.98,GWO,4,0,6,-200.0,,,,,,,measure_failed
ss,1.98,GWO,5,0,1,45.29999,1.216209,3.064665,55.2389,66.555,22.4163,31.60406,
ss,1.98,GWO,6,0,6,-200.0,,,,,,,measure_failed
ss,1.98,GWO,7,0,6,-200.0,,,,,,,measure_failed
ss,1.98,GWO,8,0,1,47.17059,1.212368,25.86973,55.6507,60.67,15.8004,37.0345,
ss,1.98,GWO,9,0,1,48.58394,1.222195,23.21209,52.1448,69.386,24.3979,34.75431,
ss,1.98,GWO,10,0,1,56.65523,1.222522,21.02955,53.8159,63.642,27.4541,37.46718,
ss,1.98,GWO,11,0,6,-200.0,,,,,,,measure_failed
ss,1.98,GWO,12,0,6,-200.0,,,,,,,measure_failed
ss,1.98,GWO,13,0,6,-200.0,,,,,,,measure_failed
ss,1.98,GWO,14,0,1,46.55303,1.231866,8.417877,54.3275,62.607,22.2598,41.93991,
ss,1.98,GWO,15,0,3,12.24035,0.4408368,11203.62,7.87764,272.8604,31.8814,16.1962,
ss,1.98,GWO,16,0,2,46.30096,1.240154,38.41654,50.7459,65.625,16.8579,41.9008,
ss,1.98,GWO,17,0,1,43.50151,1.26024,20.11642,50.7077,63.524,21.8474,49.88243,
ss,1.98,GWO,18,0,3,24.68372,0.3970162,15787.13,28.6712,212.9245,26.7014,27.30375,
ss,1.98,GWO,19,0,1,45.08263,1.230908,25.6081,51.0111,77.477,26.9173,32.82466,
ss,1.98,GWO,20,0,6,-200.0,,,,,,,measure_failed
ss,1.98,GWO,21,0,6,-200.0,,,,,,,measure_failed
ss,1.98,GWO,22,0,1,40.72494,1.21613,17.83103,53.1372,64.371,18.0704,40.32301,
ss,1.98,GWO,23,0,2,57.85826,1.224212,34.0355,54.8799,60.845,25.5175,28.76895,
ss,1.98,GWO,24,1,0,53.16797,1.220218,18.43684,55.9731,62.958,27.3283,29.44548,
ss,1.98,GWO,25,0,1,39.19251,1.219471,39.75395,54.24,67.547,18.4251,42.28519,
ss,1.98,GWO,26,0,1,47.02874,1.239179,12.47649,50.8717,71.337,19.1387,38.53746,
ss,1.98,GWO,27,0,6,-200.0,,,,,,,measure_failed
ss,1.98,GWO,28,0,2,46.54672,1.21727,29.2856,53.3297,60.723,14.8209,42.36788,
ss,1.98,GWO,29,0,2,34.09973,1.216066,45.51188,55.0255,65.639,18.4333,37.0404,
ss,1.98,PSO,0,0,3,36.77283,1.21306,5384.658,60.5449,59.767,24.6412,33.0413,
ss,1.98,PSO,1,0,3,36.86806,1.215465,4751.137,55.0713,59.508,19.8504,33.23209,
ss,1.98,PSO,2,0,2,30.86968,1.228834,5003.579,50.2122,78.111,25.8856,32.65441,
ss,1.98,PSO,3,0,1,26.2185,1.217202,9.629636,53.0896,66.987,16.8511,54.73327,
ss,1.98,PSO,4,0,2,35.39998,1.220089,27.81715,51.3106,59.643,30.9292,36.08206,
ss,1.98,PSO,5,0,3,31.13257,1.225244,29.12963,51.6313,67.68,23.4724,55.213,
ss,1.98,PSO,6,0,1,40.89807,1.221249,23.36902,50.4156,59.318,17.3757,53.91331,
ss,1.98,PSO,7,0,6,-200.0,,,,,,,measure_failed
ss,1.98,PSO,8,0,2,32.21162,1.224287,39.01343,54.5346,69.872,25.2448,28.81143,
ss,1.98,PSO,9,0,2,23.61192,1.224646,27.49094,50.5683,76.243,26.1713,43.79731,
ss,1.98,PSO,10,0,3,15.61737,0.2048092,35810.79,19.3471,261.3407,36.4433,5.031709,
ss,1.98,PSO,11,0,2,45.89936,1.222135,15.65566,57.5156,59.745000000000005,27.0969,26.54888,
ss,1.98,PSO,12,0,3,29.62024,1.21575,157.4287,30.9868,88.2226,50.4677,21.19655,
ss,1.98,PSO,13,0,3,32.9999,1.211167,3259.078,58.1248,58.931,14.5974,54.69586,
ss,1.98,PSO,14,0,2,53.87903,1.221923,11.40279,54.1377,59.283,27.7176,23.90609,
ss,1.98,PSO,15,0,6,-200.0,,,,,,,no_convergence
ss,1.98,PSO,16,0,6,-200.0,,,,,,,measure_failed
ss,1.98,PSO,17,0,6,-200.0,,,,,,,measure_failed
ss,1.98,PSO,18,0,6,-200.0,,,,,,,measure_failed
ss,1.98,PSO,19,0,1,33.28045,1.21695,15.49826,52.4918,76.049,22.7074,54.84539,
ss,1.98,PSO,20,0,6,-200.0,,,,,,,measure_failed
ss,1.98,PSO,21,0,3,25.29279,0.1748254,12672.99,33.4593,221.552,32.5789,13.98492,
ss,1.98,PSO,22,0,6,-200.0,,,,,,,measure_failed
ss,1.98,PSO,23,0,2,33.13993,1.224374,33.39245,56.3803,65.523,24.4067,43.90049,
ss,1.98,PSO,24,0,2,30.317,1.213498,6269.81,50.3178,77.053,23.9657,54.82631,
ss,1.98,PSO,25,0,1,27.38285,1.220024,23.88428,54.313,59.42100000000001,20.6835,30.37788,
ss,1.98,PSO,26,0,3,32.4018,1.210219,5764.771,55.7858,59.713,22.241,54.61659,
ss,1.98,PSO,27,0,6,-200.0,,,,,,,measure_failed
ss,1.98,PSO,28,0,6,-200.0,,,,,,,no_convergence
ss,1.98,PSO,29,0,1,44.27671,1.225547,20.21608,51.0186,67.438,29.5854,33.53434,
tt,1.62,ABC,0,0,6,-200.0,,,,,,,timeout
tt,1.62,ABC,1,0,1,25.39651,1.219875,30.23161,51.3863,71.021,26.7968,31.25275,
tt,1.62,ABC,2,1,0,25.74234,1.219715,16.54137,62.4942,60.369,22.3685,50.29513,
tt,1.62,ABC,3,0,1,23.46127,1.216965,8.237084,50.5864,71.564,21.7844,35.05068,
tt,1.62,ABC,4,0,1,19.21365,1.219359,6.391833,43.5871,72.404,27.1586,26.32685,
tt,1.62,ABC,5,1,0,42.39177,1.219723,16.57107,56.619,60.31,17.3319,53.63903,
tt,1.62,ABC,6,0,3,16.67229,1.216188,37.14537,31.3788,75.847,31.9841,32.36818,
tt,1.62,ABC,7,0,2,25.2332,1.218383,22.22021,45.0225,81.2709,27.0569,29.23951,
tt,1.62,ABC,8,0,3,13.97232,1.227031,59.03879,52.2422,65.656,17.3722,55.14682,
tt,1.62,ABC,9,1,0,39.24756,1.220629,13.8627,50.6466,75.391,21.548,43.33975,
tt,1.62,ABC,10,0,3,24.05362,1.223167,71.07729,49.7317,64.151,14.9888,46.43753,
tt,1.62,ABC,11,0,1,29.96402,1.219421,25.66543,49.4552,70.804,27.9213,36.75449,
tt,1.62,ABC,12,0,2,17.6937,1.219981,32.04223,44.549,68.642,38.0849,22.61662,
tt,1.62,ABC,13,0,1,40.46233,1.220761,26.40678,55.2969,60.332,25.7414,39.57223,
tt,1.62,ABC,14,1,0,39.09177,1.219282,23.35204,52.1503,60.217,14.2337,30.57221,
tt,1.62,ABC,15,0,1,29.44409,1.217531,18.35807,56.6979,64.206,23.1568,26.36775,
tt,1.62,ABC,16,0,1,27.40642,1.219533,30.45875,54.9932,65.493,28.2355,25.75345,
tt,1.62,ABC,17,1,0,28.19723,1.218634,19.84338,53.2096,61.048,31.5046,43.18447,
tt,1.62,ABC,18,1,0,34.89109,1.219046,16.19249,57.73,70.889,20.7354,38.59902,
tt,1.62,ABC,19,0,1,33.06693,1.220889,75.94069,54.4887,61.743,19.6435,43.10791,
tt,1.62,ABC,20,0,2,19.86886,1.22057,43.82453,47.74,71.515,26.0253,26.29561,
tt,1.62,ABC,21,0,1,25.6199,1.220713,4.761251,52.7956,59.96,19.9482,34.61254,
tt,1.62,ABC,22,0,1,33.317,1.220792,17.20195,54.3718,59.943,27.7959,40.16425,
tt,1.62,ABC,23,0,1,30.30707,1.219487,49.18611,53.9564,69.731,29.4711,26.51794,
tt,1.62,ABC,24,0,2,26.1547,1.211525,35.28736,58.1441,62.353,14.2003,38.60888,
tt,1.62,ABC,25,1,0,36.4041,1.219164,22.84228,52.2224,69.274,22.8238,30.04704,
tt,1.62,ABC,26,0,1,33.72237,1.219452,14.3681,49.8979,61.229,15.1459,44.42317,
tt,1.62,ABC,27,0,2,19.21235,1.223006,31.11558,54.9723,60.027,20.3735,35.27154,
tt,1.62,ABC,28,1,0,27.92927,1.220447,24.19382,50.8494,65.801,19.2879,50.56259,
tt,1.62,ABC,29,0,3,27.12529,1.215579,34.60628,47.6305,61.285,21.9608,52.65344,
tt,1.62,ACO,0,0,1,12.48089,1.219065,27.1097,54.8901,67.583,22.3036,31.51262,
tt,1.62,ACO,1,0,2,7.067978,1.231138,96.11703,53.2936,65.844,22.9781,51.54975,
tt,1.62,ACO,2,0,1,25.70962,1.216726,16.8211,54.6816,72.056,22.1556,44.09062,
tt,1.62,ACO,3,1,0,18.80328,1.219476,16.23648,54.4659,66.758,20.4177,34.21102,
tt,1.62,ACO,4,0,1,42.2653,1.218357,21.34021,55.6958,60.273,20.7724,46.28061,
tt,1.62,ACO,5,0,3,12.57187,1.215131,47.15292,29.9093,79.055,30.6021,37.79266,
tt,1.62,ACO,6,0,1,29.80314,1.217816,16.95036,58.7716,75.921,27.6434,31.826,
tt,1.62,ACO,7,1,0,27.2458,1.219326,11.51655,51.2484,69.668,22.8458,41.28799,
tt,1.62,ACO,8,0,1,23.75908,1.2168,6.793776,56.705,70.816,29.9503,29.56631,
tt,1.62,ACO,9,0,1,33.50153,1.217259,14.81719,53.5792,68.556,20.5243,49.2451,
tt,1.62,ACO,10,0,2,24.36658,1.217098,11.49779,47.2667,72.532,29.1521,34.91644,
tt,1.62,ACO,11,1,0,21.00394,1.218764,22.5166,53.8852,63.999,20.2983,40.03274,
tt,1.62,ACO,12,0,2,15.08162,1.216717,15.57594,44.1889,77.934,27.212,45.16537,
tt,1.62,ACO,13,0,1,20.10248,1.220224,28.69319,56.7672,81.4397,28.7745,32.93575,
tt,1.62,ACO,14,0,2,10.04217,1.215467,19.65574,45.9452,81.8937,27.5812,36.80995,
tt,1.62,ACO,15,0,3,13.25427,1.221489,41.75728,42.3214,62.222,29.9609,29.84443,
tt,1.62,ACO,16,0,3,15.88405,1.213004,36.39349,29.4407,75.728,34.7446,28.59937,
tt,1.62,ACO,17,0,1,38.99703,1.21833,13.26704,58.4672,60.818,21.7411,41.55226,
tt,1.62,ACO,18,0,1,18.69983,1.221674,24.23401,56.4541,66.019,20.6003,43.67284,
tt,1.62,ACO,19,0,1,17.32189,1.228014,20.7677,59.6441,66.608,20.7446,42.17827,
tt,1.62,ACO,20,0,1,19.8669,1.218689,10.36882,42.9312,81.938,29.4766,34.53844,
tt,1.62,ACO,21,0,1,16.05957,1.222073,22.58953,52.995,67.488,27.3797,34.69406,
tt,1.62,ACO,22,0,1,11.09261,1.218887,19.44645,29.9587,77.667,36.8089,25.12046,
tt,1.62,ACO,23,0,2,40.38243,1.217009,26.39855,54.5646,63.251000000000005,20.6863,53.23833,
tt,1.62,ACO,24,1,0,36.38459,1.220461,25.94648,50.8419,61.124,18.8677,54.43567,
tt,1.62,ACO,25,0,2,12.60093,1.217626,25.62861,31.6215,82.9122,24.433,48.09987,
tt,1.62,ACO,26,0,1,29.39069,1.217655,25.80718,53.5235,62.28,21.7565,32.72364,
tt,1.62,ACO,27,1,0,22.30591,1.218848,12.05311,52.3595,72.93,26.2973,38.24253,
tt,1.62,ACO,28,0,2,25.28184,1.215426,6.831375,49.5731,82.9964,23.2515,33.05315,
tt,1.62,ACO,29,0,1,28.87874,1.214185,12.96293,59.065,68.851,28.1792,32.60759,
tt,1.62,FA,0,0,3,15.26052,1.21246,5877.911,49.9707,83.2096,34.2028,23.75476,
tt,1.62,FA,1,0,3,15.58473,1.215403,45.52175,33.7276,84.8403,22.6378,39.38846,
tt,1.62,FA,2,0,1,12.64107,1.213348,17.72706,52.4975,62.893,25.6378,37.7109,
tt,1.62,FA,3,0,2,11.36828,1.215359,26.47927,50.0032,78.966,31.3953,27.75055,
tt,1.62,FA,4,0,2,20.54489,1.209443,5349.064,54.878,65.809,16.1433,45.88844,
tt,1.62,FA,5,0,2,18.25102,1.215741,11.2863,41.7308,80.2716,40.4616,22.92145,
tt,1.62,FA,6,0,2,18.78415,1.22095,6116.711,49.557,85.3963,34.9042,30.83301,
tt,1.62,FA,7,0,1,13.68648,1.220028,143.1115,50.133,83.0188,27.7206,30.53801,
tt,1.62,FA,8,0,3,14.87506,1.214146,164.6749,49.5626,86.7066,37.8987,25.63897,
tt,1.62,FA,9,0,3,17.52893,1.216549,6261.784,48.3963,84.134,32.8145,28.30606,
tt,1.62,FA,10,0,3,17.17894,1.211787,31.88879,42.8528,86.0871,26.0669,35.19108,
tt,1.62,FA,11,0,3,17.85094,1.203924,5378.737,47.4555,82.5913,22.0886,52.95926,
tt,1.62,FA,12,0,3,11.78805,1.083028,231.0134,7.47879,108.3218,40.0467,20.75234,
tt,1.62,FA,13,0,2,21.49029,1.20929,6099.449,50.5742,83.8248,22.6178,44.08947,
tt,1.62,FA,14,0,3,13.25395,1.217106,26.41138,44.7066,64.996,31.2114,33.09919,
tt,1.62,FA,15,0,3,18.55416,1.216317,73.62514,46.1067,62.853,26.5139,42.67118,
tt,1.62,FA,16,0,2,16.22007,1.215677,21.16292,42.5328,67.974,39.1578,21.59482,
tt,1.62,FA,17,0,3,15.32368,1.21282,494.1501,47.8036,85.5357,25.3982,53.03552,
tt,1.62,FA,18,0,3,11.49459,1.20775,3543.783,44.7645,82.3873,19.7503,48.50014,
tt,1.62,FA,19,0,2,11.21055,1.210106,14.92982,30.4132,84.6928,22.3225,36.32981,
tt,1.62,FA,20,0,4,14.22192,1.217308,1941.104,42.7686,72.798,23.7822,107.4936,
tt,1.62,FA,21,1,0,21.50583,1.219739,10.59342,54.3722,75.833,28.8095,29.23956,
tt,1.62,FA,22,0,2,19.86053,1.219753,1744.337,34.8927,84.8164,37.0996,33.811,
tt,1.62,FA,23,0,3,14.27707,1.21362,27.23133,45.3605,87.0083,33.728,25.08595,
tt,1.62,FA,24,0,3,20.80048,1.214215,34.62519,28.7783,86.5554,33.5184,27.8618,
tt,1.62,FA,25,0,2,16.93748,1.20898,9.810424,34.2335,83.7998,25.6946,28.6247,
tt,1.62,FA,26,0,3,14.31713,1.20702,47.65054,48.0776,85.4325,26.1797,30.55977,
tt,1.62,FA,27,0,3,13.63889,1.214241,41.69209,48.8925,85.8086,24.4082,50.27202,
tt,1.62,FA,28,0,3,18.56637,1.216788,6214.511,46.3984,86.4309,32.6266,27.09367,
tt,1.62,FA,29,0,2,15.47532,1.221168,69.22831,48.8644,74.235,30.8832,30.75061,
tt,1.62,GA,0,0,1,24.55454,1.218983,24.73995,49.181,61.45099999999999,30.1712,32.44538,
tt,1.62,GA,1,0,2,27.2021,1.215791,45.4175,50.9931,67.261,19.0754,40.64252,
tt,1.62,GA,2,0,2,28.39436,1.217422,28.41573,53.8056,60.322,33.4092,25.09299,
tt,1.62,GA,3,0,2,22.16292,1.211641,4312.853,50.8001,64.92,26.5975,37.68273,
tt,1.62,GA,4,1,0,38.98412,1.21981,24.38035,54.9224,61.033,18.7624,26.27109,
tt,1.62,GA,5,0,1,33.68527,1.218545,5487.949,53.8602,67.03,21.77,25.73057,
tt,1.62,GA,6,0,2,19.58842,1.21466,20.21266,36.8184,67.723,30.7849,33.20329,
tt,1.62,GA,7,0,3,23.90661,1.21509,30.53521,41.5024,66.962,33.2688,22.51521,
tt,1.62,GA,8,0,2,29.05046,1.218048,17.94227,49.9041,60.504000000000005,17.4712,29.51026,
tt,1.62,GA,9,0,2,25.41046,1.220252,5514.694,49.7834,71.535,34.6488,23.0769,
tt,1.62,GA,10,0,3,9.673969,1.269624,63.87002,46.8566,67.899,17.5978,52.99252,
tt,1.62,GA,11,0,2,27.69098,1.220402,5958.206,48.4863,61.662000000000006,14.5431,42.19333,
tt,1.62,GA,12,0,2,17.82961,1.225267,50.07196,52.3993,63.072,21.903,25.29677,
tt,1.62,GA,13,1,0,42.70297,1.218649,14.52179,52.2839,60.349,19.3856,43.69144,
tt,1.62,GA,14,0,2,18.611,1.226059,5.056853,54.0744,59.637,20.3025,53.07874,
tt,1.62,GA,15,0,2,14.50354,1.217229,26.75725,50.5982,61.114,30.2922,24.60762,
tt,1.62,GA,16,0,1,14.09755,1.220137,25.17353,41.1313,61.205,36.6662,25.87147,
tt,1.62,GA,17,0,1,18.06577,1.219753,22.13563,42.2991,66.074,34.854,28.06655,
tt,1.62,GA,18,0,1,47.95017,1.219862,25.02519,49.6453,60.438,17.9859,50.72535,
tt,1.62,GA,19,0,2,14.20352,1.220246,30.41116,46.7634,64.323,28.8411,30.09719,
tt,1.62,GA,20,0,3,19.24225,1.216463,282.5081,23.4671,86.6259,26.1019,31.04584,
tt,1.62,GA,21,0,3,16.99965,1.221671,5794.127,48.2153,63.199,17.41,41.57885,
tt,1.62,GA,22,0,1,22.51318,1.219147,6085.554,51.3557,68.576,14.6493,28.31753,
tt,1.62,GA,23,0,2,13.41011,1.218402,6141.724,46.9626,64.01,15.8976,37.46722,
tt,1.62,GA,24,0,1,44.25119,1.220452,42.8058,50.6845,60.56699999999999,14.584,49.69489,
tt,1.62,GA,25,0,2,22.36702,1.221321,26.6279,49.3781,61.613,31.5126,26.85334,
tt,1.62,GA,26,0,3,10.05516,1.427825,790.433,49.7952,70.429,21.8954,53.33524,
tt,1.62,GA,27,0,1,12.69953,1.214674,14.5793,53.8978,63.434,15.2388,25.92729,
tt,1.62,GA,28,0,3,21.09213,1.216032,55.95447,48.6957,85.5933,33.7764,28.61111,
tt,1.62,GA,29,0,2,28.14756,1.215473,33.4525,50.4544,60.923,21.5725,47.64929,
tt,1.62,GWO,0,1,0,37.61551,1.219918,6.403808,54.1445,63.361,16.4372,34.42129,
tt,1.62,GWO,1,0,3,22.83558,1.22815,36.25557,42.69,65.858,20.6949,42.03029,
tt,1.62,GWO,2,1,0,46.53292,1.218478,16.94115,52.4174,61.801,16.9149,44.86543,
tt,1.62,GWO,3,0,2,29.60353,1.221097,26.469,38.3906,70.246,22.4155,31.32306,
tt,1.62,GWO,4,1,0,37.35703,1.220566,17.50802,51.3291,62.345,19.156,28.79555,
tt,1.62,GWO,5,0,1,39.7005,1.217453,2.937081,54.2578,67.765,22.987,31.64985,
tt,1.62,GWO,6,0,1,39.26164,1.219377,27.52523,54.1855,63.915000000000006,17.8115,33.48959,
tt,1.62,GWO,7,0,1,40.03738,1.218937,31.88571,55.16,67.249,18.9868,38.56772,
tt,1.62,GWO,8,1,0,41.32006,1.219332,17.92338,54.4728,61.547,16.3652,37.27226,
tt,1.62,GWO,9,0,1,30.60716,1.219261,16.35864,43.8048,70.919,25.3222,34.65983,
tt,1.62,GWO,10,1,0,34.52047,1.219177,22.43938,52.2818,64.3,27.7115,37.35891,
tt,1.62,GWO,11,0,1,25.19834,1.220829,33.06248,53.1023,63.072,16.4731,40.7801,
tt,1.62,GWO,12,1,0,37.92683,1.220951,25.87154,52.7596,65.162,19.2252,38.16166,
tt,1.62,GWO,13,0,1,29.08204,1.221912,19.88935,55.5605,67.933,22.5083,54.48233,
tt,1.62,GWO,14,0,6,-200.0,,,,,,,timeout
tt,1.62,GWO,15,1,0,42.7541,1.219714,10.31538,50.1887,66.429,19.4736,34.62358,
tt,1.62,GWO,16,1,0,39.77713,1.218858,19.14858,50.364,65.811,17.585,41.18931,
tt,1.62,GWO,17,0,3,23.86182,1.222169,37.77189,49.9023,63.07299999999999,22.1029,48.6061,
tt,1.62,GWO,18,0,1,26.66545,1.219851,27.90207,54.6817,61.307,16.6184,45.70907,
tt,1.62,GWO,19,0,2,33.94288,1.217912,4.319365,49.243,78.315,27.3983,32.39224,
tt,1.62,GWO,20,1,0,47.3641,1.220796,23.6557,51.1333,63.760000000000005,16.1762,36.23848,
tt,1.62,GWO,21,0,1,37.7253,1.219217,16.89609,49.7146,63.411,20.3514,34.92767,
tt,1.62,GWO,22,0,3,12.51219,1.226311,77.5373,49.663,66.244,19.2396,40.66898,
tt,1.62,GWO,23,0,2,17.98533,1.226058,40.88491,51.5261,63.053,25.8591,28.83514,
tt,1.62,GWO,24,1,0,47.21309,1.219558,24.75313,53.9824,64.334,27.3555,29.42735,
tt,1.62,GWO,25,0,2,19.38114,1.226585,55.92764,52.7321,68.087,19.3376,42.52817,
tt,1.62,GWO,26,0,2,43.52531,1.218158,18.60733,49.7283,72.007,19.708,37.83524,
tt,1.62,GWO,27,1,0,38.62582,1.219861,12.51509,53.0313,68.152,17.6648,38.38556,
tt,1.62,GWO,28,1,0,42.96807,1.219885,24.22981,52.4917,61.498000000000005,15.2214,42.4597,
tt,1.62,GWO,29,0,2,19.87721,1.230368,57.31717,52.3646,65.879,19.9981,37.5248,
tt,1.62,PSO,0,0,1,29.28137,1.218605,56.52763,59.4182,60.44,25.0301,33.23142,
tt,1.62,PSO,1,0,1,31.30731,1.221844,24.11159,53.4013,60.747,20.4819,33.45026,
tt,1.62,PSO,2,0,3,22.03973,1.215894,5239.748,49.9873,78.624,26.2097,32.22385,
tt,1.62,PSO,3,0,2,18.86171,1.217554,15.172,45.0059,72.553,21.8084,54.74907,
tt,1.62,PSO,4,0,2,17.13075,1.219908,33.20668,37.3447,62.1,31.6092,36.07999,
tt,1.62,PSO,5,0,2,25.26732,1.217631,82.02216,50.4881,68.434,24.3629,54.96176,
tt,1.62,PSO,6,0,1,48.51087,1.220898,21.77731,49.9694,60.06999999999999,17.6296,53.90561,
tt,1.62,PSO,7,0,1,19.87699,1.22273,11.21683,50.6101,63.452,20.0168,45.55422,
tt,1.62,PSO,8,0,1,45.25885,1.220839,26.30084,53.7649,70.171,25.4432,28.69992,
tt,1.62,PSO,9,0,2,10.34063,1.211521,24.27702,41.4236,79.61,28.7277,43.36078,
tt,1.62,PSO,10,0,1,36.00367,1.218932,6107.696,52.0127,62.93300000000001,14.3842,23.42977,
tt,1.62,PSO,11,0,1,30.70852,1.21897,35.26077,57.1199,60.376000000000005,27.3393,26.44664,
tt,1.62,PSO,12,0,3,17.50611,1.210809,114.8243,30.2531,88.7387,51.0064,21.03473,
tt,1.62,PSO,13,0,3,18.90021,1.218098,38.24144,48.5983,62.92700000000001,17.0807,54.93249,
tt,1.62,PSO,14,1,0,33.82687,1.22082,21.49077,53.6145,60.699,28.2443,23.87309,
tt,1.62,PSO,15,0,6,-200.0,,,,,,,no_convergence
tt,1.62,PSO,16,0,2,25.84006,1.222143,10.3048,53.6752,60.054,21.3379,55.02539,
tt,1.62,PSO,17,0,2,20.17109,1.221157,6300.935,49.0656,60.328,19.2856,37.29348,
tt,1.62,PSO,18,0,3,20.46484,1.221934,13.56518,47.3267,64.364,16.874,55.00426,
tt,1.62,PSO,19,0,3,13.66178,1.213333,46.07394,40.7643,77.761,21.9618,54.72799,
tt,1.62,PSO,20,0,2,18.85605,1.220008,6239.433,45.5118,63.095,15.9772,54.94918,
tt,1.62,PSO,21,0,3,27.55266,1.216995,81.57699,43.9003,67.849,27.6817,32.31175,
tt,1.62,PSO,22,0,1,35.92417,1.21913,5173.35,59.0079,60.55200000000001,14.6717,35.00629,
tt,1.62,PSO,23,0,2,11.02976,1.21671,8.06447,34.2784,69.624,27.1758,43.64719,
tt,1.62,PSO,24,0,3,15.33774,1.211898,6360.755,47.2938,78.274,23.8349,54.77659,
tt,1.62,PSO,25,0,2,11.41437,1.217461,17.37844,39.184,65.731,27.9901,30.29584,
tt,1.62,PSO,26,0,4,20.70037,1.223514,64.18175,48.1761,60.868,22.616,55.06679,
tt,1.62,PSO,27,0,1,20.64409,1.21003,14.39984,50.7973,61.144000000000005,15.4923,40.25061,
tt,1.62,PSO,28,0,3,15.74859,1.213737,6210.694,49.2566,65.832,23.8151,27.84229,
tt,1.62,PSO,29,0,1,27.66306,1.21922,24.69537,46.9459,68.763,30.2463,33.32592,
tt,1.8,ABC,0,0,6,-200.0,,,,,,,timeout
tt,1.8,ABC,1,0,6,-200.0,,,,,,,timeout
tt,1.8,ABC,2,0,6,-200.0,,,,,,,timeout
tt,1.8,ABC,3,0,6,-200.0,,,,,,,timeout
tt,1.8,ABC,4,0,6,-200.0,,,,,,,timeout
tt,1.8,ABC,5,0,6,-200.0,,,,,,,timeout
tt,1.8,ABC,6,0,6,-200.0,,,,,,,timeout
tt,1.8,ABC,7,0,6,-200.0,,,,,,,timeout
tt,1.8,ABC,8,0,6,-200.0,,,,,,,timeout
tt,1.8,ABC,9,0,6,-200.0,,,,,,,timeout
tt,1.8,ABC,10,0,6,-200.0,,,,,,,timeout
tt,1.8,ABC,11,0,6,-200.0,,,,,,,timeout
tt,1.8,ABC,12,0,6,-200.0,,,,,,,timeout
tt,1.8,ABC,13,0,6,-200.0,,,,,,,timeout
tt,1.8,ABC,14,0,6,-200.0,,,,,,,timeout
tt,1.8,ABC,15,0,6,-200.0,,,,,,,timeout
tt,1.8,ABC,16,0,6,-200.0,,,,,,,timeout
tt,1.8,ABC,17,0,6,-200.0,,,,,,,timeout
tt,1.8,ABC,18,0,6,-200.0,,,,,,,timeout
tt,1.8,ABC,19,0,6,-200.0,,,,,,,timeout
tt,1.8,ABC,20,0,6,-200.0,,,,,,,timeout
tt,1.8,ABC,21,0,6,-200.0,,,,,,,timeout
tt,1.8,ABC,22,0,6,-200.0,,,,,,,timeout
tt,1.8,ABC,23,0,6,-200.0,,,,,,,timeout
tt,1.8,ABC,24,0,6,-200.0,,,,,,,timeout
tt,1.8,ABC,25,0,6,-200.0,,,,,,,timeout
tt,1.8,ABC,26,0,6,-200.0,,,,,,,timeout
tt,1.8,ABC,27,0,6,-200.0,,,,,,,timeout
tt,1.8,ABC,28,0,6,-200.0,,,,,,,timeout
tt,1.8,ABC,29,0,6,-200.0,,,,,,,timeout
tt,1.8,ACO,0,0,6,-200.0,,,,,,,timeout
tt,1.8,ACO,1,0,6,-200.0,,,,,,,timeout
tt,1.8,ACO,2,0,6,-200.0,,,,,,,timeout
tt,1.8,ACO,3,0,6,-200.0,,,,,,,timeout
tt,1.8,ACO,4,0,6,-200.0,,,,,,,timeout
tt,1.8,ACO,5,0,6,-200.0,,,,,,,timeout
tt,1.8,ACO,6,0,6,-200.0,,,,,,,timeout
tt,1.8,ACO,7,0,6,-200.0,,,,,,,timeout
tt,1.8,ACO,8,0,6,-200.0,,,,,,,timeout
tt,1.8,ACO,9,0,6,-200.0,,,,,,,timeout
tt,1.8,ACO,10,0,6,-200.0,,,,,,,timeout
tt,1.8,ACO,11,0,6,-200.0,,,,,,,timeout
tt,1.8,ACO,12,0,6,-200.0,,,,,,,timeout
tt,1.8,ACO,13,0,6,-200.0,,,,,,,timeout
tt,1.8,ACO,14,0,6,-200.0,,,,,,,timeout
tt,1.8,ACO,15,0,6,-200.0,,,,,,,timeout
tt,1.8,ACO,16,0,6,-200.0,,,,,,,timeout
tt,1.8,ACO,17,0,6,-200.0,,,,,,,timeout
tt,1.8,ACO,18,0,6,-200.0,,,,,,,timeout
tt,1.8,ACO,19,0,6,-200.0,,,,,,,timeout
tt,1.8,ACO,20,1,0,42.46078,1.220442,7.230366,50.9216,80.9736,28.5592,34.60136,
tt,1.8,ACO,21,0,6,-200.0,,,,,,,timeout
tt,1.8,ACO,22,0,6,-200.0,,,,,,,timeout
tt,1.8,ACO,23,0,6,-200.0,,,,,,,timeout
tt,1.8,ACO,24,0,6,-200.0,,,,,,,timeout
tt,1.8,ACO,25,0,6,-200.0,,,,,,,timeout
tt,1.8,ACO,26,0,6,-200.0,,,,,,,timeout
tt,1.8,ACO,27,0,6,-200.0,,,,,,,timeout
tt,1.8,ACO,28,0,6,-200.0,,,,,,,timeout
tt,1.8,ACO,29,0,6,-200.0,,,,,,,timeout
tt,1.8,FA,0,0,6,-200.0,,,,,,,timeout
tt,1.8,FA,1,0,1,19.54133,1.2184,24.98557,33.1671,84.9559,22.5193,39.49312,
tt,1.8,FA,2,1,0,20.17896,1.2184,24.37374,53.0057,62.057,25.2267,37.88451,
tt,1.8,FA,3,0,6,-200.0,,,,,,,timeout
tt,1.8,FA,4,0,6,-200.0,,,,,,,timeout
tt,1.8,FA,5,0,6,-200.0,,,,,,,timeout
tt,1.8,FA,6,0,1,22.05263,1.2184,117.173,50.0,85.2698,34.9191,30.75143,
tt,1.8,FA,7,0,1,16.22836,1.2184,5244.599,50.0,82.8896,27.6266,30.48739,
tt,1.8,FA,8,1,0,20.22083,1.2184,25.9655,50.0,86.6329,36.8399,25.78577,
tt,1.8,FA,9,0,1,23.32711,1.218401,6231.982,50.1021,83.7468,31.9717,28.37225,
tt,1.8,FA,10,0,1,21.57226,1.218401,25.99035,46.0842,85.7715,25.5032,35.41709,
tt,1.8,FA,11,0,1,23.61347,1.218401,4685.988,50.4046,82.3006,21.7034,53.44895,
tt,1.8,FA,12,0,2,12.97418,1.096705,25.99522,7.56873,107.6271,40.0961,21.20888,
tt,1.8,FA,13,0,2,24.96087,1.218398,5981.052,50.8589,83.7225,22.4413,44.39914,
tt,1.8,FA,14,1,0,19.59531,1.2184,22.35918,50.0,64.18,30.8501,33.14668,
tt,1.8,FA,15,1,0,22.31573,1.2184,20.96639,50.0,62.43300000000001,26.2867,42.74514,
tt,1.8,FA,16,0,1,18.76934,1.2184,25.93565,42.7459,67.429,38.7063,21.69027,
tt,1.8,FA,17,0,1,20.89056,1.2184,161.2099,50.3313,85.2326,24.7165,53.22686,
tt,1.8,FA,18,0,1,24.63845,1.218402,234.3706,50.2197,81.4252,18.8309,48.86156,
tt,1.8,FA,19,1,0,24.88724,1.2214,21.90234,50.7642,82.277,21.1136,36.71291,
tt,1.8,FA,20,0,3,20.05145,1.218402,412.418,44.7582,72.715,24.0918,107.5344,
tt,1.8,FA,21,1,0,22.67453,1.221318,20.71284,54.9278,75.476,28.4586,29.29666,
tt,1.8,FA,22,0,1,27.60471,1.2184,25.95058,35.1029,84.4026,36.8685,33.76966,
tt,1.8,FA,23,1,0,18.82677,1.2184,25.47305,50.0,86.7818,32.2374,25.25044,
tt,1.8,FA,24,1,0,30.76039,1.2214,21.49049,50.5308,84.311,32.6223,28.107,
tt,1.8,FA,25,1,0,20.71864,1.2184,22.62779,50.0123,82.2678,24.5025,28.94481,
tt,1.8,FA,26,1,0,22.96791,1.2184,25.57253,50.129,84.8041,25.2231,30.94564,
tt,1.8,FA,27,1,0,22.28858,1.218405,8.645182,50.755,85.5175,23.8373,50.4157,
tt,1.8,FA,28,0,2,25.27204,1.218399,6190.564,50.8979,86.1511,32.1561,27.15181,
tt,1.8,FA,29,1,0,20.70281,1.2184,24.32898,50.1599,73.646,30.1344,30.66176,
tt,1.8,GA,0,1,0,37.29649,1.2214,25.0036,55.0485,60.011,28.8721,32.53061,
tt,1.8,GA,1,1,0,38.59704,1.21918,25.95883,51.2601,67.552,18.8787,40.76042,
tt,1.8,GA,2,1,0,35.7079,1.2214,25.98111,54.0569,60.031000000000006,33.4439,25.23062,
tt,1.8,GA,3,0,1,30.9928,1.221386,3754.077,51.0994,64.862,27.0797,38.01398,
tt,1.8,GA,4,0,6,-200.0,,,,,,,timeout
tt,1.8,GA,5,0,6,-200.0,,,,,,,timeout
tt,1.8,GA,6,0,6,-200.0,,,,,,,timeout
tt,1.8,GA,7,0,6,-200.0,,,,,,,timeout
tt,1.8,GA,8,1,0,47.41968,1.219167,15.89262,50.268,60.037000000000006,16.6477,29.55208,
tt,1.8,GA,9,0,1,51.16017,1.218857,3335.638,50.4176,71.015,35.32,23.03415,
tt,1.8,GA,10,0,1,38.00215,1.271765,25.94819,51.587,60.006,14.6277,53.06879,
tt,1.8,GA,11,0,1,39.34179,1.221388,5985.841,50.8135,60.022000000000006,14.02,42.23048,
tt,1.8,GA,12,1,0,57.85176,1.220296,24.71333,53.0441,61.878,20.9834,25.13398,
tt,1.8,GA,13,1,0,49.15527,1.219108,25.66705,52.3543,60.0,19.108,43.71097,
tt,1.8,GA,14,1,0,50.31789,1.221104,24.91536,54.7362,60.026,19.0426,52.91642,
tt,1.8,GA,15,1,0,33.73181,1.22139,20.96965,55.5491,60.006,28.9918,24.75139,
tt,1.8,GA,16,1,0,38.50081,1.221396,18.0221,50.5841,60.009,35.4213,25.9178,
tt,1.8,GA,17,1,0,47.91023,1.221395,25.46517,51.3425,64.685,33.9162,28.12576,
tt,1.8,GA,18,1,0,50.35854,1.220491,25.98557,50.2246,60.068,18.0068,50.75055,
tt,1.8,GA,19,1,0,46.61367,1.221399,19.49578,53.9278,62.415000000000006,26.3926,30.13996,
tt,1.8,GA,20,0,2,35.43056,1.220961,280.9461,24.281,85.5762,25.47,31.20089,
tt,1.8,GA,21,0,1,44.95501,1.220959,5806.702,54.1067,60.004000000000005,16.3288,41.55901,
tt,1.8,GA,22,0,1,37.33914,1.221355,6090.942,54.5776,67.337,14.0021,28.39574,
tt,1.8,GA,23,0,1,43.39372,1.219976,6135.736,51.7643,60.003,14.4144,37.52415,
tt,1.8,GA,24,1,0,47.12652,1.221395,23.31165,50.8814,60.197,14.4746,49.7306,
tt,1.8,GA,25,1,0,46.46567,1.221111,21.63951,56.0108,60.015,29.906,26.85037,
tt,1.8,GA,26,0,1,39.79034,1.42934,25.9624,55.7076,60.003,17.6281,53.3909,
tt,1.8,GA,27,1,0,26.39893,1.221385,20.01206,56.0202,62.525000000000006,14.0009,26.15663,
tt,1.8,GA,28,1,0,23.86225,1.218467,25.99391,50.0,85.3949,33.5011,28.69688,
tt,1.8,GA,29,1,0,37.10019,1.218419,25.99991,57.9995,60.145,21.1232,47.75225,
tt,1.8,GWO,0,1,0,49.52014,1.219821,9.882225,54.5178,62.997,16.0677,34.42212,
tt,1.8,GWO,1,1,0,45.12431,1.22077,15.32068,51.5274,65.053,19.3423,41.7865,
tt,1.8,GWO,2,1,0,45.75756,1.218779,15.0026,53.0534,61.514,16.5535,44.87969,
tt,1.8,GWO,3,1,0,57.87298,1.219813,17.73744,50.9352,68.291,19.0394,31.28405,
tt,1.8,GWO,4,1,0,53.77309,1.22008,19.36286,51.6724,61.785,18.5457,28.78333,
tt,1.8,GWO,5,1,0,44.27276,1.218706,1.904653,54.8412,67.228,22.4973,31.69598,
tt,1.8,GWO,6,1,0,46.13914,1.219278,25.09185,55.1326,63.401,17.213,33.49035,
tt,1.8,GWO,7,1,0,46.40885,1.220291,8.914913,55.2757,66.866,18.6585,38.61724,
tt,1.8,GWO,8,1,0,52.50005,1.219454,17.69297,55.2584,61.237,15.8258,37.28043,
tt,1.8,GWO,9,1,0,52.44396,1.220351,17.1436,51.3686,69.877,24.4611,34.70049,
tt,1.8,GWO,10,1,0,53.59798,1.218997,20.99093,53.3471,63.971,27.4293,37.35691,
tt,1.8,GWO,11,1,0,59.49401,1.218505,11.60886,53.4728,63.265,15.6796,40.70624,
tt,1.8,GWO,12,1,0,54.6089,1.220392,21.12088,53.2886,64.642,18.8859,38.14699,
tt,1.8,GWO,13,1,0,56.13946,1.221091,16.98928,55.9952,67.829,22.2458,54.45882,
tt,1.8,GWO,14,1,0,77.11004,1.221018,12.39403,52.2894,62.681,23.2471,41.58425,
tt,1.8,GWO,15,1,0,47.07084,1.220099,9.77566,51.0487,65.966,19.0565,34.64057,
tt,1.8,GWO,16,1,0,53.92827,1.219163,11.51809,50.6962,65.791,17.0802,41.20371,
tt,1.8,GWO,17,1,0,58.71874,1.219194,25.55091,50.2556,63.417,21.8968,48.51038,
tt,1.8,GWO,18,1,0,56.50725,1.218534,14.3839,55.1366,62.143,15.5892,45.66897,
tt,1.8,GWO,19,1,0,47.39507,1.218724,10.463,50.3488,77.85,27.0455,32.42358,
tt,1.8,GWO,20,1,0,61.02371,1.221016,22.97639,51.4952,63.391000000000005,15.8092,36.25,
tt,1.8,GWO,21,1,0,55.95669,1.218447,13.97706,50.7492,62.822,19.863,34.90587,
tt,1.8,GWO,22,0,6,-200.0,,,,,,,timeout
tt,1.8,GWO,23,0,6,-200.0,,,,,,,timeout
tt,1.8,GWO,24,1,0,69.95928,1.219725,20.79455,55.3113,63.845,27.4363,29.43702,
tt,1.8,GWO,25,1,0,45.95195,1.21974,17.6441,53.7876,67.993,18.61,42.30243,
tt,1.8,GWO,26,1,0,54.25505,1.218889,15.63769,50.4291,71.592,19.3071,37.86386,
tt,1.8,GWO,27,1,0,46.15974,1.219955,16.56296,53.4531,67.726,17.3695,38.39276,
tt,1.8,GWO,28,1,0,52.49724,1.219984,24.46132,52.7978,61.187,14.9417,42.46713,
tt,1.8,GWO,29,1,0,51.69384,1.22066,21.89576,54.5563,65.951,18.864,37.20285,
tt,1.8,PSO,0,1,0,37.91695,1.2214,25.99104,60.3952,60.002,24.5768,33.32932,
tt,1.8,PSO,1,1,0,61.66688,1.221396,24.52732,54.4239,60.0,20.1689,33.43934,
tt,1.8,PSO,2,0,1,38.68361,1.221399,5371.751,50.1822,78.734,26.1905,32.41283,
tt,1.8,PSO,3,1,0,44.95581,1.2214,25.996,52.0132,68.386,17.5469,54.88227,
tt,1.8,PSO,4,0,2,49.63272,1.221401,26.00094,50.3683,60.002,30.9164,36.13415,
tt,1.8,PSO,5,1,0,32.24534,1.218484,25.9836,50.692,68.312,23.9014,54.99463,
tt,1.8,PSO,6,1,0,51.22,1.221366,20.45896,50.048,60.0,17.717,53.92541,
tt,1.8,PSO,7,1,0,65.40956,1.21853,4.17791,51.7145,62.972,19.8717,45.4174,
tt,1.8,PSO,8,1,0,53.76798,1.221399,22.91957,54.0758,70.461,25.1748,28.72291,
tt,1.8,PSO,9,1,0,28.83914,1.219814,25.99999,50.0012,76.776,26.4441,43.64316,
tt,1.8,PSO,10,0,1,57.66218,1.2184,6047.601,52.2845,61.98,14.0,23.41597,
tt,1.8,PSO,11,1,0,48.26963,1.2214,25.996,57.3823,60.002,27.0934,26.53232,
tt,1.8,PSO,12,0,1,27.82607,1.2184,23.93104,31.1131,88.2017,50.32,21.29353,
tt,1.8,PSO,13,1,0,44.92288,1.219765,25.67807,56.0236,60.001000000000005,15.3472,54.99254,
tt,1.8,PSO,14,1,0,56.78208,1.22132,25.97785,53.8837,60.003,27.3479,23.89396,
tt,1.8,PSO,15,0,6,-200.0,,,,,,,no_convergence
tt,1.8,PSO,16,1,0,41.65905,1.221264,13.91008,53.9371,60.0,20.8198,54.99999,
tt,1.8,PSO,17,0,1,47.47782,1.220242,6274.16,51.7303,60.0,18.775,37.26682,
tt,1.8,PSO,18,1,0,48.75943,1.221188,25.15186,51.7104,60.11,14.6771,54.98329,
tt,1.8,PSO,19,1,0,29.63221,1.2184,25.99534,51.409,76.088,22.4032,54.90211,
tt,1.8,PSO,20,0,1,44.41089,1.2214,6216.371,50.0442,60.003,15.0734,54.99997,
tt,1.8,PSO,21,1,0,62.80057,1.218456,25.95933,52.319,66.073,26.5327,32.36486,
tt,1.8,PSO,22,0,2,55.21148,0.7142616,8638.273,58.9513,60.0,14.2852,24.05455,
tt,1.8,PSO,23,1,0,48.40971,1.2184,25.99534,54.6724,65.913,24.5405,43.70803,
tt,1.8,PSO,24,0,1,27.88291,1.218401,6316.748,50.19,77.026,23.7997,54.99887,
tt,1.8,PSO,25,1,0,59.90555,1.220374,20.57491,52.9001,60.32299999999999,21.0757,30.3977,
tt,1.8,PSO,26,1,0,35.35512,1.2214,25.996,52.6832,60.001000000000005,22.4035,54.99986,
tt,1.8,PSO,27,1,0,27.13529,1.218653,25.99989,52.3394,60.011,14.7533,40.54399,
tt,1.8,PSO,28,0,1,25.82784,1.218496,6191.245,50.0078,64.07,22.8935,27.99459,
tt,1.8,PSO,29,1,0,65.15739,1.219488,25.62924,50.2241,67.797,29.7643,33.33897,
tt,1.98,ABC,0,0,1,38.32336,1.221638,15.92993,51.6271,63.69499999999999,22.711,26.99464,
tt,1.98,ABC,1,0,6,-200.0,,,,,,,timeout
tt,1.98,ABC,2,0,6,-200.0,,,,,,,timeout
tt,1.98,ABC,3,0,2,32.23884,1.223956,32.96811,51.1329,71.346,21.5154,35.29363,
tt,1.98,ABC,4,0,1,36.19996,1.220425,43.8496,51.1105,70.217,25.0291,26.37077,
tt,1.98,ABC,5,0,1,45.65,1.220915,19.51343,56.6813,59.94,17.3625,53.68716,
tt,1.98,ABC,6,0,1,34.99447,1.221919,23.53476,53.3667,72.606,30.7121,32.56868,
tt,1.98,ABC,7,0,1,35.69456,1.222627,19.58525,53.1681,80.6521,24.6575,29.39009,
tt,1.98,ABC,8,0,1,41.87524,1.222193,25.23036,53.362,65.21,17.3509,54.99257,
tt,1.98,ABC,9,0,1,46.08232,1.221829,9.985031,52.0615,74.965,21.4024,43.38815,
tt,1.98,ABC,10,1,0,38.52014,1.22121,16.58067,52.5187,61.543000000000006,14.0845,46.37995,
tt,1.98,ABC,11,0,1,45.55373,1.221034,26.00379,52.5687,69.524,27.3496,36.81679,
tt,1.98,ABC,12,1,0,34.47504,1.220495,21.58588,50.3432,67.529,36.7797,22.64202,
tt,1.98,ABC,13,0,1,49.2256,1.221874,23.87788,55.7929,60.065,25.4848,39.61773,
tt,1.98,ABC,14,0,1,39.50044,1.221612,25.97164,53.1161,60.147000000000006,14.635,30.65868,
tt,1.98,ABC,15,1,0,40.6869,1.220587,24.96067,56.7333,63.705,22.7094,26.47849,
tt,1.98,ABC,16,0,2,34.56187,1.222151,28.80664,55.377,65.801,28.3844,25.84958,
tt,1.98,ABC,17,0,2,38.25572,1.217961,21.88954,53.9719,59.999,31.3704,43.16999,
tt,1.98,ABC,18,0,1,38.67212,1.223083,6.630041,57.5813,70.377,20.6781,38.7427,
tt,1.98,ABC,19,1,0,46.36021,1.219324,23.33633,54.3447,61.446,19.2442,43.06392,
tt,1.98,ABC,20,0,1,41.35925,1.222033,6.779562,53.9288,69.869,24.2869,26.35285,
tt,1.98,ABC,21,1,0,34.45517,1.220404,13.34878,52.8035,60.169,20.5832,34.6113,
tt,1.98,ABC,22,0,2,46.23486,1.222116,26.84366,54.3423,60.378,27.581,40.21686,
tt,1.98,ABC,23,0,1,40.31187,1.21894,5016.632,53.9508,69.039,29.0244,26.50768,
tt,1.98,ABC,24,0,2,28.47669,1.224395,24.4029,58.7122,61.257000000000005,13.9012,39.04902,
tt,1.98,ABC,25,0,6,-200.0,,,,,,,no_convergence
tt,1.98,ABC,26,0,1,25.43403,1.219732,25.27132,51.6729,59.026,14.2324,44.44069,
tt,1.98,ABC,27,1,0,44.44949,1.220915,17.8505,57.0667,60.563,18.4656,35.20944,
tt,1.98,ABC,28,0,1,44.11327,1.222333,24.41432,51.8309,65.106,18.9783,50.63425,
tt,1.98,ABC,29,0,2,21.32165,1.234745,29.36688,54.7207,60.150000000000006,21.3994,53.30533,
tt,1.98,ACO,0,0,1,37.66747,1.222576,10.77705,56.4493,65.787,20.7464,31.63865,
tt,1.98,ACO,1,0,1,32.78622,1.223333,12.5192,56.5512,64.276,23.2113,51.29566,
tt,1.98,ACO,2,0,1,40.00047,1.22144,14.90541,55.1604,71.882,21.9512,44.2571,
tt,1.98,ACO,3,0,1,42.92588,1.22024,31.80696,54.3111,66.191,20.7877,34.24583,
tt,1.98,ACO,4,1,0,37.16994,1.218803,21.42191,55.6026,60.18300000000001,20.8605,46.30473,
tt,1.98,ACO,5,1,0,34.53141,1.221202,20.11927,52.8883,75.046,27.9652,38.00457,
tt,1.98,ACO,6,0,1,34.02078,1.224975,20.81428,58.6611,75.505,27.414,32.07452,
tt,1.98,ACO,7,0,1,34.99133,1.222386,9.073164,51.5606,69.469,22.9753,41.39991,
tt,1.98,ACO,8,0,1,32.55007,1.221968,8.277755,57.7435,70.509,29.6096,29.74793,
tt,1.98,ACO,9,0,1,32.11957,1.221762,25.10532,54.0823,68.34,20.4678,49.40453,
tt,1.98,ACO,10,1,0,39.77352,1.220504,11.57992,51.4611,71.637,28.7464,35.03889,
tt,1.98,ACO,11,0,1,39.58138,1.222715,20.90727,54.5421,63.68300000000001,19.7233,40.17353,
tt,1.98,ACO,12,0,1,28.46249,1.22171,20.0365,55.0305,75.364,25.9543,45.3411,
tt,1.98,ACO,13,0,1,25.31835,1.220489,28.29467,58.3007,81.2766,28.7227,32.9528,
tt,1.98,ACO,14,0,1,29.85993,1.222707,9.794462,52.8455,79.158,22.8136,37.06112,
tt,1.98,ACO,15,0,1,31.27507,1.22168,21.84275,53.0491,60.184,29.899,29.85896,
tt,1.98,ACO,16,1,0,32.79719,1.221246,15.03184,51.6076,72.475,33.0268,28.8841,
tt,1.98,ACO,17,0,1,35.32811,1.222351,11.58721,59.0783,60.16,21.4004,41.69542,
tt,1.98,ACO,18,0,1,37.21148,1.221644,14.32248,56.0082,65.663,20.6212,43.68098,
tt,1.98,ACO,19,1,0,42.59108,1.220871,19.13189,60.2057,65.989,20.7674,41.94673,
tt,1.98,ACO,20,0,1,41.96669,1.221731,6.617536,51.7527,80.8479,28.5791,34.64869,
tt,1.98,ACO,21,0,1,36.70575,1.221765,21.40966,60.7242,66.564,27.0047,34.69183,
tt,1.98,ACO,22,0,1,32.22534,1.223094,13.36898,51.6882,74.463,34.9992,25.26984,
tt,1.98,ACO,23,1,0,38.44379,1.220048,10.70996,54.9717,63.321,20.6103,53.34858,
tt,1.98,ACO,24,0,1,34.88332,1.221894,19.86484,50.999,61.059,18.8876,54.49293,
tt,1.98,ACO,25,0,1,29.91006,1.222011,17.15999,54.5499,79.274,22.0075,48.25526,
tt,1.98,ACO,26,1,0,42.87831,1.220114,14.62357,53.4533,61.993,21.6876,32.81544,
tt,1.98,ACO,27,1,0,41.95828,1.220332,12.3265,55.9083,71.793,25.7926,38.30044,
tt,1.98,ACO,28,0,1,28.17509,1.221938,10.4454,52.2488,82.8442,23.0936,33.27988,
tt,1.98,ACO,29,0,2,35.50643,1.221908,36.89709,59.7077,68.804,28.1153,32.87495,
tt,1.98,FA,0,0,6,-200.0,,,,,,,no_convergence
tt,1.98,FA,1,0,2,21.11964,1.220994,39.57531,32.5183,85.0333,22.4875,39.58429,
tt,1.98,FA,2,0,2,21.30126,1.225631,37.55147,53.1826,61.812,25.1809,38.1314,
tt,1.98,FA,3,0,2,14.13991,1.224068,23.83508,49.8225,78.691,31.3615,28.05104,
tt,1.98,FA,4,0,2,26.46913,1.227216,5933.252,55.4045,64.719,15.927,46.49315,
tt,1.98,FA,5,0,2,22.43805,1.221275,38.4149,42.4289,79.785,40.1527,23.11535,
tt,1.98,FA,6,0,2,23.12131,1.218012,101.9794,50.0518,85.249,35.0246,30.74249,
tt,1.98,FA,7,0,2,18.46248,1.218174,5455.228,50.2208,82.8667,27.5623,30.48388,
tt,1.98,FA,8,0,2,21.35817,1.222178,42.03127,50.0835,86.6111,36.8271,25.91669,
tt,1.98,FA,9,0,1,24.73791,1.220428,6188.926,50.2594,83.6692,31.8926,28.44439,
tt,1.98,FA,10,0,1,23.182,1.222865,24.7308,50.3396,85.4318,24.9207,35.57104,
tt,1.98,FA,11,0,2,23.55527,1.228328,4022.825,50.667,82.3052,21.6714,53.78639,
tt,1.98,FA,12,0,3,0.6226672,1.224246,395.88,9.22606,100.943,39.7597,25.46872,
tt,1.98,FA,13,0,2,25.97394,1.226295,5999.993,51.0078,83.6955,22.398,44.66839,
tt,1.98,FA,14,1,0,20.79275,1.218698,21.31435,50.5349,64.002,30.8445,33.16075,
tt,1.98,FA,15,1,0,23.39069,1.219408,8.56352,50.1649,62.356,26.2984,42.78307,
tt,1.98,FA,16,0,2,19.56321,1.221059,31.63672,42.8517,67.253,38.6571,21.7836,
tt,1.98,FA,17,0,2,23.32666,1.223304,156.8034,51.5572,85.1425,24.49,53.39556,
tt,1.98,FA,18,0,2,24.92168,1.22862,230.8379,50.5093,81.3193,18.7306,49.2088,
tt,1.98,FA,19,0,1,24.15607,1.224827,23.39477,52.3402,82.1494,21.0026,36.83205,
tt,1.98,FA,20,0,4,21.47987,1.225968,107.1163,44.9846,72.583,24.3592,107.7926,
tt,1.98,FA,21,0,2,23.12492,1.222183,30.46709,55.0414,75.389,28.5945,29.32974,
tt,1.98,FA,22,0,2,30.23656,1.219291,90.35057,35.4197,84.2881,36.8171,33.80364,
tt,1.98,FA,23,0,1,19.00024,1.219823,28.31509,53.6871,86.613,31.5121,25.30229,
tt,1.98,FA,24,0,1,31.79151,1.22491,21.85937,52.2016,84.202,32.6875,28.22893,
tt,1.98,FA,25,1,0,20.92347,1.221369,23.00449,53.4582,82.1004,24.4131,29.04856,
tt,1.98,FA,26,0,2,23.97699,1.226705,44.69228,50.326,84.7126,25.0939,31.2286,
tt,1.98,FA,27,0,2,23.77581,1.222095,35.14581,50.8947,85.5034,23.7829,50.5438,
tt,1.98,FA,28,0,1,27.46235,1.21997,6153.944,51.4937,86.0866,32.034,27.20864,
tt,1.98,FA,29,0,2,21.7285,1.216112,33.9881,50.2143,73.54,30.1149,30.58902,
tt,1.98,GA,0,0,2,33.70625,1.223895,23.95234,55.4038,59.788,28.9579,32.61848,
tt,1.98,GA,1,0,1,21.84974,1.222932,12.8603,51.4338,68.219,18.176,40.89058,
tt,1.98,GA,2,0,3,32.65428,1.223693,36.47677,54.2132,59.988,33.4663,25.31169,
tt,1.98,GA,3,0,2,27.49715,1.224843,3447.55,51.2388,64.647,26.853,38.13428,
tt,1.98,GA,4,0,1,46.67982,1.221725,24.16851,55.351,60.221,18.5446,26.34356,
tt,1.98,GA,5,0,2,34.64083,1.222162,5176.124,54.2417,66.615,21.7042,25.8602,
tt,1.98,GA,6,0,1,33.93381,1.218688,27.97842,55.081,65.696,29.3467,33.34658,
tt,1.98,GA,7,0,2,21.93991,1.220477,26.71087,45.7135,66.888,32.2562,22.70417,
tt,1.98,GA,8,0,1,42.90239,1.219755,14.68253,50.4268,59.93300000000001,16.7964,29.57605,
tt,1.98,GA,9,0,1,37.17704,1.220062,3333.826,50.8396,70.934,34.977,23.07865,
tt,1.98,GA,10,0,3,29.24806,1.274099,28.00315,51.9193,58.975,14.4061,53.15155,
tt,1.98,GA,11,0,4,30.63611,1.22339,5996.975,53.8912,59.113,13.6251,42.3018,
tt,1.98,GA,12,0,2,36.51387,1.221717,34.3332,53.3173,61.794,21.201,25.18585,
tt,1.98,GA,13,0,1,46.21438,1.219867,35.2249,52.3589,60.05500000000001,19.3744,43.7405,
tt,1.98,GA,14,0,2,41.41603,1.222221,28.72565,55.1207,60.145,19.0392,52.958,
tt,1.98,GA,15,0,3,34.04257,1.224734,26.47452,55.8796,59.888000000000005,29.0801,24.86774,
tt,1.98,GA,16,0,2,35.18488,1.222448,17.21335,51.277,59.898,35.5121,25.95719,
tt,1.98,GA,17,0,1,36.34397,1.222025,25.35781,51.9462,64.467,33.8357,28.15097,
tt,1.98,GA,18,0,1,49.34727,1.220966,27.15684,50.5745,60.025000000000006,18.1026,50.77058,
tt,1.98,GA,19,0,1,26.1193,1.222279,22.27335,55.6535,62.0,26.0271,30.17356,
tt,1.98,GA,20,0,3,23.6988,1.222989,296.6156,24.6341,85.1173,24.8973,31.27306,
tt,1.98,GA,21,0,3,34.14691,1.222441,5819.445,54.7446,59.43000000000001,16.102,41.61285,
tt,1.98,GA,22,0,3,34.65223,1.224467,6088.648,55.4743,67.115,13.6892,28.5043,
tt,1.98,GA,23,0,2,27.85102,1.221349,6127.648,52.2637,59.175,14.0824,37.5743,
tt,1.98,GA,24,0,1,45.83187,1.222054,25.15883,50.9903,60.231,14.5621,49.75679,
tt,1.98,GA,25,0,3,42.08467,1.222252,34.76444,56.3638,59.834,29.9827,26.89276,
tt,1.98,GA,26,0,3,33.59685,1.431952,65.66159,56.0837,59.06100000000001,17.4489,53.48385,
tt,1.98,GA,27,0,3,25.75281,1.230596,49.4562,56.3432,62.289,13.9008,26.47013,
tt,1.98,GA,28,0,1,24.4145,1.22053,30.29484,50.1523,85.3552,33.5185,28.77019,
tt,1.98,GA,29,0,2,31.94842,1.222229,24.823,59.0763,59.94499999999999,20.9474,47.88425,
tt,1.98,GWO,0,1,0,40.67813,1.220947,15.34328,54.7707,63.010000000000005,16.1811,34.46401,
tt,1.98,GWO,1,0,1,36.28125,1.222948,15.28844,52.6525,64.997,19.3077,41.8637,
tt,1.98,GWO,2,1,0,39.53298,1.220209,15.89892,53.5242,61.646,16.5935,44.9318,
tt,1.98,GWO,3,1,0,43.99674,1.220523,16.72408,51.6359,68.218,18.973,31.31197,
tt,1.98,GWO,4,1,0,40.20084,1.221156,24.29888,51.8854,61.622,18.671,28.82354,
tt,1.98,GWO,5,1,0,46.68478,1.21967,5.754165,55.1266,67.127,22.6389,31.7324,
tt,1.98,GWO,6,0,1,38.88867,1.220683,27.70928,55.45,63.258,17.2683,33.54158,
tt,1.98,GWO,7,1,0,43.42327,1.22067,15.38152,55.3019,66.863,18.7959,38.63401,
tt,1.98,GWO,8,1,0,47.17679,1.220069,18.39439,55.5363,61.19,15.8366,37.30518,
tt,1.98,GWO,9,1,0,47.79038,1.220486,14.13744,51.9827,69.714,24.5527,34.70909,
tt,1.98,GWO,10,1,0,58.15965,1.219074,20.22399,53.71,63.766000000000005,27.4584,37.36359,
tt,1.98,GWO,11,1,0,39.44441,1.219606,12.23445,53.7002,63.286,15.6296,40.74739,
tt,1.98,GWO,12,0,1,39.74728,1.221509,22.94231,53.6883,64.53,18.9713,38.18853,
tt,1.98,GWO,13,0,1,40.67661,1.222015,18.88089,56.255,68.064,22.1716,54.49396,
tt,1.98,GWO,14,1,0,43.16754,1.22046,5.24889,52.5486,63.04600000000001,23.2445,41.56985,
tt,1.98,GWO,15,1,0,41.50781,1.221264,10.9772,51.6299,65.851,19.0973,34.68373,
tt,1.98,GWO,16,1,0,43.73536,1.218979,5.016618,50.8545,65.895,17.0672,41.20169,
tt,1.98,GWO,17,1,0,41.34602,1.218566,24.10683,50.4234,63.658,21.939,48.49344,
tt,1.98,GWO,18,1,0,38.6759,1.219753,15.13968,55.3784,62.284000000000006,15.5498,45.71397,
tt,1.98,GWO,19,0,1,41.35762,1.218382,23.70755,50.7024,77.732,27.1075,32.41613,
tt,1.98,GWO,20,1,0,55.04622,1.221118,21.49545,51.6934,63.47,15.8135,36.25754,
tt,1.98,GWO,21,1,0,40.02094,1.219466,17.16101,51.3721,62.662000000000006,19.9388,34.94414,
tt,1.98,GWO,22,1,0,42.62558,1.219912,19.19662,51.6582,65.893,18.6761,40.46238,
tt,1.98,GWO,23,0,1,43.14184,1.219423,28.15539,54.4577,61.856,26.1577,28.62061,
tt,1.98,GWO,24,1,0,53.71188,1.219565,15.86259,55.7433,63.696,27.6047,29.43572,
tt,1.98,GWO,25,1,0,39.39802,1.22123,17.85582,54.1526,68.107,18.5779,42.35657,
tt,1.98,GWO,26,1,0,46.18791,1.218905,11.61002,50.7045,71.506,19.2679,37.86845,
tt,1.98,GWO,27,0,1,38.06575,1.221541,23.42793,53.6857,67.667,17.3837,38.45009,
tt,1.98,GWO,28,0,1,45.30585,1.220695,26.0408,52.9887,61.265,14.9195,42.49507,
tt,1.98,GWO,29,0,1,33.78649,1.223448,14.40043,55.0083,66.248,18.5664,37.30059,
tt,1.98,PSO,0,0,3,36.47596,1.223186,42.50202,60.3926,59.91,24.8041,33.39335,
tt,1.98,PSO,1,0,2,46.62841,1.221821,26.55252,55.0302,60.244,20.1741,33.4577,
tt,1.98,PSO,2,0,2,29.58156,1.221759,5262.784,50.267,78.562,26.108,32.42911,
tt,1.98,PSO,3,0,2,26.44163,1.221829,31.92928,53.1973,67.186,16.827,54.90074,
tt,1.98,PSO,4,0,2,35.97476,1.221827,25.00974,51.3107,59.749,30.8898,36.15255,
tt,1.98,PSO,5,0,2,35.14201,1.220571,35.63657,50.8263,68.634,24.159,55.06893,
tt,1.98,PSO,6,0,3,46.69098,1.221892,29.57659,50.0538,59.946,17.5735,53.94717,
tt,1.98,PSO,7,1,0,42.91746,1.219377,4.686944,52.3976,62.918000000000006,19.9203,45.44998,
tt,1.98,PSO,8,0,1,36.02959,1.221498,25.93438,54.2648,70.257,25.4038,28.73036,
tt,1.98,PSO,9,0,2,23.92072,1.225366,31.36231,50.666,76.327,26.2011,43.83362,
tt,1.98,PSO,10,0,2,44.93982,1.218935,5924.941,52.4509,61.602,13.9926,23.438,
tt,1.98,PSO,11,0,2,41.69038,1.221654,25.47465,57.5241,59.994,27.2062,26.54491,
tt,1.98,PSO,12,0,2,28.06566,1.225598,11.48234,31.2768,88.0938,50.2319,21.53925,
tt,1.98,PSO,13,0,4,33.64139,1.221773,27.00497,58.2125,59.248000000000005,14.5414,55.06402,
tt,1.98,PSO,14,0,1,45.18596,1.220977,24.3769,54.0394,59.792,28.0673,23.88652,
tt,1.98,PSO,15,0,6,-200.0,,,,,,,no_convergence
tt,1.98,PSO,16,0,2,34.29586,1.222957,20.2589,54.1372,60.382000000000005,20.9919,55.06096,
tt,1.98,PSO,17,0,2,21.84453,1.220317,6251.221,54.6848,59.612,18.2602,37.27343,
tt,1.98,PSO,18,0,4,43.36713,1.222133,38.56645,52.0978,59.724,14.4775,55.01907,
tt,1.98,PSO,19,0,2,33.73089,1.22227,15.28701,52.2209,75.953,22.676,55.0361,
tt,1.98,PSO,20,0,4,30.28197,1.222674,6198.749,50.8222,59.17700000000001,14.8094,55.04679,
tt,1.98,PSO,21,0,1,41.68772,1.217771,21.72872,53.7747,65.738,26.5935,32.34595,
tt,1.98,PSO,22,0,6,-200.0,,,,,,,measure_failed
tt,1.98,PSO,23,0,1,34.07531,1.218886,5073.471,56.2906,65.628,24.447,43.72837,
tt,1.98,PSO,24,0,3,29.96983,1.224279,6295.19,50.4609,76.844,23.902,55.20028,
tt,1.98,PSO,25,0,1,27.78563,1.220342,20.52082,54.3544,59.649,20.84,30.4007,
tt,1.98,PSO,26,0,4,31.56724,1.225467,29.99475,56.0156,59.629000000000005,22.2071,55.14048,
tt,1.98,PSO,27,0,3,20.95868,1.227406,40.57831,61.4382,58.809,14.1752,40.84202,
tt,1.98,PSO,28,0,6,-200.0,,,,,,,no_convergence
tt,1.98,PSO,29,0,1,47.09434,1.219461,4811.168,50.8055,67.59,29.6713,33.34214,
