dim,pop,budget,seed_base,run,algo,best_fitness,is_feasible,penalty,PSRR_DB
12,40,150000,42,0,ABC,-116.09809531011298,1,0,116.09809531011298
12,40,150000,42,0,GWO,-104.97267187183058,1,0,104.97267187183058
12,40,150000,42,0,FA,-114.92840826489889,1,0,114.92840826489889
12,40,150000,42,0,PSO,-115.69578488702875,1,0,115.69578488702875
12,40,150000,42,0,GA,-116.0425241148285,1,0,116.0425241148285
12,40,150000,42,0,ACO,-109.98251756921051,1,0,109.98251756921051
12,40,150000,42,1,ABC,-110.2911746823488,1,0,110.2911746823488
12,40,150000,42,1,GWO,-104.26400790478885,1,0,104.26400790478885
12,40,150000,42,1,FA,-110.27444988515802,1,0,110.27444988515802
12,40,150000,42,1,PSO,-109.4928212645697,1,0,109.4928212645697
12,40,150000,42,1,GA,-110.25584715437682,1,0,110.25584715437682
12,40,150000,42,1,ACO,-109.84381488726756,1,0,109.84381488726756
12,40,150000,42,2,ABC,-110.07747200849052,1,0,110.07747200849052
12,40,150000,42,2,GWO,-94.16274207877862,1,0,94.16274207877862
12,40,150000,42,2,FA,-107.96115962635842,1,0,107.96115962635842
12,40,150000,42,2,PSO,-109.95589724018733,1,0,109.95589724018733
12,40,150000,42,2,GA,-110.14477549787739,1,0,110.14477549787739
12,40,150000,42,2,ACO,-110.1820682126521,1,0,110.1820682126521
12,40,150000,42,3,ABC,-111.2645463036128,1,0,111.2645463036128
12,40,150000,42,3,GWO,-111.37045551922199,1,0,111.37045551922199
12,40,150000,42,3,FA,-111.08706566673601,1,0,111.08706566673601
12,40,150000,42,3,PSO,-111.5633984566664,1,0,111.5633984566664
12,40,150000,42,3,GA,-111.48029720215757,1,0,111.48029720215757
12,40,150000,42,3,ACO,-111.56332951505343,1,0,111.56332951505343
12,40,150000,42,4,ABC,892.3565685883492,0,1,107.64343141165084
12,40,150000,42,4,GWO,903.7047090609029,0,1,96.2952909390971
12,40,150000,42,4,FA,899.1198004279743,0,1,100.88019957202567
12,40,150000,42,4,PSO,906.0813067741335,0,1,93.91869322586643
12,40,150000,42,4,GA,905.0467244172595,0,1,94.9532755827405
12,40,150000,42,4,ACO,903.6547657879199,0,1,96.34523421208003
12,40,150000,42,5,ABC,-100.73757776983707,1,0,100.73757776983707
12,40,150000,42,5,GWO,903.6657305591162,0,1,96.3342694408838
12,40,150000,42,5,FA,905.029609789044,0,1,94.97039021095603
12,40,150000,42,5,PSO,-101.81071357813194,1,0,101.81071357813194
12,40,150000,42,5,GA,895.8559217336469,0,1,104.1440782663531
12,40,150000,42,5,ACO,903.6328367214555,0,1,96.36716327854444
12,40,150000,42,6,ABC,-102.77485077568063,1,0,102.77485077568063
12,40,150000,42,6,GWO,-90.15111253776487,1,0,90.15111253776487
12,40,150000,42,6,FA,907.2119721972008,0,1,92.78802780279919
12,40,150000,42,6,PSO,-102.27440202846998,1,0,102.27440202846998
12,40,150000,42,6,GA,904.6162802271363,0,1,95.38371977286373
12,40,150000,42,6,ACO,903.6472116235223,0,1,96.35278837647772
12,40,150000,42,7,ABC,-115.29300612166534,1,0,115.29300612166534
12,40,150000,42,7,GWO,888.9966862949461,0,1,111.00331370505387
12,40,150000,42,7,FA,-112.46366037437363,1,0,112.46366037437363
12,40,150000,42,7,PSO,-115.39862772574992,1,0,115.39862772574992
12,40,150000,42,7,GA,-115.33268915041984,1,0,115.33268915041984
12,40,150000,42,7,ACO,-115.40123914761472,1,0,115.40123914761472
12,40,150000,42,8,ABC,-111.38176499475597,1,0,111.38176499475597
12,40,150000,42,8,GWO,895.2033726821031,0,1,104.79662731789686
12,40,150000,42,8,FA,895.2033726821031,0,1,104.79662731789686
12,40,150000,42,8,PSO,-111.38344741638251,1,0,111.38344741638251
12,40,150000,42,8,GA,-111.38316782725296,1,0,111.38316782725296
12,40,150000,42,8,ACO,-110.69745982256792,1,0,110.69745982256792
12,40,150000,42,9,ABC,-108.42994788468053,1,0,108.42994788468053
12,40,150000,42,9,GWO,-93.45732852724332,1,0,93.45732852724332
12,40,150000,42,9,FA,-108.70860269749255,1,0,108.70860269749255
12,40,150000,42,9,PSO,-103.89233959752363,1,0,103.89233959752363
12,40,150000,42,9,GA,-108.5301703592985,1,0,108.5301703592985
12,40,150000,42,9,ACO,-103.89233959752357,1,0,103.89233959752357
12,40,150000,42,10,ABC,-95.95682335034464,1,0,95.95682335034464
12,40,150000,42,10,GWO,903.664288099732,0,1,96.33571190026805
12,40,150000,42,10,FA,907.7739550019169,0,1,92.22604499808311
12,40,150000,42,10,PSO,-96.4300877934452,1,0,96.4300877934452
12,40,150000,42,10,GA,905.7202141653561,0,1,94.27978583464386
12,40,150000,42,10,ACO,903.5775609544611,0,1,96.4224390455389
12,40,150000,42,11,ABC,-110.05752238261616,1,0,110.05752238261616
12,40,150000,42,11,GWO,-93.9711980627969,1,0,93.9711980627969
12,40,150000,42,11,FA,-108.3174998866682,1,0,108.3174998866682
12,40,150000,42,11,PSO,-108.33419109813511,1,0,108.33419109813511
12,40,150000,42,11,GA,-109.92151076418045,1,0,109.92151076418045
12,40,150000,42,11,ACO,-110.06693447291103,1,0,110.06693447291103
12,40,150000,42,12,ABC,-96.53699618029081,1,0,96.53699618029081
12,40,150000,42,12,GWO,903.6639863866078,0,1,96.33601361339214
12,40,150000,42,12,FA,906.7171622275581,0,1,93.28283777244188
12,40,150000,42,12,PSO,-99.42783512967017,1,0,99.42783512967017
12,40,150000,42,12,GA,-99.40208088245939,1,0,99.40208088245939
12,40,150000,42,12,ACO,903.6615847228777,0,1,96.33841527712225
12,40,150000,42,13,ABC,903.6615629100472,0,1,96.33843708995272
12,40,150000,42,13,GWO,903.6653398256851,0,1,96.33466017431488
12,40,150000,42,13,FA,905.8099429425696,0,1,94.19005705743038
12,40,150000,42,13,PSO,1905.3698947209716,0,2,94.63010527902829
12,40,150000,42,13,GA,904.9065661218418,0,1,95.09343387815822
12,40,150000,42,13,ACO,903.6595546953447,0,1,96.34044530465525
12,40,150000,42,14,ABC,-95.181179461396,1,0,95.181179461396
12,40,150000,42,14,GWO,903.6718496506749,0,1,96.32815034932511
12,40,150000,42,14,FA,905.902568630572,0,1,94.09743136942801
12,40,150000,42,14,PSO,904.146006424201,0,1,95.85399357579894
12,40,150000,42,14,GA,-94.97799616451182,1,0,94.97799616451182
12,40,150000,42,14,ACO,903.6569550043436,0,1,96.3430449956564
12,40,150000,42,15,ABC,-108.13761535419378,1,0,108.13761535419378
12,40,150000,42,15,GWO,894.0112470503102,0,1,105.98875294968975
12,40,150000,42,15,FA,894.0112470503102,0,1,105.98875294968975
12,40,150000,42,15,PSO,-110.00162305425106,1,0,110.00162305425106
12,40,150000,42,15,GA,886.1469960251521,0,1,113.85300397484782
12,40,150000,42,15,ACO,-112.86492625067861,1,0,112.86492625067861
12,40,150000,42,16,ABC,-109.12789047770504,1,0,109.12789047770504
12,40,150000,42,16,GWO,903.6648328315163,0,1,96.33516716848374
12,40,150000,42,16,FA,-109.37351196465318,1,0,109.37351196465318
12,40,150000,42,16,PSO,-107.28618831434416,1,0,107.28618831434416
12,40,150000,42,16,GA,-107.28367004614636,1,0,107.28367004614636
12,40,150000,42,16,ACO,903.6588448538522,0,1,96.34115514614777
12,40,150000,42,17,ABC,-111.25123274689425,1,0,111.25123274689425
12,40,150000,42,17,GWO,-90.01484107825038,1,0,90.01484107825038
12,40,150000,42,17,FA,-109.23224984826635,1,0,109.23224984826635
12,40,150000,42,17,PSO,-111.30791333811968,1,0,111.30791333811968
12,40,150000,42,17,GA,-111.30937764630337,1,0,111.30937764630337
12,40,150000,42,17,ACO,-104.75798600154711,1,0,104.75798600154711
12,40,150000,42,18,ABC,-115.12253380806372,1,0,115.12253380806372
12,40,150000,42,18,GWO,-115.16464014825732,1,0,115.16464014825732
12,40,150000,42,18,FA,-100.17014723769185,1,0,100.17014723769185
12,40,150000,42,18,PSO,-113.35886250977461,1,0,113.35886250977461
12,40,150000,42,18,GA,-115.16431246634203,1,0,115.16431246634203
12,40,150000,42,18,ACO,-115.15426549600849,1,0,115.15426549600849
12,40,150000,42,19,ABC,-102.14502255048943,1,0,102.14502255048943
12,40,150000,42,19,GWO,903.669501584895,0,1,96.33049841510507
12,40,150000,42,19,FA,907.9757011205423,0,1,92.02429887945765
12,40,150000,42,19,PSO,-104.91399598873957,1,0,104.91399598873957
12,40,150000,42,19,GA,-104.8874370868353,1,0,104.8874370868353
12,40,150000,42,19,ACO,903.6621211875641,0,1,96.33787881243583
12,40,150000,42,20,ABC,-110.46231003326997,1,0,110.46231003326997
12,40,150000,42,20,GWO,-101.5651613329177,1,0,101.5651613329177
12,40,150000,42,20,FA,-109.54613595555804,1,0,109.54613595555804
12,40,150000,42,20,PSO,-110.09369703941445,1,0,110.09369703941445
12,40,150000,42,20,GA,-110.58191414460966,1,0,110.58191414460966
12,40,150000,42,20,ACO,-110.09602822484113,1,0,110.09602822484113
12,40,150000,42,21,ABC,-107.45170523681524,1,0,107.45170523681524
12,40,150000,42,21,GWO,903.6229849604662,0,1,96.37701503953382
12,40,150000,42,21,FA,-98.50485183545935,1,0,98.50485183545935
12,40,150000,42,21,PSO,-107.45956520812106,1,0,107.45956520812106
12,40,150000,42,21,GA,-107.4488151466131,1,0,107.4488151466131
12,40,150000,42,21,ACO,903.6156582345312,0,1,96.38434176546873
12,40,150000,42,22,ABC,-114.63255696203242,1,0,114.63255696203242
12,40,150000,42,22,GWO,-107.36593736878602,1,0,107.36593736878602
12,40,150000,42,22,FA,-110.8950833181381,1,0,110.8950833181381
12,40,150000,42,22,PSO,-114.95584203191595,1,0,114.95584203191595
12,40,150000,42,22,GA,-114.78105364282628,1,0,114.78105364282628
12,40,150000,42,22,ACO,-115.04469514715673,1,0,115.04469514715673
12,40,150000,42,23,ABC,900.3650512874977,0,1,99.63494871250221
12,40,150000,42,23,GWO,903.9067989378422,0,1,96.0932010621578
12,40,150000,42,23,FA,904.2984083671693,0,1,95.70159163283073
12,40,150000,42,23,PSO,904.1790364236607,0,1,95.82096357633925
12,40,150000,42,23,GA,904.0913491790817,0,1,95.90865082091825
12,40,150000,42,23,ACO,903.6612997053606,0,1,96.33870029463935
12,40,150000,42,24,ABC,903.6608767020141,0,1,96.33912329798588
12,40,150000,42,24,GWO,903.6663145543126,0,1,96.33368544568738
12,40,150000,42,24,FA,905.4223868755109,0,1,94.577613124489
12,40,150000,42,24,PSO,-91.69175728754612,1,0,91.69175728754612
12,40,150000,42,24,GA,903.6997822636333,0,1,96.3002177363667
12,40,150000,42,24,ACO,903.6621201208665,0,1,96.3378798791335
12,40,150000,42,25,ABC,-100.88837549522658,1,0,100.88837549522658
12,40,150000,42,25,GWO,903.6655351531622,0,1,96.33446484683788
12,40,150000,42,25,FA,892.8946012340099,0,1,107.10539876599007
12,40,150000,42,25,PSO,893.3748599842451,0,1,106.62514001575495
12,40,150000,42,25,GA,892.8275246988496,0,1,107.17247530115037
12,40,150000,42,25,ACO,903.6611464459954,0,1,96.33885355400452
12,40,150000,42,26,ABC,-107.66472841077922,1,0,107.66472841077922
12,40,150000,42,26,GWO,898.1729832799012,0,1,101.82701672009874
12,40,150000,42,26,FA,-105.28685585812977,1,0,105.28685585812977
12,40,150000,42,26,PSO,-107.78567913879681,1,0,107.78567913879681
12,40,150000,42,26,GA,-107.40128770609117,1,0,107.40128770609117
12,40,150000,42,26,ACO,-107.7852831223009,1,0,107.7852831223009
12,40,150000,42,27,ABC,-107.80550836082294,1,0,107.80550836082294
12,40,150000,42,27,GWO,892.1843982939382,0,1,107.81560170606177
12,40,150000,42,27,FA,-103.19822004038777,1,0,103.19822004038777
12,40,150000,42,27,PSO,-108.78390241427641,1,0,108.78390241427641
12,40,150000,42,27,GA,889.1640033410059,0,1,110.83599665899403
12,40,150000,42,27,ACO,-109.12546604146164,1,0,109.12546604146164
12,40,150000,42,28,ABC,-116.27586401100703,1,0,116.27586401100703
12,40,150000,42,28,GWO,-116.16992218273151,1,0,116.16992218273151
12,40,150000,42,28,FA,-116.21838341099331,1,0,116.21838341099331
12,40,150000,42,28,PSO,-115.25967292285958,1,0,115.25967292285958
12,40,150000,42,28,GA,-116.17616411655972,1,0,116.17616411655972
12,40,150000,42,28,ACO,-115.62002178374462,1,0,115.62002178374462
12,40,150000,42,29,ABC,-99.16852104727721,1,0,99.16852104727721
12,40,150000,42,29,GWO,903.8626561665869,0,1,96.13734383341301
12,40,150000,42,29,FA,906.1062951180843,0,1,93.89370488191567
12,40,150000,42,29,PSO,904.9377927008236,0,1,95.06220729917635
12,40,150000,42,29,GA,-93.55861417147106,1,0,93.55861417147106
12,40,150000,42,29,ACO,903.6608438552466,0,1,96.33915614475332
7,40,2500,42,0,ABC,-97.60320422632842,1,0,97.60320422632842
7,40,2500,42,0,GWO,902.5509127335395,0,1,97.44908726646055
7,40,2500,42,0,FA,902.2843185198523,0,1,97.71568148014771
7,40,2500,42,0,PSO,-99.57930526328407,1,0,99.57930526328407
7,40,2500,42,0,GA,898.597109295382,0,1,101.402890704618
7,40,2500,42,0,ACO,-90.41814785493496,1,0,90.41814785493496
7,40,2500,42,1,ABC,-111.06084855118868,1,0,111.06084855118868
7,40,2500,42,1,GWO,-110.87849487450919,1,0,110.87849487450919
7,40,2500,42,1,FA,-110.93372852364996,1,0,110.93372852364996
7,40,2500,42,1,PSO,-107.39182476674607,1,0,107.39182476674607
7,40,2500,42,1,GA,-111.1440551170986,1,0,111.1440551170986
7,40,2500,42,1,ACO,-111.14643482398968,1,0,111.14643482398968
7,40,2500,42,2,ABC,-111.74266024048012,1,0,111.74266024048012
7,40,2500,42,2,GWO,-105.59658579910418,1,0,105.59658579910418
7,40,2500,42,2,FA,-111.42351680286072,1,0,111.42351680286072
7,40,2500,42,2,PSO,-111.75407612655974,1,0,111.75407612655974
7,40,2500,42,2,GA,-111.70528608987429,1,0,111.70528608987429
7,40,2500,42,2,ACO,-111.67741349698048,1,0,111.67741349698048
7,40,2500,42,3,ABC,-108.33391285413074,1,0,108.33391285413074
7,40,2500,42,3,GWO,-105.39647232641222,1,0,105.39647232641222
7,40,2500,42,3,FA,-107.7309915718821,1,0,107.7309915718821
7,40,2500,42,3,PSO,889.7412940462001,0,1,110.25870595379988
7,40,2500,42,3,GA,889.665821221773,0,1,110.3341787782271
7,40,2500,42,3,ACO,-98.68991202601987,1,0,98.68991202601987
7,40,2500,42,4,ABC,-114.79410532070092,1,0,114.79410532070092
7,40,2500,42,4,GWO,882.6104929107297,0,1,117.3895070892703
7,40,2500,42,4,FA,-114.40938245370293,1,0,114.40938245370293
7,40,2500,42,4,PSO,882.4782936504904,0,1,117.5217063495096
7,40,2500,42,4,GA,882.513007360696,0,1,117.486992639304
7,40,2500,42,4,ACO,-110.85228317952146,1,0,110.85228317952146
7,40,2500,42,5,ABC,-110.8400773960188,1,0,110.8400773960188
7,40,2500,42,5,GWO,-110.81838529349314,1,0,110.81838529349314
7,40,2500,42,5,FA,-110.51245761445652,1,0,110.51245761445652
7,40,2500,42,5,PSO,-110.91180928331775,1,0,110.91180928331775
7,40,2500,42,5,GA,-110.89761865048452,1,0,110.89761865048452
7,40,2500,42,5,ACO,-109.89199229312504,1,0,109.89199229312504
7,40,2500,42,6,ABC,-111.97850509281642,1,0,111.97850509281642
7,40,2500,42,6,GWO,-111.83543544395431,1,0,111.83543544395431
7,40,2500,42,6,FA,-95.72001784791307,1,0,95.72001784791307
7,40,2500,42,6,PSO,-112.0097469277888,1,0,112.0097469277888
7,40,2500,42,6,GA,-112.00976860263728,1,0,112.00976860263728
7,40,2500,42,6,ACO,-112.00960834009642,1,0,112.00960834009642
7,40,2500,42,7,ABC,-104.59757855865766,1,0,104.59757855865766
7,40,2500,42,7,GWO,-103.67510934729093,1,0,103.67510934729093
7,40,2500,42,7,FA,-101.69771675399771,1,0,101.69771675399771
7,40,2500,42,7,PSO,-104.60788876340739,1,0,104.60788876340739
7,40,2500,42,7,GA,-99.23838683189614,1,0,99.23838683189614
7,40,2500,42,7,ACO,-103.11124633131979,1,0,103.11124633131979
7,40,2500,42,8,ABC,-101.56096071232818,1,0,101.56096071232818
7,40,2500,42,8,GWO,-96.7514572812796,1,0,96.7514572812796
7,40,2500,42,8,FA,895.8671635246719,0,1,104.13283647532802
7,40,2500,42,8,PSO,-101.89241439891616,1,0,101.89241439891616
7,40,2500,42,8,GA,1893.0134290947653,0,2,106.98657090523456
7,40,2500,42,8,ACO,-101.88457618355429,1,0,101.88457618355429
7,40,2500,42,9,ABC,-106.23991035557403,1,0,106.23991035557403
7,40,2500,42,9,GWO,-106.10785212050853,1,0,106.10785212050853
7,40,2500,42,9,FA,-105.91489118425274,1,0,105.91489118425274
7,40,2500,42,9,PSO,-105.60866528410733,1,0,105.60866528410733
7,40,2500,42,9,GA,-106.1609725991631,1,0,106.1609725991631
7,40,2500,42,9,ACO,-106.03747314719652,1,0,106.03747314719652
7,40,2500,42,10,ABC,-104.46769793346496,1,0,104.46769793346496
7,40,2500,42,10,GWO,-97.54013756065062,1,0,97.54013756065062
7,40,2500,42,10,FA,-103.97752884048832,1,0,103.97752884048832
7,40,2500,42,10,PSO,-104.42942531028899,1,0,104.42942531028899
7,40,2500,42,10,GA,-95.17853501420936,1,0,95.17853501420936
7,40,2500,42,10,ACO,-97.5895593709188,1,0,97.5895593709188
7,40,2500,42,11,ABC,-113.69799091490725,1,0,113.69799091490725
7,40,2500,42,11,GWO,-111.84676779427409,1,0,111.84676779427409
7,40,2500,42,11,FA,-113.13916836600598,1,0,113.13916836600598
7,40,2500,42,11,PSO,-113.70700648005176,1,0,113.70700648005176
7,40,2500,42,11,GA,-113.68597201479491,1,0,113.68597201479491
7,40,2500,42,11,ACO,-113.7056895392139,1,0,113.7056895392139
7,40,2500,42,12,ABC,901.4550424880762,0,1,98.54495751192378
7,40,2500,42,12,GWO,908.1669438637425,0,1,91.83305613625747
7,40,2500,42,12,FA,901.300865064424,0,1,98.69913493557603
7,40,2500,42,12,PSO,900.7023491086143,0,1,99.29765089138573
7,40,2500,42,12,GA,900.7117404737961,0,1,99.28825952620389
7,40,2500,42,12,ACO,907.4864379353384,0,1,92.5135620646616
7,40,2500,42,13,ABC,-101.21713519826709,1,0,101.21713519826709
7,40,2500,42,13,GWO,-94.19995082591196,1,0,94.19995082591196
7,40,2500,42,13,FA,-100.87991988167333,1,0,100.87991988167333
7,40,2500,42,13,PSO,893.31434520914,0,1,106.68565479085994
7,40,2500,42,13,GA,907.7412607421836,0,1,92.25873925781636
7,40,2500,42,13,ACO,-96.99491606835912,1,0,96.99491606835912
7,40,2500,42,14,ABC,-101.9088238427461,1,0,101.9088238427461
7,40,2500,42,14,GWO,886.6681594645629,0,1,113.33184053543714
7,40,2500,42,14,FA,886.7566273459655,0,1,113.2433726540345
7,40,2500,42,14,PSO,886.547727252052,0,1,113.452272747948
7,40,2500,42,14,GA,886.5069373129127,0,1,113.49306268708739
7,40,2500,42,14,ACO,-97.93370593174052,1,0,97.93370593174052
7,40,2500,42,15,ABC,-97.61590607565435,1,0,97.61590607565435
7,40,2500,42,15,GWO,-95.15464753845735,1,0,95.15464753845735
7,40,2500,42,15,FA,-98.81089657930741,1,0,98.81089657930741
7,40,2500,42,15,PSO,-99.04755299568951,1,0,99.04755299568951
7,40,2500,42,15,GA,895.0012705481236,0,1,104.9987294518765
7,40,2500,42,15,ACO,-96.7396253120617,1,0,96.7396253120617
7,40,2500,42,16,ABC,-103.41560437997313,1,0,103.41560437997313
7,40,2500,42,16,GWO,-98.53256454786742,1,0,98.53256454786742
7,40,2500,42,16,FA,-103.00197013813269,1,0,103.00197013813269
7,40,2500,42,16,PSO,-103.47149928078488,1,0,103.47149928078488
7,40,2500,42,16,GA,-103.42004610654924,1,0,103.42004610654924
7,40,2500,42,16,ACO,-97.87503549304716,1,0,97.87503549304716
7,40,2500,42,17,ABC,-98.1511662378736,1,0,98.1511662378736
7,40,2500,42,17,GWO,903.8538801506711,0,1,96.14611984932887
7,40,2500,42,17,FA,901.0091456987369,0,1,98.99085430126313
7,40,2500,42,17,PSO,-90.97569171292025,1,0,90.97569171292025
7,40,2500,42,17,GA,900.7593339771388,0,1,99.24066602286116
7,40,2500,42,17,ACO,-94.13421537785354,1,0,94.13421537785354
7,40,2500,42,18,ABC,903.6929560944845,0,1,96.3070439055155
7,40,2500,42,18,GWO,910.6881297453347,0,1,89.31187025466535
7,40,2500,42,18,FA,903.8140866787547,0,1,96.1859133212453
7,40,2500,42,18,PSO,909.6918120636401,0,1,90.30818793635986
7,40,2500,42,18,GA,1898.8654547191331,0,2,101.13454528086689
7,40,2500,42,18,ACO,905.7990656303419,0,1,94.20093436965809
7,40,2500,42,19,ABC,-98.91350142722864,1,0,98.91350142722864
7,40,2500,42,19,GWO,-98.08536025485567,1,0,98.08536025485567
7,40,2500,42,19,FA,900.8348905794246,0,1,99.16510942057539
7,40,2500,42,19,PSO,900.7596110957431,0,1,99.24038890425692
7,40,2500,42,19,GA,-98.91070263926615,1,0,98.91070263926615
7,40,2500,42,19,ACO,-98.8890701565506,1,0,98.8890701565506
7,40,2500,42,20,ABC,-108.05226746826425,1,0,108.05226746826425
7,40,2500,42,20,GWO,-107.62133200707868,1,0,107.62133200707868
7,40,2500,42,20,FA,-107.87230996124408,1,0,107.87230996124408
7,40,2500,42,20,PSO,-108.14199934396024,1,0,108.14199934396024
7,40,2500,42,20,GA,-108.11816698744903,1,0,108.11816698744903
7,40,2500,42,20,ACO,-107.77475693003986,1,0,107.77475693003986
7,40,2500,42,21,ABC,-106.48995251551123,1,0,106.48995251551123
7,40,2500,42,21,GWO,-103.69996626632044,1,0,103.69996626632044
7,40,2500,42,21,FA,-106.28372367932765,1,0,106.28372367932765
7,40,2500,42,21,PSO,-106.46303601279477,1,0,106.46303601279477
7,40,2500,42,21,GA,-106.4835114165317,1,0,106.4835114165317
7,40,2500,42,21,ACO,-106.4818972030912,1,0,106.4818972030912
7,40,2500,42,22,ABC,-113.54171525354211,1,0,113.54171525354211
7,40,2500,42,22,GWO,-113.70130713088042,1,0,113.70130713088042
7,40,2500,42,22,FA,-113.47995666928263,1,0,113.47995666928263
7,40,2500,42,22,PSO,-113.55459918328825,1,0,113.55459918328825
7,40,2500,42,22,GA,-113.59366239733968,1,0,113.59366239733968
7,40,2500,42,22,ACO,-113.74668533055197,1,0,113.74668533055197
7,40,2500,42,23,ABC,-94.57268371992849,1,0,94.57268371992849
7,40,2500,42,23,GWO,-103.78389577612181,1,0,103.78389577612181
7,40,2500,42,23,FA,905.186623022752,0,1,94.81337697724808
7,40,2500,42,23,PSO,-94.86470152708101,1,0,94.86470152708101
7,40,2500,42,23,GA,-103.88738475756801,1,0,103.88738475756801
7,40,2500,42,23,ACO,-103.87323478552922,1,0,103.87323478552922
7,40,2500,42,24,ABC,-99.92454830963948,1,0,99.92454830963948
7,40,2500,42,24,GWO,893.8458595069276,0,1,106.15414049307245
7,40,2500,42,24,FA,-102.14686220723779,1,0,102.14686220723779
7,40,2500,42,24,PSO,-102.47103560671532,1,0,102.47103560671532
7,40,2500,42,24,GA,893.7687781649645,0,1,106.23122183503554
7,40,2500,42,24,ACO,-96.47679885510146,1,0,96.47679885510146
7,40,2500,42,25,ABC,904.9215806199231,0,1,95.07841938007692
7,40,2500,42,25,GWO,904.3578181449137,0,1,95.64218185508632
7,40,2500,42,25,FA,904.4615982146075,0,1,95.53840178539242
7,40,2500,42,25,PSO,904.2040414559268,0,1,95.79595854407316
7,40,2500,42,25,GA,904.4445833856207,0,1,95.55541661437924
7,40,2500,42,25,ACO,905.5835484432645,0,1,94.41645155673548
7,40,2500,42,26,ABC,-110.73386662940361,1,0,110.73386662940361
7,40,2500,42,26,GWO,-109.82154180242462,1,0,109.82154180242462
7,40,2500,42,26,FA,-110.57668554299104,1,0,110.57668554299104
7,40,2500,42,26,PSO,-110.78934562819019,1,0,110.78934562819019
7,40,2500,42,26,GA,-110.40142424861695,1,0,110.40142424861695
7,40,2500,42,26,ACO,-108.19113895858256,1,0,108.19113895858256
7,40,2500,42,27,ABC,-99.53989456645871,1,0,99.53989456645871
7,40,2500,42,27,GWO,890.9649921536046,0,1,109.03500784639539
7,40,2500,42,27,FA,-99.5066763881499,1,0,99.5066763881499
7,40,2500,42,27,PSO,890.843164614608,0,1,109.15683538539203
7,40,2500,42,27,GA,890.4199134917626,0,1,109.58008650823743
7,40,2500,42,27,ACO,-99.3203760143201,1,0,99.3203760143201
7,40,2500,42,28,ABC,-87.98784293934389,1,0,87.98784293934389
7,40,2500,42,28,GWO,1903.7263514235856,0,2,96.27364857641435
7,40,2500,42,28,FA,1904.0588802192442,0,2,95.94111978075571
7,40,2500,42,28,PSO,898.067315843998,0,1,101.93268415600198
7,40,2500,42,28,GA,909.3395620098514,0,1,90.66043799014855
7,40,2500,42,28,ACO,906.685679626941,0,1,93.31432037305896
7,40,2500,42,29,ABC,-109.39048100311578,1,0,109.39048100311578
7,40,2500,42,29,GWO,-101.23109214503795,1,0,101.23109214503795
7,40,2500,42,29,FA,-108.99057084060495,1,0,108.99057084060495
7,40,2500,42,29,PSO,-109.4484387034257,1,0,109.4484387034257
7,40,2500,42,29,GA,883.7462227636321,0,1,116.25377723636794
7,40,2500,42,29,ACO,-109.38352622362126,1,0,109.38352622362126
7,40,2500,777,0,ABC,-108.92126280843672,1,0,108.92126280843672
7,40,2500,777,0,GWO,-103.83693478589694,1,0,103.83693478589694
7,40,2500,777,0,FA,-109.00077280335307,1,0,109.00077280335307
7,40,2500,777,0,PSO,-109.34248895621253,1,0,109.34248895621253
7,40,2500,777,0,GA,-109.32308503358787,1,0,109.32308503358787
7,40,2500,777,0,ACO,-109.24642387857186,1,0,109.24642387857186
7,40,2500,777,1,ABC,-94.79335798813301,1,0,94.79335798813301
7,40,2500,777,1,GWO,-98.12071586395004,1,0,98.12071586395004
7,40,2500,777,1,FA,904.1557623443878,0,1,95.84423765561225
7,40,2500,777,1,PSO,899.7887559286312,0,1,100.21124407136884
7,40,2500,777,1,GA,899.7807748844502,0,1,100.2192251155497
7,40,2500,777,1,ACO,904.551765131722,0,1,95.44823486827792
7,40,2500,777,2,ABC,-98.97585142721995,1,0,98.97585142721995
7,40,2500,777,2,GWO,-97.51841756628828,1,0,97.51841756628828
7,40,2500,777,2,FA,-98.52300753788904,1,0,98.52300753788904
7,40,2500,777,2,PSO,-98.97781682196974,1,0,98.97781682196974
7,40,2500,777,2,GA,898.9609745436641,0,1,101.03902545633593
7,40,2500,777,2,ACO,-92.34042944562864,1,0,92.34042944562864
7,40,2500,777,3,ABC,-99.37626030247162,1,0,99.37626030247162
7,40,2500,777,3,GWO,-98.02767718225361,1,0,98.02767718225361
7,40,2500,777,3,FA,-98.94184830300354,1,0,98.94184830300354
7,40,2500,777,3,PSO,-92.97040028260919,1,0,92.97040028260919
7,40,2500,777,3,GA,889.2468701817924,0,1,110.75312981820764
7,40,2500,777,3,ACO,-103.50268886302324,1,0,103.50268886302324
7,40,2500,777,4,ABC,-110.14528710799686,1,0,110.14528710799686
7,40,2500,777,4,GWO,-100.10049604618729,1,0,100.10049604618729
7,40,2500,777,4,FA,-109.89746605150015,1,0,109.89746605150015
7,40,2500,777,4,PSO,-109.51856894526655,1,0,109.51856894526655
7,40,2500,777,4,GA,-98.86950640600259,1,0,98.86950640600259
7,40,2500,777,4,ACO,-110.14576395422591,1,0,110.14576395422591
7,40,2500,777,5,ABC,-105.18599457502911,1,0,105.18599457502911
7,40,2500,777,5,GWO,-104.85760090876397,1,0,104.85760090876397
7,40,2500,777,5,FA,888.9112193530484,0,1,111.08878064695158
7,40,2500,777,5,PSO,-105.19745383491752,1,0,105.19745383491752
7,40,2500,777,5,GA,-105.13230717915974,1,0,105.13230717915974
7,40,2500,777,5,ACO,-105.19287925378464,1,0,105.19287925378464
7,40,2500,777,6,ABC,-95.78149491680631,1,0,95.78149491680631
7,40,2500,777,6,GWO,911.0074290164434,0,1,88.99257098355659
7,40,2500,777,6,FA,1905.076458177769,0,2,94.92354182223107
7,40,2500,777,6,PSO,-95.87379931986754,1,0,95.87379931986754
7,40,2500,777,6,GA,910.8141965336348,0,1,89.18580346636519
7,40,2500,777,6,ACO,904.0550868564194,0,1,95.94491314358059
7,40,2500,777,7,ABC,-96.0378331944929,1,0,96.0378331944929
7,40,2500,777,7,GWO,-89.66674440275804,1,0,89.66674440275804
7,40,2500,777,7,FA,-95.6511073617874,1,0,95.6511073617874
7,40,2500,777,7,PSO,902.0302808406555,0,1,97.96971915934449
7,40,2500,777,7,GA,905.8307604102467,0,1,94.1692395897533
7,40,2500,777,7,ACO,-90.00442483224377,1,0,90.00442483224377
7,40,2500,777,8,ABC,-102.51266220427696,1,0,102.51266220427696
7,40,2500,777,8,GWO,885.2956657684244,0,1,114.70433423157552
7,40,2500,777,8,FA,885.4169933495756,0,1,114.58300665042437
7,40,2500,777,8,PSO,-106.54256830504455,1,0,106.54256830504455
7,40,2500,777,8,GA,-106.49878139565209,1,0,106.49878139565209
7,40,2500,777,8,ACO,-106.20157350361481,1,0,106.20157350361481
7,40,2500,777,9,ABC,-109.14094339511561,1,0,109.14094339511561
7,40,2500,777,9,GWO,-107.21376117070531,1,0,107.21376117070531
7,40,2500,777,9,FA,-108.3623032753471,1,0,108.3623032753471
7,40,2500,777,9,PSO,-109.2239249337478,1,0,109.2239249337478
7,40,2500,777,9,GA,-109.17268544028451,1,0,109.17268544028451
7,40,2500,777,9,ACO,-109.1939625418286,1,0,109.1939625418286
7,40,2500,777,10,ABC,-111.87862206060872,1,0,111.87862206060872
7,40,2500,777,10,GWO,-111.18647448409946,1,0,111.18647448409946
7,40,2500,777,10,FA,-111.51127936924111,1,0,111.51127936924111
7,40,2500,777,10,PSO,-111.92571773979876,1,0,111.92571773979876
7,40,2500,777,10,GA,-111.81401705118128,1,0,111.81401705118128
7,40,2500,777,10,ACO,-111.80575448230186,1,0,111.80575448230186
7,40,2500,777,11,ABC,-108.27336296289005,1,0,108.27336296289005
7,40,2500,777,11,GWO,-104.26208511008629,1,0,104.26208511008629
7,40,2500,777,11,FA,-105.67658628701997,1,0,105.67658628701997
7,40,2500,777,11,PSO,-108.32949347893774,1,0,108.32949347893774
7,40,2500,777,11,GA,-108.30528377238501,1,0,108.30528377238501
7,40,2500,777,11,ACO,-104.40664999568634,1,0,104.40664999568634
7,40,2500,777,12,ABC,-105.47715366950992,1,0,105.47715366950992
7,40,2500,777,12,GWO,-104.68731075989595,1,0,104.68731075989595
7,40,2500,777,12,FA,-101.0814662725599,1,0,101.0814662725599
7,40,2500,777,12,PSO,-104.18336909369656,1,0,104.18336909369656
7,40,2500,777,12,GA,-104.61056622886636,1,0,104.61056622886636
7,40,2500,777,12,ACO,-105.81519773089579,1,0,105.81519773089579
7,40,2500,777,13,ABC,-116.57290207605526,1,0,116.57290207605526
7,40,2500,777,13,GWO,-115.92040809295459,1,0,115.92040809295459
7,40,2500,777,13,FA,880.8085567575293,0,1,119.19144324247067
7,40,2500,777,13,PSO,880.6081416340619,0,1,119.39185836593806
7,40,2500,777,13,GA,-116.44569861966119,1,0,116.44569861966119
7,40,2500,777,13,ACO,-116.56562904453408,1,0,116.56562904453408
7,40,2500,777,14,ABC,-102.71770136092157,1,0,102.71770136092157
7,40,2500,777,14,GWO,-103.24166738929755,1,0,103.24166738929755
7,40,2500,777,14,FA,888.6729668699523,0,1,111.32703313004762
7,40,2500,777,14,PSO,888.0865550308569,0,1,111.9134449691431
7,40,2500,777,14,GA,888.7822301682361,0,1,111.21776983176387
7,40,2500,777,14,ACO,-103.78786695790645,1,0,103.78786695790645
7,40,2500,777,15,ABC,-105.32362398823267,1,0,105.32362398823267
7,40,2500,777,15,GWO,-99.92044469757548,1,0,99.92044469757548
7,40,2500,777,15,FA,-98.39915427255629,1,0,98.39915427255629
7,40,2500,777,15,PSO,-105.35402111078008,1,0,105.35402111078008
7,40,2500,777,15,GA,888.3045178282257,0,1,111.69548217177434
7,40,2500,777,15,ACO,-103.01389120843871,1,0,103.01389120843871
7,40,2500,777,16,ABC,-104.59630119962388,1,0,104.59630119962388
7,40,2500,777,16,GWO,-104.58490193661004,1,0,104.58490193661004
7,40,2500,777,16,FA,-104.51194838199291,1,0,104.51194838199291
7,40,2500,777,16,PSO,-104.61426027423377,1,0,104.61426027423377
7,40,2500,777,16,GA,-104.60536267194774,1,0,104.60536267194774
7,40,2500,777,16,ACO,-104.59641533996408,1,0,104.59641533996408
7,40,2500,777,17,ABC,-107.85967454419934,1,0,107.85967454419934
7,40,2500,777,17,GWO,-107.74300289150541,1,0,107.74300289150541
7,40,2500,777,17,FA,-107.80212122272522,1,0,107.80212122272522
7,40,2500,777,17,PSO,-107.87807834830366,1,0,107.87807834830366
7,40,2500,777,17,GA,-107.87799401215665,1,0,107.87799401215665
7,40,2500,777,17,ACO,-107.25504015775832,1,0,107.25504015775832
7,40,2500,777,18,ABC,-99.6029393966632,1,0,99.6029393966632
7,40,2500,777,18,GWO,-105.83293060620686,1,0,105.83293060620686
7,40,2500,777,18,FA,-106.19495346616743,1,0,106.19495346616743
7,40,2500,777,18,PSO,-106.3703118224369,1,0,106.3703118224369
7,40,2500,777,18,GA,887.8832721947251,0,1,112.11672780527485
7,40,2500,777,18,ACO,-106.3562806428312,1,0,106.3562806428312
7,40,2500,777,19,ABC,-117.2082376096519,1,0,117.2082376096519
7,40,2500,777,19,GWO,-117.08331425383639,1,0,117.08331425383639
7,40,2500,777,19,FA,-116.61988323561543,1,0,116.61988323561543
7,40,2500,777,19,PSO,-117.36234620083604,1,0,117.36234620083604
7,40,2500,777,19,GA,-117.26467927597011,1,0,117.26467927597011
7,40,2500,777,19,ACO,-117.32906982147804,1,0,117.32906982147804
7,40,2500,777,20,ABC,-113.69333035637362,1,0,113.69333035637362
7,40,2500,777,20,GWO,-113.63309423563273,1,0,113.63309423563273
7,40,2500,777,20,FA,-113.38788870469676,1,0,113.38788870469676
7,40,2500,777,20,PSO,-113.69700808750599,1,0,113.69700808750599
7,40,2500,777,20,GA,-113.77021233822204,1,0,113.77021233822204
7,40,2500,777,20,ACO,-113.77517088136634,1,0,113.77517088136634
7,40,2500,777,21,ABC,-103.87969998699275,1,0,103.87969998699275
7,40,2500,777,21,GWO,-101.98770170191602,1,0,101.98770170191602
7,40,2500,777,21,FA,889.54469462051,0,1,110.45530537949008
7,40,2500,777,21,PSO,-104.17908658402169,1,0,104.17908658402169
7,40,2500,777,21,GA,-103.9280206501522,1,0,103.9280206501522
7,40,2500,777,21,ACO,-104.18371196886332,1,0,104.18371196886332
7,40,2500,777,22,ABC,-107.22392921821893,1,0,107.22392921821893
7,40,2500,777,22,GWO,-106.83655811408904,1,0,106.83655811408904
7,40,2500,777,22,FA,-106.15852239500786,1,0,106.15852239500786
7,40,2500,777,22,PSO,-107.21867667501422,1,0,107.21867667501422
7,40,2500,777,22,GA,-107.23695546020878,1,0,107.23695546020878
7,40,2500,777,22,ACO,-107.24520524999635,1,0,107.24520524999635
7,40,2500,777,23,ABC,-111.93419744578264,1,0,111.93419744578264
7,40,2500,777,23,GWO,-111.14001677589668,1,0,111.14001677589668
7,40,2500,777,23,FA,-110.69498187291961,1,0,110.69498187291961
7,40,2500,777,23,PSO,-111.96518490238152,1,0,111.96518490238152
7,40,2500,777,23,GA,-111.92023853564072,1,0,111.92023853564072
7,40,2500,777,23,ACO,-111.90252227526102,1,0,111.90252227526102
7,40,2500,777,24,ABC,-110.55160050308027,1,0,110.55160050308027
7,40,2500,777,24,GWO,-108.82071142485165,1,0,108.82071142485165
7,40,2500,777,24,FA,-110.39345140130587,1,0,110.39345140130587
7,40,2500,777,24,PSO,-110.56832753204327,1,0,110.56832753204327
7,40,2500,777,24,GA,-110.54049734279157,1,0,110.54049734279157
7,40,2500,777,24,ACO,-110.55124000015425,1,0,110.55124000015425
7,40,2500,777,25,ABC,-105.15317947554388,1,0,105.15317947554388
7,40,2500,777,25,GWO,-103.06363310675339,1,0,103.06363310675339
7,40,2500,777,25,FA,-103.54653437711997,1,0,103.54653437711997
7,40,2500,777,25,PSO,-105.1877156755281,1,0,105.1877156755281
7,40,2500,777,25,GA,-103.38496015582473,1,0,103.38496015582473
7,40,2500,777,25,ACO,-103.60889582481151,1,0,103.60889582481151
7,40,2500,777,26,ABC,-111.04283047881904,1,0,111.04283047881904
7,40,2500,777,26,GWO,-108.97504903311975,1,0,108.97504903311975
7,40,2500,777,26,FA,-110.31183422105322,1,0,110.31183422105322
7,40,2500,777,26,PSO,-111.1199284337298,1,0,111.1199284337298
7,40,2500,777,26,GA,-111.1008050814025,1,0,111.1008050814025
7,40,2500,777,26,ACO,-110.54076454506414,1,0,110.54076454506414
7,40,2500,777,27,ABC,-109.60882043956745,1,0,109.60882043956745
7,40,2500,777,27,GWO,-105.3264880954613,1,0,105.3264880954613
7,40,2500,777,27,FA,-109.26428510172799,1,0,109.26428510172799
7,40,2500,777,27,PSO,-105.61523100220923,1,0,105.61523100220923
7,40,2500,777,27,GA,-109.8523783778267,1,0,109.8523783778267
7,40,2500,777,27,ACO,-109.91816342326211,1,0,109.91816342326211
7,40,2500,777,28,ABC,-113.02763680599888,1,0,113.02763680599888
7,40,2500,777,28,GWO,-112.83784685588635,1,0,112.83784685588635
7,40,2500,777,28,FA,-112.78173624774,1,0,112.78173624774
7,40,2500,777,28,PSO,-113.07042919771669,1,0,113.07042919771669
7,40,2500,777,28,GA,-113.05807665418817,1,0,113.05807665418817
7,40,2500,777,28,ACO,-113.05685064868162,1,0,113.05685064868162
7,40,2500,777,29,ABC,-93.86077215440824,1,0,93.86077215440824
7,40,2500,777,29,GWO,-93.83867701574371,1,0,93.83867701574371
7,40,2500,777,29,FA,-94.00278257128218,1,0,94.00278257128218
7,40,2500,777,29,PSO,-94.91709850254047,1,0,94.91709850254047
7,40,2500,777,29,GA,-94.87605970781647,1,0,94.87605970781647
7,40,2500,777,29,ACO,904.3713336494156,0,1,95.62866635058438
7,40,2500,20260806,0,ABC,-97.70461426457837,1,0,97.70461426457837
7,40,2500,20260806,0,GWO,891.214673785504,0,1,108.78532621449592
7,40,2500,20260806,0,FA,891.3910199004085,0,1,108.60898009959143
7,40,2500,20260806,0,PSO,891.4915287334995,0,1,108.50847126650041
7,40,2500,20260806,0,GA,891.1725249227474,0,1,108.82747507725266
7,40,2500,20260806,0,ACO,-98.55220095328347,1,0,98.55220095328347
7,40,2500,20260806,1,ABC,-107.31748508168,1,0,107.31748508168
7,40,2500,20260806,1,GWO,-102.14420603753229,1,0,102.14420603753229
7,40,2500,20260806,1,FA,-102.33479907280397,1,0,102.33479907280397
7,40,2500,20260806,1,PSO,-107.28722930964302,1,0,107.28722930964302
7,40,2500,20260806,1,GA,887.9086404305067,0,1,112.09135956949336
7,40,2500,20260806,1,ACO,-107.32246359363839,1,0,107.32246359363839
7,40,2500,20260806,2,ABC,-106.64357556340583,1,0,106.64357556340583
7,40,2500,20260806,2,GWO,-101.14783108571363,1,0,101.14783108571363
7,40,2500,20260806,2,FA,-106.36537967836763,1,0,106.36537967836763
7,40,2500,20260806,2,PSO,-106.76322417588835,1,0,106.76322417588835
7,40,2500,20260806,2,GA,-102.56963066686326,1,0,102.56963066686326
7,40,2500,20260806,2,ACO,-102.95977496581312,1,0,102.95977496581312
7,40,2500,20260806,3,ABC,-108.53438313544706,1,0,108.53438313544706
7,40,2500,20260806,3,GWO,-107.04276685649059,1,0,107.04276685649059
7,40,2500,20260806,3,FA,-108.16888347760793,1,0,108.16888347760793
7,40,2500,20260806,3,PSO,-108.54857708795141,1,0,108.54857708795141
7,40,2500,20260806,3,GA,-108.53516404154483,1,0,108.53516404154483
7,40,2500,20260806,3,ACO,-107.44151895478603,1,0,107.44151895478603
7,40,2500,20260806,4,ABC,-111.86048178760007,1,0,111.86048178760007
7,40,2500,20260806,4,GWO,-111.70545974950298,1,0,111.70545974950298
7,40,2500,20260806,4,FA,-111.81814817191486,1,0,111.81814817191486
7,40,2500,20260806,4,PSO,-112.3122211369679,1,0,112.3122211369679
7,40,2500,20260806,4,GA,-112.19097737714667,1,0,112.19097737714667
7,40,2500,20260806,4,ACO,-112.17031500389778,1,0,112.17031500389778
7,40,2500,20260806,5,ABC,-99.57875038166586,1,0,99.57875038166586
7,40,2500,20260806,5,GWO,-94.68764286617022,1,0,94.68764286617022
7,40,2500,20260806,5,FA,-99.43018731795047,1,0,99.43018731795047
7,40,2500,20260806,5,PSO,-99.61576475207852,1,0,99.61576475207852
7,40,2500,20260806,5,GA,-99.45523153035727,1,0,99.45523153035727
7,40,2500,20260806,5,ACO,-99.60805386423586,1,0,99.60805386423586
7,40,2500,20260806,6,ABC,-99.04513167617424,1,0,99.04513167617424
7,40,2500,20260806,6,GWO,-95.12977473034053,1,0,95.12977473034053
7,40,2500,20260806,6,FA,-99.77527659656221,1,0,99.77527659656221
7,40,2500,20260806,6,PSO,-100.60239097472818,1,0,100.60239097472818
7,40,2500,20260806,6,GA,-100.2123733719724,1,0,100.2123733719724
7,40,2500,20260806,6,ACO,-97.63353353832949,1,0,97.63353353832949
7,40,2500,20260806,7,ABC,-110.70936255739129,1,0,110.70936255739129
7,40,2500,20260806,7,GWO,-102.06560716903994,1,0,102.06560716903994
7,40,2500,20260806,7,FA,-109.90211851433358,1,0,109.90211851433358
7,40,2500,20260806,7,PSO,884.5995061889678,0,1,115.40049381103218
7,40,2500,20260806,7,GA,884.5721136167297,0,1,115.42788638327038
7,40,2500,20260806,7,ACO,-103.59902408040927,1,0,103.59902408040927
7,40,2500,20260806,8,ABC,904.503856668139,0,1,95.49614333186102
7,40,2500,20260806,8,GWO,909.7317490615019,0,1,90.26825093849811
7,40,2500,20260806,8,FA,904.4799758569613,0,1,95.52002414303861
7,40,2500,20260806,8,PSO,-93.470236813673,1,0,93.470236813673
7,40,2500,20260806,8,GA,903.3698858814139,0,1,96.6301141185861
7,40,2500,20260806,8,ACO,905.7148799684928,0,1,94.28512003150722
7,40,2500,20260806,9,ABC,-111.54509786897607,1,0,111.54509786897607
7,40,2500,20260806,9,GWO,-109.96177589478238,1,0,109.96177589478238
7,40,2500,20260806,9,FA,888.0960718217078,0,1,111.90392817829213
7,40,2500,20260806,9,PSO,-111.61114077530816,1,0,111.61114077530816
7,40,2500,20260806,9,GA,-111.58246076626114,1,0,111.58246076626114
7,40,2500,20260806,9,ACO,-105.26576096819562,1,0,105.26576096819562
7,40,2500,20260806,10,ABC,904.0948260283183,0,1,95.90517397168169
7,40,2500,20260806,10,GWO,914.0746750635534,0,1,85.92532493644659
7,40,2500,20260806,10,FA,1905.2927430783973,0,2,94.70725692160273
7,40,2500,20260806,10,PSO,913.5186906960444,0,1,86.4813093039556
7,40,2500,20260806,10,GA,1903.461183747114,0,2,96.53881625288585
7,40,2500,20260806,10,ACO,904.2155897205546,0,1,95.78441027944547
7,40,2500,20260806,11,ABC,-116.1909431478714,1,0,116.1909431478714
7,40,2500,20260806,11,GWO,-107.80549857040255,1,0,107.80549857040255
7,40,2500,20260806,11,FA,881.7196712322132,0,1,118.28032876778686
7,40,2500,20260806,11,PSO,881.3258594892837,0,1,118.67414051071624
7,40,2500,20260806,11,GA,-116.16873714395834,1,0,116.16873714395834
7,40,2500,20260806,11,ACO,-108.61871819118639,1,0,108.61871819118639
7,40,2500,20260806,12,ABC,898.8520187100139,0,1,101.14798128998609
7,40,2500,20260806,12,GWO,897.6365258149208,0,1,102.36347418507918
7,40,2500,20260806,12,FA,898.5172547723299,0,1,101.48274522767005
7,40,2500,20260806,12,PSO,898.1663877206398,0,1,101.83361227936014
7,40,2500,20260806,12,GA,898.2244166825816,0,1,101.7755833174184
7,40,2500,20260806,12,ACO,897.3595468421897,0,1,102.64045315781023
7,40,2500,20260806,13,ABC,-105.13124784437683,1,0,105.13124784437683
7,40,2500,20260806,13,GWO,-104.71445298339171,1,0,104.71445298339171
7,40,2500,20260806,13,FA,-99.55427545439721,1,0,99.55427545439721
7,40,2500,20260806,13,PSO,-105.14274961253248,1,0,105.14274961253248
7,40,2500,20260806,13,GA,-105.14165324683546,1,0,105.14165324683546
7,40,2500,20260806,13,ACO,-105.13711640142324,1,0,105.13711640142324
7,40,2500,20260806,14,ABC,-116.73769283832532,1,0,116.73769283832532
7,40,2500,20260806,14,GWO,-115.48963705047747,1,0,115.48963705047747
7,40,2500,20260806,14,FA,-116.55009201707547,1,0,116.55009201707547
7,40,2500,20260806,14,PSO,-115.74439994350585,1,0,115.74439994350585
7,40,2500,20260806,14,GA,-116.78260137316418,1,0,116.78260137316418
7,40,2500,20260806,14,ACO,-116.74637805872418,1,0,116.74637805872418
7,40,2500,20260806,15,ABC,-101.47565669683398,1,0,101.47565669683398
7,40,2500,20260806,15,GWO,-99.04242441962752,1,0,99.04242441962752
7,40,2500,20260806,15,FA,-101.48292394437331,1,0,101.48292394437331
7,40,2500,20260806,15,PSO,889.1284700938013,0,1,110.87152990619867
7,40,2500,20260806,15,GA,889.1299159587682,0,1,110.8700840412319
7,40,2500,20260806,15,ACO,-99.5304928242901,1,0,99.5304928242901
7,40,2500,20260806,16,ABC,-101.10139189942427,1,0,101.10139189942427
7,40,2500,20260806,16,GWO,897.9084025333223,0,1,102.09159746667775
7,40,2500,20260806,16,FA,-99.79585567432906,1,0,99.79585567432906
7,40,2500,20260806,16,PSO,-101.45890968848381,1,0,101.45890968848381
7,40,2500,20260806,16,GA,896.2656728517469,0,1,103.7343271482531
7,40,2500,20260806,16,ACO,-101.06026750322478,1,0,101.06026750322478
7,40,2500,20260806,17,ABC,-99.02266680110665,1,0,99.02266680110665
7,40,2500,20260806,17,GWO,-98.61044499567126,1,0,98.61044499567126
7,40,2500,20260806,17,FA,904.4263759724415,0,1,95.5736240275585
7,40,2500,20260806,17,PSO,-99.05229302056944,1,0,99.05229302056944
7,40,2500,20260806,17,GA,-98.60859075952156,1,0,98.60859075952156
7,40,2500,20260806,17,ACO,-99.04241801587804,1,0,99.04241801587804
7,40,2500,20260806,18,ABC,-104.13317081227213,1,0,104.13317081227213
7,40,2500,20260806,18,GWO,-103.61838374861665,1,0,103.61838374861665
7,40,2500,20260806,18,FA,-103.78230088101841,1,0,103.78230088101841
7,40,2500,20260806,18,PSO,-95.93627823310621,1,0,95.93627823310621
7,40,2500,20260806,18,GA,893.3339063337186,0,1,106.66609366628141
7,40,2500,20260806,18,ACO,-100.546611772137,1,0,100.546611772137
7,40,2500,20260806,19,ABC,-111.76270928686812,1,0,111.76270928686812
7,40,2500,20260806,19,GWO,-111.35137888409741,1,0,111.35137888409741
7,40,2500,20260806,19,FA,-110.99433610554318,1,0,110.99433610554318
7,40,2500,20260806,19,PSO,885.3701573569681,0,1,114.62984264303194
7,40,2500,20260806,19,GA,885.3810961206827,0,1,114.61890387931722
7,40,2500,20260806,19,ACO,-112.13602398327582,1,0,112.13602398327582
7,40,2500,20260806,20,ABC,900.2398150000331,0,1,99.76018499996685
7,40,2500,20260806,20,GWO,905.5449522463018,0,1,94.45504775369815
7,40,2500,20260806,20,FA,905.5449522463018,0,1,94.45504775369815
7,40,2500,20260806,20,PSO,900.0533555874699,0,1,99.94664441253009
7,40,2500,20260806,20,GA,900.0569298158379,0,1,99.94307018416218
7,40,2500,20260806,20,ACO,900.2295681211658,0,1,99.77043187883422
7,40,2500,20260806,21,ABC,-108.5487579223748,1,0,108.5487579223748
7,40,2500,20260806,21,GWO,-105.7772597346878,1,0,105.7772597346878
7,40,2500,20260806,21,FA,-108.14815042464615,1,0,108.14815042464615
7,40,2500,20260806,21,PSO,-108.21545958189165,1,0,108.21545958189165
7,40,2500,20260806,21,GA,884.4389122591488,0,1,115.56108774085122
7,40,2500,20260806,21,ACO,-108.31498959583843,1,0,108.31498959583843
7,40,2500,20260806,22,ABC,-99.5720710498872,1,0,99.5720710498872
7,40,2500,20260806,22,GWO,-96.84332858765393,1,0,96.84332858765393
7,40,2500,20260806,22,FA,-93.9653312905724,1,0,93.9653312905724
7,40,2500,20260806,22,PSO,-97.11431992191095,1,0,97.11431992191095
7,40,2500,20260806,22,GA,894.1768672072751,0,1,105.82313279272495
7,40,2500,20260806,22,ACO,-97.09889192763335,1,0,97.09889192763335
7,40,2500,20260806,23,ABC,-100.43832197390122,1,0,100.43832197390122
7,40,2500,20260806,23,GWO,-98.39230528901822,1,0,98.39230528901822
7,40,2500,20260806,23,FA,-100.37759451011041,1,0,100.37759451011041
7,40,2500,20260806,23,PSO,-103.89152883256305,1,0,103.89152883256305
7,40,2500,20260806,23,GA,-97.18735682251759,1,0,97.18735682251759
7,40,2500,20260806,23,ACO,-102.40722357677976,1,0,102.40722357677976
7,40,2500,20260806,24,ABC,-116.57601547482246,1,0,116.57601547482246
7,40,2500,20260806,24,GWO,-113.12777802386589,1,0,113.12777802386589
7,40,2500,20260806,24,FA,-116.11498271658274,1,0,116.11498271658274
7,40,2500,20260806,24,PSO,-116.6696683025395,1,0,116.6696683025395
7,40,2500,20260806,24,GA,-116.63088505079324,1,0,116.63088505079324
7,40,2500,20260806,24,ACO,-116.65064444393941,1,0,116.65064444393941
7,40,2500,20260806,25,ABC,-111.58906652314246,1,0,111.58906652314246
7,40,2500,20260806,25,GWO,-111.21004207722696,1,0,111.21004207722696
7,40,2500,20260806,25,FA,-110.50188433765229,1,0,110.50188433765229
7,40,2500,20260806,25,PSO,-111.66110034098256,1,0,111.66110034098256
7,40,2500,20260806,25,GA,-110.5650098129698,1,0,110.5650098129698
7,40,2500,20260806,25,ACO,-110.76476246326447,1,0,110.76476246326447
7,40,2500,20260806,26,ABC,-108.90679587758225,1,0,108.90679587758225
7,40,2500,20260806,26,GWO,-107.64249844472357,1,0,107.64249844472357
7,40,2500,20260806,26,FA,-104.17310588543224,1,0,104.17310588543224
7,40,2500,20260806,26,PSO,-108.91374851780668,1,0,108.91374851780668
7,40,2500,20260806,26,GA,888.9381349366957,0,1,111.06186506330424
7,40,2500,20260806,26,ACO,-108.9136324859083,1,0,108.9136324859083
7,40,2500,20260806,27,ABC,-109.43452157564798,1,0,109.43452157564798
7,40,2500,20260806,27,GWO,-109.03319191035837,1,0,109.03319191035837
7,40,2500,20260806,27,FA,-109.17043867477294,1,0,109.17043867477294
7,40,2500,20260806,27,PSO,-109.44138727179029,1,0,109.44138727179029
7,40,2500,20260806,27,GA,-98.98120514308087,1,0,98.98120514308087
7,40,2500,20260806,27,ACO,-109.42552032528953,1,0,109.42552032528953
7,40,2500,20260806,28,ABC,-108.72137528406918,1,0,108.72137528406918
7,40,2500,20260806,28,GWO,-104.22801650706585,1,0,104.22801650706585
7,40,2500,20260806,28,FA,-105.31219155398448,1,0,105.31219155398448
7,40,2500,20260806,28,PSO,-108.79218240795726,1,0,108.79218240795726
7,40,2500,20260806,28,GA,-108.76753748716776,1,0,108.76753748716776
7,40,2500,20260806,28,ACO,-104.63959357388985,1,0,104.63959357388985
7,40,2500,20260806,29,ABC,-118.47611507273812,1,0,118.47611507273812
7,40,2500,20260806,29,GWO,-118.15453953154106,1,0,118.15453953154106
7,40,2500,20260806,29,FA,-118.17061447787124,1,0,118.17061447787124
7,40,2500,20260806,29,PSO,-117.66068390621625,1,0,117.66068390621625
7,40,2500,20260806,29,GA,-118.49164235410106,1,0,118.49164235410106
7,40,2500,20260806,29,ACO,-118.49880913734751,1,0,118.49880913734751
7,40,2500,999983,0,ABC,-118.88370282304058,1,0,118.88370282304058
7,40,2500,999983,0,GWO,-117.91852851104831,1,0,117.91852851104831
7,40,2500,999983,0,FA,-118.0845589624416,1,0,118.0845589624416
7,40,2500,999983,0,PSO,-118.92815088195515,1,0,118.92815088195515
7,40,2500,999983,0,GA,-118.92144023007587,1,0,118.92144023007587
7,40,2500,999983,0,ACO,-118.86761594630262,1,0,118.86761594630262
7,40,2500,999983,1,ABC,-103.62698530341316,1,0,103.62698530341316
7,40,2500,999983,1,GWO,-103.37644225084233,1,0,103.37644225084233
7,40,2500,999983,1,FA,884.8672792817384,0,1,115.13272071826152
7,40,2500,999983,1,PSO,884.9422016817591,0,1,115.05779831824093
7,40,2500,999983,1,GA,884.6799028158757,0,1,115.32009718412434
7,40,2500,999983,1,ACO,-103.6364767765243,1,0,103.6364767765243
7,40,2500,999983,2,ABC,-107.33411588389909,1,0,107.33411588389909
7,40,2500,999983,2,GWO,-97.60458864516825,1,0,97.60458864516825
7,40,2500,999983,2,FA,-105.77764708429619,1,0,105.77764708429619
7,40,2500,999983,2,PSO,-107.460298492408,1,0,107.460298492408
7,40,2500,999983,2,GA,-107.43642866041921,1,0,107.43642866041921
7,40,2500,999983,2,ACO,-98.00857807785424,1,0,98.00857807785424
7,40,2500,999983,3,ABC,-105.05110002610304,1,0,105.05110002610304
7,40,2500,999983,3,GWO,-100.60515367055328,1,0,100.60515367055328
7,40,2500,999983,3,FA,-105.49184963542318,1,0,105.49184963542318
7,40,2500,999983,3,PSO,890.0318251960117,0,1,109.96817480398825
7,40,2500,999983,3,GA,890.0636291699876,0,1,109.93637083001234
7,40,2500,999983,3,ACO,-100.63480260030887,1,0,100.63480260030887
7,40,2500,999983,4,ABC,-100.49989327198078,1,0,100.49989327198078
7,40,2500,999983,4,GWO,-98.95972901021544,1,0,98.95972901021544
7,40,2500,999983,4,FA,890.8313062780176,0,1,109.16869372198249
7,40,2500,999983,4,PSO,-102.19641653760435,1,0,102.19641653760435
7,40,2500,999983,4,GA,890.75525047156,0,1,109.24474952844007
7,40,2500,999983,4,ACO,-97.8040401805391,1,0,97.8040401805391
7,40,2500,999983,5,ABC,-104.61672341970491,1,0,104.61672341970491
7,40,2500,999983,5,GWO,-96.37634480109027,1,0,96.37634480109027
7,40,2500,999983,5,FA,-104.69028530135299,1,0,104.69028530135299
7,40,2500,999983,5,PSO,-99.53207375950241,1,0,99.53207375950241
7,40,2500,999983,5,GA,-104.3768647752262,1,0,104.3768647752262
7,40,2500,999983,5,ACO,-104.8451002626031,1,0,104.8451002626031
7,40,2500,999983,6,ABC,-89.28900533051691,1,0,89.28900533051691
7,40,2500,999983,6,GWO,906.0922045590803,0,1,93.90779544091964
7,40,2500,999983,6,FA,-95.86001786017374,1,0,95.86001786017374
7,40,2500,999983,6,PSO,-96.30496709358371,1,0,96.30496709358371
7,40,2500,999983,6,GA,-92.9071799824645,1,0,92.9071799824645
7,40,2500,999983,6,ACO,903.9413915847229,0,1,96.05860841527715
7,40,2500,999983,7,ABC,-107.24173917345927,1,0,107.24173917345927
7,40,2500,999983,7,GWO,-101.05597185112502,1,0,101.05597185112502
7,40,2500,999983,7,FA,-95.6822606341187,1,0,95.6822606341187
7,40,2500,999983,7,PSO,-107.22699124496916,1,0,107.22699124496916
7,40,2500,999983,7,GA,-107.1969821628129,1,0,107.1969821628129
7,40,2500,999983,7,ACO,-106.42966131250473,1,0,106.42966131250473
7,40,2500,999983,8,ABC,-104.38931225665007,1,0,104.38931225665007
7,40,2500,999983,8,GWO,-103.98011483003442,1,0,103.98011483003442
7,40,2500,999983,8,FA,-104.08859938271775,1,0,104.08859938271775
7,40,2500,999983,8,PSO,-104.30901115081898,1,0,104.30901115081898
7,40,2500,999983,8,GA,-103.53794617051224,1,0,103.53794617051224
7,40,2500,999983,8,ACO,-105.2030711058343,1,0,105.2030711058343
7,40,2500,999983,9,ABC,-113.21888463350723,1,0,113.21888463350723
7,40,2500,999983,9,GWO,-106.1841829492641,1,0,106.1841829492641
7,40,2500,999983,9,FA,-113.0474365229099,1,0,113.0474365229099
7,40,2500,999983,9,PSO,-113.57934312360555,1,0,113.57934312360555
7,40,2500,999983,9,GA,-113.4949985391475,1,0,113.4949985391475
7,40,2500,999983,9,ACO,-113.36744345584229,1,0,113.36744345584229
7,40,2500,999983,10,ABC,-98.35383990299972,1,0,98.35383990299972
7,40,2500,999983,10,GWO,-98.21221756184322,1,0,98.21221756184322
7,40,2500,999983,10,FA,-99.07816220145003,1,0,99.07816220145003
7,40,2500,999983,10,PSO,-99.2403191838398,1,0,99.2403191838398
7,40,2500,999983,10,GA,-99.21354462092047,1,0,99.21354462092047
7,40,2500,999983,10,ACO,909.6254831634858,0,1,90.37451683651425
7,40,2500,999983,11,ABC,904.5980984208991,0,1,95.40190157910097
7,40,2500,999983,11,GWO,904.1663002736185,0,1,95.83369972638147
7,40,2500,999983,11,FA,903.1482698382878,0,1,96.85173016171221
7,40,2500,999983,11,PSO,902.1839169099558,0,1,97.81608309004426
7,40,2500,999983,11,GA,902.2212483473915,0,1,97.77875165260859
7,40,2500,999983,11,ACO,905.5816479058379,0,1,94.4183520941621
7,40,2500,999983,12,ABC,-98.09309986796741,1,0,98.09309986796741
7,40,2500,999983,12,GWO,-98.39745766101024,1,0,98.39745766101024
7,40,2500,999983,12,FA,-97.91847510519115,1,0,97.91847510519115
7,40,2500,999983,12,PSO,893.4517265284248,0,1,106.54827347157513
7,40,2500,999983,12,GA,-97.77865466397162,1,0,97.77865466397162
7,40,2500,999983,12,ACO,-98.91488398423458,1,0,98.91488398423458
7,40,2500,999983,13,ABC,-107.51121000300297,1,0,107.51121000300297
7,40,2500,999983,13,GWO,-105.08037008573338,1,0,105.08037008573338
7,40,2500,999983,13,FA,-107.12333933555311,1,0,107.12333933555311
7,40,2500,999983,13,PSO,885.1290934553484,0,1,114.87090654465158
7,40,2500,999983,13,GA,-107.51052824652436,1,0,107.51052824652436
7,40,2500,999983,13,ACO,-105.09258212270144,1,0,105.09258212270144
7,40,2500,999983,14,ABC,-102.13543269294736,1,0,102.13543269294736
7,40,2500,999983,14,GWO,-99.50299461524405,1,0,99.50299461524405
7,40,2500,999983,14,FA,-100.35612611122862,1,0,100.35612611122862
7,40,2500,999983,14,PSO,-103.11502333907077,1,0,103.11502333907077
7,40,2500,999983,14,GA,-103.0269810737796,1,0,103.0269810737796
7,40,2500,999983,14,ACO,-101.17382356743094,1,0,101.17382356743094
7,40,2500,999983,15,ABC,-104.7612804317601,1,0,104.7612804317601
7,40,2500,999983,15,GWO,-104.62902458646225,1,0,104.62902458646225
7,40,2500,999983,15,FA,888.0354092585934,0,1,111.96459074140661
7,40,2500,999983,15,PSO,-104.81368768992986,1,0,104.81368768992986
7,40,2500,999983,15,GA,-104.63582388214652,1,0,104.63582388214652
7,40,2500,999983,15,ACO,-104.70727354740053,1,0,104.70727354740053
7,40,2500,999983,16,ABC,-115.04845910770511,1,0,115.04845910770511
7,40,2500,999983,16,GWO,-114.27125513376545,1,0,114.27125513376545
7,40,2500,999983,16,FA,-114.66832564660726,1,0,114.66832564660726
7,40,2500,999983,16,PSO,-115.03319381705708,1,0,115.03319381705708
7,40,2500,999983,16,GA,-115.02894279456484,1,0,115.02894279456484
7,40,2500,999983,16,ACO,-115.04610019776467,1,0,115.04610019776467
7,40,2500,999983,17,ABC,-106.35863797252709,1,0,106.35863797252709
7,40,2500,999983,17,GWO,-106.21626905207219,1,0,106.21626905207219
7,40,2500,999983,17,FA,-106.19037300282693,1,0,106.19037300282693
7,40,2500,999983,17,PSO,-106.33860510723885,1,0,106.33860510723885
7,40,2500,999983,17,GA,891.5696861464448,0,1,108.4303138535551
7,40,2500,999983,17,ACO,-106.35293144444758,1,0,106.35293144444758
7,40,2500,999983,18,ABC,904.7042422497677,0,1,95.29575775023233
7,40,2500,999983,18,GWO,905.4754141783175,0,1,94.52458582168254
7,40,2500,999983,18,FA,917.1119016986194,0,1,82.88809830138064
7,40,2500,999983,18,PSO,904.1059422605922,0,1,95.89405773940777
7,40,2500,999983,18,GA,1903.1247931348448,0,2,96.87520686515512
7,40,2500,999983,18,ACO,903.7241588738272,0,1,96.27584112617284
7,40,2500,999983,19,ABC,905.1963038406344,0,1,94.80369615936563
7,40,2500,999983,19,GWO,913.3590290289,0,1,86.64097097110003
7,40,2500,999983,19,FA,903.030765349022,0,1,96.96923465097801
7,40,2500,999983,19,PSO,904.1680535051117,0,1,95.83194649488824
7,40,2500,999983,19,GA,902.4661152495593,0,1,97.53388475044076
7,40,2500,999983,19,ACO,904.9996097436999,0,1,95.00039025630007
7,40,2500,999983,20,ABC,-109.69209603627574,1,0,109.69209603627574
7,40,2500,999983,20,GWO,-109.15195144114801,1,0,109.15195144114801
7,40,2500,999983,20,FA,-109.52054775870734,1,0,109.52054775870734
7,40,2500,999983,20,PSO,-109.71002713030934,1,0,109.71002713030934
7,40,2500,999983,20,GA,-109.5624770769809,1,0,109.5624770769809
7,40,2500,999983,20,ACO,-109.7099469086353,1,0,109.7099469086353
7,40,2500,999983,21,ABC,-108.03804397657143,1,0,108.03804397657143
7,40,2500,999983,21,GWO,-108.26090656315661,1,0,108.26090656315661
7,40,2500,999983,21,FA,-107.80629207354752,1,0,107.80629207354752
7,40,2500,999983,21,PSO,-108.54643038435914,1,0,108.54643038435914
7,40,2500,999983,21,GA,-108.18152398716519,1,0,108.18152398716519
7,40,2500,999983,21,ACO,-108.50777290470018,1,0,108.50777290470018
7,40,2500,999983,22,ABC,-101.24770619188993,1,0,101.24770619188993
7,40,2500,999983,22,GWO,890.7071092428678,0,1,109.29289075713227
7,40,2500,999983,22,FA,895.4513440981943,0,1,104.54865590180562
7,40,2500,999983,22,PSO,890.4640349717012,0,1,109.5359650282988
7,40,2500,999983,22,GA,890.3732071954724,0,1,109.62679280452755
7,40,2500,999983,22,ACO,-96.7185569737511,1,0,96.7185569737511
7,40,2500,999983,23,ABC,-93.75934979531245,1,0,93.75934979531245
7,40,2500,999983,23,GWO,892.6375959943013,0,1,107.36240400569874
7,40,2500,999983,23,FA,1905.7516895655137,0,2,94.24831043448629
7,40,2500,999983,23,PSO,1904.8022823807978,0,2,95.19771761920214
7,40,2500,999983,23,GA,892.2261639918005,0,1,107.77383600819954
7,40,2500,999983,23,ACO,-98.63041448663944,1,0,98.63041448663944
7,40,2500,999983,24,ABC,-105.19194216955923,1,0,105.19194216955923
7,40,2500,999983,24,GWO,-95.13223693002791,1,0,95.13223693002791
7,40,2500,999983,24,FA,-99.32757186732226,1,0,99.32757186732226
7,40,2500,999983,24,PSO,-100.07063324426674,1,0,100.07063324426674
7,40,2500,999983,24,GA,893.9588540258961,0,1,106.0411459741039
7,40,2500,999983,24,ACO,-105.15825835684424,1,0,105.15825835684424
7,40,2500,999983,25,ABC,-89.99111154580507,1,0,89.99111154580507
7,40,2500,999983,25,GWO,906.1123290347983,0,1,93.88767096520166
7,40,2500,999983,25,FA,903.1258315077876,0,1,96.87416849221239
7,40,2500,999983,25,PSO,898.7693638549218,0,1,101.23063614507815
7,40,2500,999983,25,GA,-92.3350424594764,1,0,92.3350424594764
7,40,2500,999983,25,ACO,-86.53004992527568,1,0,86.53004992527568
7,40,2500,999983,26,ABC,-102.20494823942171,1,0,102.20494823942171
7,40,2500,999983,26,GWO,-103.12121020626417,1,0,103.12121020626417
7,40,2500,999983,26,FA,-101.95100444775517,1,0,101.95100444775517
7,40,2500,999983,26,PSO,-102.40081952784621,1,0,102.40081952784621
7,40,2500,999983,26,GA,-102.43624889109884,1,0,102.43624889109884
7,40,2500,999983,26,ACO,-105.23125601698302,1,0,105.23125601698302
7,40,2500,999983,27,ABC,-100.39941601785652,1,0,100.39941601785652
7,40,2500,999983,27,GWO,-90.35008703612793,1,0,90.35008703612793
7,40,2500,999983,27,FA,892.305308627466,0,1,107.69469137253395
7,40,2500,999983,27,PSO,892.577921640469,0,1,107.42207835953106
7,40,2500,999983,27,GA,892.1540000980518,0,1,107.84599990194813
7,40,2500,999983,27,ACO,892.1550352988636,0,1,107.84496470113642
7,40,2500,999983,28,ABC,-103.22964342260157,1,0,103.22964342260157
7,40,2500,999983,28,GWO,-100.19865755628472,1,0,100.19865755628472
7,40,2500,999983,28,FA,-102.3197342127813,1,0,102.3197342127813
7,40,2500,999983,28,PSO,-103.25700683921917,1,0,103.25700683921917
7,40,2500,999983,28,GA,-103.04951509115635,1,0,103.04951509115635
7,40,2500,999983,28,ACO,-103.04625193049407,1,0,103.04625193049407
7,40,2500,999983,29,ABC,-114.41285293046498,1,0,114.41285293046498
7,40,2500,999983,29,GWO,-114.30317165062417,1,0,114.30317165062417
7,40,2500,999983,29,FA,-113.69880697284063,1,0,113.69880697284063
7,40,2500,999983,29,PSO,-114.10974284533228,1,0,114.10974284533228
7,40,2500,999983,29,GA,-114.43543861187831,1,0,114.43543861187831
7,40,2500,999983,29,ACO,-114.42921326594855,1,0,114.42921326594855
7,20,2500,42,0,ABC,-99.47680726042739,1,0,99.47680726042739
7,20,2500,42,0,GWO,-90.73351679508826,1,0,90.73351679508826
7,20,2500,42,0,FA,-99.51349385292914,1,0,99.51349385292914
7,20,2500,42,0,PSO,897.5800134038678,0,1,102.41998659613216
7,20,2500,42,0,GA,899.7390386975567,0,1,100.26096130244336
7,20,2500,42,0,ACO,-97.6261086181627,1,0,97.6261086181627
7,20,2500,42,1,ABC,-110.96862609732094,1,0,110.96862609732094
7,20,2500,42,1,GWO,-108.2777899242896,1,0,108.2777899242896
7,20,2500,42,1,FA,-107.37876395191208,1,0,107.37876395191208
7,20,2500,42,1,PSO,-111.15463763439162,1,0,111.15463763439162
7,20,2500,42,1,GA,-111.14025567258172,1,0,111.14025567258172
7,20,2500,42,1,ACO,-111.15467598059925,1,0,111.15467598059925
7,20,2500,42,2,ABC,-111.73992155069524,1,0,111.73992155069524
7,20,2500,42,2,GWO,-108.817865422212,1,0,108.817865422212
7,20,2500,42,2,FA,-111.69737115445787,1,0,111.69737115445787
7,20,2500,42,2,PSO,-111.75727773024538,1,0,111.75727773024538
7,20,2500,42,2,GA,-111.75318871006377,1,0,111.75318871006377
7,20,2500,42,2,ACO,-111.75730326378394,1,0,111.75730326378394
7,20,2500,42,3,ABC,-108.33092357839354,1,0,108.33092357839354
7,20,2500,42,3,GWO,-108.1969230703583,1,0,108.1969230703583
7,20,2500,42,3,FA,-100.68840940536688,1,0,100.68840940536688
7,20,2500,42,3,PSO,-108.36233486296983,1,0,108.36233486296983
7,20,2500,42,3,GA,889.6805655925666,0,1,110.31943440743333
7,20,2500,42,3,ACO,889.882392483639,0,1,110.11760751636095
7,20,2500,42,4,ABC,-115.15497775781479,1,0,115.15497775781479
7,20,2500,42,4,GWO,882.5766465438367,0,1,117.42335345616334
7,20,2500,42,4,FA,-105.34485239773707,1,0,105.34485239773707
7,20,2500,42,4,PSO,882.4727855400365,0,1,117.52721445996346
7,20,2500,42,4,GA,-105.51070754768283,1,0,105.51070754768283
7,20,2500,42,4,ACO,-115.14547518482144,1,0,115.14547518482144
7,20,2500,42,5,ABC,-110.89114759386864,1,0,110.89114759386864
7,20,2500,42,5,GWO,-109.62043269875612,1,0,109.62043269875612
7,20,2500,42,5,FA,-110.85558217651489,1,0,110.85558217651489
7,20,2500,42,5,PSO,-110.9148371714614,1,0,110.9148371714614
7,20,2500,42,5,GA,-110.87774970562681,1,0,110.87774970562681
7,20,2500,42,5,ACO,-110.91484011282641,1,0,110.91484011282641
7,20,2500,42,6,ABC,-112.00382970231408,1,0,112.00382970231408
7,20,2500,42,6,GWO,-111.70592114215032,1,0,111.70592114215032
7,20,2500,42,6,FA,-111.99132429853243,1,0,111.99132429853243
7,20,2500,42,6,PSO,-112.0098625757612,1,0,112.0098625757612
7,20,2500,42,6,GA,-112.00230171680737,1,0,112.00230171680737
7,20,2500,42,6,ACO,-112.00986261580431,1,0,112.00986261580431
7,20,2500,42,7,ABC,-104.43606063413797,1,0,104.43606063413797
7,20,2500,42,7,GWO,-103.40563055083999,1,0,103.40563055083999
7,20,2500,42,7,FA,-104.57683740142743,1,0,104.57683740142743
7,20,2500,42,7,PSO,-104.61077044019896,1,0,104.61077044019896
7,20,2500,42,7,GA,891.5356278253944,0,1,108.46437217460556
7,20,2500,42,7,ACO,-99.39632106519421,1,0,99.39632106519421
7,20,2500,42,8,ABC,-102.65455938235974,1,0,102.65455938235974
7,20,2500,42,8,GWO,-92.15742316278194,1,0,92.15742316278194
7,20,2500,42,8,FA,-101.82242551082304,1,0,101.82242551082304
7,20,2500,42,8,PSO,896.2176463482962,0,1,103.78235365170379
7,20,2500,42,8,GA,-102.84429562521844,1,0,102.84429562521844
7,20,2500,42,8,ACO,-94.13080614274689,1,0,94.13080614274689
7,20,2500,42,9,ABC,-105.91013121111703,1,0,105.91013121111703
7,20,2500,42,9,GWO,-106.13370202120143,1,0,106.13370202120143
7,20,2500,42,9,FA,-106.2730680012044,1,0,106.2730680012044
7,20,2500,42,9,PSO,-105.58864587671876,1,0,105.58864587671876
7,20,2500,42,9,GA,-106.21866064227233,1,0,106.21866064227233
7,20,2500,42,9,ACO,-106.2709177030156,1,0,106.2709177030156
7,20,2500,42,10,ABC,-97.48304939106674,1,0,97.48304939106674
7,20,2500,42,10,GWO,-90.66371864299879,1,0,90.66371864299879
7,20,2500,42,10,FA,-104.25997841383281,1,0,104.25997841383281
7,20,2500,42,10,PSO,-104.47578868644885,1,0,104.47578868644885
7,20,2500,42,10,GA,892.1603996911365,0,1,107.8396003088635
7,20,2500,42,10,ACO,892.0928513559535,0,1,107.90714864404652
7,20,2500,42,11,ABC,-113.69724658987434,1,0,113.69724658987434
7,20,2500,42,11,GWO,-111.84676779427409,1,0,111.84676779427409
7,20,2500,42,11,FA,-113.63454876905197,1,0,113.63454876905197
7,20,2500,42,11,PSO,-113.71596632693158,1,0,113.71596632693158
7,20,2500,42,11,GA,-113.6893814426544,1,0,113.6893814426544
7,20,2500,42,11,ACO,-113.71590229644607,1,0,113.71590229644607
7,20,2500,42,12,ABC,900.7879191620664,0,1,99.21208083793366
7,20,2500,42,12,GWO,908.0449161750753,0,1,91.95508382492476
7,20,2500,42,12,FA,903.2372949059585,0,1,96.7627050940415
7,20,2500,42,12,PSO,900.6952413057896,0,1,99.30475869421032
7,20,2500,42,12,GA,900.7129160400988,0,1,99.28708395990127
7,20,2500,42,12,ACO,904.469685316857,0,1,95.53031468314308
7,20,2500,42,13,ABC,-101.46638581012344,1,0,101.46638581012344
7,20,2500,42,13,GWO,-92.69520516708349,1,0,92.69520516708349
7,20,2500,42,13,FA,-98.07848391497713,1,0,98.07848391497713
7,20,2500,42,13,PSO,894.5718029571376,0,1,105.42819704286234
7,20,2500,42,13,GA,893.3152801319845,0,1,106.68471986801552
7,20,2500,42,13,ACO,-97.08791559419471,1,0,97.08791559419471
7,20,2500,42,14,ABC,-101.58751249749425,1,0,101.58751249749425
7,20,2500,42,14,GWO,886.5761618541316,0,1,113.42383814586846
7,20,2500,42,14,FA,886.5443268101783,0,1,113.4556731898217
7,20,2500,42,14,PSO,886.5011568727364,0,1,113.49884312726364
7,20,2500,42,14,GA,886.5068588760894,0,1,113.49314112391058
7,20,2500,42,14,ACO,886.501142792173,0,1,113.49885720782693
7,20,2500,42,15,ABC,-98.80482029510384,1,0,98.80482029510384
7,20,2500,42,15,GWO,-95.2839870002789,1,0,95.2839870002789
7,20,2500,42,15,FA,-98.94838372682446,1,0,98.94838372682446
7,20,2500,42,15,PSO,-99.04523308730754,1,0,99.04523308730754
7,20,2500,42,15,GA,894.7809906562047,0,1,105.21900934379529
7,20,2500,42,15,ACO,-99.06553651425855,1,0,99.06553651425855
7,20,2500,42,16,ABC,-103.43620417382093,1,0,103.43620417382093
7,20,2500,42,16,GWO,-94.37294230465248,1,0,94.37294230465248
7,20,2500,42,16,FA,-103.4229626483433,1,0,103.4229626483433
7,20,2500,42,16,PSO,-103.48243634642334,1,0,103.48243634642334
7,20,2500,42,16,GA,-103.46999949368347,1,0,103.46999949368347
7,20,2500,42,16,ACO,-103.46381031857018,1,0,103.46381031857018
7,20,2500,42,17,ABC,-98.36088160367856,1,0,98.36088160367856
7,20,2500,42,17,GWO,-96.52029822439492,1,0,96.52029822439492
7,20,2500,42,17,FA,-98.26747302636473,1,0,98.26747302636473
7,20,2500,42,17,PSO,-98.36965441745862,1,0,98.36965441745862
7,20,2500,42,17,GA,900.4084130848255,0,1,99.59158691517446
7,20,2500,42,17,ACO,909.5554786865562,0,1,90.4445213134438
7,20,2500,42,18,ABC,903.5015996629201,0,1,96.49840033707999
7,20,2500,42,18,GWO,906.3917884546452,0,1,93.60821154535482
7,20,2500,42,18,FA,903.5646317328083,0,1,96.43536826719178
7,20,2500,42,18,PSO,1898.8128601221272,0,2,101.18713987787287
7,20,2500,42,18,GA,1898.8353797304558,0,2,101.16462026954416
7,20,2500,42,18,ACO,903.5171574309736,0,1,96.48284256902645
7,20,2500,42,19,ABC,-98.91649282590278,1,0,98.91649282590278
7,20,2500,42,19,GWO,903.9969454989769,0,1,96.00305450102309
7,20,2500,42,19,FA,900.7746213054082,0,1,99.22537869459181
7,20,2500,42,19,PSO,900.7592434247897,0,1,99.24075657521031
7,20,2500,42,19,GA,900.764887226961,0,1,99.23511277303898
7,20,2500,42,19,ACO,-98.92018522657366,1,0,98.92018522657366
7,20,2500,42,20,ABC,-108.11294382600526,1,0,108.11294382600526
7,20,2500,42,20,GWO,-104.1187089931205,1,0,104.1187089931205
7,20,2500,42,20,FA,-107.7568814212255,1,0,107.7568814212255
7,20,2500,42,20,PSO,-108.15839842906918,1,0,108.15839842906918
7,20,2500,42,20,GA,-107.89098251392501,1,0,107.89098251392501
7,20,2500,42,20,ACO,-107.77858822202003,1,0,107.77858822202003
7,20,2500,42,21,ABC,-106.46380980334361,1,0,106.46380980334361
7,20,2500,42,21,GWO,-103.69914992470179,1,0,103.69914992470179
7,20,2500,42,21,FA,889.1038056335765,0,1,110.89619436642352
7,20,2500,42,21,PSO,-106.2708491328955,1,0,106.2708491328955
7,20,2500,42,21,GA,-103.8590549130368,1,0,103.8590549130368
7,20,2500,42,21,ACO,-106.50220283960475,1,0,106.50220283960475
7,20,2500,42,22,ABC,-113.54489966247264,1,0,113.54489966247264
7,20,2500,42,22,GWO,-113.6370526739102,1,0,113.6370526739102
7,20,2500,42,22,FA,-113.53098160604698,1,0,113.53098160604698
7,20,2500,42,22,PSO,-113.55535742156717,1,0,113.55535742156717
7,20,2500,42,22,GA,-113.54144050721655,1,0,113.54144050721655
7,20,2500,42,22,ACO,-113.78670348955369,1,0,113.78670348955369
7,20,2500,42,23,ABC,-103.71150369759043,1,0,103.71150369759043
7,20,2500,42,23,GWO,-98.74958704410064,1,0,98.74958704410064
7,20,2500,42,23,FA,904.573348886584,0,1,95.42665111341604
7,20,2500,42,23,PSO,-94.86521130385223,1,0,94.86521130385223
7,20,2500,42,23,GA,-94.87422640554234,1,0,94.87422640554234
7,20,2500,42,23,ACO,-103.90484955328839,1,0,103.90484955328839
7,20,2500,42,24,ABC,-102.39971138931118,1,0,102.39971138931118
7,20,2500,42,24,GWO,-95.02119910057907,1,0,95.02119910057907
7,20,2500,42,24,FA,-102.18875724391602,1,0,102.18875724391602
7,20,2500,42,24,PSO,896.8811340067456,0,1,103.1188659932544
7,20,2500,42,24,GA,893.7730722805227,0,1,106.22692771947737
7,20,2500,42,24,ACO,-100.99086497389435,1,0,100.99086497389435
7,20,2500,42,25,ABC,903.8196739492406,0,1,96.1803260507594
7,20,2500,42,25,GWO,909.943076271258,0,1,90.05692372874208
7,20,2500,42,25,FA,1904.4854399276567,0,2,95.51456007234341
7,20,2500,42,25,PSO,1897.7321772399469,0,2,102.2678227600532
7,20,2500,42,25,GA,1897.742574091682,0,2,102.25742590831804
7,20,2500,42,25,ACO,903.8143355016866,0,1,96.18566449831337
7,20,2500,42,26,ABC,-110.46720220971227,1,0,110.46720220971227
7,20,2500,42,26,GWO,-108.20196046255015,1,0,108.20196046255015
7,20,2500,42,26,FA,-110.67927366909142,1,0,110.67927366909142
7,20,2500,42,26,PSO,-110.81704844931701,1,0,110.81704844931701
7,20,2500,42,26,GA,-110.80562799578216,1,0,110.80562799578216
7,20,2500,42,26,ACO,-110.46033559055354,1,0,110.46033559055354
7,20,2500,42,27,ABC,890.7974260154776,0,1,109.20257398452233
7,20,2500,42,27,GWO,891.318298889846,0,1,108.68170111015401
7,20,2500,42,27,FA,890.4434806337752,0,1,109.55651936622483
7,20,2500,42,27,PSO,891.0042107592134,0,1,108.99578924078664
7,20,2500,42,27,GA,890.420195064088,0,1,109.579804935912
7,20,2500,42,27,ACO,-99.45239732362633,1,0,99.45239732362633
7,20,2500,42,28,ABC,-96.76566735427058,1,0,96.76566735427058
7,20,2500,42,28,GWO,906.3050230078115,0,1,93.69497699218843
7,20,2500,42,28,FA,-99.04364204580969,1,0,99.04364204580969
7,20,2500,42,28,PSO,898.065457436336,0,1,101.93454256366398
7,20,2500,42,28,GA,898.0679444813226,0,1,101.93205551867742
7,20,2500,42,28,ACO,-91.96358129341628,1,0,91.96358129341628
7,20,2500,42,29,ABC,-109.44038635441653,1,0,109.44038635441653
7,20,2500,42,29,GWO,-101.73157532014862,1,0,101.73157532014862
7,20,2500,42,29,FA,-96.96712746130564,1,0,96.96712746130564
7,20,2500,42,29,PSO,884.2483345406756,0,1,115.7516654593244
7,20,2500,42,29,GA,883.7610179147206,0,1,116.23898208527943
7,20,2500,42,29,ACO,-109.45643212302058,1,0,109.45643212302058
7,20,2500,777,0,ABC,-109.18308957382776,1,0,109.18308957382776
7,20,2500,777,0,GWO,-105.95894182923284,1,0,105.95894182923284
7,20,2500,777,0,FA,-109.31338793575823,1,0,109.31338793575823
7,20,2500,777,0,PSO,-109.35296440002192,1,0,109.35296440002192
7,20,2500,777,0,GA,-109.18383357858829,1,0,109.18383357858829
7,20,2500,777,0,ACO,-109.3532358505793,1,0,109.3532358505793
7,20,2500,777,1,ABC,-94.15787624590361,1,0,94.15787624590361
7,20,2500,777,1,GWO,901.5681526175056,0,1,98.43184738249447
7,20,2500,777,1,FA,-97.85216208394176,1,0,97.85216208394176
7,20,2500,777,1,PSO,899.7795292993161,0,1,100.22047070068389
7,20,2500,777,1,GA,899.7889483535122,0,1,100.21105164648782
7,20,2500,777,1,ACO,-97.99819752389465,1,0,97.99819752389465
7,20,2500,777,2,ABC,-98.9170436106342,1,0,98.9170436106342
7,20,2500,777,2,GWO,909.7110911347869,0,1,90.28890886521307
7,20,2500,777,2,FA,-98.8483613617064,1,0,98.8483613617064
7,20,2500,777,2,PSO,-98.98785820328266,1,0,98.98785820328266
7,20,2500,777,2,GA,-98.96895616584982,1,0,98.96895616584982
7,20,2500,777,2,ACO,898.939066659669,0,1,101.06093334033099
7,20,2500,777,3,ABC,-99.39004892979517,1,0,99.39004892979517
7,20,2500,777,3,GWO,-98.61456196087093,1,0,98.61456196087093
7,20,2500,777,3,FA,-107.52172670073999,1,0,107.52172670073999
7,20,2500,777,3,PSO,-107.55587692281074,1,0,107.55587692281074
7,20,2500,777,3,GA,-93.12531793493838,1,0,93.12531793493838
7,20,2500,777,3,ACO,-95.55008351682454,1,0,95.55008351682454
7,20,2500,777,4,ABC,-110.03907608478406,1,0,110.03907608478406
7,20,2500,777,4,GWO,-109.77076362432774,1,0,109.77076362432774
7,20,2500,777,4,FA,890.6081144883267,0,1,109.39188551167331
7,20,2500,777,4,PSO,-109.52063430588049,1,0,109.52063430588049
7,20,2500,777,4,GA,-109.50236848642442,1,0,109.50236848642442
7,20,2500,777,4,ACO,-110.14732399111233,1,0,110.14732399111233
7,20,2500,777,5,ABC,-104.92144964331963,1,0,104.92144964331963
7,20,2500,777,5,GWO,-104.7154509271131,1,0,104.7154509271131
7,20,2500,777,5,FA,-105.14800172082826,1,0,105.14800172082826
7,20,2500,777,5,PSO,-105.19760014816308,1,0,105.19760014816308
7,20,2500,777,5,GA,888.7456716447992,0,1,111.25432835520077
7,20,2500,777,5,ACO,-105.19759620017112,1,0,105.19759620017112
7,20,2500,777,6,ABC,-95.96750218068351,1,0,95.96750218068351
7,20,2500,777,6,GWO,909.8331023607204,0,1,90.16689763927958
7,20,2500,777,6,FA,-95.81187594377238,1,0,95.81187594377238
7,20,2500,777,6,PSO,-95.98097616227936,1,0,95.98097616227936
7,20,2500,777,6,GA,905.0721099357712,0,1,94.92789006422876
7,20,2500,777,6,ACO,909.6194047472566,0,1,90.38059525274338
7,20,2500,777,7,ABC,-95.77941508275279,1,0,95.77941508275279
7,20,2500,777,7,GWO,-87.69288438012069,1,0,87.69288438012069
7,20,2500,777,7,FA,905.526626445525,0,1,94.47337355447496
7,20,2500,777,7,PSO,901.8555327700512,0,1,98.14446722994879
7,20,2500,777,7,GA,-90.69071957235957,1,0,90.69071957235957
7,20,2500,777,7,ACO,903.4953365015695,0,1,96.50466349843053
7,20,2500,777,8,ABC,-104.90304981123019,1,0,104.90304981123019
7,20,2500,777,8,GWO,-106.15843911889718,1,0,106.15843911889718
7,20,2500,777,8,FA,-106.38927464175926,1,0,106.38927464175926
7,20,2500,777,8,PSO,-106.555108592707,1,0,106.555108592707
7,20,2500,777,8,GA,885.2350844918673,0,1,114.76491550813275
7,20,2500,777,8,ACO,-106.47986670478954,1,0,106.47986670478954
7,20,2500,777,9,ABC,-109.21245062739,1,0,109.21245062739
7,20,2500,777,9,GWO,-103.61469053383759,1,0,103.61469053383759
7,20,2500,777,9,FA,892.3187563591889,0,1,107.6812436408111
7,20,2500,777,9,PSO,-108.70838061668032,1,0,108.70838061668032
7,20,2500,777,9,GA,892.3069001307207,0,1,107.69309986927927
7,20,2500,777,9,ACO,-109.23018950157382,1,0,109.23018950157382
7,20,2500,777,10,ABC,-111.90182323115475,1,0,111.90182323115475
7,20,2500,777,10,GWO,-110.50041242783088,1,0,110.50041242783088
7,20,2500,777,10,FA,-111.18522919003195,1,0,111.18522919003195
7,20,2500,777,10,PSO,-111.93905249502082,1,0,111.93905249502082
7,20,2500,777,10,GA,-111.89698063377347,1,0,111.89698063377347
7,20,2500,777,10,ACO,-111.9391417828665,1,0,111.9391417828665
7,20,2500,777,11,ABC,-108.32353268265379,1,0,108.32353268265379
7,20,2500,777,11,GWO,-107.37424154771982,1,0,107.37424154771982
7,20,2500,777,11,FA,-102.16767247707297,1,0,102.16767247707297
7,20,2500,777,11,PSO,-108.33106969903841,1,0,108.33106969903841
7,20,2500,777,11,GA,-103.95657150657216,1,0,103.95657150657216
7,20,2500,777,11,ACO,-104.54950174509811,1,0,104.54950174509811
7,20,2500,777,12,ABC,-104.71918208029393,1,0,104.71918208029393
7,20,2500,777,12,GWO,-101.23894099079321,1,0,101.23894099079321
7,20,2500,777,12,FA,-105.79895295399183,1,0,105.79895295399183
7,20,2500,777,12,PSO,-104.18378268028529,1,0,104.18378268028529
7,20,2500,777,12,GA,-104.7572072536833,1,0,104.7572072536833
7,20,2500,777,12,ACO,-105.96684905796344,1,0,105.96684905796344
7,20,2500,777,13,ABC,-116.48760237834436,1,0,116.48760237834436
7,20,2500,777,13,GWO,-116.02728992517801,1,0,116.02728992517801
7,20,2500,777,13,FA,-116.17536176177762,1,0,116.17536176177762
7,20,2500,777,13,PSO,880.6074442113203,0,1,119.39255578867972
7,20,2500,777,13,GA,-116.55348933355874,1,0,116.55348933355874
7,20,2500,777,13,ACO,880.5981574076084,0,1,119.40184259239165
7,20,2500,777,14,ABC,-102.66530888713199,1,0,102.66530888713199
7,20,2500,777,14,GWO,-101.6870297702575,1,0,101.6870297702575
7,20,2500,777,14,FA,-102.63427047668299,1,0,102.63427047668299
7,20,2500,777,14,PSO,888.752008307932,0,1,111.24799169206797
7,20,2500,777,14,GA,888.1063754526131,0,1,111.89362454738695
7,20,2500,777,14,ACO,-103.8131367896652,1,0,103.8131367896652
7,20,2500,777,15,ABC,-101.58460044370555,1,0,101.58460044370555
7,20,2500,777,15,GWO,890.4122123177958,0,1,109.58778768220417
7,20,2500,777,15,FA,-102.88925734946787,1,0,102.88925734946787
7,20,2500,777,15,PSO,-104.37231593518777,1,0,104.37231593518777
7,20,2500,777,15,GA,888.3073101330336,0,1,111.69268986696639
7,20,2500,777,15,ACO,888.2949468587991,0,1,111.7050531412009
7,20,2500,777,16,ABC,-104.5894250550211,1,0,104.5894250550211
7,20,2500,777,16,GWO,-104.56493981592762,1,0,104.56493981592762
7,20,2500,777,16,FA,-104.59177262658237,1,0,104.59177262658237
7,20,2500,777,16,PSO,-104.6043142147565,1,0,104.6043142147565
7,20,2500,777,16,GA,-104.2547191224406,1,0,104.2547191224406
7,20,2500,777,16,ACO,-104.61384983843544,1,0,104.61384983843544
7,20,2500,777,17,ABC,-107.87152190491706,1,0,107.87152190491706
7,20,2500,777,17,GWO,-105.5724783835609,1,0,105.5724783835609
7,20,2500,777,17,FA,-107.85170851798044,1,0,107.85170851798044
7,20,2500,777,17,PSO,-107.87859636090651,1,0,107.87859636090651
7,20,2500,777,17,GA,-107.86993469174166,1,0,107.86993469174166
7,20,2500,777,17,ACO,-107.87859081853031,1,0,107.87859081853031
7,20,2500,777,18,ABC,-106.3599061374772,1,0,106.3599061374772
7,20,2500,777,18,GWO,-106.10209439923692,1,0,106.10209439923692
7,20,2500,777,18,FA,-106.35338692787951,1,0,106.35338692787951
7,20,2500,777,18,PSO,-106.37246779506202,1,0,106.37246779506202
7,20,2500,777,18,GA,887.8737266321114,0,1,112.12627336788864
7,20,2500,777,18,ACO,-106.37238349056281,1,0,106.37238349056281
7,20,2500,777,19,ABC,-117.26423503844302,1,0,117.26423503844302
7,20,2500,777,19,GWO,-116.73191842165623,1,0,116.73191842165623
7,20,2500,777,19,FA,-117.23284653702454,1,0,117.23284653702454
7,20,2500,777,19,PSO,-117.3929069070285,1,0,117.3929069070285
7,20,2500,777,19,GA,-117.38233610991662,1,0,117.38233610991662
7,20,2500,777,19,ACO,-117.39287960174646,1,0,117.39287960174646
7,20,2500,777,20,ABC,-113.78099261559605,1,0,113.78099261559605
7,20,2500,777,20,GWO,-111.36514616897851,1,0,111.36514616897851
7,20,2500,777,20,FA,-113.76167469604944,1,0,113.76167469604944
7,20,2500,777,20,PSO,-113.79681658445229,1,0,113.79681658445229
7,20,2500,777,20,GA,-113.76677342446496,1,0,113.76677342446496
7,20,2500,777,20,ACO,-113.79698646658731,1,0,113.79698646658731
7,20,2500,777,21,ABC,889.755246300452,0,1,110.24475369954799
7,20,2500,777,21,GWO,-101.8729590771143,1,0,101.8729590771143
7,20,2500,777,21,FA,889.4435534817574,0,1,110.55644651824261
7,20,2500,777,21,PSO,889.4492658376727,0,1,110.55073416232733
7,20,2500,777,21,GA,-104.11468334822251,1,0,104.11468334822251
7,20,2500,777,21,ACO,-104.18762749555492,1,0,104.18762749555492
7,20,2500,777,22,ABC,-107.26224632727528,1,0,107.26224632727528
7,20,2500,777,22,GWO,-106.91638017058847,1,0,106.91638017058847
7,20,2500,777,22,FA,-102.37189034346541,1,0,102.37189034346541
7,20,2500,777,22,PSO,-107.27508484141644,1,0,107.27508484141644
7,20,2500,777,22,GA,-107.25696826959563,1,0,107.25696826959563
7,20,2500,777,22,ACO,-107.27509324238476,1,0,107.27509324238476
7,20,2500,777,23,ABC,-111.86119515983677,1,0,111.86119515983677
7,20,2500,777,23,GWO,-107.17833144960763,1,0,107.17833144960763
7,20,2500,777,23,FA,-111.77653966215334,1,0,111.77653966215334
7,20,2500,777,23,PSO,-112.00265358861667,1,0,112.00265358861667
7,20,2500,777,23,GA,-111.89431778889077,1,0,111.89431778889077
7,20,2500,777,23,ACO,-112.00325650166033,1,0,112.00325650166033
7,20,2500,777,24,ABC,-110.55345420139831,1,0,110.55345420139831
7,20,2500,777,24,GWO,-105.27278202367867,1,0,105.27278202367867
7,20,2500,777,24,FA,-106.34917107171529,1,0,106.34917107171529
7,20,2500,777,24,PSO,-110.56925707357222,1,0,110.56925707357222
7,20,2500,777,24,GA,889.5617917975999,0,1,110.43820820240018
7,20,2500,777,24,ACO,-110.5694365238045,1,0,110.5694365238045
7,20,2500,777,25,ABC,-105.08133978127294,1,0,105.08133978127294
7,20,2500,777,25,GWO,-96.08532683027607,1,0,96.08532683027607
7,20,2500,777,25,FA,-103.79644811143261,1,0,103.79644811143261
7,20,2500,777,25,PSO,-103.78329594602502,1,0,103.78329594602502
7,20,2500,777,25,GA,888.4814054828673,0,1,111.51859451713264
7,20,2500,777,25,ACO,-103.7426728108365,1,0,103.7426728108365
7,20,2500,777,26,ABC,-111.04064215256297,1,0,111.04064215256297
7,20,2500,777,26,GWO,-109.86437044330673,1,0,109.86437044330673
7,20,2500,777,26,FA,-111.10456226608461,1,0,111.10456226608461
7,20,2500,777,26,PSO,-110.55443992658147,1,0,110.55443992658147
7,20,2500,777,26,GA,-111.07680047483942,1,0,111.07680047483942
7,20,2500,777,26,ACO,-110.55448972282697,1,0,110.55448972282697
7,20,2500,777,27,ABC,-109.7409093190615,1,0,109.7409093190615
7,20,2500,777,27,GWO,-95.35719339719914,1,0,95.35719339719914
7,20,2500,777,27,FA,-109.8989595277575,1,0,109.8989595277575
7,20,2500,777,27,PSO,-109.70878943529674,1,0,109.70878943529674
7,20,2500,777,27,GA,-105.41529459197722,1,0,105.41529459197722
7,20,2500,777,27,ACO,-109.95882855744827,1,0,109.95882855744827
7,20,2500,777,28,ABC,-112.34295316466255,1,0,112.34295316466255
7,20,2500,777,28,GWO,-112.88606056910503,1,0,112.88606056910503
7,20,2500,777,28,FA,-113.05639010870631,1,0,113.05639010870631
7,20,2500,777,28,PSO,-112.86467209846658,1,0,112.86467209846658
7,20,2500,777,28,GA,-113.07035222328355,1,0,113.07035222328355
7,20,2500,777,28,ACO,-113.07125694880409,1,0,113.07125694880409
7,20,2500,777,29,ABC,-93.5888287310263,1,0,93.5888287310263
7,20,2500,777,29,GWO,-91.01825958452342,1,0,91.01825958452342
7,20,2500,777,29,FA,-94.98886104922822,1,0,94.98886104922822
7,20,2500,777,29,PSO,-95.04430191296841,1,0,95.04430191296841
7,20,2500,777,29,GA,-94.6895896719102,1,0,94.6895896719102
7,20,2500,777,29,ACO,-94.95420308074716,1,0,94.95420308074716
7,20,2500,20260806,0,ABC,-104.89309359428673,1,0,104.89309359428673
7,20,2500,20260806,0,GWO,891.262782235774,0,1,108.73721776422597
7,20,2500,20260806,0,FA,891.171143236751,0,1,108.82885676324894
7,20,2500,20260806,0,PSO,891.1467975668716,0,1,108.85320243312847
7,20,2500,20260806,0,GA,891.1531630689306,0,1,108.8468369310694
7,20,2500,20260806,0,ACO,891.1467256366143,0,1,108.85327436338574
7,20,2500,20260806,1,ABC,-107.32256134221869,1,0,107.32256134221869
7,20,2500,20260806,1,GWO,-105.96026908138091,1,0,105.96026908138091
7,20,2500,20260806,1,FA,-107.31218552256067,1,0,107.31218552256067
7,20,2500,20260806,1,PSO,-107.28723769487483,1,0,107.28723769487483
7,20,2500,20260806,1,GA,-107.3127523547923,1,0,107.3127523547923
7,20,2500,20260806,1,ACO,-107.33674604712965,1,0,107.33674604712965
7,20,2500,20260806,2,ABC,-106.7648847993435,1,0,106.7648847993435
7,20,2500,20260806,2,GWO,-102.55026443495983,1,0,102.55026443495983
7,20,2500,20260806,2,FA,-106.73180417020991,1,0,106.73180417020991
7,20,2500,20260806,2,PSO,-106.76986913475302,1,0,106.76986913475302
7,20,2500,20260806,2,GA,-102.9830830483206,1,0,102.9830830483206
7,20,2500,20260806,2,ACO,-101.81860249259726,1,0,101.81860249259726
7,20,2500,20260806,3,ABC,-108.53786363587696,1,0,108.53786363587696
7,20,2500,20260806,3,GWO,-106.87276205919257,1,0,106.87276205919257
7,20,2500,20260806,3,FA,-108.4826707473342,1,0,108.4826707473342
7,20,2500,20260806,3,PSO,-107.45630306302662,1,0,107.45630306302662
7,20,2500,20260806,3,GA,893.0355391082248,0,1,106.9644608917751
7,20,2500,20260806,3,ACO,-107.45630495949942,1,0,107.45630495949942
7,20,2500,20260806,4,ABC,-112.23188152565314,1,0,112.23188152565314
7,20,2500,20260806,4,GWO,887.7800203454326,0,1,112.2199796545674
7,20,2500,20260806,4,FA,-112.03751473889984,1,0,112.03751473889984
7,20,2500,20260806,4,PSO,-112.31402796017787,1,0,112.31402796017787
7,20,2500,20260806,4,GA,-112.29135019224717,1,0,112.29135019224717
7,20,2500,20260806,4,ACO,-112.31398263897862,1,0,112.31398263897862
7,20,2500,20260806,5,ABC,-99.21530697065782,1,0,99.21530697065782
7,20,2500,20260806,5,GWO,-98.73883026496355,1,0,98.73883026496355
7,20,2500,20260806,5,FA,-98.92715373264517,1,0,98.92715373264517
7,20,2500,20260806,5,PSO,-99.6159327809997,1,0,99.6159327809997
7,20,2500,20260806,5,GA,-99.25239847210646,1,0,99.25239847210646
7,20,2500,20260806,5,ACO,-99.61517164136565,1,0,99.61517164136565
7,20,2500,20260806,6,ABC,-99.05865436599984,1,0,99.05865436599984
7,20,2500,20260806,6,GWO,-96.58848180235594,1,0,96.58848180235594
7,20,2500,20260806,6,FA,-95.87063399695255,1,0,95.87063399695255
7,20,2500,20260806,6,PSO,-97.69757657239961,1,0,97.69757657239961
7,20,2500,20260806,6,GA,-97.77520656991281,1,0,97.77520656991281
7,20,2500,20260806,6,ACO,-97.89159293958699,1,0,97.89159293958699
7,20,2500,20260806,7,ABC,-110.90956496402579,1,0,110.90956496402579
7,20,2500,20260806,7,GWO,-99.04704226071952,1,0,99.04704226071952
7,20,2500,20260806,7,FA,-103.66224520273714,1,0,103.66224520273714
7,20,2500,20260806,7,PSO,-103.6032314586006,1,0,103.6032314586006
7,20,2500,20260806,7,GA,884.5558514863146,0,1,115.44414851368538
7,20,2500,20260806,7,ACO,884.5439312608028,0,1,115.45606873919725
7,20,2500,20260806,8,ABC,903.7128138316057,0,1,96.28718616839436
7,20,2500,20260806,8,GWO,909.8453965870704,0,1,90.15460341292959
7,20,2500,20260806,8,FA,913.7710614276278,0,1,86.22893857237217
7,20,2500,20260806,8,PSO,913.6557044828669,0,1,86.34429551713308
7,20,2500,20260806,8,GA,1903.0495441655858,0,2,96.95045583441419
7,20,2500,20260806,8,ACO,904.9248334582878,0,1,95.07516654171214
7,20,2500,20260806,9,ABC,-111.60424376250958,1,0,111.60424376250958
7,20,2500,20260806,9,GWO,-109.11776510495173,1,0,109.11776510495173
7,20,2500,20260806,9,FA,-111.49829925172627,1,0,111.49829925172627
7,20,2500,20260806,9,PSO,-111.62144357710089,1,0,111.62144357710089
7,20,2500,20260806,9,GA,-111.5990910824584,1,0,111.5990910824584
7,20,2500,20260806,9,ACO,-111.61965251865765,1,0,111.61965251865765
7,20,2500,20260806,10,ABC,907.0138864934754,0,1,92.98611350652456
7,20,2500,20260806,10,GWO,910.3383366594136,0,1,89.66166334058646
7,20,2500,20260806,10,FA,905.4908969642503,0,1,94.50910303574969
7,20,2500,20260806,10,PSO,904.9540326683855,0,1,95.04596733161453
7,20,2500,20260806,10,GA,912.2233899288043,0,1,87.77661007119573
7,20,2500,20260806,10,ACO,909.6261242613915,0,1,90.37387573860845
7,20,2500,20260806,11,ABC,-116.1713704071122,1,0,116.1713704071122
7,20,2500,20260806,11,GWO,-104.75789579615939,1,0,104.75789579615939
7,20,2500,20260806,11,FA,-116.0831532327853,1,0,116.0831532327853
7,20,2500,20260806,11,PSO,881.4736526982052,0,1,118.52634730179476
7,20,2500,20260806,11,GA,-116.18773173475418,1,0,116.18773173475418
7,20,2500,20260806,11,ACO,-108.18786935779586,1,0,108.18786935779586
7,20,2500,20260806,12,ABC,897.5087607529143,0,1,102.49123924708569
7,20,2500,20260806,12,GWO,1902.0100468228677,0,2,97.98995317713239
7,20,2500,20260806,12,FA,898.3811572453848,0,1,101.61884275461527
7,20,2500,20260806,12,PSO,898.1414995253784,0,1,101.85850047462155
7,20,2500,20260806,12,GA,898.1719984647799,0,1,101.82800153522014
7,20,2500,20260806,12,ACO,897.3568792799815,0,1,102.64312072001852
7,20,2500,20260806,13,ABC,-105.12558038377546,1,0,105.12558038377546
7,20,2500,20260806,13,GWO,-104.71475418285856,1,0,104.71475418285856
7,20,2500,20260806,13,FA,-99.80060281113151,1,0,99.80060281113151
7,20,2500,20260806,13,PSO,-97.81650669856855,1,0,97.81650669856855
7,20,2500,20260806,13,GA,-98.10192521732205,1,0,98.10192521732205
7,20,2500,20260806,13,ACO,-105.14373283566083,1,0,105.14373283566083
7,20,2500,20260806,14,ABC,-116.78022059256045,1,0,116.78022059256045
7,20,2500,20260806,14,GWO,-111.74203839980821,1,0,111.74203839980821
7,20,2500,20260806,14,FA,-115.69227589731672,1,0,115.69227589731672
7,20,2500,20260806,14,PSO,-116.80811259204543,1,0,116.80811259204543
7,20,2500,20260806,14,GA,-116.76455920979932,1,0,116.76455920979932
7,20,2500,20260806,14,ACO,-116.73483078760708,1,0,116.73483078760708
7,20,2500,20260806,15,ABC,-102.3070593748934,1,0,102.3070593748934
7,20,2500,20260806,15,GWO,-99.4191553885595,1,0,99.4191553885595
7,20,2500,20260806,15,FA,889.1859182745436,0,1,110.8140817254564
7,20,2500,20260806,15,PSO,-102.38785057748579,1,0,102.38785057748579
7,20,2500,20260806,15,GA,889.1578509397473,0,1,110.84214906025277
7,20,2500,20260806,15,ACO,889.1204643242685,0,1,110.87953567573147
7,20,2500,20260806,16,ABC,-101.31765382226354,1,0,101.31765382226354
7,20,2500,20260806,16,GWO,897.452475964808,0,1,102.54752403519205
7,20,2500,20260806,16,FA,-99.58777067365037,1,0,99.58777067365037
7,20,2500,20260806,16,PSO,896.9142640700078,0,1,103.08573592999224
7,20,2500,20260806,16,GA,-100.97839487575021,1,0,100.97839487575021
7,20,2500,20260806,16,ACO,896.2106694173028,0,1,103.78933058269723
7,20,2500,20260806,17,ABC,-99.03599147207431,1,0,99.03599147207431
7,20,2500,20260806,17,GWO,-98.3638232547044,1,0,98.3638232547044
7,20,2500,20260806,17,FA,-99.0313602651436,1,0,99.0313602651436
7,20,2500,20260806,17,PSO,-99.05360358578864,1,0,99.05360358578864
7,20,2500,20260806,17,GA,895.421080674024,0,1,104.57891932597602
7,20,2500,20260806,17,ACO,-99.05366705413039,1,0,99.05366705413039
7,20,2500,20260806,18,ABC,-104.25816650405756,1,0,104.25816650405756
7,20,2500,20260806,18,GWO,-97.26677651925698,1,0,97.26677651925698
7,20,2500,20260806,18,FA,-104.02405887569523,1,0,104.02405887569523
7,20,2500,20260806,18,PSO,893.6621283206143,0,1,106.33787167938561
7,20,2500,20260806,18,GA,893.3266346605211,0,1,106.67336533947886
7,20,2500,20260806,18,ACO,-104.304168619373,1,0,104.304168619373
7,20,2500,20260806,19,ABC,-112.1829335744973,1,0,112.1829335744973
7,20,2500,20260806,19,GWO,-109.23468726778358,1,0,109.23468726778358
7,20,2500,20260806,19,FA,-101.86341891109242,1,0,101.86341891109242
7,20,2500,20260806,19,PSO,886.1885354277376,0,1,113.8114645722624
7,20,2500,20260806,19,GA,-112.17623665795377,1,0,112.17623665795377
7,20,2500,20260806,19,ACO,885.3685770977502,0,1,114.63142290224977
7,20,2500,20260806,20,ABC,900.2903338629557,0,1,99.70966613704434
7,20,2500,20260806,20,GWO,900.1287733205901,0,1,99.87122667940989
7,20,2500,20260806,20,FA,900.079760787447,0,1,99.92023921255308
7,20,2500,20260806,20,PSO,900.054610316874,0,1,99.945389683126
7,20,2500,20260806,20,GA,900.0574819595495,0,1,99.94251804045052
7,20,2500,20260806,20,ACO,903.6461320994688,0,1,96.35386790053127
7,20,2500,20260806,21,ABC,-108.38370670119686,1,0,108.38370670119686
7,20,2500,20260806,21,GWO,-107.70273887222132,1,0,107.70273887222132
7,20,2500,20260806,21,FA,-108.29385106160913,1,0,108.29385106160913
7,20,2500,20260806,21,PSO,-108.21574598796603,1,0,108.21574598796603
7,20,2500,20260806,21,GA,884.4485201017552,0,1,115.55147989824475
7,20,2500,20260806,21,ACO,-108.34502290618745,1,0,108.34502290618745
7,20,2500,20260806,22,ABC,-99.63082517557459,1,0,99.63082517557459
7,20,2500,20260806,22,GWO,-94.51937654967533,1,0,94.51937654967533
7,20,2500,20260806,22,FA,-99.60911252319141,1,0,99.60911252319141
7,20,2500,20260806,22,PSO,-95.96401914415783,1,0,95.96401914415783
7,20,2500,20260806,22,GA,896.622173158466,0,1,103.37782684153403
7,20,2500,20260806,22,ACO,-98.19029115231453,1,0,98.19029115231453
7,20,2500,20260806,23,ABC,-100.47817514890255,1,0,100.47817514890255
7,20,2500,20260806,23,GWO,-100.15602401726589,1,0,100.15602401726589
7,20,2500,20260806,23,FA,-98.15781648105326,1,0,98.15781648105326
7,20,2500,20260806,23,PSO,-103.30059206773913,1,0,103.30059206773913
7,20,2500,20260806,23,GA,890.2036589443485,0,1,109.79634105565147
7,20,2500,20260806,23,ACO,-103.29184734032536,1,0,103.29184734032536
7,20,2500,20260806,24,ABC,-116.6142713390323,1,0,116.6142713390323
7,20,2500,20260806,24,GWO,-113.69326437659406,1,0,113.69326437659406
7,20,2500,20260806,24,FA,-116.6190819614177,1,0,116.6190819614177
7,20,2500,20260806,24,PSO,-116.67692192754858,1,0,116.67692192754858
7,20,2500,20260806,24,GA,-116.6198425833924,1,0,116.6198425833924
7,20,2500,20260806,24,ACO,-116.6770067971335,1,0,116.6770067971335
7,20,2500,20260806,25,ABC,-111.672727984148,1,0,111.672727984148
7,20,2500,20260806,25,GWO,-110.52780689707491,1,0,110.52780689707491
7,20,2500,20260806,25,FA,-111.67262444203838,1,0,111.67262444203838
7,20,2500,20260806,25,PSO,-111.24176964119027,1,0,111.24176964119027
7,20,2500,20260806,25,GA,-111.65702058567264,1,0,111.65702058567264
7,20,2500,20260806,25,ACO,-110.75971794981659,1,0,110.75971794981659
7,20,2500,20260806,26,ABC,-108.89966189436939,1,0,108.89966189436939
7,20,2500,20260806,26,GWO,-104.06207316947163,1,0,104.06207316947163
7,20,2500,20260806,26,FA,888.9563787201323,0,1,111.0436212798677
7,20,2500,20260806,26,PSO,-104.43650572495491,1,0,104.43650572495491
7,20,2500,20260806,26,GA,888.9433902206802,0,1,111.0566097793199
7,20,2500,20260806,26,ACO,-108.91391658908081,1,0,108.91391658908081
7,20,2500,20260806,27,ABC,-109.42794146410013,1,0,109.42794146410013
7,20,2500,20260806,27,GWO,-109.13386710839485,1,0,109.13386710839485
7,20,2500,20260806,27,FA,-109.40822560925935,1,0,109.40822560925935
7,20,2500,20260806,27,PSO,-109.44273406818687,1,0,109.44273406818687
7,20,2500,20260806,27,GA,-109.44122377964563,1,0,109.44122377964563
7,20,2500,20260806,27,ACO,-109.44253425158479,1,0,109.44253425158479
7,20,2500,20260806,28,ABC,-108.76523690970942,1,0,108.76523690970942
7,20,2500,20260806,28,GWO,-104.12139166294409,1,0,104.12139166294409
7,20,2500,20260806,28,FA,-105.3710063587565,1,0,105.3710063587565
7,20,2500,20260806,28,PSO,-105.12814945191232,1,0,105.12814945191232
7,20,2500,20260806,28,GA,885.6554445108865,0,1,114.34455548911349
7,20,2500,20260806,28,ACO,-108.61539867595967,1,0,108.61539867595967
7,20,2500,20260806,29,ABC,-118.4978965927055,1,0,118.4978965927055
7,20,2500,20260806,29,GWO,-118.27992487630658,1,0,118.27992487630658
7,20,2500,20260806,29,FA,-118.43713697049816,1,0,118.43713697049816
7,20,2500,20260806,29,PSO,-118.50023499051366,1,0,118.50023499051366
7,20,2500,20260806,29,GA,-118.49092990424019,1,0,118.49092990424019
7,20,2500,20260806,29,ACO,-118.50024976439812,1,0,118.50024976439812
7,20,2500,999983,0,ABC,-118.89792132202439,1,0,118.89792132202439
7,20,2500,999983,0,GWO,-118.72960523894955,1,0,118.72960523894955
7,20,2500,999983,0,FA,-118.87941819170531,1,0,118.87941819170531
7,20,2500,999983,0,PSO,-118.93090362939026,1,0,118.93090362939026
7,20,2500,999983,0,GA,-118.91785918030493,1,0,118.91785918030493
7,20,2500,999983,0,ACO,-118.93101582497938,1,0,118.93101582497938
7,20,2500,999983,1,ABC,-111.0103103281268,1,0,111.0103103281268
7,20,2500,999983,1,GWO,884.8091599594295,0,1,115.19084004057048
7,20,2500,999983,1,FA,884.7502935341793,0,1,115.24970646582071
7,20,2500,999983,1,PSO,885.3141343335986,0,1,114.68586566640133
7,20,2500,999983,1,GA,884.6739237927351,0,1,115.32607620726495
7,20,2500,999983,1,ACO,-108.36140995259862,1,0,108.36140995259862
7,20,2500,999983,2,ABC,-107.39317614070697,1,0,107.39317614070697
7,20,2500,999983,2,GWO,890.4967676957554,0,1,109.50323230424459
7,20,2500,999983,2,FA,-107.1376161483845,1,0,107.1376161483845
7,20,2500,999983,2,PSO,-98.01536639468208,1,0,98.01536639468208
7,20,2500,999983,2,GA,890.2748265006686,0,1,109.72517349933142
7,20,2500,999983,2,ACO,-98.01539524296574,1,0,98.01539524296574
7,20,2500,999983,3,ABC,-105.77400334661934,1,0,105.77400334661934
7,20,2500,999983,3,GWO,-98.95906490126784,1,0,98.95906490126784
7,20,2500,999983,3,FA,-100.61108371435255,1,0,100.61108371435255
7,20,2500,999983,3,PSO,892.3416374560328,0,1,107.65836254396723
7,20,2500,999983,3,GA,890.0395670753554,0,1,109.9604329246446
7,20,2500,999983,3,ACO,-105.78718674861115,1,0,105.78718674861115
7,20,2500,999983,4,ABC,-101.78640893558601,1,0,101.78640893558601
7,20,2500,999983,4,GWO,-94.86874997913947,1,0,94.86874997913947
7,20,2500,999983,4,FA,890.786392806009,0,1,109.213607193991
7,20,2500,999983,4,PSO,890.7478689545142,0,1,109.25213104548587
7,20,2500,999983,4,GA,890.7500158646995,0,1,109.24998413530045
7,20,2500,999983,4,ACO,-101.76580628531435,1,0,101.76580628531435
7,20,2500,999983,5,ABC,-104.85324970596352,1,0,104.85324970596352
7,20,2500,999983,5,GWO,-91.24770870643178,1,0,91.24770870643178
7,20,2500,999983,5,FA,889.1608621175629,0,1,110.83913788243709
7,20,2500,999983,5,PSO,-99.14235477450306,1,0,99.14235477450306
7,20,2500,999983,5,GA,889.0523854498406,0,1,110.94761455015947
7,20,2500,999983,5,ACO,-104.89551441432161,1,0,104.89551441432161
7,20,2500,999983,6,ABC,-92.4703867586638,1,0,92.4703867586638
7,20,2500,999983,6,GWO,905.4911564635869,0,1,94.50884353641311
7,20,2500,999983,6,FA,-92.32607449355622,1,0,92.32607449355622
7,20,2500,999983,6,PSO,-93.51182268755151,1,0,93.51182268755151
7,20,2500,999983,6,GA,910.2353751376047,0,1,89.76462486239528
7,20,2500,999983,6,ACO,908.253179306758,0,1,91.746820693242
7,20,2500,999983,7,ABC,-106.80930789409183,1,0,106.80930789409183
7,20,2500,999983,7,GWO,-106.84878545048134,1,0,106.84878545048134
7,20,2500,999983,7,FA,-106.97054257280736,1,0,106.97054257280736
7,20,2500,999983,7,PSO,-107.28758329323176,1,0,107.28758329323176
7,20,2500,999983,7,GA,-107.22252167420405,1,0,107.22252167420405
7,20,2500,999983,7,ACO,-107.28538079566835,1,0,107.28538079566835
7,20,2500,999983,8,ABC,-104.06504692390199,1,0,104.06504692390199
7,20,2500,999983,8,GWO,-103.85897386725252,1,0,103.85897386725252
7,20,2500,999983,8,FA,-104.08724099313541,1,0,104.08724099313541
7,20,2500,999983,8,PSO,-105.30700319704407,1,0,105.30700319704407
7,20,2500,999983,8,GA,-103.80009257875062,1,0,103.80009257875062
7,20,2500,999983,8,ACO,-105.29604452477831,1,0,105.29604452477831
7,20,2500,999983,9,ABC,-113.2790329020879,1,0,113.2790329020879
7,20,2500,999983,9,GWO,-105.31745267537708,1,0,105.31745267537708
7,20,2500,999983,9,FA,-111.47517810971136,1,0,111.47517810971136
7,20,2500,999983,9,PSO,-113.60437400978525,1,0,113.60437400978525
7,20,2500,999983,9,GA,-113.5012802440637,1,0,113.5012802440637
7,20,2500,999983,9,ACO,-113.60547849847018,1,0,113.60547849847018
7,20,2500,999983,10,ABC,-99.1158922397019,1,0,99.1158922397019
7,20,2500,999983,10,GWO,907.2560437355601,0,1,92.74395626443997
7,20,2500,999983,10,FA,-99.16660131131795,1,0,99.16660131131795
7,20,2500,999983,10,PSO,-98.74531355989288,1,0,98.74531355989288
7,20,2500,999983,10,GA,-98.7356691093436,1,0,98.7356691093436
7,20,2500,999983,10,ACO,-98.74527034413482,1,0,98.74527034413482
7,20,2500,999983,11,ABC,902.8647038457357,0,1,97.1352961542643
7,20,2500,999983,11,GWO,910.3666538346661,0,1,89.63334616533393
7,20,2500,999983,11,FA,903.843727458749,0,1,96.156272541251
7,20,2500,999983,11,PSO,902.1684925936893,0,1,97.83150740631068
7,20,2500,999983,11,GA,902.2464488799149,0,1,97.75355112008515
7,20,2500,999983,11,ACO,903.5024850919415,0,1,96.49751490805846
7,20,2500,999983,12,ABC,-97.8286471940109,1,0,97.8286471940109
7,20,2500,999983,12,GWO,-90.25497944911912,1,0,90.25497944911912
7,20,2500,999983,12,FA,893.5560206847441,0,1,106.44397931525587
7,20,2500,999983,12,PSO,893.450247289896,0,1,106.54975271010399
7,20,2500,999983,12,GA,893.4694769041166,0,1,106.53052309588332
7,20,2500,999983,12,ACO,893.6906363135427,0,1,106.3093636864574
7,20,2500,999983,13,ABC,-107.46788134757628,1,0,107.46788134757628
7,20,2500,999983,13,GWO,-97.90055289733449,1,0,97.90055289733449
7,20,2500,999983,13,FA,-105.20674090424495,1,0,105.20674090424495
7,20,2500,999983,13,PSO,885.1282088058547,0,1,114.87179119414526
7,20,2500,999983,13,GA,885.1286513029781,0,1,114.87134869702183
7,20,2500,999983,13,ACO,-105.23686397975695,1,0,105.23686397975695
7,20,2500,999983,14,ABC,-102.39808388243036,1,0,102.39808388243036
7,20,2500,999983,14,GWO,-98.95991424420123,1,0,98.95991424420123
7,20,2500,999983,14,FA,-103.04395418955444,1,0,103.04395418955444
7,20,2500,999983,14,PSO,-103.132938414142,1,0,103.132938414142
7,20,2500,999983,14,GA,-103.11258525036243,1,0,103.11258525036243
7,20,2500,999983,14,ACO,-101.38269737498878,1,0,101.38269737498878
7,20,2500,999983,15,ABC,-104.77725355797472,1,0,104.77725355797472
7,20,2500,999983,15,GWO,-97.29140341544974,1,0,97.29140341544974
7,20,2500,999983,15,FA,887.8668473520263,0,1,112.13315264797365
7,20,2500,999983,15,PSO,887.847362974346,0,1,112.15263702565397
7,20,2500,999983,15,GA,887.867944705624,0,1,112.1320552943759
7,20,2500,999983,15,ACO,-104.81473904233567,1,0,104.81473904233567
7,20,2500,999983,16,ABC,-115.04138737163792,1,0,115.04138737163792
7,20,2500,999983,16,GWO,-113.43553484330376,1,0,113.43553484330376
7,20,2500,999983,16,FA,-115.00939524499645,1,0,115.00939524499645
7,20,2500,999983,16,PSO,-115.04968789017235,1,0,115.04968789017235
7,20,2500,999983,16,GA,-115.04231701968885,1,0,115.04231701968885
7,20,2500,999983,16,ACO,-115.04969102174691,1,0,115.04969102174691
7,20,2500,999983,17,ABC,-106.43544308507894,1,0,106.43544308507894
7,20,2500,999983,17,GWO,910.0427252071377,0,1,89.95727479286232
7,20,2500,999983,17,FA,-101.07789850340029,1,0,101.07789850340029
7,20,2500,999983,17,PSO,-101.01495517658213,1,0,101.01495517658213
7,20,2500,999983,17,GA,-100.59940152249396,1,0,100.59940152249396
7,20,2500,999983,17,ACO,-106.41743886530276,1,0,106.41743886530276
7,20,2500,999983,18,ABC,904.2223106819005,0,1,95.77768931809955
7,20,2500,999983,18,GWO,911.5163605409415,0,1,88.48363945905851
7,20,2500,999983,18,FA,1905.8587437584247,0,2,94.14125624157532
7,20,2500,999983,18,PSO,904.1414284679529,0,1,95.85857153204712
7,20,2500,999983,18,GA,1904.221568034047,0,2,95.77843196595295
7,20,2500,999983,18,ACO,910.7184673737014,0,1,89.28153262629863
7,20,2500,999983,19,ABC,903.1866592503476,0,1,96.81334074965238
7,20,2500,999983,19,GWO,1903.78702792558,0,2,96.21297207441981
7,20,2500,999983,19,FA,902.8747977214958,0,1,97.12520227850416
7,20,2500,999983,19,PSO,902.4044012433947,0,1,97.5955987566054
7,20,2500,999983,19,GA,902.4455859896739,0,1,97.5544140103261
7,20,2500,999983,19,ACO,1904.0320332028762,0,2,95.9679667971238
7,20,2500,999983,20,ABC,-109.70841432618866,1,0,109.70841432618866
7,20,2500,999983,20,GWO,-108.86936146337177,1,0,108.86936146337177
7,20,2500,999983,20,FA,-109.56140307478911,1,0,109.56140307478911
7,20,2500,999983,20,PSO,-109.71026949173034,1,0,109.71026949173034
7,20,2500,999983,20,GA,-109.59243174508663,1,0,109.59243174508663
7,20,2500,999983,20,ACO,-109.71027015869535,1,0,109.71027015869535
7,20,2500,999983,21,ABC,-108.05835042092757,1,0,108.05835042092757
7,20,2500,999983,21,GWO,-108.12720903044382,1,0,108.12720903044382
7,20,2500,999983,21,FA,-108.52273195406062,1,0,108.52273195406062
7,20,2500,999983,21,PSO,-106.72864577441503,1,0,106.72864577441503
7,20,2500,999983,21,GA,-108.40741387352622,1,0,108.40741387352622
7,20,2500,999983,21,ACO,-108.55073822543866,1,0,108.55073822543866
7,20,2500,999983,22,ABC,-101.2264975388702,1,0,101.2264975388702
7,20,2500,999983,22,GWO,890.4224162199007,0,1,109.57758378009926
7,20,2500,999983,22,FA,-100.34756497867376,1,0,100.34756497867376
7,20,2500,999983,22,PSO,890.463863136467,0,1,109.536136863533
7,20,2500,999983,22,GA,890.3658825768879,0,1,109.63411742311207
7,20,2500,999983,22,ACO,890.364170015057,0,1,109.63582998494302
7,20,2500,999983,23,ABC,892.2358351599441,0,1,107.76416484005586
7,20,2500,999983,23,GWO,892.8391394020437,0,1,107.16086059795634
7,20,2500,999983,23,FA,892.2247447216178,0,1,107.77525527838229
7,20,2500,999983,23,PSO,892.2053271895504,0,1,107.79467281044957
7,20,2500,999983,23,GA,892.2517446614112,0,1,107.74825533858886
7,20,2500,999983,23,ACO,-98.67506403729793,1,0,98.67506403729793
7,20,2500,999983,24,ABC,-105.18706917864608,1,0,105.18706917864608
7,20,2500,999983,24,GWO,904.8112974347351,0,1,95.18870256526485
7,20,2500,999983,24,FA,894.0015627509769,0,1,105.99843724902311
7,20,2500,999983,24,PSO,893.9427584007693,0,1,106.05724159923064
7,20,2500,999983,24,GA,893.954377337637,0,1,106.04562266236302
7,20,2500,999983,24,ACO,-103.12124316456179,1,0,103.12124316456179
7,20,2500,999983,25,ABC,-97.19444569971219,1,0,97.19444569971219
7,20,2500,999983,25,GWO,904.8081078449659,0,1,95.19189215503417
7,20,2500,999983,25,FA,898.9033590182809,0,1,101.09664098171918
7,20,2500,999983,25,PSO,-97.45594319643038,1,0,97.45594319643038
7,20,2500,999983,25,GA,1896.6486249814554,0,2,103.35137501854454
7,20,2500,999983,25,ACO,909.5085921896302,0,1,90.49140781036975
7,20,2500,999983,26,ABC,-105.0470644334649,1,0,105.0470644334649
7,20,2500,999983,26,GWO,-103.67252448783182,1,0,103.67252448783182
7,20,2500,999983,26,FA,-102.32774035513627,1,0,102.32774035513627
7,20,2500,999983,26,PSO,-102.41285390015123,1,0,102.41285390015123
7,20,2500,999983,26,GA,-105.19429259172257,1,0,105.19429259172257
7,20,2500,999983,26,ACO,-105.27533491286741,1,0,105.27533491286741
7,20,2500,999983,27,ABC,892.9707189288284,0,1,107.0292810711716
7,20,2500,999983,27,GWO,892.6313663049866,0,1,107.36863369501336
7,20,2500,999983,27,FA,894.5599066483752,0,1,105.44009335162478
7,20,2500,999983,27,PSO,-100.43276810795759,1,0,100.43276810795759
7,20,2500,999983,27,GA,892.1975253914676,0,1,107.80247460853239
7,20,2500,999983,27,ACO,892.1310763609034,0,1,107.86892363909662
7,20,2500,999983,28,ABC,-103.0713147495749,1,0,103.0713147495749
7,20,2500,999983,28,GWO,895.9439665213048,0,1,104.05603347869521
7,20,2500,999983,28,FA,-103.12968362848854,1,0,103.12968362848854
7,20,2500,999983,28,PSO,-103.26442828751661,1,0,103.26442828751661
7,20,2500,999983,28,GA,-103.16002702017497,1,0,103.16002702017497
7,20,2500,999983,28,ACO,-103.26354948643677,1,0,103.26354948643677
7,20,2500,999983,29,ABC,-114.42590883620883,1,0,114.42590883620883
7,20,2500,999983,29,GWO,-113.80849615497048,1,0,113.80849615497048
7,20,2500,999983,29,FA,-114.33780198726086,1,0,114.33780198726086
7,20,2500,999983,29,PSO,-113.64245689068578,1,0,113.64245689068578
7,20,2500,999983,29,GA,-113.98363498381966,1,0,113.98363498381966
7,20,2500,999983,29,ACO,-114.44714619805961,1,0,114.44714619805961
7,6,2500,42,0,ABC,-96.52859054062408,1,0,96.52859054062408
7,6,2500,42,0,GWO,909.5896056887616,0,1,90.41039431123845
7,6,2500,42,0,FA,899.7774932228596,0,1,100.22250677714042
7,6,2500,42,0,PSO,1893.0182423891515,0,2,106.98175761084838
7,6,2500,42,0,GA,899.7365546732395,0,1,100.26344532676043
7,6,2500,42,0,ACO,899.489756489401,0,1,100.51024351059904
7,6,2500,42,1,ABC,-107.39918671025002,1,0,107.39918671025002
7,6,2500,42,1,GWO,-107.3079506285107,1,0,107.3079506285107
7,6,2500,42,1,FA,-111.13766876963115,1,0,111.13766876963115
7,6,2500,42,1,PSO,-111.15467733748214,1,0,111.15467733748214
7,6,2500,42,1,GA,-107.38583184419107,1,0,107.38583184419107
7,6,2500,42,1,ACO,-107.39962329719931,1,0,107.39962329719931
7,6,2500,42,2,ABC,-95.84576968556557,1,0,95.84576968556557
7,6,2500,42,2,GWO,-102.51147996186916,1,0,102.51147996186916
7,6,2500,42,2,FA,-111.63434513303815,1,0,111.63434513303815
7,6,2500,42,2,PSO,-111.7573172810151,1,0,111.7573172810151
7,6,2500,42,2,GA,-111.75647889977988,1,0,111.75647889977988
7,6,2500,42,2,ACO,-111.50355976369798,1,0,111.50355976369798
7,6,2500,42,3,ABC,-108.07212114436444,1,0,108.07212114436444
7,6,2500,42,3,GWO,896.1671550879615,0,1,103.83284491203848
7,6,2500,42,3,FA,889.6856507440624,0,1,110.31434925593757
7,6,2500,42,3,PSO,890.1060457978796,0,1,109.89395420212045
7,6,2500,42,3,GA,-107.77611172348433,1,0,107.77611172348433
7,6,2500,42,3,ACO,889.9221741620739,0,1,110.07782583792606
7,6,2500,42,4,ABC,-115.09499750758948,1,0,115.09499750758948
7,6,2500,42,4,GWO,-103.87714429916545,1,0,103.87714429916545
7,6,2500,42,4,FA,882.5087357752218,0,1,117.49126422477826
7,6,2500,42,4,PSO,883.4758942125914,0,1,116.52410578740859
7,6,2500,42,4,GA,882.4987692784014,0,1,117.50123072159859
7,6,2500,42,4,ACO,-115.1773937032959,1,0,115.1773937032959
7,6,2500,42,5,ABC,-110.91065377381513,1,0,110.91065377381513
7,6,2500,42,5,GWO,-107.57289008791687,1,0,107.57289008791687
7,6,2500,42,5,FA,-110.85617872124402,1,0,110.85617872124402
7,6,2500,42,5,PSO,-110.91487256547377,1,0,110.91487256547377
7,6,2500,42,5,GA,-110.88583352849517,1,0,110.88583352849517
7,6,2500,42,5,ACO,-110.91487258627008,1,0,110.91487258627008
7,6,2500,42,6,ABC,-112.00759590997855,1,0,112.00759590997855
7,6,2500,42,6,GWO,-100.93803415091833,1,0,100.93803415091833
7,6,2500,42,6,FA,-110.34177010842026,1,0,110.34177010842026
7,6,2500,42,6,PSO,-112.00986262917345,1,0,112.00986262917345
7,6,2500,42,6,GA,-112.00248852364447,1,0,112.00248852364447
7,6,2500,42,6,ACO,-111.98202142098239,1,0,111.98202142098239
7,6,2500,42,7,ABC,-104.6096268392522,1,0,104.6096268392522
7,6,2500,42,7,GWO,-101.9845094325694,1,0,101.9845094325694
7,6,2500,42,7,FA,891.5070647981146,0,1,108.49293520188537
7,6,2500,42,7,PSO,-101.92162406645357,1,0,101.92162406645357
7,6,2500,42,7,GA,891.5051834793077,0,1,108.49481652069232
7,6,2500,42,7,ACO,-98.84475068663764,1,0,98.84475068663764
7,6,2500,42,8,ABC,-100.63267349630944,1,0,100.63267349630944
7,6,2500,42,8,GWO,-88.5638821889127,1,0,88.5638821889127
7,6,2500,42,8,FA,896.5812478108141,0,1,103.41875218918585
7,6,2500,42,8,PSO,896.0868009715898,0,1,103.91319902841018
7,6,2500,42,8,GA,896.5653627105185,0,1,103.43463728948149
7,6,2500,42,8,ACO,895.7520902505872,0,1,104.24790974941274
7,6,2500,42,9,ABC,-106.11305854075025,1,0,106.11305854075025
7,6,2500,42,9,GWO,-95.21902460542579,1,0,95.21902460542579
7,6,2500,42,9,FA,-106.22016628667559,1,0,106.22016628667559
7,6,2500,42,9,PSO,-105.59149131775133,1,0,105.59149131775133
7,6,2500,42,9,GA,-106.2146404906131,1,0,106.2146404906131
7,6,2500,42,9,ACO,-106.2567586356101,1,0,106.2567586356101
7,6,2500,42,10,ABC,-104.3401829532928,1,0,104.3401829532928
7,6,2500,42,10,GWO,904.9752962492406,0,1,95.02470375075941
7,6,2500,42,10,FA,-104.24917996534538,1,0,104.24917996534538
7,6,2500,42,10,PSO,892.092566158304,0,1,107.90743384169605
7,6,2500,42,10,GA,892.1125402621719,0,1,107.88745973782811
7,6,2500,42,10,ACO,-94.33147087933106,1,0,94.33147087933106
7,6,2500,42,11,ABC,-113.63873579758312,1,0,113.63873579758312
7,6,2500,42,11,GWO,-111.84676779427409,1,0,111.84676779427409
7,6,2500,42,11,FA,-113.6124071855499,1,0,113.6124071855499
7,6,2500,42,11,PSO,-113.7159908995377,1,0,113.7159908995377
7,6,2500,42,11,GA,-113.61785708987158,1,0,113.61785708987158
7,6,2500,42,11,ACO,-113.71596804458933,1,0,113.71596804458933
7,6,2500,42,12,ABC,900.9330406706652,0,1,99.0669593293349
7,6,2500,42,12,GWO,909.8990815477317,0,1,90.10091845226829
7,6,2500,42,12,FA,900.7416677333448,0,1,99.25833226665524
7,6,2500,42,12,PSO,900.695220228837,0,1,99.304779771163
7,6,2500,42,12,GA,900.7246513627526,0,1,99.27534863724739
7,6,2500,42,12,ACO,900.6952202286885,0,1,99.30477977131147
7,6,2500,42,13,ABC,893.3136937941453,0,1,106.68630620585479
7,6,2500,42,13,GWO,898.3693566322454,0,1,101.63064336775464
7,6,2500,42,13,FA,897.3302338658862,0,1,102.66976613411381
7,6,2500,42,13,PSO,895.7084605149603,0,1,104.29153948503973
7,6,2500,42,13,GA,893.3470878543338,0,1,106.65291214566614
7,6,2500,42,13,ACO,897.6151451620202,0,1,102.38485483797974
7,6,2500,42,14,ABC,-104.2137257875343,1,0,104.2137257875343
7,6,2500,42,14,GWO,887.1086919078762,0,1,112.89130809212384
7,6,2500,42,14,FA,889.278985514241,0,1,110.72101448575908
7,6,2500,42,14,PSO,886.5011426269373,0,1,113.4988573730627
7,6,2500,42,14,GA,886.5254185612747,0,1,113.47458143872534
7,6,2500,42,14,ACO,886.5474806042341,0,1,113.45251939576583
7,6,2500,42,15,ABC,-98.13910321078566,1,0,98.13910321078566
7,6,2500,42,15,GWO,908.7071355165883,0,1,91.29286448341163
7,6,2500,42,15,FA,1892.9988416258238,0,2,107.00115837417614
7,6,2500,42,15,PSO,894.6790468224856,0,1,105.32095317751441
7,6,2500,42,15,GA,894.8099676170374,0,1,105.19003238296261
7,6,2500,42,15,ACO,-90.5457674829642,1,0,90.5457674829642
7,6,2500,42,16,ABC,-103.36934400990094,1,0,103.36934400990094
7,6,2500,42,16,GWO,-86.55067945531476,1,0,86.55067945531476
7,6,2500,42,16,FA,-98.07270429677277,1,0,98.07270429677277
7,6,2500,42,16,PSO,-103.45959036814838,1,0,103.45959036814838
7,6,2500,42,16,GA,-97.96131096186245,1,0,97.96131096186245
7,6,2500,42,16,ACO,-97.68913950915301,1,0,97.68913950915301
7,6,2500,42,17,ABC,-98.02791671190245,1,0,98.02791671190245
7,6,2500,42,17,GWO,1903.7996731172736,0,2,96.20032688272632
7,6,2500,42,17,FA,-97.84417710831693,1,0,97.84417710831693
7,6,2500,42,17,PSO,900.2882196170598,0,1,99.71178038294023
7,6,2500,42,17,GA,-90.77201772207019,1,0,90.77201772207019
7,6,2500,42,17,ACO,900.7467698785367,0,1,99.25323012146328
7,6,2500,42,18,ABC,903.2973754118599,0,1,96.70262458814007
7,6,2500,42,18,GWO,1906.0237654364414,0,2,93.97623456355858
7,6,2500,42,18,FA,907.7047360706765,0,1,92.29526392932347
7,6,2500,42,18,PSO,1899.97405070699,0,2,100.02594929300992
7,6,2500,42,18,GA,1898.8188372126685,0,2,101.18116278733139
7,6,2500,42,18,ACO,909.4096836215592,0,1,90.59031637844082
7,6,2500,42,19,ABC,-98.88809446818044,1,0,98.88809446818044
7,6,2500,42,19,GWO,903.9969454989769,0,1,96.00305450102309
7,6,2500,42,19,FA,900.7696421197013,0,1,99.23035788029871
7,6,2500,42,19,PSO,900.7592423771632,0,1,99.24075762283672
7,6,2500,42,19,GA,900.7784196240739,0,1,99.22158037592614
7,6,2500,42,19,ACO,900.8457565006373,0,1,99.15424349936268
7,6,2500,42,20,ABC,-107.78150147834711,1,0,107.78150147834711
7,6,2500,42,20,GWO,1898.7235739938774,0,2,101.2764260061227
7,6,2500,42,20,FA,-107.72358492512419,1,0,107.72358492512419
7,6,2500,42,20,PSO,-107.77859257502428,1,0,107.77859257502428
7,6,2500,42,20,GA,-108.01358211280632,1,0,108.01358211280632
7,6,2500,42,20,ACO,-108.06064744005165,1,0,108.06064744005165
7,6,2500,42,21,ABC,-106.50047935852501,1,0,106.50047935852501
7,6,2500,42,21,GWO,-100.10042947271833,1,0,100.10042947271833
7,6,2500,42,21,FA,-106.50018999733034,1,0,106.50018999733034
7,6,2500,42,21,PSO,-106.49915378403458,1,0,106.49915378403458
7,6,2500,42,21,GA,-106.49170129534589,1,0,106.49170129534589
7,6,2500,42,21,ACO,-106.27728147595339,1,0,106.27728147595339
7,6,2500,42,22,ABC,-113.55483397239352,1,0,113.55483397239352
7,6,2500,42,22,GWO,-103.91270790442069,1,0,103.91270790442069
7,6,2500,42,22,FA,880.809275351537,0,1,119.190724648463
7,6,2500,42,22,PSO,-113.55535820545805,1,0,113.55535820545805
7,6,2500,42,22,GA,-113.63862713409668,1,0,113.63862713409668
7,6,2500,42,22,ACO,-113.49997094278285,1,0,113.49997094278285
7,6,2500,42,23,ABC,-102.98685517203582,1,0,102.98685517203582
7,6,2500,42,23,GWO,909.6124060192018,0,1,90.38759398079819
7,6,2500,42,23,FA,-91.02162479288144,1,0,91.02162479288144
7,6,2500,42,23,PSO,-103.88438887402842,1,0,103.88438887402842
7,6,2500,42,23,GA,-103.87402443990285,1,0,103.87402443990285
7,6,2500,42,23,ACO,-94.8839262470831,1,0,94.8839262470831
7,6,2500,42,24,ABC,-102.02337251621397,1,0,102.02337251621397
7,6,2500,42,24,GWO,1904.817420252524,0,2,95.18257974747607
7,6,2500,42,24,FA,896.8681390296897,0,1,103.13186097031033
7,6,2500,42,24,PSO,896.9881943133122,0,1,103.01180568668784
7,6,2500,42,24,GA,893.7681255642443,0,1,106.23187443575569
7,6,2500,42,24,ACO,893.7597804030675,0,1,106.24021959693255
7,6,2500,42,25,ABC,904.2692478181442,0,1,95.7307521818558
7,6,2500,42,25,GWO,1900.8431721910752,0,2,99.15682780892475
7,6,2500,42,25,FA,904.9455209619474,0,1,95.05447903805258
7,6,2500,42,25,PSO,1897.7346675932545,0,2,102.26533240674547
7,6,2500,42,25,GA,1897.7497340096734,0,2,102.2502659903266
7,6,2500,42,25,ACO,1897.7321742203576,0,2,102.26782577964231
7,6,2500,42,26,ABC,-110.81718343378509,1,0,110.81718343378509
7,6,2500,42,26,GWO,-109.41280585330883,1,0,109.41280585330883
7,6,2500,42,26,FA,-110.68944040911515,1,0,110.68944040911515
7,6,2500,42,26,PSO,890.1238773636778,0,1,109.87612263632222
7,6,2500,42,26,GA,-110.445315619714,1,0,110.445315619714
7,6,2500,42,26,ACO,-110.46034156570025,1,0,110.46034156570025
7,6,2500,42,27,ABC,-99.49235933893776,1,0,99.49235933893776
7,6,2500,42,27,GWO,-92.5518098880211,1,0,92.5518098880211
7,6,2500,42,27,FA,890.4652157853076,0,1,109.53478421469244
7,6,2500,42,27,PSO,891.0045526229617,0,1,108.9954473770383
7,6,2500,42,27,GA,890.4534852314049,0,1,109.54651476859513
7,6,2500,42,27,ACO,897.6551385713983,0,1,102.34486142860166
7,6,2500,42,28,ABC,-96.78961741482615,1,0,96.78961741482615
7,6,2500,42,28,GWO,922.06427753964,0,1,77.93572246035995
7,6,2500,42,28,FA,898.1005975616828,0,1,101.8994024383172
7,6,2500,42,28,PSO,898.0654545002062,0,1,101.93454549979378
7,6,2500,42,28,GA,898.0798809166076,0,1,101.92011908339241
7,6,2500,42,28,ACO,898.0752244278318,0,1,101.9247755721682
7,6,2500,42,29,ABC,883.7334960584716,0,1,116.2665039415284
7,6,2500,42,29,GWO,-103.5271748213145,1,0,103.5271748213145
7,6,2500,42,29,FA,883.8946023838695,0,1,116.10539761613055
7,6,2500,42,29,PSO,-109.0092825109321,1,0,109.0092825109321
7,6,2500,42,29,GA,883.7487547787839,0,1,116.25124522121604
7,6,2500,42,29,ACO,-109.45634231927423,1,0,109.45634231927423
7,10,2500,42,0,ABC,-99.46033741366709,1,0,99.46033741366709
7,10,2500,42,0,GWO,904.4070491904638,0,1,95.59295080953619
7,10,2500,42,0,FA,-94.04684261165232,1,0,94.04684261165232
7,10,2500,42,0,PSO,-99.59631804925604,1,0,99.59631804925604
7,10,2500,42,0,GA,897.4071524714743,0,1,102.59284752852562
7,10,2500,42,0,ACO,-91.48609951112167,1,0,91.48609951112167
7,10,2500,42,1,ABC,-111.14710885861346,1,0,111.14710885861346
7,10,2500,42,1,GWO,-109.37134687076374,1,0,109.37134687076374
7,10,2500,42,1,FA,-111.08128989919388,1,0,111.08128989919388
7,10,2500,42,1,PSO,-111.15467741866954,1,0,111.15467741866954
7,10,2500,42,1,GA,-111.15412750393146,1,0,111.15412750393146
7,10,2500,42,1,ACO,-111.15467741986755,1,0,111.15467741986755
7,10,2500,42,2,ABC,-111.75003092409658,1,0,111.75003092409658
7,10,2500,42,2,GWO,-105.5884618290741,1,0,105.5884618290741
7,10,2500,42,2,FA,-111.72233457885673,1,0,111.72233457885673
7,10,2500,42,2,PSO,-111.50358174772568,1,0,111.50358174772568
7,10,2500,42,2,GA,-111.74328764504912,1,0,111.74328764504912
7,10,2500,42,2,ACO,-111.75731730483996,1,0,111.75731730483996
7,10,2500,42,3,ABC,-108.2758955048948,1,0,108.2758955048948
7,10,2500,42,3,GWO,-107.73353160375028,1,0,107.73353160375028
7,10,2500,42,3,FA,-106.17844986257275,1,0,106.17844986257275
7,10,2500,42,3,PSO,889.6922766886722,0,1,110.30772331132782
7,10,2500,42,3,GA,-108.3074750449831,1,0,108.3074750449831
7,10,2500,42,3,ACO,889.6605607128564,0,1,110.33943928714355
7,10,2500,42,4,ABC,-115.0123229415738,1,0,115.0123229415738
7,10,2500,42,4,GWO,882.7215717884336,0,1,117.27842821156639
7,10,2500,42,4,FA,883.4844028833257,0,1,116.51559711667421
7,10,2500,42,4,PSO,882.4727637036825,0,1,117.52723629631745
7,10,2500,42,4,GA,882.4943990338681,0,1,117.5056009661318
7,10,2500,42,4,ACO,-105.62884496202949,1,0,105.62884496202949
7,10,2500,42,5,ABC,-110.9146065909638,1,0,110.9146065909638
7,10,2500,42,5,GWO,-108.02876104228012,1,0,108.02876104228012
7,10,2500,42,5,FA,-110.85545917080421,1,0,110.85545917080421
7,10,2500,42,5,PSO,-110.91487244437354,1,0,110.91487244437354
7,10,2500,42,5,GA,-110.91107255155373,1,0,110.91107255155373
7,10,2500,42,5,ACO,-109.96054605202775,1,0,109.96054605202775
7,10,2500,42,6,ABC,-111.95389033112711,1,0,111.95389033112711
7,10,2500,42,6,GWO,-111.48301806608532,1,0,111.48301806608532
7,10,2500,42,6,FA,-111.95666872282577,1,0,111.95666872282577
7,10,2500,42,6,PSO,-112.00986262915009,1,0,112.00986262915009
7,10,2500,42,6,GA,-112.00104182832949,1,0,112.00104182832949
7,10,2500,42,6,ACO,-112.00986262917338,1,0,112.00986262917338
7,10,2500,42,7,ABC,-104.23784889144753,1,0,104.23784889144753
7,10,2500,42,7,GWO,-102.01188846772182,1,0,102.01188846772182
7,10,2500,42,7,FA,-104.5527111528781,1,0,104.5527111528781
7,10,2500,42,7,PSO,-98.56494369010687,1,0,98.56494369010687
7,10,2500,42,7,GA,891.5154269562612,0,1,108.48457304373878
7,10,2500,42,7,ACO,-104.61077200156045,1,0,104.61077200156045
7,10,2500,42,8,ABC,-102.85691159841592,1,0,102.85691159841592
7,10,2500,42,8,GWO,908.5124799185737,0,1,91.48752008142624
7,10,2500,42,8,FA,895.7535215157841,0,1,104.24647848421597
7,10,2500,42,8,PSO,896.2176449764249,0,1,103.7823550235751
7,10,2500,42,8,GA,896.477674411739,0,1,103.52232558826101
7,10,2500,42,8,ACO,-102.85859970162284,1,0,102.85859970162284
7,10,2500,42,9,ABC,-102.1182258257555,1,0,102.1182258257555
7,10,2500,42,9,GWO,-102.26458376296763,1,0,102.26458376296763
7,10,2500,42,9,FA,-100.07998927077169,1,0,100.07998927077169
7,10,2500,42,9,PSO,-105.5886465112155,1,0,105.5886465112155
7,10,2500,42,9,GA,-106.21929644653346,1,0,106.21929644653346
7,10,2500,42,9,ACO,-106.20396388803552,1,0,106.20396388803552
7,10,2500,42,10,ABC,-104.36735567892246,1,0,104.36735567892246
7,10,2500,42,10,GWO,906.3852930078466,0,1,93.61470699215342
7,10,2500,42,10,FA,892.1463067676167,0,1,107.85369323238328
7,10,2500,42,10,PSO,892.092268237113,0,1,107.90773176288701
7,10,2500,42,10,GA,892.1228447474932,0,1,107.87715525250674
7,10,2500,42,10,ACO,892.092146992949,0,1,107.90785300705105
7,10,2500,42,11,ABC,-113.69238073094061,1,0,113.69238073094061
7,10,2500,42,11,GWO,-111.84676779427409,1,0,111.84676779427409
7,10,2500,42,11,FA,-113.6720885445567,1,0,113.6720885445567
7,10,2500,42,11,PSO,-113.71599077744118,1,0,113.71599077744118
7,10,2500,42,11,GA,-113.68849910133213,1,0,113.68849910133213
7,10,2500,42,11,ACO,-113.71599094014832,1,0,113.71599094014832
7,10,2500,42,12,ABC,-93.16828471251864,1,0,93.16828471251864
7,10,2500,42,12,GWO,909.8407469338401,0,1,90.15925306615989
7,10,2500,42,12,FA,903.2298065653312,0,1,96.77019343466884
7,10,2500,42,12,PSO,900.695220655858,0,1,99.30477934414202
7,10,2500,42,12,GA,900.740839245423,0,1,99.25916075457697
7,10,2500,42,12,ACO,901.6224656315608,0,1,98.37753436843924
7,10,2500,42,13,ABC,-101.52645783558968,1,0,101.52645783558968
7,10,2500,42,13,GWO,-90.98504628644906,1,0,90.98504628644906
7,10,2500,42,13,FA,893.3229857231587,0,1,106.67701427684132
7,10,2500,42,13,PSO,894.5717959658198,0,1,105.42820403418027
7,10,2500,42,13,GA,893.3194185257486,0,1,106.68058147425138
7,10,2500,42,13,ACO,897.7460541474028,0,1,102.2539458525972
7,10,2500,42,14,ABC,-105.45821906103849,1,0,105.45821906103849
7,10,2500,42,14,GWO,886.7061550712124,0,1,113.29384492878766
7,10,2500,42,14,FA,886.545706911265,0,1,113.45429308873493
7,10,2500,42,14,PSO,886.5474804355506,0,1,113.45251956444935
7,10,2500,42,14,GA,886.5179788786481,0,1,113.4820211213519
7,10,2500,42,14,ACO,886.5011426269374,0,1,113.49885737306262
7,10,2500,42,15,ABC,-95.12831791023474,1,0,95.12831791023474
7,10,2500,42,15,GWO,-95.30972188480865,1,0,95.30972188480865
7,10,2500,42,15,FA,-99.03211115129407,1,0,99.03211115129407
7,10,2500,42,15,PSO,894.6822332808349,0,1,105.31776671916515
7,10,2500,42,15,GA,895.0128059010806,0,1,104.98719409891939
7,10,2500,42,15,ACO,-99.06760065199968,1,0,99.06760065199968
7,10,2500,42,16,ABC,-103.38222062640882,1,0,103.38222062640882
7,10,2500,42,16,GWO,-94.3745578881296,1,0,94.3745578881296
7,10,2500,42,16,FA,-103.30648185018934,1,0,103.30648185018934
7,10,2500,42,16,PSO,-103.47961136902644,1,0,103.47961136902644
7,10,2500,42,16,GA,-96.52104903053598,1,0,96.52104903053598
7,10,2500,42,16,ACO,-98.79302658075139,1,0,98.79302658075139
7,10,2500,42,17,ABC,-98.35192601985705,1,0,98.35192601985705
7,10,2500,42,17,GWO,918.191824287242,0,1,81.808175712758
7,10,2500,42,17,FA,-91.08085325567276,1,0,91.08085325567276
7,10,2500,42,17,PSO,-98.74377664691724,1,0,98.74377664691724
7,10,2500,42,17,GA,-91.17070879655223,1,0,91.17070879655223
7,10,2500,42,17,ACO,-98.3696709274777,1,0,98.3696709274777
7,10,2500,42,18,ABC,-93.4783968094686,1,0,93.4783968094686
7,10,2500,42,18,GWO,905.308656909169,0,1,94.691343090831
7,10,2500,42,18,FA,903.3828442417321,0,1,96.6171557582679
7,10,2500,42,18,PSO,1898.812341171822,0,2,101.18765882817794
7,10,2500,42,18,GA,909.6176925833704,0,1,90.38230741662963
7,10,2500,42,18,ACO,910.0332369834173,0,1,89.96676301658275
7,10,2500,42,19,ABC,-98.91758968776233,1,0,98.91758968776233
7,10,2500,42,19,GWO,903.9969454989769,0,1,96.00305450102309
7,10,2500,42,19,FA,900.7766787675547,0,1,99.22332123244527
7,10,2500,42,19,PSO,900.7592423771766,0,1,99.2407576228234
7,10,2500,42,19,GA,900.7790105313424,0,1,99.22098946865762
7,10,2500,42,19,ACO,-98.92019097832376,1,0,98.92019097832376
7,10,2500,42,20,ABC,-107.89079203922027,1,0,107.89079203922027
7,10,2500,42,20,GWO,-94.22244659596437,1,0,94.22244659596437
7,10,2500,42,20,FA,-107.7680296264935,1,0,107.7680296264935
7,10,2500,42,20,PSO,-108.1466354597219,1,0,108.1466354597219
7,10,2500,42,20,GA,-108.14947110527953,1,0,108.14947110527953
7,10,2500,42,20,ACO,-107.77859257503066,1,0,107.77859257503066
7,10,2500,42,21,ABC,-106.48708008763879,1,0,106.48708008763879
7,10,2500,42,21,GWO,-101.76844018535259,1,0,101.76844018535259
7,10,2500,42,21,FA,-106.49118929829194,1,0,106.49118929829194
7,10,2500,42,21,PSO,-106.27086469321586,1,0,106.27086469321586
7,10,2500,42,21,GA,-104.14040399741933,1,0,104.14040399741933
7,10,2500,42,21,ACO,-106.50270845764122,1,0,106.50270845764122
7,10,2500,42,22,ABC,-113.55424741700924,1,0,113.55424741700924
7,10,2500,42,22,GWO,-113.67937597329374,1,0,113.67937597329374
7,10,2500,42,22,FA,-113.52664827114207,1,0,113.52664827114207
7,10,2500,42,22,PSO,-113.78691643586885,1,0,113.78691643586885
7,10,2500,42,22,GA,-113.58977406000395,1,0,113.58977406000395
7,10,2500,42,22,ACO,-113.78692795845856,1,0,113.78692795845856
7,10,2500,42,23,ABC,-102.91407185119789,1,0,102.91407185119789
7,10,2500,42,23,GWO,-99.19322756292769,1,0,99.19322756292769
7,10,2500,42,23,FA,-94.87920908057698,1,0,94.87920908057698
7,10,2500,42,23,PSO,896.0127650068747,0,1,103.98723499312528
7,10,2500,42,23,GA,-103.87871752062942,1,0,103.87871752062942
7,10,2500,42,23,ACO,-103.90502597390746,1,0,103.90502597390746
7,10,2500,42,24,ABC,-96.43533651480183,1,0,96.43533651480183
7,10,2500,42,24,GWO,-95.67752409420358,1,0,95.67752409420358
7,10,2500,42,24,FA,-102.42551561210905,1,0,102.42551561210905
7,10,2500,42,24,PSO,893.7597804027017,0,1,106.24021959729825
7,10,2500,42,24,GA,893.7613416942614,0,1,106.23865830573855
7,10,2500,42,24,ACO,-96.51662066668528,1,0,96.51662066668528
7,10,2500,42,25,ABC,904.3283368622853,0,1,95.67166313771473
7,10,2500,42,25,GWO,904.9289333135163,0,1,95.0710666864837
7,10,2500,42,25,FA,905.9156093182133,0,1,94.08439068178669
7,10,2500,42,25,PSO,1897.732182764018,0,2,102.26781723598202
7,10,2500,42,25,GA,1897.7404560620766,0,2,102.2595439379233
7,10,2500,42,25,ACO,903.6447407106906,0,1,96.35525928930936
7,10,2500,42,26,ABC,-110.80205164840436,1,0,110.80205164840436
7,10,2500,42,26,GWO,-109.95258483681712,1,0,109.95258483681712
7,10,2500,42,26,FA,-110.4788590664749,1,0,110.4788590664749
7,10,2500,42,26,PSO,-110.46034155128517,1,0,110.46034155128517
7,10,2500,42,26,GA,-110.76570245664284,1,0,110.76570245664284
7,10,2500,42,26,ACO,-110.46034156567147,1,0,110.46034156567147
7,10,2500,42,27,ABC,891.120048563413,0,1,108.87995143658706
7,10,2500,42,27,GWO,892.4436621275393,0,1,107.5563378724608
7,10,2500,42,27,FA,-99.56154652958988,1,0,99.56154652958988
7,10,2500,42,27,PSO,891.0042025794512,0,1,108.99579742054875
7,10,2500,42,27,GA,890.540174828747,0,1,109.45982517125294
7,10,2500,42,27,ACO,-99.56374175100153,1,0,99.56374175100153
7,10,2500,42,28,ABC,-85.22967978219172,1,0,85.22967978219172
7,10,2500,42,28,GWO,910.2277144474536,0,1,89.77228555254638
7,10,2500,42,28,FA,-99.12893175869078,1,0,99.12893175869078
7,10,2500,42,28,PSO,898.0654541903245,0,1,101.93454580967544
7,10,2500,42,28,GA,898.0781688790972,0,1,101.92183112090272
7,10,2500,42,28,ACO,908.782050030122,0,1,91.21794996987795
7,10,2500,42,29,ABC,-108.89871538981518,1,0,108.89871538981518
7,10,2500,42,29,GWO,-109.28704956282921,1,0,109.28704956282921
7,10,2500,42,29,FA,-109.40764700392135,1,0,109.40764700392135
7,10,2500,42,29,PSO,883.7334680981145,0,1,116.26653190188553
7,10,2500,42,29,GA,883.751098017867,0,1,116.24890198213296
7,10,2500,42,29,ACO,-109.45669875420548,1,0,109.45669875420548
7,12,2500,42,0,ABC,-97.57820865786928,1,0,97.57820865786928
7,12,2500,42,0,GWO,902.3288523508492,0,1,97.67114764915081
7,12,2500,42,0,FA,-99.60017391919386,1,0,99.60017391919386
7,12,2500,42,0,PSO,899.9664185365775,0,1,100.03358146342248
7,12,2500,42,0,GA,899.5786884565118,0,1,100.42131154348819
7,12,2500,42,0,ACO,897.2443291258182,0,1,102.75567087418182
7,12,2500,42,1,ABC,-111.08081690462524,1,0,111.08081690462524
7,12,2500,42,1,GWO,-105.3487173659353,1,0,105.3487173659353
7,12,2500,42,1,FA,-107.367544391782,1,0,107.367544391782
7,12,2500,42,1,PSO,-111.1546754265704,1,0,111.1546754265704
7,12,2500,42,1,GA,-111.14461274221217,1,0,111.14461274221217
7,12,2500,42,1,ACO,-111.1546774198577,1,0,111.1546774198577
7,12,2500,42,2,ABC,-111.74536632535882,1,0,111.74536632535882
7,12,2500,42,2,GWO,-106.48764141666369,1,0,106.48764141666369
7,12,2500,42,2,FA,-111.74278617641426,1,0,111.74278617641426
7,12,2500,42,2,PSO,-111.75731715032478,1,0,111.75731715032478
7,12,2500,42,2,GA,-111.75049330877371,1,0,111.75049330877371
7,12,2500,42,2,ACO,-111.7573173082397,1,0,111.7573173082397
7,12,2500,42,3,ABC,-108.23009134487755,1,0,108.23009134487755
7,12,2500,42,3,GWO,-106.411508579083,1,0,106.411508579083
7,12,2500,42,3,FA,889.8917914680741,0,1,110.1082085319259
7,12,2500,42,3,PSO,889.7411484522839,0,1,110.2588515477161
7,12,2500,42,3,GA,889.681262545296,0,1,110.31873745470392
7,12,2500,42,3,ACO,-108.36405553745021,1,0,108.36405553745021
7,12,2500,42,4,ABC,-114.71061858438601,1,0,114.71061858438601
7,12,2500,42,4,GWO,-99.18387764215827,1,0,99.18387764215827
7,12,2500,42,4,FA,-105.59158474382471,1,0,105.59158474382471
7,12,2500,42,4,PSO,883.4758933568592,0,1,116.52410664314085
7,12,2500,42,4,GA,882.4863922898124,0,1,117.51360771018751
7,12,2500,42,4,ACO,-115.17739773921794,1,0,115.17739773921794
7,12,2500,42,5,ABC,-110.91410564951123,1,0,110.91410564951123
7,12,2500,42,5,GWO,-109.15822383929013,1,0,109.15822383929013
7,12,2500,42,5,FA,-110.81235841585342,1,0,110.81235841585342
7,12,2500,42,5,PSO,-110.91486488368751,1,0,110.91486488368751
7,12,2500,42,5,GA,-110.90610668877444,1,0,110.90610668877444
7,12,2500,42,5,ACO,-109.96054605077184,1,0,109.96054605077184
7,12,2500,42,6,ABC,-112.00966298354285,1,0,112.00966298354285
7,12,2500,42,6,GWO,-111.74587204024364,1,0,111.74587204024364
7,12,2500,42,6,FA,-111.99447423490516,1,0,111.99447423490516
7,12,2500,42,6,PSO,-112.0098626290235,1,0,112.0098626290235
7,12,2500,42,6,GA,-111.99907633824948,1,0,111.99907633824948
7,12,2500,42,6,ACO,-112.00986262917327,1,0,112.00986262917327
7,12,2500,42,7,ABC,-104.53037262018013,1,0,104.53037262018013
7,12,2500,42,7,GWO,-102.07935734100602,1,0,102.07935734100602
7,12,2500,42,7,FA,891.516662401386,0,1,108.48333759861399
7,12,2500,42,7,PSO,-99.41545295188139,1,0,99.41545295188139
7,12,2500,42,7,GA,891.521440846002,0,1,108.47855915399805
7,12,2500,42,7,ACO,-99.36947415085508,1,0,99.36947415085508
7,12,2500,42,8,ABC,-102.80721824636036,1,0,102.80721824636036
7,12,2500,42,8,GWO,908.48936231273,0,1,91.51063768726996
7,12,2500,42,8,FA,-101.7179470711343,1,0,101.7179470711343
7,12,2500,42,8,PSO,896.4773364773157,0,1,103.52266352268431
7,12,2500,42,8,GA,896.5223333222441,0,1,103.47766667775588
7,12,2500,42,8,ACO,-94.11848274690776,1,0,94.11848274690776
7,12,2500,42,9,ABC,-106.06655706477818,1,0,106.06655706477818
7,12,2500,42,9,GWO,-99.78747221398326,1,0,99.78747221398326
7,12,2500,42,9,FA,-106.272790473848,1,0,106.272790473848
7,12,2500,42,9,PSO,-105.58864193698828,1,0,105.58864193698828
7,12,2500,42,9,GA,-106.28819523643162,1,0,106.28819523643162
7,12,2500,42,9,ACO,-106.28217334970513,1,0,106.28217334970513
7,12,2500,42,10,ABC,-104.43181874072472,1,0,104.43181874072472
7,12,2500,42,10,GWO,-91.35087579375363,1,0,91.35087579375363
7,12,2500,42,10,FA,-104.38898796281983,1,0,104.38898796281983
7,12,2500,42,10,PSO,-104.47655575517946,1,0,104.47655575517946
7,12,2500,42,10,GA,892.1388904661471,0,1,107.86110953385283
7,12,2500,42,10,ACO,-104.47614394250328,1,0,104.47614394250328
7,12,2500,42,11,ABC,-113.68500222875052,1,0,113.68500222875052
7,12,2500,42,11,GWO,-111.84676779427409,1,0,111.84676779427409
7,12,2500,42,11,FA,-113.33691543830496,1,0,113.33691543830496
7,12,2500,42,11,PSO,-113.71599081388565,1,0,113.71599081388565
7,12,2500,42,11,GA,-113.69187508182277,1,0,113.69187508182277
7,12,2500,42,11,ACO,-113.71599094036267,1,0,113.71599094036267
7,12,2500,42,12,ABC,900.7363117361687,0,1,99.26368826383136
7,12,2500,42,12,GWO,909.6933777237555,0,1,90.30662227624458
7,12,2500,42,12,FA,900.756118111901,0,1,99.24388188809903
7,12,2500,42,12,PSO,-93.69496950404731,1,0,93.69496950404731
7,12,2500,42,12,GA,900.7055213047768,0,1,99.29447869522318
7,12,2500,42,12,ACO,-92.12092757533233,1,0,92.12092757533233
7,12,2500,42,13,ABC,893.6556457202643,0,1,106.34435427973578
7,12,2500,42,13,GWO,-92.17603568058344,1,0,92.17603568058344
7,12,2500,42,13,FA,-101.50955511810356,1,0,101.50955511810356
7,12,2500,42,13,PSO,894.5717959519295,0,1,105.42820404807044
7,12,2500,42,13,GA,893.331149721583,0,1,106.668850278417
7,12,2500,42,13,ACO,-97.08794727133572,1,0,97.08794727133572
7,12,2500,42,14,ABC,-105.67400320539319,1,0,105.67400320539319
7,12,2500,42,14,GWO,887.206874677499,0,1,112.7931253225011
7,12,2500,42,14,FA,886.5492953315531,0,1,113.45070466844692
7,12,2500,42,14,PSO,886.5474804418468,0,1,113.45251955815317
7,12,2500,42,14,GA,886.5031213825534,0,1,113.49687861744653
7,12,2500,42,14,ACO,886.5011426269373,0,1,113.49885737306269
7,12,2500,42,15,ABC,-98.57965774852329,1,0,98.57965774852329
7,12,2500,42,15,GWO,-95.15830759966218,1,0,95.15830759966218
7,12,2500,42,15,FA,-98.9678064882969,1,0,98.9678064882969
7,12,2500,42,15,PSO,894.6796186698278,0,1,105.32038133017217
7,12,2500,42,15,GA,894.7808797679731,0,1,105.2191202320269
7,12,2500,42,15,ACO,-98.94401088183002,1,0,98.94401088183002
7,12,2500,42,16,ABC,-103.44171053633086,1,0,103.44171053633086
7,12,2500,42,16,GWO,-90.22177401056402,1,0,90.22177401056402
7,12,2500,42,16,FA,-102.88205827497764,1,0,102.88205827497764
7,12,2500,42,16,PSO,894.8341879536733,0,1,105.16581204632664
7,12,2500,42,16,GA,899.7625446032359,0,1,100.23745539676408
7,12,2500,42,16,ACO,-98.79721711530857,1,0,98.79721711530857
7,12,2500,42,17,ABC,-98.60001781741673,1,0,98.60001781741673
7,12,2500,42,17,GWO,908.6813853711157,0,1,91.31861462888436
7,12,2500,42,17,FA,-90.94884994575217,1,0,90.94884994575217
7,12,2500,42,17,PSO,-90.97788444276631,1,0,90.97788444276631
7,12,2500,42,17,GA,900.4701480967598,0,1,99.5298519032402
7,12,2500,42,17,ACO,900.7467255162093,0,1,99.25327448379073
7,12,2500,42,18,ABC,904.0771033973693,0,1,95.92289660263063
7,12,2500,42,18,GWO,909.7553704261369,0,1,90.24462957386315
7,12,2500,42,18,FA,903.3923939681596,0,1,96.60760603184039
7,12,2500,42,18,PSO,1899.9543827822417,0,2,100.04561721775822
7,12,2500,42,18,GA,1898.8345830352077,0,2,101.16541696479229
7,12,2500,42,18,ACO,909.5112905104537,0,1,90.48870948954625
7,12,2500,42,19,ABC,-98.91828023759722,1,0,98.91828023759722
7,12,2500,42,19,GWO,903.9969454989769,0,1,96.00305450102309
7,12,2500,42,19,FA,900.7746555044839,0,1,99.22534449551611
7,12,2500,42,19,PSO,900.7592423797249,0,1,99.24075762027506
7,12,2500,42,19,GA,900.764258238378,0,1,99.23574176162191
7,12,2500,42,19,ACO,-98.92019097831552,1,0,98.92019097831552
7,12,2500,42,20,ABC,-108.1478780060987,1,0,108.1478780060987
7,12,2500,42,20,GWO,-94.2020224096247,1,0,94.2020224096247
7,12,2500,42,20,FA,-108.14852304917305,1,0,108.14852304917305
7,12,2500,42,20,PSO,-108.15810801595026,1,0,108.15810801595026
7,12,2500,42,20,GA,-107.75233986095337,1,0,107.75233986095337
7,12,2500,42,20,ACO,-107.77859257502352,1,0,107.77859257502352
7,12,2500,42,21,ABC,-106.48671469914939,1,0,106.48671469914939
7,12,2500,42,21,GWO,-103.64408910603504,1,0,103.64408910603504
7,12,2500,42,21,FA,-106.47836522910804,1,0,106.47836522910804
7,12,2500,42,21,PSO,-106.50265196320004,1,0,106.50265196320004
7,12,2500,42,21,GA,-106.48691495633798,1,0,106.48691495633798
7,12,2500,42,21,ACO,-106.50269619800964,1,0,106.50269619800964
7,12,2500,42,22,ABC,-113.553982834546,1,0,113.553982834546
7,12,2500,42,22,GWO,-104.059875650288,1,0,104.059875650288
7,12,2500,42,22,FA,-113.52588201178581,1,0,113.52588201178581
7,12,2500,42,22,PSO,-113.55535906467178,1,0,113.55535906467178
7,12,2500,42,22,GA,-113.67263439259504,1,0,113.67263439259504
7,12,2500,42,22,ACO,-113.78692748707296,1,0,113.78692748707296
7,12,2500,42,23,ABC,-102.85555950520951,1,0,102.85555950520951
7,12,2500,42,23,GWO,-101.73048963600482,1,0,101.73048963600482
7,12,2500,42,23,FA,-94.8807283588022,1,0,94.8807283588022
7,12,2500,42,23,PSO,896.0334664989338,0,1,103.96653350106628
7,12,2500,42,23,GA,-103.89081675389068,1,0,103.89081675389068
7,12,2500,42,23,ACO,-103.90502619642287,1,0,103.90502619642287
7,12,2500,42,24,ABC,-96.47019275641182,1,0,96.47019275641182
7,12,2500,42,24,GWO,-93.96675533242913,1,0,93.96675533242913
7,12,2500,42,24,FA,893.7798762194573,0,1,106.22012378054279
7,12,2500,42,24,PSO,-102.47907135078158,1,0,102.47907135078158
7,12,2500,42,24,GA,893.7610837884048,0,1,106.23891621159524
7,12,2500,42,24,ACO,-96.51662059843336,1,0,96.51662059843336
7,12,2500,42,25,ABC,903.6734492542995,0,1,96.32655074570047
7,12,2500,42,25,GWO,906.1249866515825,0,1,93.87501334841747
7,12,2500,42,25,FA,1897.7723451868605,0,2,102.22765481313957
7,12,2500,42,25,PSO,1897.732174265995,0,2,102.26782573400506
7,12,2500,42,25,GA,1897.753280911522,0,2,102.2467190884779
7,12,2500,42,25,ACO,903.6360306868154,0,1,96.3639693131846
7,12,2500,42,26,ABC,-110.80534138493398,1,0,110.80534138493398
7,12,2500,42,26,GWO,-108.78374226474891,1,0,108.78374226474891
7,12,2500,42,26,FA,-110.7841100881147,1,0,110.7841100881147
7,12,2500,42,26,PSO,-110.81764491936009,1,0,110.81764491936009
7,12,2500,42,26,GA,-110.77376503402188,1,0,110.77376503402188
7,12,2500,42,26,ACO,-99.34369286604334,1,0,99.34369286604334
7,12,2500,42,27,ABC,-100.30730054194518,1,0,100.30730054194518
7,12,2500,42,27,GWO,898.7725194626261,0,1,101.2274805373739
7,12,2500,42,27,FA,891.0073148327107,0,1,108.99268516728928
7,12,2500,42,27,PSO,891.004202584908,0,1,108.99579741509208
7,12,2500,42,27,GA,890.5069453588321,0,1,109.49305464116783
7,12,2500,42,27,ACO,890.4038176335926,0,1,109.59618236640748
7,12,2500,42,28,ABC,-98.99038152974639,1,0,98.99038152974639
7,12,2500,42,28,GWO,903.7797888662457,0,1,96.22021113375429
7,12,2500,42,28,FA,907.3383764687463,0,1,92.66162353125368
7,12,2500,42,28,PSO,898.0654541679531,0,1,101.93454583204684
7,12,2500,42,28,GA,898.0783554334163,0,1,101.9216445665837
7,12,2500,42,28,ACO,909.6192257037703,0,1,90.38077429622966
7,12,2500,42,29,ABC,-109.29440057075234,1,0,109.29440057075234
7,12,2500,42,29,GWO,-104.16424011638568,1,0,104.16424011638568
7,12,2500,42,29,FA,883.7527466953256,0,1,116.24725330467442
7,12,2500,42,29,PSO,-109.01059922089816,1,0,109.01059922089816
7,12,2500,42,29,GA,883.757622049926,0,1,116.24237795007399
7,12,2500,42,29,ACO,-109.45669952539508,1,0,109.45669952539508
7,16,2500,42,0,ABC,-97.55966495979318,1,0,97.55966495979318
7,16,2500,42,0,GWO,902.3836030149049,0,1,97.61639698509507
7,16,2500,42,0,FA,-99.14801287338337,1,0,99.14801287338337
7,16,2500,42,0,PSO,897.2083689030309,0,1,102.79163109696911
7,16,2500,42,0,GA,897.3064160943532,0,1,102.69358390564689
7,16,2500,42,0,ACO,-97.6271976009853,1,0,97.6271976009853
7,16,2500,42,1,ABC,-111.14629959310868,1,0,111.14629959310868
7,16,2500,42,1,GWO,-105.23450190559413,1,0,105.23450190559413
7,16,2500,42,1,FA,-107.3131903876134,1,0,107.3131903876134
7,16,2500,42,1,PSO,-107.39962262673379,1,0,107.39962262673379
7,16,2500,42,1,GA,-107.37943644593078,1,0,107.37943644593078
7,16,2500,42,1,ACO,-111.15467741667265,1,0,111.15467741667265
7,16,2500,42,2,ABC,-111.69896877893083,1,0,111.69896877893083
7,16,2500,42,2,GWO,-108.68651047871498,1,0,108.68651047871498
7,16,2500,42,2,FA,-111.73613151936193,1,0,111.73613151936193
7,16,2500,42,2,PSO,-111.75729151679664,1,0,111.75729151679664
7,16,2500,42,2,GA,-111.7093166077376,1,0,111.7093166077376
7,16,2500,42,2,ACO,-111.7573172252877,1,0,111.7573172252877
7,16,2500,42,3,ABC,-108.24196257941357,1,0,108.24196257941357
7,16,2500,42,3,GWO,-106.82020924102274,1,0,106.82020924102274
7,16,2500,42,3,FA,-106.0119345052716,1,0,106.0119345052716
7,16,2500,42,3,PSO,889.6922767447134,0,1,110.30772325528666
7,16,2500,42,3,GA,-108.31131831537367,1,0,108.31131831537367
7,16,2500,42,3,ACO,-108.3640518363235,1,0,108.3640518363235
7,16,2500,42,4,ABC,-115.03432485336073,1,0,115.03432485336073
7,16,2500,42,4,GWO,-104.61617160419684,1,0,104.61617160419684
7,16,2500,42,4,FA,-105.41250353419743,1,0,105.41250353419743
7,16,2500,42,4,PSO,882.4727657730665,0,1,117.52723422693349
7,16,2500,42,4,GA,882.494231596859,0,1,117.50576840314099
7,16,2500,42,4,ACO,-115.17739104556077,1,0,115.17739104556077
7,16,2500,42,5,ABC,-110.91048286007721,1,0,110.91048286007721
7,16,2500,42,5,GWO,-108.71349048277615,1,0,108.71349048277615
7,16,2500,42,5,FA,-110.89234939051782,1,0,110.89234939051782
7,16,2500,42,5,PSO,-110.91486958355941,1,0,110.91486958355941
7,16,2500,42,5,GA,-110.90779721877047,1,0,110.90779721877047
7,16,2500,42,5,ACO,-110.91486789137491,1,0,110.91486789137491
7,16,2500,42,6,ABC,-111.99681402412524,1,0,111.99681402412524
7,16,2500,42,6,GWO,-107.45883552879766,1,0,107.45883552879766
7,16,2500,42,6,FA,-111.98970436927402,1,0,111.98970436927402
7,16,2500,42,6,PSO,-112.00986260667894,1,0,112.00986260667894
7,16,2500,42,6,GA,-112.006221645709,1,0,112.006221645709
7,16,2500,42,6,ACO,-112.00986262831141,1,0,112.00986262831141
7,16,2500,42,7,ABC,-104.59573969902556,1,0,104.59573969902556
7,16,2500,42,7,GWO,-102.54496480629969,1,0,102.54496480629969
7,16,2500,42,7,FA,-104.58141673175336,1,0,104.58141673175336
7,16,2500,42,7,PSO,-98.56494368784999,1,0,98.56494368784999
7,16,2500,42,7,GA,-99.6512450366386,1,0,99.6512450366386
7,16,2500,42,7,ACO,-99.40197149568746,1,0,99.40197149568746
7,16,2500,42,8,ABC,-102.78549951707845,1,0,102.78549951707845
7,16,2500,42,8,GWO,-100.50304353855776,1,0,100.50304353855776
7,16,2500,42,8,FA,-102.75281104019395,1,0,102.75281104019395
7,16,2500,42,8,PSO,-102.85859135974144,1,0,102.85859135974144
7,16,2500,42,8,GA,905.8021296837501,0,1,94.19787031624993
7,16,2500,42,8,ACO,-102.85859951058791,1,0,102.85859951058791
7,16,2500,42,9,ABC,-106.09115044806859,1,0,106.09115044806859
7,16,2500,42,9,GWO,-101.6493379935294,1,0,101.6493379935294
7,16,2500,42,9,FA,-106.24281644972596,1,0,106.24281644972596
7,16,2500,42,9,PSO,-105.60920258906012,1,0,105.60920258906012
7,16,2500,42,9,GA,-106.22729740247034,1,0,106.22729740247034
7,16,2500,42,9,ACO,-106.275448199028,1,0,106.275448199028
7,16,2500,42,10,ABC,-104.4316966955895,1,0,104.4316966955895
7,16,2500,42,10,GWO,904.3399208588742,0,1,95.66007914112583
7,16,2500,42,10,FA,-104.41367017351389,1,0,104.41367017351389
7,16,2500,42,10,PSO,892.0939124509746,0,1,107.90608754902537
7,16,2500,42,10,GA,892.2123316979857,0,1,107.78766830201427
7,16,2500,42,10,ACO,-104.47054243965665,1,0,104.47054243965665
7,16,2500,42,11,ABC,-113.70069990621148,1,0,113.70069990621148
7,16,2500,42,11,GWO,-111.84676779427409,1,0,111.84676779427409
7,16,2500,42,11,FA,-113.67613774624157,1,0,113.67613774624157
7,16,2500,42,11,PSO,-113.71598753845724,1,0,113.71598753845724
7,16,2500,42,11,GA,-113.69010501014961,1,0,113.69010501014961
7,16,2500,42,11,ACO,-113.71598997824849,1,0,113.71598997824849
7,16,2500,42,12,ABC,-95.38786228524043,1,0,95.38786228524043
7,16,2500,42,12,GWO,904.6921126780993,0,1,95.30788732190072
7,16,2500,42,12,FA,900.7342977434917,0,1,99.26570225650832
7,16,2500,42,12,PSO,900.6952297344303,0,1,99.30477026556972
7,16,2500,42,12,GA,900.718258297507,0,1,99.2817417024931
7,16,2500,42,12,ACO,900.695221896269,0,1,99.30477810373098
7,16,2500,42,13,ABC,895.3154158049342,0,1,104.68458419506574
7,16,2500,42,13,GWO,-93.83787777305467,1,0,93.83787777305467
7,16,2500,42,13,FA,893.3708761843485,0,1,106.62912381565145
7,16,2500,42,13,PSO,893.3119655137505,0,1,106.68803448624956
7,16,2500,42,13,GA,893.3198019954489,0,1,106.68019800455107
7,16,2500,42,13,ACO,-97.08801552283443,1,0,97.08801552283443
7,16,2500,42,14,ABC,-101.97870094608028,1,0,101.97870094608028
7,16,2500,42,14,GWO,-95.78391416393492,1,0,95.78391416393492
7,16,2500,42,14,FA,886.5219492493314,0,1,113.47805075066856
7,16,2500,42,14,PSO,886.5474807593672,0,1,113.4525192406328
7,16,2500,42,14,GA,886.5088040150356,0,1,113.49119598496436
7,16,2500,42,14,ACO,886.501142627706,0,1,113.49885737229398
7,16,2500,42,15,ABC,-97.56830677774244,1,0,97.56830677774244
7,16,2500,42,15,GWO,-92.58970285866519,1,0,92.58970285866519
7,16,2500,42,15,FA,-98.933375440877,1,0,98.933375440877
7,16,2500,42,15,PSO,-99.06476360761904,1,0,99.06476360761904
7,16,2500,42,15,GA,896.6150152878969,0,1,103.38498471210315
7,16,2500,42,15,ACO,-99.05978787428917,1,0,99.05978787428917
7,16,2500,42,16,ABC,-103.4078627246883,1,0,103.4078627246883
7,16,2500,42,16,GWO,-96.81361920700014,1,0,96.81361920700014
7,16,2500,42,16,FA,-103.41699136195176,1,0,103.41699136195176
7,16,2500,42,16,PSO,-103.48523839571905,1,0,103.48523839571905
7,16,2500,42,16,GA,-98.38866170513288,1,0,98.38866170513288
7,16,2500,42,16,ACO,-98.61316288393392,1,0,98.61316288393392
7,16,2500,42,17,ABC,-98.56919759726918,1,0,98.56919759726918
7,16,2500,42,17,GWO,913.7129825113258,0,1,86.28701748867424
7,16,2500,42,17,FA,-91.0889493021346,1,0,91.0889493021346
7,16,2500,42,17,PSO,900.2667027911491,0,1,99.73329720885089
7,16,2500,42,17,GA,-98.68869508118895,1,0,98.68869508118895
7,16,2500,42,17,ACO,909.6138159718737,0,1,90.38618402812627
7,16,2500,42,18,ABC,903.6976459512275,0,1,96.30235404877251
7,16,2500,42,18,GWO,911.3055540635614,0,1,88.69444593643863
7,16,2500,42,18,FA,909.5083869180951,0,1,90.49161308190497
7,16,2500,42,18,PSO,1900.0562430456341,0,2,99.94375695436591
7,16,2500,42,18,GA,909.4417262893152,0,1,90.55827371068486
7,16,2500,42,18,ACO,903.5254456150928,0,1,96.47455438490721
7,16,2500,42,19,ABC,-98.90729262701343,1,0,98.90729262701343
7,16,2500,42,19,GWO,-98.24156455504617,1,0,98.24156455504617
7,16,2500,42,19,FA,900.7658200859233,0,1,99.23417991407662
7,16,2500,42,19,PSO,900.7592425033359,0,1,99.24075749666402
7,16,2500,42,19,GA,900.8178446622794,0,1,99.18215533772062
7,16,2500,42,19,ACO,-98.92019069117981,1,0,98.92019069117981
7,16,2500,42,20,ABC,-108.1462069761852,1,0,108.1462069761852
7,16,2500,42,20,GWO,-102.90464899409305,1,0,102.90464899409305
7,16,2500,42,20,FA,-107.76936861760429,1,0,107.76936861760429
7,16,2500,42,20,PSO,-108.1491047043377,1,0,108.1491047043377
7,16,2500,42,20,GA,-108.10055406719074,1,0,108.10055406719074
7,16,2500,42,20,ACO,-107.77859171157093,1,0,107.77859171157093
7,16,2500,42,21,ABC,-105.99360342945015,1,0,105.99360342945015
7,16,2500,42,21,GWO,-103.68018413011764,1,0,103.68018413011764
7,16,2500,42,21,FA,-106.48145515152125,1,0,106.48145515152125
7,16,2500,42,21,PSO,-106.27086463416168,1,0,106.27086463416168
7,16,2500,42,21,GA,-106.4929315005572,1,0,106.4929315005572
7,16,2500,42,21,ACO,-106.50262857000321,1,0,106.50262857000321
7,16,2500,42,22,ABC,-113.5511075469006,1,0,113.5511075469006
7,16,2500,42,22,GWO,-113.66902385552618,1,0,113.66902385552618
7,16,2500,42,22,FA,-113.52612536472537,1,0,113.52612536472537
7,16,2500,42,22,PSO,-113.55535761772424,1,0,113.55535761772424
7,16,2500,42,22,GA,-113.67469161036524,1,0,113.67469161036524
7,16,2500,42,22,ACO,-113.78692288186485,1,0,113.78692288186485
7,16,2500,42,23,ABC,-103.78376298261597,1,0,103.78376298261597
7,16,2500,42,23,GWO,-100.0368538960789,1,0,100.0368538960789
7,16,2500,42,23,FA,900.0407018796627,0,1,99.9592981203373
7,16,2500,42,23,PSO,-103.3377859109172,1,0,103.3377859109172
7,16,2500,42,23,GA,-103.86276303745122,1,0,103.86276303745122
7,16,2500,42,23,ACO,-103.90500366209142,1,0,103.90500366209142
7,16,2500,42,24,ABC,-102.44794823588255,1,0,102.44794823588255
7,16,2500,42,24,GWO,-99.69107821707414,1,0,99.69107821707414
7,16,2500,42,24,FA,903.3214951940959,0,1,96.67850480590414
7,16,2500,42,24,PSO,893.7597826562233,0,1,106.24021734377678
7,16,2500,42,24,GA,893.7750894744254,0,1,106.22491052557456
7,16,2500,42,24,ACO,893.7597804302611,0,1,106.24021956973884
7,16,2500,42,25,ABC,903.7953583382066,0,1,96.20464166179346
7,16,2500,42,25,GWO,914.1248765244446,0,1,85.87512347555537
7,16,2500,42,25,FA,904.3378485913513,0,1,95.66215140864873
7,16,2500,42,25,PSO,1897.7321855576286,0,2,102.26781444237136
7,16,2500,42,25,GA,1897.742247555619,0,2,102.25775244438101
7,16,2500,42,25,ACO,903.6497724692863,0,1,96.35022753071371
7,16,2500,42,26,ABC,-110.625236201869,1,0,110.625236201869
7,16,2500,42,26,GWO,-109.92791496133582,1,0,109.92791496133582
7,16,2500,42,26,FA,-110.7515581826055,1,0,110.7515581826055
7,16,2500,42,26,PSO,-110.81753354422611,1,0,110.81753354422611
7,16,2500,42,26,GA,-110.69706137828953,1,0,110.69706137828953
7,16,2500,42,26,ACO,-110.46034147540472,1,0,110.46034147540472
7,16,2500,42,27,ABC,-100.12474325802295,1,0,100.12474325802295
7,16,2500,42,27,GWO,891.3481892785667,0,1,108.65181072143332
7,16,2500,42,27,FA,891.007714819338,0,1,108.99228518066194
7,16,2500,42,27,PSO,891.0042034479184,0,1,108.9957965520816
7,16,2500,42,27,GA,890.4330449495843,0,1,109.56695505041567
7,16,2500,42,27,ACO,890.4039997260202,0,1,109.5960002739798
7,16,2500,42,28,ABC,-98.85900997056586,1,0,98.85900997056586
7,16,2500,42,28,GWO,914.7650372617858,0,1,85.23496273821426
7,16,2500,42,28,FA,-98.34647478298895,1,0,98.34647478298895
7,16,2500,42,28,PSO,898.0654604551643,0,1,101.9345395448357
7,16,2500,42,28,GA,910.1222632681521,0,1,89.87773673184786
7,16,2500,42,28,ACO,-99.06531954869546,1,0,99.06531954869546
7,16,2500,42,29,ABC,-108.62257695521778,1,0,108.62257695521778
7,16,2500,42,29,GWO,-108.80207926830667,1,0,108.80207926830667
7,16,2500,42,29,FA,883.7744061298938,0,1,116.22559387010624
7,16,2500,42,29,PSO,883.7334869745223,0,1,116.26651302547769
7,16,2500,42,29,GA,883.7609771375068,0,1,116.23902286249329
7,16,2500,42,29,ACO,-109.45666218699691,1,0,109.45666218699691
7,20,2500,42,0,ABC,-99.47680726042739,1,0,99.47680726042739
7,20,2500,42,0,GWO,-90.73351679508826,1,0,90.73351679508826
7,20,2500,42,0,FA,-99.51349385292914,1,0,99.51349385292914
7,20,2500,42,0,PSO,897.5800134038678,0,1,102.41998659613216
7,20,2500,42,0,GA,899.7390386975567,0,1,100.26096130244336
7,20,2500,42,0,ACO,-97.6261086181627,1,0,97.6261086181627
7,20,2500,42,1,ABC,-110.96862609732094,1,0,110.96862609732094
7,20,2500,42,1,GWO,-108.2777899242896,1,0,108.2777899242896
7,20,2500,42,1,FA,-107.37876395191208,1,0,107.37876395191208
7,20,2500,42,1,PSO,-111.15463763439162,1,0,111.15463763439162
7,20,2500,42,1,GA,-111.14025567258172,1,0,111.14025567258172
7,20,2500,42,1,ACO,-111.15467598059925,1,0,111.15467598059925
7,20,2500,42,2,ABC,-111.73992155069524,1,0,111.73992155069524
7,20,2500,42,2,GWO,-108.817865422212,1,0,108.817865422212
7,20,2500,42,2,FA,-111.69737115445787,1,0,111.69737115445787
7,20,2500,42,2,PSO,-111.75727773024538,1,0,111.75727773024538
7,20,2500,42,2,GA,-111.75318871006377,1,0,111.75318871006377
7,20,2500,42,2,ACO,-111.75730326378394,1,0,111.75730326378394
7,20,2500,42,3,ABC,-108.33092357839354,1,0,108.33092357839354
7,20,2500,42,3,GWO,-108.1969230703583,1,0,108.1969230703583
7,20,2500,42,3,FA,-100.68840940536688,1,0,100.68840940536688
7,20,2500,42,3,PSO,-108.36233486296983,1,0,108.36233486296983
7,20,2500,42,3,GA,889.6805655925666,0,1,110.31943440743333
7,20,2500,42,3,ACO,889.882392483639,0,1,110.11760751636095
7,20,2500,42,4,ABC,-115.15497775781479,1,0,115.15497775781479
7,20,2500,42,4,GWO,882.5766465438367,0,1,117.42335345616334
7,20,2500,42,4,FA,-105.34485239773707,1,0,105.34485239773707
7,20,2500,42,4,PSO,882.4727855400365,0,1,117.52721445996346
7,20,2500,42,4,GA,-105.51070754768283,1,0,105.51070754768283
7,20,2500,42,4,ACO,-115.14547518482144,1,0,115.14547518482144
7,20,2500,42,5,ABC,-110.89114759386864,1,0,110.89114759386864
7,20,2500,42,5,GWO,-109.62043269875612,1,0,109.62043269875612
7,20,2500,42,5,FA,-110.85558217651489,1,0,110.85558217651489
7,20,2500,42,5,PSO,-110.9148371714614,1,0,110.9148371714614
7,20,2500,42,5,GA,-110.87774970562681,1,0,110.87774970562681
7,20,2500,42,5,ACO,-110.91484011282641,1,0,110.91484011282641
7,20,2500,42,6,ABC,-112.00382970231408,1,0,112.00382970231408
7,20,2500,42,6,GWO,-111.70592114215032,1,0,111.70592114215032
7,20,2500,42,6,FA,-111.99132429853243,1,0,111.99132429853243
7,20,2500,42,6,PSO,-112.0098625757612,1,0,112.0098625757612
7,20,2500,42,6,GA,-112.00230171680737,1,0,112.00230171680737
7,20,2500,42,6,ACO,-112.00986261580431,1,0,112.00986261580431
7,20,2500,42,7,ABC,-104.43606063413797,1,0,104.43606063413797
7,20,2500,42,7,GWO,-103.40563055083999,1,0,103.40563055083999
7,20,2500,42,7,FA,-104.57683740142743,1,0,104.57683740142743
7,20,2500,42,7,PSO,-104.61077044019896,1,0,104.61077044019896
7,20,2500,42,7,GA,891.5356278253944,0,1,108.46437217460556
7,20,2500,42,7,ACO,-99.39632106519421,1,0,99.39632106519421
7,20,2500,42,8,ABC,-102.65455938235974,1,0,102.65455938235974
7,20,2500,42,8,GWO,-92.15742316278194,1,0,92.15742316278194
7,20,2500,42,8,FA,-101.82242551082304,1,0,101.82242551082304
7,20,2500,42,8,PSO,896.2176463482962,0,1,103.78235365170379
7,20,2500,42,8,GA,-102.84429562521844,1,0,102.84429562521844
7,20,2500,42,8,ACO,-94.13080614274689,1,0,94.13080614274689
7,20,2500,42,9,ABC,-105.91013121111703,1,0,105.91013121111703
7,20,2500,42,9,GWO,-106.13370202120143,1,0,106.13370202120143
7,20,2500,42,9,FA,-106.2730680012044,1,0,106.2730680012044
7,20,2500,42,9,PSO,-105.58864587671876,1,0,105.58864587671876
7,20,2500,42,9,GA,-106.21866064227233,1,0,106.21866064227233
7,20,2500,42,9,ACO,-106.2709177030156,1,0,106.2709177030156
7,20,2500,42,10,ABC,-97.48304939106674,1,0,97.48304939106674
7,20,2500,42,10,GWO,-90.66371864299879,1,0,90.66371864299879
7,20,2500,42,10,FA,-104.25997841383281,1,0,104.25997841383281
7,20,2500,42,10,PSO,-104.47578868644885,1,0,104.47578868644885
7,20,2500,42,10,GA,892.1603996911365,0,1,107.8396003088635
7,20,2500,42,10,ACO,892.0928513559535,0,1,107.90714864404652
7,20,2500,42,11,ABC,-113.69724658987434,1,0,113.69724658987434
7,20,2500,42,11,GWO,-111.84676779427409,1,0,111.84676779427409
7,20,2500,42,11,FA,-113.63454876905197,1,0,113.63454876905197
7,20,2500,42,11,PSO,-113.71596632693158,1,0,113.71596632693158
7,20,2500,42,11,GA,-113.6893814426544,1,0,113.6893814426544
7,20,2500,42,11,ACO,-113.71590229644607,1,0,113.71590229644607
7,20,2500,42,12,ABC,900.7879191620664,0,1,99.21208083793366
7,20,2500,42,12,GWO,908.0449161750753,0,1,91.95508382492476
7,20,2500,42,12,FA,903.2372949059585,0,1,96.7627050940415
7,20,2500,42,12,PSO,900.6952413057896,0,1,99.30475869421032
7,20,2500,42,12,GA,900.7129160400988,0,1,99.28708395990127
7,20,2500,42,12,ACO,904.469685316857,0,1,95.53031468314308
7,20,2500,42,13,ABC,-101.46638581012344,1,0,101.46638581012344
7,20,2500,42,13,GWO,-92.69520516708349,1,0,92.69520516708349
7,20,2500,42,13,FA,-98.07848391497713,1,0,98.07848391497713
7,20,2500,42,13,PSO,894.5718029571376,0,1,105.42819704286234
7,20,2500,42,13,GA,893.3152801319845,0,1,106.68471986801552
7,20,2500,42,13,ACO,-97.08791559419471,1,0,97.08791559419471
7,20,2500,42,14,ABC,-101.58751249749425,1,0,101.58751249749425
7,20,2500,42,14,GWO,886.5761618541316,0,1,113.42383814586846
7,20,2500,42,14,FA,886.5443268101783,0,1,113.4556731898217
7,20,2500,42,14,PSO,886.5011568727364,0,1,113.49884312726364
7,20,2500,42,14,GA,886.5068588760894,0,1,113.49314112391058
7,20,2500,42,14,ACO,886.501142792173,0,1,113.49885720782693
7,20,2500,42,15,ABC,-98.80482029510384,1,0,98.80482029510384
7,20,2500,42,15,GWO,-95.2839870002789,1,0,95.2839870002789
7,20,2500,42,15,FA,-98.94838372682446,1,0,98.94838372682446
7,20,2500,42,15,PSO,-99.04523308730754,1,0,99.04523308730754
7,20,2500,42,15,GA,894.7809906562047,0,1,105.21900934379529
7,20,2500,42,15,ACO,-99.06553651425855,1,0,99.06553651425855
7,20,2500,42,16,ABC,-103.43620417382093,1,0,103.43620417382093
7,20,2500,42,16,GWO,-94.37294230465248,1,0,94.37294230465248
7,20,2500,42,16,FA,-103.4229626483433,1,0,103.4229626483433
7,20,2500,42,16,PSO,-103.48243634642334,1,0,103.48243634642334
7,20,2500,42,16,GA,-103.46999949368347,1,0,103.46999949368347
7,20,2500,42,16,ACO,-103.46381031857018,1,0,103.46381031857018
7,20,2500,42,17,ABC,-98.36088160367856,1,0,98.36088160367856
7,20,2500,42,17,GWO,-96.52029822439492,1,0,96.52029822439492
7,20,2500,42,17,FA,-98.26747302636473,1,0,98.26747302636473
7,20,2500,42,17,PSO,-98.36965441745862,1,0,98.36965441745862
7,20,2500,42,17,GA,900.4084130848255,0,1,99.59158691517446
7,20,2500,42,17,ACO,909.5554786865562,0,1,90.4445213134438
7,20,2500,42,18,ABC,903.5015996629201,0,1,96.49840033707999
7,20,2500,42,18,GWO,906.3917884546452,0,1,93.60821154535482
7,20,2500,42,18,FA,903.5646317328083,0,1,96.43536826719178
7,20,2500,42,18,PSO,1898.8128601221272,0,2,101.18713987787287
7,20,2500,42,18,GA,1898.8353797304558,0,2,101.16462026954416
7,20,2500,42,18,ACO,903.5171574309736,0,1,96.48284256902645
7,20,2500,42,19,ABC,-98.91649282590278,1,0,98.91649282590278
7,20,2500,42,19,GWO,903.9969454989769,0,1,96.00305450102309
7,20,2500,42,19,FA,900.7746213054082,0,1,99.22537869459181
7,20,2500,42,19,PSO,900.7592434247897,0,1,99.24075657521031
7,20,2500,42,19,GA,900.764887226961,0,1,99.23511277303898
7,20,2500,42,19,ACO,-98.92018522657366,1,0,98.92018522657366
7,20,2500,42,20,ABC,-108.11294382600526,1,0,108.11294382600526
7,20,2500,42,20,GWO,-104.1187089931205,1,0,104.1187089931205
7,20,2500,42,20,FA,-107.7568814212255,1,0,107.7568814212255
7,20,2500,42,20,PSO,-108.15839842906918,1,0,108.15839842906918
7,20,2500,42,20,GA,-107.89098251392501,1,0,107.89098251392501
7,20,2500,42,20,ACO,-107.77858822202003,1,0,107.77858822202003
7,20,2500,42,21,ABC,-106.46380980334361,1,0,106.46380980334361
7,20,2500,42,21,GWO,-103.69914992470179,1,0,103.69914992470179
7,20,2500,42,21,FA,889.1038056335765,0,1,110.89619436642352
7,20,2500,42,21,PSO,-106.2708491328955,1,0,106.2708491328955
7,20,2500,42,21,GA,-103.8590549130368,1,0,103.8590549130368
7,20,2500,42,21,ACO,-106.50220283960475,1,0,106.50220283960475
7,20,2500,42,22,ABC,-113.54489966247264,1,0,113.54489966247264
7,20,2500,42,22,GWO,-113.6370526739102,1,0,113.6370526739102
7,20,2500,42,22,FA,-113.53098160604698,1,0,113.53098160604698
7,20,2500,42,22,PSO,-113.55535742156717,1,0,113.55535742156717
7,20,2500,42,22,GA,-113.54144050721655,1,0,113.54144050721655
7,20,2500,42,22,ACO,-113.78670348955369,1,0,113.78670348955369
7,20,2500,42,23,ABC,-103.71150369759043,1,0,103.71150369759043
7,20,2500,42,23,GWO,-98.74958704410064,1,0,98.74958704410064
7,20,2500,42,23,FA,904.573348886584,0,1,95.42665111341604
7,20,2500,42,23,PSO,-94.86521130385223,1,0,94.86521130385223
7,20,2500,42,23,GA,-94.87422640554234,1,0,94.87422640554234
7,20,2500,42,23,ACO,-103.90484955328839,1,0,103.90484955328839
7,20,2500,42,24,ABC,-102.39971138931118,1,0,102.39971138931118
7,20,2500,42,24,GWO,-95.02119910057907,1,0,95.02119910057907
7,20,2500,42,24,FA,-102.18875724391602,1,0,102.18875724391602
7,20,2500,42,24,PSO,896.8811340067456,0,1,103.1188659932544
7,20,2500,42,24,GA,893.7730722805227,0,1,106.22692771947737
7,20,2500,42,24,ACO,-100.99086497389435,1,0,100.99086497389435
7,20,2500,42,25,ABC,903.8196739492406,0,1,96.1803260507594
7,20,2500,42,25,GWO,909.943076271258,0,1,90.05692372874208
7,20,2500,42,25,FA,1904.4854399276567,0,2,95.51456007234341
7,20,2500,42,25,PSO,1897.7321772399469,0,2,102.2678227600532
7,20,2500,42,25,GA,1897.742574091682,0,2,102.25742590831804
7,20,2500,42,25,ACO,903.8143355016866,0,1,96.18566449831337
7,20,2500,42,26,ABC,-110.46720220971227,1,0,110.46720220971227
7,20,2500,42,26,GWO,-108.20196046255015,1,0,108.20196046255015
7,20,2500,42,26,FA,-110.67927366909142,1,0,110.67927366909142
7,20,2500,42,26,PSO,-110.81704844931701,1,0,110.81704844931701
7,20,2500,42,26,GA,-110.80562799578216,1,0,110.80562799578216
7,20,2500,42,26,ACO,-110.46033559055354,1,0,110.46033559055354
7,20,2500,42,27,ABC,890.7974260154776,0,1,109.20257398452233
7,20,2500,42,27,GWO,891.318298889846,0,1,108.68170111015401
7,20,2500,42,27,FA,890.4434806337752,0,1,109.55651936622483
7,20,2500,42,27,PSO,891.0042107592134,0,1,108.99578924078664
7,20,2500,42,27,GA,890.420195064088,0,1,109.579804935912
7,20,2500,42,27,ACO,-99.45239732362633,1,0,99.45239732362633
7,20,2500,42,28,ABC,-96.76566735427058,1,0,96.76566735427058
7,20,2500,42,28,GWO,906.3050230078115,0,1,93.69497699218843
7,20,2500,42,28,FA,-99.04364204580969,1,0,99.04364204580969
7,20,2500,42,28,PSO,898.065457436336,0,1,101.93454256366398
7,20,2500,42,28,GA,898.0679444813226,0,1,101.93205551867742
7,20,2500,42,28,ACO,-91.96358129341628,1,0,91.96358129341628
7,20,2500,42,29,ABC,-109.44038635441653,1,0,109.44038635441653
7,20,2500,42,29,GWO,-101.73157532014862,1,0,101.73157532014862
7,20,2500,42,29,FA,-96.96712746130564,1,0,96.96712746130564
7,20,2500,42,29,PSO,884.2483345406756,0,1,115.7516654593244
7,20,2500,42,29,GA,883.7610179147206,0,1,116.23898208527943
7,20,2500,42,29,ACO,-109.45643212302058,1,0,109.45643212302058
7,30,2500,42,0,ABC,-99.49125986127234,1,0,99.49125986127234
7,30,2500,42,0,GWO,-84.91208099352558,1,0,84.91208099352558
7,30,2500,42,0,FA,903.7253527712671,0,1,96.27464722873286
7,30,2500,42,0,PSO,897.2104454197639,0,1,102.78955458023611
7,30,2500,42,0,GA,-99.46124089314634,1,0,99.46124089314634
7,30,2500,42,0,ACO,-93.98388806415905,1,0,93.98388806415905
7,30,2500,42,1,ABC,-110.94511809270158,1,0,110.94511809270158
7,30,2500,42,1,GWO,-109.5236491322915,1,0,109.5236491322915
7,30,2500,42,1,FA,-107.27811783915062,1,0,107.27811783915062
7,30,2500,42,1,PSO,-107.39786065225427,1,0,107.39786065225427
7,30,2500,42,1,GA,-107.38471767812085,1,0,107.38471767812085
7,30,2500,42,1,ACO,-111.1544064424507,1,0,111.1544064424507
7,30,2500,42,2,ABC,-111.6317845952091,1,0,111.6317845952091
7,30,2500,42,2,GWO,-108.90813066032423,1,0,108.90813066032423
7,30,2500,42,2,FA,-110.76798236812891,1,0,110.76798236812891
7,30,2500,42,2,PSO,-111.75618842799116,1,0,111.75618842799116
7,30,2500,42,2,GA,-111.75589010325363,1,0,111.75589010325363
7,30,2500,42,2,ACO,-111.75604258923212,1,0,111.75604258923212
7,30,2500,42,3,ABC,-108.35137774080907,1,0,108.35137774080907
7,30,2500,42,3,GWO,-108.14821855746344,1,0,108.14821855746344
7,30,2500,42,3,FA,-108.01774205461578,1,0,108.01774205461578
7,30,2500,42,3,PSO,890.0579839804466,0,1,109.94201601955342
7,30,2500,42,3,GA,-108.18240215940772,1,0,108.18240215940772
7,30,2500,42,3,ACO,-108.36259153676833,1,0,108.36259153676833
7,30,2500,42,4,ABC,-114.88423315630916,1,0,114.88423315630916
7,30,2500,42,4,GWO,-94.30547719008625,1,0,94.30547719008625
7,30,2500,42,4,FA,882.5855707982938,0,1,117.4144292017062
7,30,2500,42,4,PSO,-115.17506246451322,1,0,115.17506246451322
7,30,2500,42,4,GA,-104.65097246370404,1,0,104.65097246370404
7,30,2500,42,4,ACO,-115.09612171782034,1,0,115.09612171782034
7,30,2500,42,5,ABC,-110.88985988083553,1,0,110.88985988083553
7,30,2500,42,5,GWO,-109.06063620887699,1,0,109.06063620887699
7,30,2500,42,5,FA,-110.6835773267999,1,0,110.6835773267999
7,30,2500,42,5,PSO,-110.91441902111886,1,0,110.91441902111886
7,30,2500,42,5,GA,-110.90287459490793,1,0,110.90287459490793
7,30,2500,42,5,ACO,-110.90814477801128,1,0,110.90814477801128
7,30,2500,42,6,ABC,-111.91803399603566,1,0,111.91803399603566
7,30,2500,42,6,GWO,-111.77798032858233,1,0,111.77798032858233
7,30,2500,42,6,FA,-104.84019623608066,1,0,104.84019623608066
7,30,2500,42,6,PSO,-112.00982078353529,1,0,112.00982078353529
7,30,2500,42,6,GA,-111.97329226559215,1,0,111.97329226559215
7,30,2500,42,6,ACO,-112.00983496974511,1,0,112.00983496974511
7,30,2500,42,7,ABC,-104.46607141775567,1,0,104.46607141775567
7,30,2500,42,7,GWO,-104.16336471410523,1,0,104.16336471410523
7,30,2500,42,7,FA,-98.7330030462296,1,0,98.7330030462296
7,30,2500,42,7,PSO,-104.61025626674645,1,0,104.61025626674645
7,30,2500,42,7,GA,-99.58916415869771,1,0,99.58916415869771
7,30,2500,42,7,ACO,-99.27385395339009,1,0,99.27385395339009
7,30,2500,42,8,ABC,-101.99315958357126,1,0,101.99315958357126
7,30,2500,42,8,GWO,-92.52663871701333,1,0,92.52663871701333
7,30,2500,42,8,FA,-102.15491227175903,1,0,102.15491227175903
7,30,2500,42,8,PSO,-102.85652295330016,1,0,102.85652295330016
7,30,2500,42,8,GA,-93.17765256610711,1,0,93.17765256610711
7,30,2500,42,8,ACO,-94.13576723952168,1,0,94.13576723952168
7,30,2500,42,9,ABC,-105.94869694889482,1,0,105.94869694889482
7,30,2500,42,9,GWO,-99.37774129510206,1,0,99.37774129510206
7,30,2500,42,9,FA,-106.08871649868911,1,0,106.08871649868911
7,30,2500,42,9,PSO,-105.58833716622006,1,0,105.58833716622006
7,30,2500,42,9,GA,-106.24230767196937,1,0,106.24230767196937
7,30,2500,42,9,ACO,-106.15583961561974,1,0,106.15583961561974
7,30,2500,42,10,ABC,-104.28301236508118,1,0,104.28301236508118
7,30,2500,42,10,GWO,907.9207725824967,0,1,92.07922741750326
7,30,2500,42,10,FA,-103.69421003656957,1,0,103.69421003656957
7,30,2500,42,10,PSO,-104.473781200018,1,0,104.473781200018
7,30,2500,42,10,GA,892.1387264444235,0,1,107.86127355557649
7,30,2500,42,10,ACO,-97.61214059859259,1,0,97.61214059859259
7,30,2500,42,11,ABC,-113.68563929304945,1,0,113.68563929304945
7,30,2500,42,11,GWO,-111.84676779427409,1,0,111.84676779427409
7,30,2500,42,11,FA,-113.48810228317704,1,0,113.48810228317704
7,30,2500,42,11,PSO,-113.71454957216554,1,0,113.71454957216554
7,30,2500,42,11,GA,-113.70817736155624,1,0,113.70817736155624
7,30,2500,42,11,ACO,-113.71051363803053,1,0,113.71051363803053
7,30,2500,42,12,ABC,902.0424109403556,0,1,97.95758905964445
7,30,2500,42,12,GWO,910.5728093771561,0,1,89.42719062284388
7,30,2500,42,12,FA,900.901241624613,0,1,99.09875837538702
7,30,2500,42,12,PSO,900.6971236067485,0,1,99.30287639325148
7,30,2500,42,12,GA,900.7080136540542,0,1,99.29198634594584
7,30,2500,42,12,ACO,909.6327812875803,0,1,90.36721871241973
7,30,2500,42,13,ABC,-101.43811140974458,1,0,101.43811140974458
7,30,2500,42,13,GWO,-93.77168980311777,1,0,93.77168980311777
7,30,2500,42,13,FA,893.3959506200252,0,1,106.60404937997475
7,30,2500,42,13,PSO,893.3124638203246,0,1,106.68753617967539
7,30,2500,42,13,GA,893.3695119478161,0,1,106.6304880521839
7,30,2500,42,13,ACO,-97.08191590893341,1,0,97.08191590893341
7,30,2500,42,14,ABC,-101.41749624165273,1,0,101.41749624165273
7,30,2500,42,14,GWO,-93.24940880728087,1,0,93.24940880728087
7,30,2500,42,14,FA,886.6421937142534,0,1,113.35780628574659
7,30,2500,42,14,PSO,886.5014051191778,0,1,113.49859488082222
7,30,2500,42,14,GA,886.5072979214492,0,1,113.49270207855085
7,30,2500,42,14,ACO,-99.98248366424407,1,0,99.98248366424407
7,30,2500,42,15,ABC,-97.52857416945277,1,0,97.52857416945277
7,30,2500,42,15,GWO,-92.20237314482722,1,0,92.20237314482722
7,30,2500,42,15,FA,-97.46665355503772,1,0,97.46665355503772
7,30,2500,42,15,PSO,-99.05717799829624,1,0,99.05717799829624
7,30,2500,42,15,GA,-98.99634092571561,1,0,98.99634092571561
7,30,2500,42,15,ACO,-98.98023581223005,1,0,98.98023581223005
7,30,2500,42,16,ABC,-100.84043794330942,1,0,100.84043794330942
7,30,2500,42,16,GWO,-96.14741619311856,1,0,96.14741619311856
7,30,2500,42,16,FA,-97.43872169991242,1,0,97.43872169991242
7,30,2500,42,16,PSO,-103.47353771378631,1,0,103.47353771378631
7,30,2500,42,16,GA,-103.40802782974508,1,0,103.40802782974508
7,30,2500,42,16,ACO,-99.83232406843692,1,0,99.83232406843692
7,30,2500,42,17,ABC,-98.54638076580129,1,0,98.54638076580129
7,30,2500,42,17,GWO,909.056847138683,0,1,90.94315286131705
7,30,2500,42,17,FA,-98.31504896201673,1,0,98.31504896201673
7,30,2500,42,17,PSO,900.249052773368,0,1,99.75094722663204
7,30,2500,42,17,GA,-98.6151881372535,1,0,98.6151881372535
7,30,2500,42,17,ACO,903.9614114526242,0,1,96.03858854737577
7,30,2500,42,18,ABC,906.1075666256653,0,1,93.89243337433474
7,30,2500,42,18,GWO,911.701417367932,0,1,88.29858263206798
7,30,2500,42,18,FA,1905.9329529673084,0,2,94.06704703269162
7,30,2500,42,18,PSO,901.5380102857663,0,1,98.4619897142337
7,30,2500,42,18,GA,1898.8340514010354,0,2,101.16594859896458
7,30,2500,42,18,ACO,909.5112914075248,0,1,90.48870859247512
7,30,2500,42,19,ABC,-98.8892394942984,1,0,98.8892394942984
7,30,2500,42,19,GWO,-98.06768560210536,1,0,98.06768560210536
7,30,2500,42,19,FA,900.8237084701987,0,1,99.17629152980133
7,30,2500,42,19,PSO,900.759308100459,0,1,99.24069189954103
7,30,2500,42,19,GA,900.7621116493904,0,1,99.23788835060962
7,30,2500,42,19,ACO,-98.90322528561485,1,0,98.90322528561485
7,30,2500,42,20,ABC,-108.11144649531465,1,0,108.11144649531465
7,30,2500,42,20,GWO,-101.51451435815282,1,0,101.51451435815282
7,30,2500,42,20,FA,-107.70285170467936,1,0,107.70285170467936
7,30,2500,42,20,PSO,-108.15587707581874,1,0,108.15587707581874
7,30,2500,42,20,GA,-107.77246831824078,1,0,107.77246831824078
7,30,2500,42,20,ACO,-107.77827484161178,1,0,107.77827484161178
7,30,2500,42,21,ABC,-106.44809044080415,1,0,106.44809044080415
7,30,2500,42,21,GWO,-103.67386402201308,1,0,103.67386402201308
7,30,2500,42,21,FA,-106.40156828515255,1,0,106.40156828515255
7,30,2500,42,21,PSO,-106.46403547956103,1,0,106.46403547956103
7,30,2500,42,21,GA,-106.47697816852214,1,0,106.47697816852214
7,30,2500,42,21,ACO,-106.49871206643229,1,0,106.49871206643229
7,30,2500,42,22,ABC,-113.55264414736666,1,0,113.55264414736666
7,30,2500,42,22,GWO,-113.68505929067175,1,0,113.68505929067175
7,30,2500,42,22,FA,-113.31159609898111,1,0,113.31159609898111
7,30,2500,42,22,PSO,-113.55509486806848,1,0,113.55509486806848
7,30,2500,42,22,GA,-113.63492283035987,1,0,113.63492283035987
7,30,2500,42,22,ACO,-113.78034267989122,1,0,113.78034267989122
7,30,2500,42,23,ABC,-102.38020720981034,1,0,102.38020720981034
7,30,2500,42,23,GWO,-99.09637692765253,1,0,99.09637692765253
7,30,2500,42,23,FA,909.5884771528873,0,1,90.41152284711268
7,30,2500,42,23,PSO,-94.86509942643016,1,0,94.86509942643016
7,30,2500,42,23,GA,-94.87582394057624,1,0,94.87582394057624
7,30,2500,42,23,ACO,-103.90217450501284,1,0,103.90217450501284
7,30,2500,42,24,ABC,-102.4243693819665,1,0,102.4243693819665
7,30,2500,42,24,GWO,-96.46435671729508,1,0,96.46435671729508
7,30,2500,42,24,FA,893.7875828170619,0,1,106.21241718293814
7,30,2500,42,24,PSO,893.7598166822504,0,1,106.24018331774961
7,30,2500,42,24,GA,893.7635389060764,0,1,106.23646109392358
7,30,2500,42,24,ACO,-96.51398068679079,1,0,96.51398068679079
7,30,2500,42,25,ABC,904.7575462720049,0,1,95.24245372799513
7,30,2500,42,25,GWO,913.9431155081671,0,1,86.05688449183288
7,30,2500,42,25,FA,907.1717033845833,0,1,92.8282966154167
7,30,2500,42,25,PSO,904.0645719297515,0,1,95.93542807024848
7,30,2500,42,25,GA,1897.8089973989306,0,2,102.19100260106941
7,30,2500,42,25,ACO,904.0865062928159,0,1,95.91349370718409
7,30,2500,42,26,ABC,-110.78723226154312,1,0,110.78723226154312
7,30,2500,42,26,GWO,-109.77390157653777,1,0,109.77390157653777
7,30,2500,42,26,FA,-110.31218060218211,1,0,110.31218060218211
7,30,2500,42,26,PSO,-110.4589314469352,1,0,110.4589314469352
7,30,2500,42,26,GA,-110.78628266172856,1,0,110.78628266172856
7,30,2500,42,26,ACO,-110.45957045950036,1,0,110.45957045950036
7,30,2500,42,27,ABC,-100.34481267854977,1,0,100.34481267854977
7,30,2500,42,27,GWO,890.8229156109923,0,1,109.17708438900777
7,30,2500,42,27,FA,900.4781451692452,0,1,99.52185483075486
7,30,2500,42,27,PSO,890.4111911292671,0,1,109.58880887073296
7,30,2500,42,27,GA,890.560955589155,0,1,109.439044410845
7,30,2500,42,27,ACO,-99.55263254615737,1,0,99.55263254615737
7,30,2500,42,28,ABC,-94.81022615375404,1,0,94.81022615375404
7,30,2500,42,28,GWO,-98.90520211942116,1,0,98.90520211942116
7,30,2500,42,28,FA,-98.91310739888206,1,0,98.91310739888206
7,30,2500,42,28,PSO,898.0655829353383,0,1,101.93441706466172
7,30,2500,42,28,GA,909.427810639777,0,1,90.572189360223
7,30,2500,42,28,ACO,908.8192668659904,0,1,91.18073313400966
7,30,2500,42,29,ABC,-106.01070098524372,1,0,106.01070098524372
7,30,2500,42,29,GWO,-109.2341848533122,1,0,109.2341848533122
7,30,2500,42,29,FA,-103.15840398110669,1,0,103.15840398110669
7,30,2500,42,29,PSO,-109.45539509568425,1,0,109.45539509568425
7,30,2500,42,29,GA,883.7839618380841,0,1,116.21603816191588
7,30,2500,42,29,ACO,-109.44419728872782,1,0,109.44419728872782
7,40,2500,42,0,ABC,-97.60320422632842,1,0,97.60320422632842
7,40,2500,42,0,GWO,902.5509127335395,0,1,97.44908726646055
7,40,2500,42,0,FA,902.2843185198523,0,1,97.71568148014771
7,40,2500,42,0,PSO,-99.57930526328407,1,0,99.57930526328407
7,40,2500,42,0,GA,898.597109295382,0,1,101.402890704618
7,40,2500,42,0,ACO,-90.41814785493496,1,0,90.41814785493496
7,40,2500,42,1,ABC,-111.06084855118868,1,0,111.06084855118868
7,40,2500,42,1,GWO,-110.87849487450919,1,0,110.87849487450919
7,40,2500,42,1,FA,-110.93372852364996,1,0,110.93372852364996
7,40,2500,42,1,PSO,-107.39182476674607,1,0,107.39182476674607
7,40,2500,42,1,GA,-111.1440551170986,1,0,111.1440551170986
7,40,2500,42,1,ACO,-111.14643482398968,1,0,111.14643482398968
7,40,2500,42,2,ABC,-111.74266024048012,1,0,111.74266024048012
7,40,2500,42,2,GWO,-105.59658579910418,1,0,105.59658579910418
7,40,2500,42,2,FA,-111.42351680286072,1,0,111.42351680286072
7,40,2500,42,2,PSO,-111.75407612655974,1,0,111.75407612655974
7,40,2500,42,2,GA,-111.70528608987429,1,0,111.70528608987429
7,40,2500,42,2,ACO,-111.67741349698048,1,0,111.67741349698048
7,40,2500,42,3,ABC,-108.33391285413074,1,0,108.33391285413074
7,40,2500,42,3,GWO,-105.39647232641222,1,0,105.39647232641222
7,40,2500,42,3,FA,-107.7309915718821,1,0,107.7309915718821
7,40,2500,42,3,PSO,889.7412940462001,0,1,110.25870595379988
7,40,2500,42,3,GA,889.665821221773,0,1,110.3341787782271
7,40,2500,42,3,ACO,-98.68991202601987,1,0,98.68991202601987
7,40,2500,42,4,ABC,-114.79410532070092,1,0,114.79410532070092
7,40,2500,42,4,GWO,882.6104929107297,0,1,117.3895070892703
7,40,2500,42,4,FA,-114.40938245370293,1,0,114.40938245370293
7,40,2500,42,4,PSO,882.4782936504904,0,1,117.5217063495096
7,40,2500,42,4,GA,882.513007360696,0,1,117.486992639304
7,40,2500,42,4,ACO,-110.85228317952146,1,0,110.85228317952146
7,40,2500,42,5,ABC,-110.8400773960188,1,0,110.8400773960188
7,40,2500,42,5,GWO,-110.81838529349314,1,0,110.81838529349314
7,40,2500,42,5,FA,-110.51245761445652,1,0,110.51245761445652
7,40,2500,42,5,PSO,-110.91180928331775,1,0,110.91180928331775
7,40,2500,42,5,GA,-110.89761865048452,1,0,110.89761865048452
7,40,2500,42,5,ACO,-109.89199229312504,1,0,109.89199229312504
7,40,2500,42,6,ABC,-111.97850509281642,1,0,111.97850509281642
7,40,2500,42,6,GWO,-111.83543544395431,1,0,111.83543544395431
7,40,2500,42,6,FA,-95.72001784791307,1,0,95.72001784791307
7,40,2500,42,6,PSO,-112.0097469277888,1,0,112.0097469277888
7,40,2500,42,6,GA,-112.00976860263728,1,0,112.00976860263728
7,40,2500,42,6,ACO,-112.00960834009642,1,0,112.00960834009642
7,40,2500,42,7,ABC,-104.59757855865766,1,0,104.59757855865766
7,40,2500,42,7,GWO,-103.67510934729093,1,0,103.67510934729093
7,40,2500,42,7,FA,-101.69771675399771,1,0,101.69771675399771
7,40,2500,42,7,PSO,-104.60788876340739,1,0,104.60788876340739
7,40,2500,42,7,GA,-99.23838683189614,1,0,99.23838683189614
7,40,2500,42,7,ACO,-103.11124633131979,1,0,103.11124633131979
7,40,2500,42,8,ABC,-101.56096071232818,1,0,101.56096071232818
7,40,2500,42,8,GWO,-96.7514572812796,1,0,96.7514572812796
7,40,2500,42,8,FA,895.8671635246719,0,1,104.13283647532802
7,40,2500,42,8,PSO,-101.89241439891616,1,0,101.89241439891616
7,40,2500,42,8,GA,1893.0134290947653,0,2,106.98657090523456
7,40,2500,42,8,ACO,-101.88457618355429,1,0,101.88457618355429
7,40,2500,42,9,ABC,-106.23991035557403,1,0,106.23991035557403
7,40,2500,42,9,GWO,-106.10785212050853,1,0,106.10785212050853
7,40,2500,42,9,FA,-105.91489118425274,1,0,105.91489118425274
7,40,2500,42,9,PSO,-105.60866528410733,1,0,105.60866528410733
7,40,2500,42,9,GA,-106.1609725991631,1,0,106.1609725991631
7,40,2500,42,9,ACO,-106.03747314719652,1,0,106.03747314719652
7,40,2500,42,10,ABC,-104.46769793346496,1,0,104.46769793346496
7,40,2500,42,10,GWO,-97.54013756065062,1,0,97.54013756065062
7,40,2500,42,10,FA,-103.97752884048832,1,0,103.97752884048832
7,40,2500,42,10,PSO,-104.42942531028899,1,0,104.42942531028899
7,40,2500,42,10,GA,-95.17853501420936,1,0,95.17853501420936
7,40,2500,42,10,ACO,-97.5895593709188,1,0,97.5895593709188
7,40,2500,42,11,ABC,-113.69799091490725,1,0,113.69799091490725
7,40,2500,42,11,GWO,-111.84676779427409,1,0,111.84676779427409
7,40,2500,42,11,FA,-113.13916836600598,1,0,113.13916836600598
7,40,2500,42,11,PSO,-113.70700648005176,1,0,113.70700648005176
7,40,2500,42,11,GA,-113.68597201479491,1,0,113.68597201479491
7,40,2500,42,11,ACO,-113.7056895392139,1,0,113.7056895392139
7,40,2500,42,12,ABC,901.4550424880762,0,1,98.54495751192378
7,40,2500,42,12,GWO,908.1669438637425,0,1,91.83305613625747
7,40,2500,42,12,FA,901.300865064424,0,1,98.69913493557603
7,40,2500,42,12,PSO,900.7023491086143,0,1,99.29765089138573
7,40,2500,42,12,GA,900.7117404737961,0,1,99.28825952620389
7,40,2500,42,12,ACO,907.4864379353384,0,1,92.5135620646616
7,40,2500,42,13,ABC,-101.21713519826709,1,0,101.21713519826709
7,40,2500,42,13,GWO,-94.19995082591196,1,0,94.19995082591196
7,40,2500,42,13,FA,-100.87991988167333,1,0,100.87991988167333
7,40,2500,42,13,PSO,893.31434520914,0,1,106.68565479085994
7,40,2500,42,13,GA,907.7412607421836,0,1,92.25873925781636
7,40,2500,42,13,ACO,-96.99491606835912,1,0,96.99491606835912
7,40,2500,42,14,ABC,-101.9088238427461,1,0,101.9088238427461
7,40,2500,42,14,GWO,886.6681594645629,0,1,113.33184053543714
7,40,2500,42,14,FA,886.7566273459655,0,1,113.2433726540345
7,40,2500,42,14,PSO,886.547727252052,0,1,113.452272747948
7,40,2500,42,14,GA,886.5069373129127,0,1,113.49306268708739
7,40,2500,42,14,ACO,-97.93370593174052,1,0,97.93370593174052
7,40,2500,42,15,ABC,-97.61590607565435,1,0,97.61590607565435
7,40,2500,42,15,GWO,-95.15464753845735,1,0,95.15464753845735
7,40,2500,42,15,FA,-98.81089657930741,1,0,98.81089657930741
7,40,2500,42,15,PSO,-99.04755299568951,1,0,99.04755299568951
7,40,2500,42,15,GA,895.0012705481236,0,1,104.9987294518765
7,40,2500,42,15,ACO,-96.7396253120617,1,0,96.7396253120617
7,40,2500,42,16,ABC,-103.41560437997313,1,0,103.41560437997313
7,40,2500,42,16,GWO,-98.53256454786742,1,0,98.53256454786742
7,40,2500,42,16,FA,-103.00197013813269,1,0,103.00197013813269
7,40,2500,42,16,PSO,-103.47149928078488,1,0,103.47149928078488
7,40,2500,42,16,GA,-103.42004610654924,1,0,103.42004610654924
7,40,2500,42,16,ACO,-97.87503549304716,1,0,97.87503549304716
7,40,2500,42,17,ABC,-98.1511662378736,1,0,98.1511662378736
7,40,2500,42,17,GWO,903.8538801506711,0,1,96.14611984932887
7,40,2500,42,17,FA,901.0091456987369,0,1,98.99085430126313
7,40,2500,42,17,PSO,-90.97569171292025,1,0,90.97569171292025
7,40,2500,42,17,GA,900.7593339771388,0,1,99.24066602286116
7,40,2500,42,17,ACO,-94.13421537785354,1,0,94.13421537785354
7,40,2500,42,18,ABC,903.6929560944845,0,1,96.3070439055155
7,40,2500,42,18,GWO,910.6881297453347,0,1,89.31187025466535
7,40,2500,42,18,FA,903.8140866787547,0,1,96.1859133212453
7,40,2500,42,18,PSO,909.6918120636401,0,1,90.30818793635986
7,40,2500,42,18,GA,1898.8654547191331,0,2,101.13454528086689
7,40,2500,42,18,ACO,905.7990656303419,0,1,94.20093436965809
7,40,2500,42,19,ABC,-98.91350142722864,1,0,98.91350142722864
7,40,2500,42,19,GWO,-98.08536025485567,1,0,98.08536025485567
7,40,2500,42,19,FA,900.8348905794246,0,1,99.16510942057539
7,40,2500,42,19,PSO,900.7596110957431,0,1,99.24038890425692
7,40,2500,42,19,GA,-98.91070263926615,1,0,98.91070263926615
7,40,2500,42,19,ACO,-98.8890701565506,1,0,98.8890701565506
7,40,2500,42,20,ABC,-108.05226746826425,1,0,108.05226746826425
7,40,2500,42,20,GWO,-107.62133200707868,1,0,107.62133200707868
7,40,2500,42,20,FA,-107.87230996124408,1,0,107.87230996124408
7,40,2500,42,20,PSO,-108.14199934396024,1,0,108.14199934396024
7,40,2500,42,20,GA,-108.11816698744903,1,0,108.11816698744903
7,40,2500,42,20,ACO,-107.77475693003986,1,0,107.77475693003986
7,40,2500,42,21,ABC,-106.48995251551123,1,0,106.48995251551123
7,40,2500,42,21,GWO,-103.69996626632044,1,0,103.69996626632044
7,40,2500,42,21,FA,-106.28372367932765,1,0,106.28372367932765
7,40,2500,42,21,PSO,-106.46303601279477,1,0,106.46303601279477
7,40,2500,42,21,GA,-106.4835114165317,1,0,106.4835114165317
7,40,2500,42,21,ACO,-106.4818972030912,1,0,106.4818972030912
7,40,2500,42,22,ABC,-113.54171525354211,1,0,113.54171525354211
7,40,2500,42,22,GWO,-113.70130713088042,1,0,113.70130713088042
7,40,2500,42,22,FA,-113.47995666928263,1,0,113.47995666928263
7,40,2500,42,22,PSO,-113.55459918328825,1,0,113.55459918328825
7,40,2500,42,22,GA,-113.59366239733968,1,0,113.59366239733968
7,40,2500,42,22,ACO,-113.74668533055197,1,0,113.74668533055197
7,40,2500,42,23,ABC,-94.57268371992849,1,0,94.57268371992849
7,40,2500,42,23,GWO,-103.78389577612181,1,0,103.78389577612181
7,40,2500,42,23,FA,905.186623022752,0,1,94.81337697724808
7,40,2500,42,23,PSO,-94.86470152708101,1,0,94.86470152708101
7,40,2500,42,23,GA,-103.88738475756801,1,0,103.88738475756801
7,40,2500,42,23,ACO,-103.87323478552922,1,0,103.87323478552922
7,40,2500,42,24,ABC,-99.92454830963948,1,0,99.92454830963948
7,40,2500,42,24,GWO,893.8458595069276,0,1,106.15414049307245
7,40,2500,42,24,FA,-102.14686220723779,1,0,102.14686220723779
7,40,2500,42,24,PSO,-102.47103560671532,1,0,102.47103560671532
7,40,2500,42,24,GA,893.7687781649645,0,1,106.23122183503554
7,40,2500,42,24,ACO,-96.47679885510146,1,0,96.47679885510146
7,40,2500,42,25,ABC,904.9215806199231,0,1,95.07841938007692
7,40,2500,42,25,GWO,904.3578181449137,0,1,95.64218185508632
7,40,2500,42,25,FA,904.4615982146075,0,1,95.53840178539242
7,40,2500,42,25,PSO,904.2040414559268,0,1,95.79595854407316
7,40,2500,42,25,GA,904.4445833856207,0,1,95.55541661437924
7,40,2500,42,25,ACO,905.5835484432645,0,1,94.41645155673548
7,40,2500,42,26,ABC,-110.73386662940361,1,0,110.73386662940361
7,40,2500,42,26,GWO,-109.82154180242462,1,0,109.82154180242462
7,40,2500,42,26,FA,-110.57668554299104,1,0,110.57668554299104
7,40,2500,42,26,PSO,-110.78934562819019,1,0,110.78934562819019
7,40,2500,42,26,GA,-110.40142424861695,1,0,110.40142424861695
7,40,2500,42,26,ACO,-108.19113895858256,1,0,108.19113895858256
7,40,2500,42,27,ABC,-99.53989456645871,1,0,99.53989456645871
7,40,2500,42,27,GWO,890.9649921536046,0,1,109.03500784639539
7,40,2500,42,27,FA,-99.5066763881499,1,0,99.5066763881499
7,40,2500,42,27,PSO,890.843164614608,0,1,109.15683538539203
7,40,2500,42,27,GA,890.4199134917626,0,1,109.58008650823743
7,40,2500,42,27,ACO,-99.3203760143201,1,0,99.3203760143201
7,40,2500,42,28,ABC,-87.98784293934389,1,0,87.98784293934389
7,40,2500,42,28,GWO,1903.7263514235856,0,2,96.27364857641435
7,40,2500,42,28,FA,1904.0588802192442,0,2,95.94111978075571
7,40,2500,42,28,PSO,898.067315843998,0,1,101.93268415600198
7,40,2500,42,28,GA,909.3395620098514,0,1,90.66043799014855
7,40,2500,42,28,ACO,906.685679626941,0,1,93.31432037305896
7,40,2500,42,29,ABC,-109.39048100311578,1,0,109.39048100311578
7,40,2500,42,29,GWO,-101.23109214503795,1,0,101.23109214503795
7,40,2500,42,29,FA,-108.99057084060495,1,0,108.99057084060495
7,40,2500,42,29,PSO,-109.4484387034257,1,0,109.4484387034257
7,40,2500,42,29,GA,883.7462227636321,0,1,116.25377723636794
7,40,2500,42,29,ACO,-109.38352622362126,1,0,109.38352622362126
7,40,2500,42,0,ABC,-97.60320422632842,1,0,97.60320422632842
7,40,2500,42,0,GWO,902.5509127335395,0,1,97.44908726646055
7,40,2500,42,0,FA,902.2843185198523,0,1,97.71568148014771
7,40,2500,42,0,PSO,-99.57930526328407,1,0,99.57930526328407
7,40,2500,42,0,GA,898.597109295382,0,1,101.402890704618
7,40,2500,42,0,ACO,-90.41814785493496,1,0,90.41814785493496
7,40,2500,42,1,ABC,-111.06084855118868,1,0,111.06084855118868
7,40,2500,42,1,GWO,-110.87849487450919,1,0,110.87849487450919
7,40,2500,42,1,FA,-110.93372852364996,1,0,110.93372852364996
7,40,2500,42,1,PSO,-107.39182476674607,1,0,107.39182476674607
7,40,2500,42,1,GA,-111.1440551170986,1,0,111.1440551170986
7,40,2500,42,1,ACO,-111.14643482398968,1,0,111.14643482398968
7,40,2500,42,2,ABC,-111.74266024048012,1,0,111.74266024048012
7,40,2500,42,2,GWO,-105.59658579910418,1,0,105.59658579910418
7,40,2500,42,2,FA,-111.42351680286072,1,0,111.42351680286072
7,40,2500,42,2,PSO,-111.75407612655974,1,0,111.75407612655974
7,40,2500,42,2,GA,-111.70528608987429,1,0,111.70528608987429
7,40,2500,42,2,ACO,-111.67741349698048,1,0,111.67741349698048
7,40,2500,42,3,ABC,-108.33391285413074,1,0,108.33391285413074
7,40,2500,42,3,GWO,-105.39647232641222,1,0,105.39647232641222
7,40,2500,42,3,FA,-107.7309915718821,1,0,107.7309915718821
7,40,2500,42,3,PSO,889.7412940462001,0,1,110.25870595379988
7,40,2500,42,3,GA,889.665821221773,0,1,110.3341787782271
7,40,2500,42,3,ACO,-98.68991202601987,1,0,98.68991202601987
7,40,2500,42,4,ABC,-114.79410532070092,1,0,114.79410532070092
7,40,2500,42,4,GWO,882.6104929107297,0,1,117.3895070892703
7,40,2500,42,4,FA,-114.40938245370293,1,0,114.40938245370293
7,40,2500,42,4,PSO,882.4782936504904,0,1,117.5217063495096
7,40,2500,42,4,GA,882.513007360696,0,1,117.486992639304
7,40,2500,42,4,ACO,-110.85228317952146,1,0,110.85228317952146
7,40,2500,42,5,ABC,-110.8400773960188,1,0,110.8400773960188
7,40,2500,42,5,GWO,-110.81838529349314,1,0,110.81838529349314
7,40,2500,42,5,FA,-110.51245761445652,1,0,110.51245761445652
7,40,2500,42,5,PSO,-110.91180928331775,1,0,110.91180928331775
7,40,2500,42,5,GA,-110.89761865048452,1,0,110.89761865048452
7,40,2500,42,5,ACO,-109.89199229312504,1,0,109.89199229312504
7,40,2500,42,6,ABC,-111.97850509281642,1,0,111.97850509281642
7,40,2500,42,6,GWO,-111.83543544395431,1,0,111.83543544395431
7,40,2500,42,6,FA,-95.72001784791307,1,0,95.72001784791307
7,40,2500,42,6,PSO,-112.0097469277888,1,0,112.0097469277888
7,40,2500,42,6,GA,-112.00976860263728,1,0,112.00976860263728
7,40,2500,42,6,ACO,-112.00960834009642,1,0,112.00960834009642
7,40,2500,42,7,ABC,-104.59757855865766,1,0,104.59757855865766
7,40,2500,42,7,GWO,-103.67510934729093,1,0,103.67510934729093
7,40,2500,42,7,FA,-101.69771675399771,1,0,101.69771675399771
7,40,2500,42,7,PSO,-104.60788876340739,1,0,104.60788876340739
7,40,2500,42,7,GA,-99.23838683189614,1,0,99.23838683189614
7,40,2500,42,7,ACO,-103.11124633131979,1,0,103.11124633131979
7,40,2500,42,8,ABC,-101.56096071232818,1,0,101.56096071232818
7,40,2500,42,8,GWO,-96.7514572812796,1,0,96.7514572812796
7,40,2500,42,8,FA,895.8671635246719,0,1,104.13283647532802
7,40,2500,42,8,PSO,-101.89241439891616,1,0,101.89241439891616
7,40,2500,42,8,GA,1893.0134290947653,0,2,106.98657090523456
7,40,2500,42,8,ACO,-101.88457618355429,1,0,101.88457618355429
7,40,2500,42,9,ABC,-106.23991035557403,1,0,106.23991035557403
7,40,2500,42,9,GWO,-106.10785212050853,1,0,106.10785212050853
7,40,2500,42,9,FA,-105.91489118425274,1,0,105.91489118425274
7,40,2500,42,9,PSO,-105.60866528410733,1,0,105.60866528410733
7,40,2500,42,9,GA,-106.1609725991631,1,0,106.1609725991631
7,40,2500,42,9,ACO,-106.03747314719652,1,0,106.03747314719652
7,40,2500,42,10,ABC,-104.46769793346496,1,0,104.46769793346496
7,40,2500,42,10,GWO,-97.54013756065062,1,0,97.54013756065062
7,40,2500,42,10,FA,-103.97752884048832,1,0,103.97752884048832
7,40,2500,42,10,PSO,-104.42942531028899,1,0,104.42942531028899
7,40,2500,42,10,GA,-95.17853501420936,1,0,95.17853501420936
7,40,2500,42,10,ACO,-97.5895593709188,1,0,97.5895593709188
7,40,2500,42,11,ABC,-113.69799091490725,1,0,113.69799091490725
7,40,2500,42,11,GWO,-111.84676779427409,1,0,111.84676779427409
7,40,2500,42,11,FA,-113.13916836600598,1,0,113.13916836600598
7,40,2500,42,11,PSO,-113.70700648005176,1,0,113.70700648005176
7,40,2500,42,11,GA,-113.68597201479491,1,0,113.68597201479491
7,40,2500,42,11,ACO,-113.7056895392139,1,0,113.7056895392139
7,40,2500,42,12,ABC,901.4550424880762,0,1,98.54495751192378
7,40,2500,42,12,GWO,908.1669438637425,0,1,91.83305613625747
7,40,2500,42,12,FA,901.300865064424,0,1,98.69913493557603
7,40,2500,42,12,PSO,900.7023491086143,0,1,99.29765089138573
7,40,2500,42,12,GA,900.7117404737961,0,1,99.28825952620389
7,40,2500,42,12,ACO,907.4864379353384,0,1,92.5135620646616
7,40,2500,42,13,ABC,-101.21713519826709,1,0,101.21713519826709
7,40,2500,42,13,GWO,-94.19995082591196,1,0,94.19995082591196
7,40,2500,42,13,FA,-100.87991988167333,1,0,100.87991988167333
7,40,2500,42,13,PSO,893.31434520914,0,1,106.68565479085994
7,40,2500,42,13,GA,907.7412607421836,0,1,92.25873925781636
7,40,2500,42,13,ACO,-96.99491606835912,1,0,96.99491606835912
7,40,2500,42,14,ABC,-101.9088238427461,1,0,101.9088238427461
7,40,2500,42,14,GWO,886.6681594645629,0,1,113.33184053543714
7,40,2500,42,14,FA,886.7566273459655,0,1,113.2433726540345
7,40,2500,42,14,PSO,886.547727252052,0,1,113.452272747948
7,40,2500,42,14,GA,886.5069373129127,0,1,113.49306268708739
7,40,2500,42,14,ACO,-97.93370593174052,1,0,97.93370593174052
7,40,2500,42,15,ABC,-97.61590607565435,1,0,97.61590607565435
7,40,2500,42,15,GWO,-95.15464753845735,1,0,95.15464753845735
7,40,2500,42,15,FA,-98.81089657930741,1,0,98.81089657930741
7,40,2500,42,15,PSO,-99.04755299568951,1,0,99.04755299568951
7,40,2500,42,15,GA,895.0012705481236,0,1,104.9987294518765
7,40,2500,42,15,ACO,-96.7396253120617,1,0,96.7396253120617
7,40,2500,42,16,ABC,-103.41560437997313,1,0,103.41560437997313
7,40,2500,42,16,GWO,-98.53256454786742,1,0,98.53256454786742
7,40,2500,42,16,FA,-103.00197013813269,1,0,103.00197013813269
7,40,2500,42,16,PSO,-103.47149928078488,1,0,103.47149928078488
7,40,2500,42,16,GA,-103.42004610654924,1,0,103.42004610654924
7,40,2500,42,16,ACO,-97.87503549304716,1,0,97.87503549304716
7,40,2500,42,17,ABC,-98.1511662378736,1,0,98.1511662378736
7,40,2500,42,17,GWO,903.8538801506711,0,1,96.14611984932887
7,40,2500,42,17,FA,901.0091456987369,0,1,98.99085430126313
7,40,2500,42,17,PSO,-90.97569171292025,1,0,90.97569171292025
7,40,2500,42,17,GA,900.7593339771388,0,1,99.24066602286116
7,40,2500,42,17,ACO,-94.13421537785354,1,0,94.13421537785354
7,40,2500,42,18,ABC,903.6929560944845,0,1,96.3070439055155
7,40,2500,42,18,GWO,910.6881297453347,0,1,89.31187025466535
7,40,2500,42,18,FA,903.8140866787547,0,1,96.1859133212453
7,40,2500,42,18,PSO,909.6918120636401,0,1,90.30818793635986
7,40,2500,42,18,GA,1898.8654547191331,0,2,101.13454528086689
7,40,2500,42,18,ACO,905.7990656303419,0,1,94.20093436965809
7,40,2500,42,19,ABC,-98.91350142722864,1,0,98.91350142722864
7,40,2500,42,19,GWO,-98.08536025485567,1,0,98.08536025485567
7,40,2500,42,19,FA,900.8348905794246,0,1,99.16510942057539
7,40,2500,42,19,PSO,900.7596110957431,0,1,99.24038890425692
7,40,2500,42,19,GA,-98.91070263926615,1,0,98.91070263926615
7,40,2500,42,19,ACO,-98.8890701565506,1,0,98.8890701565506
7,40,2500,42,20,ABC,-108.05226746826425,1,0,108.05226746826425
7,40,2500,42,20,GWO,-107.62133200707868,1,0,107.62133200707868
7,40,2500,42,20,FA,-107.87230996124408,1,0,107.87230996124408
7,40,2500,42,20,PSO,-108.14199934396024,1,0,108.14199934396024
7,40,2500,42,20,GA,-108.11816698744903,1,0,108.11816698744903
7,40,2500,42,20,ACO,-107.77475693003986,1,0,107.77475693003986
7,40,2500,42,21,ABC,-106.48995251551123,1,0,106.48995251551123
7,40,2500,42,21,GWO,-103.69996626632044,1,0,103.69996626632044
7,40,2500,42,21,FA,-106.28372367932765,1,0,106.28372367932765
7,40,2500,42,21,PSO,-106.46303601279477,1,0,106.46303601279477
7,40,2500,42,21,GA,-106.4835114165317,1,0,106.4835114165317
7,40,2500,42,21,ACO,-106.4818972030912,1,0,106.4818972030912
7,40,2500,42,22,ABC,-113.54171525354211,1,0,113.54171525354211
7,40,2500,42,22,GWO,-113.70130713088042,1,0,113.70130713088042
7,40,2500,42,22,FA,-113.47995666928263,1,0,113.47995666928263
7,40,2500,42,22,PSO,-113.55459918328825,1,0,113.55459918328825
7,40,2500,42,22,GA,-113.59366239733968,1,0,113.59366239733968
7,40,2500,42,22,ACO,-113.74668533055197,1,0,113.74668533055197
7,40,2500,42,23,ABC,-94.57268371992849,1,0,94.57268371992849
7,40,2500,42,23,GWO,-103.78389577612181,1,0,103.78389577612181
7,40,2500,42,23,FA,905.186623022752,0,1,94.81337697724808
7,40,2500,42,23,PSO,-94.86470152708101,1,0,94.86470152708101
7,40,2500,42,23,GA,-103.88738475756801,1,0,103.88738475756801
7,40,2500,42,23,ACO,-103.87323478552922,1,0,103.87323478552922
7,40,2500,42,24,ABC,-99.92454830963948,1,0,99.92454830963948
7,40,2500,42,24,GWO,893.8458595069276,0,1,106.15414049307245
7,40,2500,42,24,FA,-102.14686220723779,1,0,102.14686220723779
7,40,2500,42,24,PSO,-102.47103560671532,1,0,102.47103560671532
7,40,2500,42,24,GA,893.7687781649645,0,1,106.23122183503554
7,40,2500,42,24,ACO,-96.47679885510146,1,0,96.47679885510146
7,40,2500,42,25,ABC,904.9215806199231,0,1,95.07841938007692
7,40,2500,42,25,GWO,904.3578181449137,0,1,95.64218185508632
7,40,2500,42,25,FA,904.4615982146075,0,1,95.53840178539242
7,40,2500,42,25,PSO,904.2040414559268,0,1,95.79595854407316
7,40,2500,42,25,GA,904.4445833856207,0,1,95.55541661437924
7,40,2500,42,25,ACO,905.5835484432645,0,1,94.41645155673548
7,40,2500,42,26,ABC,-110.73386662940361,1,0,110.73386662940361
7,40,2500,42,26,GWO,-109.82154180242462,1,0,109.82154180242462
7,40,2500,42,26,FA,-110.57668554299104,1,0,110.57668554299104
7,40,2500,42,26,PSO,-110.78934562819019,1,0,110.78934562819019
7,40,2500,42,26,GA,-110.40142424861695,1,0,110.40142424861695
7,40,2500,42,26,ACO,-108.19113895858256,1,0,108.19113895858256
7,40,2500,42,27,ABC,-99.53989456645871,1,0,99.53989456645871
7,40,2500,42,27,GWO,890.9649921536046,0,1,109.03500784639539
7,40,2500,42,27,FA,-99.5066763881499,1,0,99.5066763881499
7,40,2500,42,27,PSO,890.843164614608,0,1,109.15683538539203
7,40,2500,42,27,GA,890.4199134917626,0,1,109.58008650823743
7,40,2500,42,27,ACO,-99.3203760143201,1,0,99.3203760143201
7,40,2500,42,28,ABC,-87.98784293934389,1,0,87.98784293934389
7,40,2500,42,28,GWO,1903.7263514235856,0,2,96.27364857641435
7,40,2500,42,28,FA,1904.0588802192442,0,2,95.94111978075571
7,40,2500,42,28,PSO,898.067315843998,0,1,101.93268415600198
7,40,2500,42,28,GA,909.3395620098514,0,1,90.66043799014855
7,40,2500,42,28,ACO,906.685679626941,0,1,93.31432037305896
7,40,2500,42,29,ABC,-109.39048100311578,1,0,109.39048100311578
7,40,2500,42,29,GWO,-101.23109214503795,1,0,101.23109214503795
7,40,2500,42,29,FA,-108.99057084060495,1,0,108.99057084060495
7,40,2500,42,29,PSO,-109.4484387034257,1,0,109.4484387034257
7,40,2500,42,29,GA,883.7462227636321,0,1,116.25377723636794
7,40,2500,42,29,ACO,-109.38352622362126,1,0,109.38352622362126
7,40,5000,42,0,ABC,-99.14994247033586,1,0,99.14994247033586
7,40,5000,42,0,GWO,904.2157500914034,0,1,95.78424990859662
7,40,5000,42,0,FA,901.6008291158527,0,1,98.3991708841473
7,40,5000,42,0,PSO,-99.60554360840932,1,0,99.60554360840932
7,40,5000,42,0,GA,898.5422744327254,0,1,101.45772556727458
7,40,5000,42,0,ACO,-92.85458403807888,1,0,92.85458403807888
7,40,5000,42,1,ABC,-111.0727278953542,1,0,111.0727278953542
7,40,5000,42,1,GWO,-110.89819931746266,1,0,110.89819931746266
7,40,5000,42,1,FA,-111.08571872538599,1,0,111.08571872538599
7,40,5000,42,1,PSO,-107.39961874098807,1,0,107.39961874098807
7,40,5000,42,1,GA,-111.14428860177922,1,0,111.14428860177922
7,40,5000,42,1,ACO,-111.15467507763164,1,0,111.15467507763164
7,40,5000,42,2,ABC,-111.75304893188141,1,0,111.75304893188141
7,40,5000,42,2,GWO,-105.01175562296851,1,0,105.01175562296851
7,40,5000,42,2,FA,-111.72913947648289,1,0,111.72913947648289
7,40,5000,42,2,PSO,-111.75730229427451,1,0,111.75730229427451
7,40,5000,42,2,GA,-111.74892856086589,1,0,111.74892856086589
7,40,5000,42,2,ACO,-111.75731222924179,1,0,111.75731222924179
7,40,5000,42,3,ABC,-108.33651713861909,1,0,108.33651713861909
7,40,5000,42,3,GWO,-106.17991422695023,1,0,106.17991422695023
7,40,5000,42,3,FA,-108.23710295993419,1,0,108.23710295993419
7,40,5000,42,3,PSO,889.7411484641558,0,1,110.25885153584423
7,40,5000,42,3,GA,889.6654548178194,0,1,110.33454518218053
7,40,5000,42,3,ACO,-98.69620322455356,1,0,98.69620322455356
7,40,5000,42,4,ABC,-115.02173811709883,1,0,115.02173811709883
7,40,5000,42,4,GWO,-106.77672139791927,1,0,106.77672139791927
7,40,5000,42,4,FA,-114.93158035007362,1,0,114.93158035007362
7,40,5000,42,4,PSO,882.4727652958562,0,1,117.52723470414378
7,40,5000,42,4,GA,882.47679084458,0,1,117.52320915541993
7,40,5000,42,4,ACO,-115.1702295561195,1,0,115.1702295561195
7,40,5000,42,5,ABC,-110.9077403873475,1,0,110.9077403873475
7,40,5000,42,5,GWO,-109.45208738575413,1,0,109.45208738575413
7,40,5000,42,5,FA,-110.8937631725457,1,0,110.8937631725457
7,40,5000,42,5,PSO,-110.914861674811,1,0,110.914861674811
7,40,5000,42,5,GA,-110.90547069890071,1,0,110.90547069890071
7,40,5000,42,5,ACO,-109.9601809137016,1,0,109.9601809137016
7,40,5000,42,6,ABC,-112.00736135340175,1,0,112.00736135340175
7,40,5000,42,6,GWO,-111.8642625331534,1,0,111.8642625331534
7,40,5000,42,6,FA,-96.22235400793703,1,0,96.22235400793703
7,40,5000,42,6,PSO,-112.00986259660681,1,0,112.00986259660681
7,40,5000,42,6,GA,-112.00980260443522,1,0,112.00980260443522
7,40,5000,42,6,ACO,-112.00986262484871,1,0,112.00986262484871
7,40,5000,42,7,ABC,-104.60005393267372,1,0,104.60005393267372
7,40,5000,42,7,GWO,-104.086406594162,1,0,104.086406594162
7,40,5000,42,7,FA,-101.91036011457881,1,0,101.91036011457881
7,40,5000,42,7,PSO,-104.61076945241135,1,0,104.61076945241135
7,40,5000,42,7,GA,-99.24884913355604,1,0,99.24884913355604
7,40,5000,42,7,ACO,-104.27455997476136,1,0,104.27455997476136
7,40,5000,42,8,ABC,-102.74776163447042,1,0,102.74776163447042
7,40,5000,42,8,GWO,-92.53820823959654,1,0,92.53820823959654
7,40,5000,42,8,FA,895.7767563567866,0,1,104.22324364321341
7,40,5000,42,8,PSO,-102.06731193599215,1,0,102.06731193599215
7,40,5000,42,8,GA,896.4372263483688,0,1,103.56277365163118
7,40,5000,42,8,ACO,-102.84568303125243,1,0,102.84568303125243
7,40,5000,42,9,ABC,-106.24122014164294,1,0,106.24122014164294
7,40,5000,42,9,GWO,-99.14467376116924,1,0,99.14467376116924
7,40,5000,42,9,FA,-106.26316211142827,1,0,106.26316211142827
7,40,5000,42,9,PSO,-105.6092018244798,1,0,105.6092018244798
7,40,5000,42,9,GA,-106.17090134241651,1,0,106.17090134241651
7,40,5000,42,9,ACO,-106.26176500180048,1,0,106.26176500180048
7,40,5000,42,10,ABC,-104.47035434598881,1,0,104.47035434598881
7,40,5000,42,10,GWO,-89.64650389248476,1,0,89.64650389248476
7,40,5000,42,10,FA,-104.23878892389959,1,0,104.23878892389959
7,40,5000,42,10,PSO,-104.47563381278542,1,0,104.47563381278542
7,40,5000,42,10,GA,-97.05083805356387,1,0,97.05083805356387
7,40,5000,42,10,ACO,-97.59209223520439,1,0,97.59209223520439
7,40,5000,42,11,ABC,-113.70394689524765,1,0,113.70394689524765
7,40,5000,42,11,GWO,-111.84676779427409,1,0,111.84676779427409
7,40,5000,42,11,FA,-113.43150765794135,1,0,113.43150765794135
7,40,5000,42,11,PSO,-113.7159670512917,1,0,113.7159670512917
7,40,5000,42,11,GA,-113.70510533249988,1,0,113.70510533249988
7,40,5000,42,11,ACO,-113.7159270195113,1,0,113.7159270195113
7,40,5000,42,12,ABC,-93.48788692679788,1,0,93.48788692679788
7,40,5000,42,12,GWO,-90.55277761344693,1,0,90.55277761344693
7,40,5000,42,12,FA,900.7242045448523,0,1,99.27579545514762
7,40,5000,42,12,PSO,900.6952630800785,0,1,99.30473691992158
7,40,5000,42,12,GA,900.7074146419327,0,1,99.2925853580673
7,40,5000,42,12,ACO,907.4864379353384,0,1,92.5135620646616
7,40,5000,42,13,ABC,-101.47094238735033,1,0,101.47094238735033
7,40,5000,42,13,GWO,-98.82667632365768,1,0,98.82667632365768
7,40,5000,42,13,FA,-101.31440144528503,1,0,101.31440144528503
7,40,5000,42,13,PSO,893.3120327587949,0,1,106.6879672412051
7,40,5000,42,13,GA,907.6500631916296,0,1,92.34993680837044
7,40,5000,42,13,ACO,-97.08784590820498,1,0,97.08784590820498
7,40,5000,42,14,ABC,-105.71615452882881,1,0,105.71615452882881
7,40,5000,42,14,GWO,886.6349475396421,0,1,113.36505246035784
7,40,5000,42,14,FA,886.597290321427,0,1,113.40270967857309
7,40,5000,42,14,PSO,886.5474813740835,0,1,113.45251862591645
7,40,5000,42,14,GA,886.506842021719,0,1,113.493157978281
7,40,5000,42,14,ACO,-97.93370593174052,1,0,97.93370593174052
7,40,5000,42,15,ABC,-99.02563441663176,1,0,99.02563441663176
7,40,5000,42,15,GWO,-95.50960583309752,1,0,95.50960583309752
7,40,5000,42,15,FA,-99.01439569030607,1,0,99.01439569030607
7,40,5000,42,15,PSO,-99.06540411889932,1,0,99.06540411889932
7,40,5000,42,15,GA,894.6807111413789,0,1,105.31928885862106
7,40,5000,42,15,ACO,-99.04078251874749,1,0,99.04078251874749
7,40,5000,42,16,ABC,-103.42989097917305,1,0,103.42989097917305
7,40,5000,42,16,GWO,-93.30143137883236,1,0,93.30143137883236
7,40,5000,42,16,FA,-103.40323429495564,1,0,103.40323429495564
7,40,5000,42,16,PSO,-103.48501995878091,1,0,103.48501995878091
7,40,5000,42,16,GA,-103.42350180660462,1,0,103.42350180660462
7,40,5000,42,16,ACO,-98.43499348364676,1,0,98.43499348364676
7,40,5000,42,17,ABC,-98.36156598762763,1,0,98.36156598762763
7,40,5000,42,17,GWO,-92.59010363190508,1,0,92.59010363190508
7,40,5000,42,17,FA,900.7689978137896,0,1,99.23100218621043
7,40,5000,42,17,PSO,-90.977829162846,1,0,90.977829162846
7,40,5000,42,17,GA,-91.06317706693734,1,0,91.06317706693734
7,40,5000,42,17,ACO,-98.34364735570048,1,0,98.34364735570048
7,40,5000,42,18,ABC,903.5046742907308,0,1,96.4953257092692
7,40,5000,42,18,GWO,904.7672028646234,0,1,95.23279713537664
7,40,5000,42,18,FA,903.6903028220387,0,1,96.3096971779613
7,40,5000,42,18,PSO,909.6153713524657,0,1,90.38462864753436
7,40,5000,42,18,GA,1898.8391528155648,0,2,101.16084718443527
7,40,5000,42,18,ACO,903.4467059784239,0,1,96.55329402157608
7,40,5000,42,19,ABC,-98.91791527669918,1,0,98.91791527669918
7,40,5000,42,19,GWO,-98.52039234380928,1,0,98.52039234380928
7,40,5000,42,19,FA,900.7761902544911,0,1,99.22380974550892
7,40,5000,42,19,PSO,900.7592425697634,0,1,99.2407574302366
7,40,5000,42,19,GA,-98.91431131705086,1,0,98.91431131705086
7,40,5000,42,19,ACO,-98.92018158930092,1,0,98.92018158930092
7,40,5000,42,20,ABC,-108.08197107262797,1,0,108.08197107262797
7,40,5000,42,20,GWO,-107.73033855132022,1,0,107.73033855132022
7,40,5000,42,20,FA,-108.12667024302853,1,0,108.12667024302853
7,40,5000,42,20,PSO,-108.15818498642429,1,0,108.15818498642429
7,40,5000,42,20,GA,-108.15171883265712,1,0,108.15171883265712
7,40,5000,42,20,ACO,-107.77859237833701,1,0,107.77859237833701
7,40,5000,42,21,ABC,-106.49787590377723,1,0,106.49787590377723
7,40,5000,42,21,GWO,-103.6704855983836,1,0,103.6704855983836
7,40,5000,42,21,FA,-106.48332293966216,1,0,106.48332293966216
7,40,5000,42,21,PSO,-106.4649836593174,1,0,106.4649836593174
7,40,5000,42,21,GA,-106.49321004142524,1,0,106.49321004142524
7,40,5000,42,21,ACO,-106.50254347834122,1,0,106.50254347834122
7,40,5000,42,22,ABC,-113.54238386303868,1,0,113.54238386303868
7,40,5000,42,22,GWO,-113.70745730575652,1,0,113.70745730575652
7,40,5000,42,22,FA,-113.54534735744353,1,0,113.54534735744353
7,40,5000,42,22,PSO,-113.55535842419407,1,0,113.55535842419407
7,40,5000,42,22,GA,-113.65468505800052,1,0,113.65468505800052
7,40,5000,42,22,ACO,-113.78676942821386,1,0,113.78676942821386
7,40,5000,42,23,ABC,-94.85915186582619,1,0,94.85915186582619
7,40,5000,42,23,GWO,-103.35130791531095,1,0,103.35130791531095
7,40,5000,42,23,FA,904.8884625224912,0,1,95.11153747750878
7,40,5000,42,23,PSO,-94.86521250350023,1,0,94.86521250350023
7,40,5000,42,23,GA,-103.89367682724509,1,0,103.89367682724509
7,40,5000,42,23,ACO,-103.90482294243616,1,0,103.90482294243616
7,40,5000,42,24,ABC,-102.45016330749394,1,0,102.45016330749394
7,40,5000,42,24,GWO,-94.62402058372335,1,0,94.62402058372335
7,40,5000,42,24,FA,-102.38020566614907,1,0,102.38020566614907
7,40,5000,42,24,PSO,-102.47901527539388,1,0,102.47901527539388
7,40,5000,42,24,GA,893.7599016610657,0,1,106.24009833893427
7,40,5000,42,24,ACO,-96.51648629582219,1,0,96.51648629582219
7,40,5000,42,25,ABC,903.7966290310256,0,1,96.20337096897433
7,40,5000,42,25,GWO,904.1228432442767,0,1,95.87715675572332
7,40,5000,42,25,FA,904.3190036840176,0,1,95.68099631598243
7,40,5000,42,25,PSO,904.1473975101977,0,1,95.85260248980228
7,40,5000,42,25,GA,904.4256500281723,0,1,95.57434997182771
7,40,5000,42,25,ACO,903.7532402480906,0,1,96.24675975190944
7,40,5000,42,26,ABC,-110.80843826724778,1,0,110.80843826724778
7,40,5000,42,26,GWO,-107.03495545828818,1,0,107.03495545828818
7,40,5000,42,26,FA,-110.75863640098969,1,0,110.75863640098969
7,40,5000,42,26,PSO,-110.81745744965087,1,0,110.81745744965087
7,40,5000,42,26,GA,-110.42908496523903,1,0,110.42908496523903
7,40,5000,42,26,ACO,-110.45585072714653,1,0,110.45585072714653
7,40,5000,42,27,ABC,-99.53989456645871,1,0,99.53989456645871
7,40,5000,42,27,GWO,890.5984317718031,0,1,109.40156822819688
7,40,5000,42,27,FA,-99.60942002433787,1,0,99.60942002433787
7,40,5000,42,27,PSO,890.8389256059719,0,1,109.16107439402806
7,40,5000,42,27,GA,890.419603094087,0,1,109.58039690591289
7,40,5000,42,27,ACO,-99.56760966889539,1,0,99.56760966889539
7,40,5000,42,28,ABC,-98.62489997956155,1,0,98.62489997956155
7,40,5000,42,28,GWO,904.0419239897005,0,1,95.95807601029945
7,40,5000,42,28,FA,1903.7018173695994,0,2,96.29818263040056
7,40,5000,42,28,PSO,898.0654577025286,0,1,101.9345422974714
7,40,5000,42,28,GA,909.3342885860902,0,1,90.66571141390978
7,40,5000,42,28,ACO,906.685679626941,0,1,93.31432037305896
7,40,5000,42,29,ABC,-109.4185038605075,1,0,109.4185038605075
7,40,5000,42,29,GWO,-109.05882159089059,1,0,109.05882159089059
7,40,5000,42,29,FA,-109.2990625908047,1,0,109.2990625908047
7,40,5000,42,29,PSO,-109.45666523447336,1,0,109.45666523447336
7,40,5000,42,29,GA,883.7452574871214,0,1,116.25474251287858
7,40,5000,42,29,ACO,-109.45658522759703,1,0,109.45658522759703
7,40,10000,42,0,ABC,-99.60609695116395,1,0,99.60609695116395
7,40,10000,42,0,GWO,902.7686177952469,0,1,97.23138220475307
7,40,10000,42,0,FA,901.3676731549904,0,1,98.63232684500963
7,40,10000,42,0,PSO,-99.62331804968741,1,0,99.62331804968741
7,40,10000,42,0,GA,-93.86885005083523,1,0,93.86885005083523
7,40,10000,42,0,ACO,-94.22304606581312,1,0,94.22304606581312
7,40,10000,42,1,ABC,-111.15257277935676,1,0,111.15257277935676
7,40,10000,42,1,GWO,-110.56974558695828,1,0,110.56974558695828
7,40,10000,42,1,FA,-111.14197693786632,1,0,111.14197693786632
7,40,10000,42,1,PSO,-107.39962329717113,1,0,107.39962329717113
7,40,10000,42,1,GA,-111.1443228747557,1,0,111.1443228747557
7,40,10000,42,1,ACO,-111.1546774198676,1,0,111.1546774198676
7,40,10000,42,2,ABC,-111.75688956430486,1,0,111.75688956430486
7,40,10000,42,2,GWO,-103.74367895622677,1,0,103.74367895622677
7,40,10000,42,2,FA,-111.74909776851722,1,0,111.74909776851722
7,40,10000,42,2,PSO,-111.75731730820452,1,0,111.75731730820452
7,40,10000,42,2,GA,-111.74892856622074,1,0,111.74892856622074
7,40,10000,42,2,ACO,-111.75731730823895,1,0,111.75731730823895
7,40,10000,42,3,ABC,-108.36219657059708,1,0,108.36219657059708
7,40,10000,42,3,GWO,-108.32620558084069,1,0,108.32620558084069
7,40,10000,42,3,FA,-108.3025522806141,1,0,108.3025522806141
7,40,10000,42,3,PSO,889.741148452027,0,1,110.25885154797297
7,40,10000,42,3,GA,889.6654296518649,0,1,110.33457034813512
7,40,10000,42,3,ACO,-98.69623816821546,1,0,98.69623816821546
7,40,10000,42,4,ABC,-115.17405891570988,1,0,115.17405891570988
7,40,10000,42,4,GWO,-105.59703535764089,1,0,105.59703535764089
7,40,10000,42,4,FA,-115.07964136541302,1,0,115.07964136541302
7,40,10000,42,4,PSO,882.472763664783,0,1,117.52723633521703
7,40,10000,42,4,GA,882.4740502088396,0,1,117.52594979116037
7,40,10000,42,4,ACO,-115.17740009857663,1,0,115.17740009857663
7,40,10000,42,5,ABC,-110.91431828335156,1,0,110.91431828335156
7,40,10000,42,5,GWO,-109.88894447135708,1,0,109.88894447135708
7,40,10000,42,5,FA,-110.91327434826205,1,0,110.91327434826205
7,40,10000,42,5,PSO,-110.91487258633789,1,0,110.91487258633789
7,40,10000,42,5,GA,-110.91244989025016,1,0,110.91244989025016
7,40,10000,42,5,ACO,-109.96054605187457,1,0,109.96054605187457
7,40,10000,42,6,ABC,-112.00961685079729,1,0,112.00961685079729
7,40,10000,42,6,GWO,-111.89733314736769,1,0,111.89733314736769
7,40,10000,42,6,FA,-96.24401190943291,1,0,96.24401190943291
7,40,10000,42,6,PSO,-112.00986262917338,1,0,112.00986262917338
7,40,10000,42,6,GA,-112.00980671806414,1,0,112.00980671806414
7,40,10000,42,6,ACO,-112.00986262917343,1,0,112.00986262917343
7,40,10000,42,7,ABC,-104.60920635345589,1,0,104.60920635345589
7,40,10000,42,7,GWO,-104.19647352815619,1,0,104.19647352815619
7,40,10000,42,7,FA,-101.92008686049492,1,0,101.92008686049492
7,40,10000,42,7,PSO,-104.61077200498833,1,0,104.61077200498833
7,40,10000,42,7,GA,-99.24947991312291,1,0,99.24947991312291
7,40,10000,42,7,ACO,-104.27496704024546,1,0,104.27496704024546
7,40,10000,42,8,ABC,-102.84528320471638,1,0,102.84528320471638
7,40,10000,42,8,GWO,-98.2524228271908,1,0,98.2524228271908
7,40,10000,42,8,FA,895.7550768685524,0,1,104.24492313144764
7,40,10000,42,8,PSO,-102.17351731918275,1,0,102.17351731918275
7,40,10000,42,8,GA,896.429793824052,0,1,103.57020617594797
7,40,10000,42,8,ACO,-102.8585997006497,1,0,102.8585997006497
7,40,10000,42,9,ABC,-106.24936687569064,1,0,106.24936687569064
7,40,10000,42,9,GWO,-106.25844756547268,1,0,106.25844756547268
7,40,10000,42,9,FA,-106.28367908729037,1,0,106.28367908729037
7,40,10000,42,9,PSO,-105.60920275515345,1,0,105.60920275515345
7,40,10000,42,9,GA,-106.17541006343201,1,0,106.17541006343201
7,40,10000,42,9,ACO,-106.28991441071729,1,0,106.28991441071729
7,40,10000,42,10,ABC,-104.47207742957697,1,0,104.47207742957697
7,40,10000,42,10,GWO,-94.4685646295302,1,0,94.4685646295302
7,40,10000,42,10,FA,-104.3499304389888,1,0,104.3499304389888
7,40,10000,42,10,PSO,-104.47671660716225,1,0,104.47671660716225
7,40,10000,42,10,GA,-97.63754347716427,1,0,97.63754347716427
7,40,10000,42,10,ACO,-97.6274501229649,1,0,97.6274501229649
7,40,10000,42,11,ABC,-113.71476026726785,1,0,113.71476026726785
7,40,10000,42,11,GWO,-111.84676779427409,1,0,111.84676779427409
7,40,10000,42,11,FA,-113.65480651455708,1,0,113.65480651455708
7,40,10000,42,11,PSO,-113.71599093950299,1,0,113.71599093950299
7,40,10000,42,11,GA,-113.70618812425737,1,0,113.70618812425737
7,40,10000,42,11,ACO,-113.71599094031365,1,0,113.71599094031365
7,40,10000,42,12,ABC,-95.51132723137636,1,0,95.51132723137636
7,40,10000,42,12,GWO,905.6307231363606,0,1,94.36927686363937
7,40,10000,42,12,FA,900.7032220028455,0,1,99.2967779971545
7,40,10000,42,12,PSO,900.6952202279025,0,1,99.30477977209752
7,40,10000,42,12,GA,900.7010438405725,0,1,99.29895615942743
7,40,10000,42,12,ACO,907.4864379353384,0,1,92.5135620646616
7,40,10000,42,13,ABC,-101.5059018885503,1,0,101.5059018885503
7,40,10000,42,13,GWO,-97.01927600988952,1,0,97.01927600988952
7,40,10000,42,13,FA,-101.38392602013418,1,0,101.38392602013418
7,40,10000,42,13,PSO,893.3119644135749,0,1,106.68803558642517
7,40,10000,42,13,GA,907.6363032140955,0,1,92.36369678590447
7,40,10000,42,13,ACO,-97.08806535543404,1,0,97.08806535543404
7,40,10000,42,14,ABC,-105.71615452882881,1,0,105.71615452882881
7,40,10000,42,14,GWO,886.5973581990651,0,1,113.40264180093496
7,40,10000,42,14,FA,886.5157660067247,0,1,113.48423399327537
7,40,10000,42,14,PSO,886.5474804349158,0,1,113.45251956508423
7,40,10000,42,14,GA,886.5048029127329,0,1,113.49519708726706
7,40,10000,42,14,ACO,-101.96743150340106,1,0,101.96743150340106
7,40,10000,42,15,ABC,-99.02567782251103,1,0,99.02567782251103
7,40,10000,42,15,GWO,-95.28144203787977,1,0,95.28144203787977
7,40,10000,42,15,FA,-99.05957783336586,1,0,99.05957783336586
7,40,10000,42,15,PSO,-99.06730173834563,1,0,99.06730173834563
7,40,10000,42,15,GA,894.6776584630409,0,1,105.3223415369591
7,40,10000,42,15,ACO,-99.06698110801075,1,0,99.06698110801075
7,40,10000,42,16,ABC,-103.45410818799314,1,0,103.45410818799314
7,40,10000,42,16,GWO,-96.41113595625681,1,0,96.41113595625681
7,40,10000,42,16,FA,-103.4726812113003,1,0,103.4726812113003
7,40,10000,42,16,PSO,-103.4861216730217,1,0,103.4861216730217
7,40,10000,42,16,GA,-103.44293154839781,1,0,103.44293154839781
7,40,10000,42,16,ACO,-98.79599350097354,1,0,98.79599350097354
7,40,10000,42,17,ABC,-98.55224442686098,1,0,98.55224442686098
7,40,10000,42,17,GWO,-89.81193516861636,1,0,89.81193516861636
7,40,10000,42,17,FA,900.7488579938143,0,1,99.25114200618565
7,40,10000,42,17,PSO,-90.97788664122373,1,0,90.97788664122373
7,40,10000,42,17,GA,-91.11816000483151,1,0,91.11816000483151
7,40,10000,42,17,ACO,-98.36967084709948,1,0,98.36967084709948
7,40,10000,42,18,ABC,903.3877761783347,0,1,96.61222382166534
7,40,10000,42,18,GWO,904.0764913948774,0,1,95.92350860512255
7,40,10000,42,18,FA,903.642693952966,0,1,96.35730604703396
7,40,10000,42,18,PSO,909.6153137421065,0,1,90.38468625789352
7,40,10000,42,18,GA,1898.8262385158919,0,2,101.17376148410817
7,40,10000,42,18,ACO,903.3876587070065,0,1,96.61234129299353
7,40,10000,42,19,ABC,-98.91986652503964,1,0,98.91986652503964
7,40,10000,42,19,GWO,-98.4325780086427,1,0,98.4325780086427
7,40,10000,42,19,FA,900.7594711454208,0,1,99.24052885457927
7,40,10000,42,19,PSO,900.7592423771621,0,1,99.24075762283789
7,40,10000,42,19,GA,-98.914311531982,1,0,98.914311531982
7,40,10000,42,19,ACO,-98.92019097832352,1,0,98.92019097832352
7,40,10000,42,20,ABC,-108.15316300939959,1,0,108.15316300939959
7,40,10000,42,20,GWO,-103.780086757582,1,0,103.780086757582
7,40,10000,42,20,FA,-108.15134852608357,1,0,108.15134852608357
7,40,10000,42,20,PSO,-108.1586724184793,1,0,108.1586724184793
7,40,10000,42,20,GA,-108.1518278887669,1,0,108.1518278887669
7,40,10000,42,20,ACO,-107.77859257503181,1,0,107.77859257503181
7,40,10000,42,21,ABC,-106.50116675909393,1,0,106.50116675909393
7,40,10000,42,21,GWO,-103.6919234024215,1,0,103.6919234024215
7,40,10000,42,21,FA,-106.5003758695628,1,0,106.5003758695628
7,40,10000,42,21,PSO,-106.46498774634938,1,0,106.46498774634938
7,40,10000,42,21,GA,-106.50072625908626,1,0,106.50072625908626
7,40,10000,42,21,ACO,-106.502709053913,1,0,106.502709053913
7,40,10000,42,22,ABC,-113.6071861743038,1,0,113.6071861743038
7,40,10000,42,22,GWO,-113.55436923621222,1,0,113.55436923621222
7,40,10000,42,22,FA,-113.55299376170821,1,0,113.55299376170821
7,40,10000,42,22,PSO,-113.55535909120191,1,0,113.55535909120191
7,40,10000,42,22,GA,-113.6577216247113,1,0,113.6577216247113
7,40,10000,42,22,ACO,-113.78692796343,1,0,113.78692796343
7,40,10000,42,23,ABC,-103.80487208249731,1,0,103.80487208249731
7,40,10000,42,23,GWO,-103.83197262595267,1,0,103.83197262595267
7,40,10000,42,23,FA,904.833193204498,0,1,95.16680679550197
7,40,10000,42,23,PSO,-94.86521332669626,1,0,94.86521332669626
7,40,10000,42,23,GA,-103.89948886110517,1,0,103.89948886110517
7,40,10000,42,23,ACO,-103.90502630814973,1,0,103.90502630814973
7,40,10000,42,24,ABC,-102.47656675088786,1,0,102.47656675088786
7,40,10000,42,24,GWO,-94.99076838197925,1,0,94.99076838197925
7,40,10000,42,24,FA,-102.47426859070458,1,0,102.47426859070458
7,40,10000,42,24,PSO,-102.479071421991,1,0,102.479071421991
7,40,10000,42,24,GA,893.7598864675498,0,1,106.24011353245018
7,40,10000,42,24,ACO,-96.51662066396584,1,0,96.51662066396584
7,40,10000,42,25,ABC,903.6901083732695,0,1,96.30989162673053
7,40,10000,42,25,GWO,903.7512272626917,0,1,96.24877273730824
7,40,10000,42,25,FA,904.2205295107448,0,1,95.7794704892552
7,40,10000,42,25,PSO,904.1460070543538,0,1,95.85399294564611
7,40,10000,42,25,GA,904.4228969656324,0,1,95.57710303436755
7,40,10000,42,25,ACO,903.6262051677854,0,1,96.37379483221453
7,40,10000,42,26,ABC,-110.8157015083678,1,0,110.8157015083678
7,40,10000,42,26,GWO,-109.65492079393702,1,0,109.65492079393702
7,40,10000,42,26,FA,-110.7976424306667,1,0,110.7976424306667
7,40,10000,42,26,PSO,-110.8176464271601,1,0,110.8176464271601
7,40,10000,42,26,GA,-110.79169615857407,1,0,110.79169615857407
7,40,10000,42,26,ACO,-110.4603415649199,1,0,110.4603415649199
7,40,10000,42,27,ABC,-100.35127538491433,1,0,100.35127538491433
7,40,10000,42,27,GWO,890.8496268492709,0,1,109.15037315072908
7,40,10000,42,27,FA,-99.63961089928793,1,0,99.63961089928793
7,40,10000,42,27,PSO,890.8386469218188,0,1,109.16135307818115
7,40,10000,42,27,GA,890.4189531498582,0,1,109.58104685014179
7,40,10000,42,27,ACO,-99.56823187189232,1,0,99.56823187189232
7,40,10000,42,28,ABC,-99.13043100834975,1,0,99.13043100834975
7,40,10000,42,28,GWO,904.7134309792497,0,1,95.28656902075032
7,40,10000,42,28,FA,1903.6662998790373,0,2,96.33370012096266
7,40,10000,42,28,PSO,898.0654541634179,0,1,101.93454583658205
7,40,10000,42,28,GA,909.3342803825054,0,1,90.66571961749453
7,40,10000,42,28,ACO,900.2141754645096,0,1,99.78582453549042
7,40,10000,42,29,ABC,-109.44650029672191,1,0,109.44650029672191
7,40,10000,42,29,GWO,-109.27110127503849,1,0,109.27110127503849
7,40,10000,42,29,FA,-109.35242774627007,1,0,109.35242774627007
7,40,10000,42,29,PSO,-109.45669963358337,1,0,109.45669963358337
7,40,10000,42,29,GA,883.7372152505086,0,1,116.26278474949146
7,40,10000,42,29,ACO,-109.45669963416003,1,0,109.45669963416003
7,40,20000,42,0,ABC,-99.61434956848998,1,0,99.61434956848998
7,40,20000,42,0,GWO,902.308029950921,0,1,97.69197004907906
7,40,20000,42,0,FA,901.3657860954391,0,1,98.63421390456084
7,40,20000,42,0,PSO,-99.6236131477262,1,0,99.6236131477262
7,40,20000,42,0,GA,-94.17863819507757,1,0,94.17863819507757
7,40,20000,42,0,ACO,-94.2331593665157,1,0,94.2331593665157
7,40,20000,42,1,ABC,-111.15467736933634,1,0,111.15467736933634
7,40,20000,42,1,GWO,-111.02960443714262,1,0,111.02960443714262
7,40,20000,42,1,FA,-111.1428776704848,1,0,111.1428776704848
7,40,20000,42,1,PSO,-107.39962329719988,1,0,107.39962329719988
7,40,20000,42,1,GA,-111.15171338747773,1,0,111.15171338747773
7,40,20000,42,1,ACO,-111.15467741986764,1,0,111.15467741986764
7,40,20000,42,2,ABC,-111.75731593320019,1,0,111.75731593320019
7,40,20000,42,2,GWO,-103.84007573301652,1,0,103.84007573301652
7,40,20000,42,2,FA,-111.74986971372459,1,0,111.74986971372459
7,40,20000,42,2,PSO,-111.75731730824113,1,0,111.75731730824113
7,40,20000,42,2,GA,-111.74893339630077,1,0,111.74893339630077
7,40,20000,42,2,ACO,-111.7573173082411,1,0,111.7573173082411
7,40,20000,42,3,ABC,-108.36394302089022,1,0,108.36394302089022
7,40,20000,42,3,GWO,-108.3344376830646,1,0,108.3344376830646
7,40,20000,42,3,FA,-108.30366425217674,1,0,108.30366425217674
7,40,20000,42,3,PSO,889.7411484520269,0,1,110.25885154797305
7,40,20000,42,3,GA,889.6625123717131,0,1,110.33748762828685
7,40,20000,42,3,ACO,-98.69623816825155,1,0,98.69623816825155
7,40,20000,42,4,ABC,-115.17720767500946,1,0,115.17720767500946
7,40,20000,42,4,GWO,-105.54550625869689,1,0,105.54550625869689
7,40,20000,42,4,FA,-115.08118571630465,1,0,115.08118571630465
7,40,20000,42,4,PSO,882.4727636647714,0,1,117.52723633522858
7,40,20000,42,4,GA,882.4737220289455,0,1,117.52627797105445
7,40,20000,42,4,ACO,-115.17740013030695,1,0,115.17740013030695
7,40,20000,42,5,ABC,-110.91487235088488,1,0,110.91487235088488
7,40,20000,42,5,GWO,-108.51765599407774,1,0,108.51765599407774
7,40,20000,42,5,FA,-110.91345385065678,1,0,110.91345385065678
7,40,20000,42,5,PSO,-110.91487258659322,1,0,110.91487258659322
7,40,20000,42,5,GA,-110.91302884259711,1,0,110.91302884259711
7,40,20000,42,5,ACO,-109.96054605202853,1,0,109.96054605202853
7,40,20000,42,6,ABC,-112.00986261463842,1,0,112.00986261463842
7,40,20000,42,6,GWO,-111.89641925031879,1,0,111.89641925031879
7,40,20000,42,6,FA,-96.24657457176329,1,0,96.24657457176329
7,40,20000,42,6,PSO,-112.00986262917345,1,0,112.00986262917345
7,40,20000,42,6,GA,-112.00980828186826,1,0,112.00980828186826
7,40,20000,42,6,ACO,-112.00986262917344,1,0,112.00986262917344
7,40,20000,42,7,ABC,-104.61076255149668,1,0,104.61076255149668
7,40,20000,42,7,GWO,-104.19956601807856,1,0,104.19956601807856
7,40,20000,42,7,FA,-101.9203224021603,1,0,101.9203224021603
7,40,20000,42,7,PSO,-104.61077200503502,1,0,104.61077200503502
7,40,20000,42,7,GA,-99.25769998841366,1,0,99.25769998841366
7,40,20000,42,7,ACO,-104.27496704027585,1,0,104.27496704027585
7,40,20000,42,8,ABC,-102.85798162410032,1,0,102.85798162410032
7,40,20000,42,8,GWO,-99.06047448958728,1,0,99.06047448958728
7,40,20000,42,8,FA,895.7547787152281,0,1,104.24522128477193
7,40,20000,42,8,PSO,-102.1788198210235,1,0,102.1788198210235
7,40,20000,42,8,GA,896.4266811261241,0,1,103.57331887387588
7,40,20000,42,8,ACO,-102.85859970195627,1,0,102.85859970195627
7,40,20000,42,9,ABC,-106.24964086972946,1,0,106.24964086972946
7,40,20000,42,9,GWO,-106.25216049431319,1,0,106.25216049431319
7,40,20000,42,9,FA,-106.28403353495999,1,0,106.28403353495999
7,40,20000,42,9,PSO,-105.60920275516087,1,0,105.60920275516087
7,40,20000,42,9,GA,-106.28758106931919,1,0,106.28758106931919
7,40,20000,42,9,ACO,-106.29306398800017,1,0,106.29306398800017
7,40,20000,42,10,ABC,-104.47611005115625,1,0,104.47611005115625
7,40,20000,42,10,GWO,-97.61693987485089,1,0,97.61693987485089
7,40,20000,42,10,FA,-104.35167638700071,1,0,104.35167638700071
7,40,20000,42,10,PSO,-104.47673882276028,1,0,104.47673882276028
7,40,20000,42,10,GA,-97.63812668411451,1,0,97.63812668411451
7,40,20000,42,10,ACO,-97.63162710529534,1,0,97.63162710529534
7,40,20000,42,11,ABC,-113.71598898855287,1,0,113.71598898855287
7,40,20000,42,11,GWO,-111.84676779427409,1,0,111.84676779427409
7,40,20000,42,11,FA,-113.65931154966405,1,0,113.65931154966405
7,40,20000,42,11,PSO,-113.71599094046468,1,0,113.71599094046468
7,40,20000,42,11,GA,-113.71383428172902,1,0,113.71383428172902
7,40,20000,42,11,ACO,-113.71599094046447,1,0,113.71599094046447
7,40,20000,42,12,ABC,-95.57233275140055,1,0,95.57233275140055
7,40,20000,42,12,GWO,904.2754765996879,0,1,95.72452340031211
7,40,20000,42,12,FA,900.7024536914444,0,1,99.29754630855565
7,40,20000,42,12,PSO,900.6952202264642,0,1,99.3047797735357
7,40,20000,42,12,GA,900.699702134068,0,1,99.30029786593198
7,40,20000,42,12,ACO,903.7787318905634,0,1,96.22126810943661
7,40,20000,42,13,ABC,-101.5385281891787,1,0,101.5385281891787
7,40,20000,42,13,GWO,-99.43810573923356,1,0,99.43810573923356
7,40,20000,42,13,FA,-101.38856465028155,1,0,101.38856465028155
7,40,20000,42,13,PSO,893.3119644133658,0,1,106.68803558663416
7,40,20000,42,13,GA,893.3127731062627,0,1,106.6872268937372
7,40,20000,42,13,ACO,-97.08806535705101,1,0,97.08806535705101
7,40,20000,42,14,ABC,-105.77954865156478,1,0,105.77954865156478
7,40,20000,42,14,GWO,886.5955000525624,0,1,113.40449994743751
7,40,20000,42,14,FA,886.5150960615074,0,1,113.48490393849264
7,40,20000,42,14,PSO,886.5474804349153,0,1,113.45251956508463
7,40,20000,42,14,GA,886.5029421595528,0,1,113.49705784044714
7,40,20000,42,14,ACO,-105.95612770426318,1,0,105.95612770426318
7,40,20000,42,15,ABC,-99.02567782251103,1,0,99.02567782251103
7,40,20000,42,15,GWO,-95.31957952624762,1,0,95.31957952624762
7,40,20000,42,15,FA,-99.06019718475164,1,0,99.06019718475164
7,40,20000,42,15,PSO,-99.06783999932344,1,0,99.06783999932344
7,40,20000,42,15,GA,894.6738473205654,0,1,105.32615267943456
7,40,20000,42,15,ACO,-99.06772691675835,1,0,99.06772691675835
7,40,20000,42,16,ABC,-103.48360068977523,1,0,103.48360068977523
7,40,20000,42,16,GWO,-96.84673364472597,1,0,96.84673364472597
7,40,20000,42,16,FA,-103.47378616338744,1,0,103.47378616338744
7,40,20000,42,16,PSO,-103.48749954438826,1,0,103.48749954438826
7,40,20000,42,16,GA,-103.44326537901885,1,0,103.44326537901885
7,40,20000,42,16,ACO,-98.8063295551907,1,0,98.8063295551907
7,40,20000,42,17,ABC,-98.70517436408879,1,0,98.70517436408879
7,40,20000,42,17,GWO,-95.80539540892907,1,0,95.80539540892907
7,40,20000,42,17,FA,900.7486593353393,0,1,99.25134066466072
7,40,20000,42,17,PSO,-90.97788664752555,1,0,90.97788664752555
7,40,20000,42,17,GA,-91.1190482391885,1,0,91.1190482391885
7,40,20000,42,17,ACO,-98.36967094211343,1,0,98.36967094211343
7,40,20000,42,18,ABC,903.387660443244,0,1,96.61233955675598
7,40,20000,42,18,GWO,905.2384211761996,0,1,94.76157882380039
7,40,20000,42,18,FA,903.6418437671269,0,1,96.35815623287309
7,40,20000,42,18,PSO,901.669771827861,0,1,98.33022817213902
7,40,20000,42,18,GA,1898.814485004054,0,2,101.18551499594597
7,40,20000,42,18,ACO,903.387658694639,0,1,96.61234130536099
7,40,20000,42,19,ABC,-98.9201901492919,1,0,98.9201901492919
7,40,20000,42,19,GWO,-97.13127286844927,1,0,97.13127286844927
7,40,20000,42,19,FA,900.7594011455616,0,1,99.24059885443843
7,40,20000,42,19,PSO,900.759242377162,0,1,99.24075762283799
7,40,20000,42,19,GA,-98.91854757821476,1,0,98.91854757821476
7,40,20000,42,19,ACO,-98.92019097832443,1,0,98.92019097832443
7,40,20000,42,20,ABC,-108.1561972771552,1,0,108.1561972771552
7,40,20000,42,20,GWO,-105.32352656852593,1,0,105.32352656852593
7,40,20000,42,20,FA,-108.15183217325456,1,0,108.15183217325456
7,40,20000,42,20,PSO,-108.15884381828572,1,0,108.15884381828572
7,40,20000,42,20,GA,-108.1518278887669,1,0,108.1518278887669
7,40,20000,42,20,ACO,-107.77859257503184,1,0,107.77859257503184
7,40,20000,42,21,ABC,-106.50263328601967,1,0,106.50263328601967
7,40,20000,42,21,GWO,-106.46861698493677,1,0,106.46861698493677
7,40,20000,42,21,FA,-106.50084707146905,1,0,106.50084707146905
7,40,20000,42,21,PSO,-106.46498774646341,1,0,106.46498774646341
7,40,20000,42,21,GA,-106.50212722346407,1,0,106.50212722346407
7,40,20000,42,21,ACO,-106.50270907143428,1,0,106.50270907143428
7,40,20000,42,22,ABC,-113.63911843650139,1,0,113.63911843650139
7,40,20000,42,22,GWO,-113.77078230219664,1,0,113.77078230219664
7,40,20000,42,22,FA,-113.55394549783641,1,0,113.55394549783641
7,40,20000,42,22,PSO,-113.55535909120411,1,0,113.55535909120411
7,40,20000,42,22,GA,-113.65772267408161,1,0,113.65772267408161
7,40,20000,42,22,ACO,-113.78692796476676,1,0,113.78692796476676
7,40,20000,42,23,ABC,-103.85895593072082,1,0,103.85895593072082
7,40,20000,42,23,GWO,-103.87034058006796,1,0,103.87034058006796
7,40,20000,42,23,FA,904.8322273291163,0,1,95.16777267088368
7,40,20000,42,23,PSO,-94.86521332669946,1,0,94.86521332669946
7,40,20000,42,23,GA,-103.90019335081612,1,0,103.90019335081612
7,40,20000,42,23,ACO,-103.90502631184934,1,0,103.90502631184934
7,40,20000,42,24,ABC,-102.47896787904523,1,0,102.47896787904523
7,40,20000,42,24,GWO,-95.04705135096161,1,0,95.04705135096161
7,40,20000,42,24,FA,-102.47496224568266,1,0,102.47496224568266
7,40,20000,42,24,PSO,-102.47907142305408,1,0,102.47907142305408
7,40,20000,42,24,GA,893.7598814502028,0,1,106.24011854979716
7,40,20000,42,24,ACO,-96.51662066673492,1,0,96.51662066673492
7,40,20000,42,25,ABC,903.6598233122334,0,1,96.3401766877667
7,40,20000,42,25,GWO,909.6597377042203,0,1,90.34026229577971
7,40,20000,42,25,FA,904.2194614063707,0,1,95.78053859362936
7,40,20000,42,25,PSO,904.1460070402987,0,1,95.85399295970123
7,40,20000,42,25,GA,904.4194532777875,0,1,95.58054672221245
7,40,20000,42,25,ACO,903.6262051677844,0,1,96.37379483221557
7,40,20000,42,26,ABC,-110.8175986545151,1,0,110.8175986545151
7,40,20000,42,26,GWO,-109.89712633687479,1,0,109.89712633687479
7,40,20000,42,26,FA,-110.79976630826536,1,0,110.79976630826536
7,40,20000,42,26,PSO,-110.81764644591198,1,0,110.81764644591198
7,40,20000,42,26,GA,-110.81309964472713,1,0,110.81309964472713
7,40,20000,42,26,ACO,-110.46034156570036,1,0,110.46034156570036
7,40,20000,42,27,ABC,-100.3800958073809,1,0,100.3800958073809
7,40,20000,42,27,GWO,890.6733275179892,0,1,109.32667248201082
7,40,20000,42,27,FA,-99.63961089928793,1,0,99.63961089928793
7,40,20000,42,27,PSO,890.8386255698272,0,1,109.16137443017277
7,40,20000,42,27,GA,890.4155161079614,0,1,109.58448389203863
7,40,20000,42,27,ACO,-99.56823187732037,1,0,99.56823187732037
7,40,20000,42,28,ABC,-99.15347103764599,1,0,99.15347103764599
7,40,20000,42,28,GWO,904.2244604380461,0,1,95.77553956195392
7,40,20000,42,28,FA,1903.6652507183956,0,2,96.33474928160437
7,40,20000,42,28,PSO,898.065454163401,0,1,101.93454583659896
7,40,20000,42,28,GA,909.3324017049193,0,1,90.66759829508062
7,40,20000,42,28,ACO,900.2141754645096,0,1,99.78582453549042
7,40,20000,42,29,ABC,-109.45617308629745,1,0,109.45617308629745
7,40,20000,42,29,GWO,-109.36517929982145,1,0,109.36517929982145
7,40,20000,42,29,FA,-109.35608535870035,1,0,109.35608535870035
7,40,20000,42,29,PSO,-109.45669963582121,1,0,109.45669963582121
7,40,20000,42,29,GA,883.7371861632056,0,1,116.26281383679438
7,40,20000,42,29,ACO,-109.45669963582107,1,0,109.45669963582107
7,40,40000,42,0,ABC,-99.6179274530342,1,0,99.6179274530342
7,40,40000,42,0,GWO,903.1851200665471,0,1,96.8148799334529
7,40,40000,42,0,FA,901.3657838113808,0,1,98.63421618861919
7,40,40000,42,0,PSO,-99.62382375558313,1,0,99.62382375558313
7,40,40000,42,0,GA,-94.18084650750438,1,0,94.18084650750438
7,40,40000,42,0,ACO,-94.23385396922218,1,0,94.23385396922218
7,40,40000,42,1,ABC,-111.15467741986767,1,0,111.15467741986767
7,40,40000,42,1,GWO,-109.64715250661257,1,0,109.64715250661257
7,40,40000,42,1,FA,-111.14287831096702,1,0,111.14287831096702
7,40,40000,42,1,PSO,-107.3996232971999,1,0,107.3996232971999
7,40,40000,42,1,GA,-111.15414350754206,1,0,111.15414350754206
7,40,40000,42,1,ACO,-111.15467741986764,1,0,111.15467741986764
7,40,40000,42,2,ABC,-111.7573173082411,1,0,111.7573173082411
7,40,40000,42,2,GWO,-103.8813319718857,1,0,103.8813319718857
7,40,40000,42,2,FA,-111.74987042213218,1,0,111.74987042213218
7,40,40000,42,2,PSO,-111.75731730824114,1,0,111.75731730824114
7,40,40000,42,2,GA,-111.75529646925091,1,0,111.75529646925091
7,40,40000,42,2,ACO,-111.7573173082411,1,0,111.7573173082411
7,40,40000,42,3,ABC,-108.36405554705745,1,0,108.36405554705745
7,40,40000,42,3,GWO,-108.32142358493742,1,0,108.32142358493742
7,40,40000,42,3,FA,-108.3036650470355,1,0,108.3036650470355
7,40,40000,42,3,PSO,889.7411484520269,0,1,110.25885154797305
7,40,40000,42,3,GA,889.6625118654823,0,1,110.33748813451766
7,40,40000,42,3,ACO,-98.69623816825157,1,0,98.69623816825157
7,40,40000,42,4,ABC,-115.17739998938485,1,0,115.17739998938485
7,40,40000,42,4,GWO,-105.60468200348278,1,0,105.60468200348278
7,40,40000,42,4,FA,-115.08118774933544,1,0,115.08118774933544
7,40,40000,42,4,PSO,882.4727636647714,0,1,117.52723633522858
7,40,40000,42,4,GA,882.4737079300006,0,1,117.52629206999934
7,40,40000,42,4,ACO,-115.17740013030695,1,0,115.17740013030695
7,40,40000,42,5,ABC,-110.91487258659319,1,0,110.91487258659319
7,40,40000,42,5,GWO,-109.94337328687179,1,0,109.94337328687179
7,40,40000,42,5,FA,-110.91345406581415,1,0,110.91345406581415
7,40,40000,42,5,PSO,-110.91487258659322,1,0,110.91487258659322
7,40,40000,42,5,GA,-110.91319445960413,1,0,110.91319445960413
7,40,40000,42,5,ACO,-109.96054605202855,1,0,109.96054605202855
7,40,40000,42,6,ABC,-112.00986262917345,1,0,112.00986262917345
7,40,40000,42,6,GWO,-111.98934465364312,1,0,111.98934465364312
7,40,40000,42,6,FA,-96.24657736928233,1,0,96.24657736928233
7,40,40000,42,6,PSO,-112.00986262917347,1,0,112.00986262917347
7,40,40000,42,6,GA,-112.00980828186827,1,0,112.00980828186827
7,40,40000,42,6,ACO,-112.00986262917344,1,0,112.00986262917344
7,40,40000,42,7,ABC,-104.61077200495843,1,0,104.61077200495843
7,40,40000,42,7,GWO,-104.20853701355321,1,0,104.20853701355321
7,40,40000,42,7,FA,-101.92032263184376,1,0,101.92032263184376
7,40,40000,42,7,PSO,-104.61077200503503,1,0,104.61077200503503
7,40,40000,42,7,GA,-99.71562399545896,1,0,99.71562399545896
7,40,40000,42,7,ACO,-104.27496704027587,1,0,104.27496704027587
7,40,40000,42,8,ABC,-102.85859903971742,1,0,102.85859903971742
7,40,40000,42,8,GWO,-99.78158452215678,1,0,99.78158452215678
7,40,40000,42,8,FA,895.7547785900797,0,1,104.24522140992026
7,40,40000,42,8,PSO,-102.17883594284505,1,0,102.17883594284505
7,40,40000,42,8,GA,896.4258815278131,0,1,103.57411847218685
7,40,40000,42,8,ACO,-102.85859970195627,1,0,102.85859970195627
7,40,40000,42,9,ABC,-106.28894806228486,1,0,106.28894806228486
7,40,40000,42,9,GWO,-100.25404112113432,1,0,100.25404112113432
7,40,40000,42,9,FA,-106.2840339382141,1,0,106.2840339382141
7,40,40000,42,9,PSO,-105.60920275516087,1,0,105.60920275516087
7,40,40000,42,9,GA,-106.28835852363811,1,0,106.28835852363811
7,40,40000,42,9,ACO,-106.2935701827125,1,0,106.2935701827125
7,40,40000,42,10,ABC,-104.47663933904526,1,0,104.47663933904526
7,40,40000,42,10,GWO,-94.81483627627067,1,0,94.81483627627067
7,40,40000,42,10,FA,-104.35167810031375,1,0,104.35167810031375
7,40,40000,42,10,PSO,-104.47673882276554,1,0,104.47673882276554
7,40,40000,42,10,GA,-97.63812770479622,1,0,97.63812770479622
7,40,40000,42,10,ACO,-97.64332132323439,1,0,97.64332132323439
7,40,40000,42,11,ABC,-113.71599093960096,1,0,113.71599093960096
7,40,40000,42,11,GWO,-111.84676779427409,1,0,111.84676779427409
7,40,40000,42,11,FA,-113.65931462991851,1,0,113.65931462991851
7,40,40000,42,11,PSO,-113.71599094046468,1,0,113.71599094046468
7,40,40000,42,11,GA,-113.71460362764519,1,0,113.71460362764519
7,40,40000,42,11,ACO,-113.71599094046452,1,0,113.71599094046452
7,40,40000,42,12,ABC,-95.57556451568477,1,0,95.57556451568477
7,40,40000,42,12,GWO,910.2143715217696,0,1,89.78562847823041
7,40,40000,42,12,FA,900.702453354568,0,1,99.29754664543196
7,40,40000,42,12,PSO,900.6952202264642,0,1,99.3047797735357
7,40,40000,42,12,GA,900.696847923066,0,1,99.30315207693397
7,40,40000,42,12,ACO,903.6403528464058,0,1,96.35964715359425
7,40,40000,42,13,ABC,-101.53938563181741,1,0,101.53938563181741
7,40,40000,42,13,GWO,-96.95247962416344,1,0,96.95247962416344
7,40,40000,42,13,FA,-101.38856513454257,1,0,101.38856513454257
7,40,40000,42,13,PSO,893.3119644133658,0,1,106.68803558663416
7,40,40000,42,13,GA,893.3120988069136,0,1,106.68790119308642
7,40,40000,42,13,ACO,-97.08806535705108,1,0,97.08806535705108
7,40,40000,42,14,ABC,-105.85930222851336,1,0,105.85930222851336
7,40,40000,42,14,GWO,886.6585134050149,0,1,113.3414865949851
7,40,40000,42,14,FA,886.5150953552325,0,1,113.4849046447675
7,40,40000,42,14,PSO,886.5474804349153,0,1,113.45251956508463
7,40,40000,42,14,GA,886.5026364174926,0,1,113.49736358250746
7,40,40000,42,14,ACO,-105.95612770429287,1,0,105.95612770429287
7,40,40000,42,15,ABC,-99.05014107755152,1,0,99.05014107755152
7,40,40000,42,15,GWO,-95.29616620355226,1,0,95.29616620355226
7,40,40000,42,15,FA,-99.06019765037286,1,0,99.06019765037286
7,40,40000,42,15,PSO,-99.06784000982931,1,0,99.06784000982931
7,40,40000,42,15,GA,894.6738471907329,0,1,105.32615280926713
7,40,40000,42,15,ACO,-99.0678157538088,1,0,99.0678157538088
7,40,40000,42,16,ABC,-103.48536617209386,1,0,103.48536617209386
7,40,40000,42,16,GWO,-96.90422911630111,1,0,96.90422911630111
7,40,40000,42,16,FA,-103.47378877842591,1,0,103.47378877842591
7,40,40000,42,16,PSO,-103.4876317264507,1,0,103.4876317264507
7,40,40000,42,16,GA,-103.44359926943021,1,0,103.44359926943021
7,40,40000,42,16,ACO,-98.80737969301752,1,0,98.80737969301752
7,40,40000,42,17,ABC,-98.70544207136197,1,0,98.70544207136197
7,40,40000,42,17,GWO,-92.32516985227832,1,0,92.32516985227832
7,40,40000,42,17,FA,900.7486592616848,0,1,99.25134073831516
7,40,40000,42,17,PSO,-90.97788664752557,1,0,90.97788664752557
7,40,40000,42,17,GA,-91.12332568714038,1,0,91.12332568714038
7,40,40000,42,17,ACO,-98.3696709421135,1,0,98.3696709421135
7,40,40000,42,18,ABC,903.287755953579,0,1,96.71224404642102
7,40,40000,42,18,GWO,903.8321412250241,0,1,96.16785877497587
7,40,40000,42,18,FA,903.6418436185543,0,1,96.35815638144567
7,40,40000,42,18,PSO,901.5161450167785,0,1,98.48385498322145
7,40,40000,42,18,GA,1898.8138557154596,0,2,101.18614428454043
7,40,40000,42,18,ACO,903.387658694639,0,1,96.61234130536099
7,40,40000,42,19,ABC,-98.92019080525604,1,0,98.92019080525604
7,40,40000,42,19,GWO,-98.821290185588,1,0,98.821290185588
7,40,40000,42,19,FA,900.7594011289931,0,1,99.24059887100687
7,40,40000,42,19,PSO,900.759242377162,0,1,99.24075762283799
7,40,40000,42,19,GA,-98.9192010647372,1,0,98.9192010647372
7,40,40000,42,19,ACO,-98.92019097832444,1,0,98.92019097832444
7,40,40000,42,20,ABC,-108.1569734846893,1,0,108.1569734846893
7,40,40000,42,20,GWO,-105.1326427874973,1,0,105.1326427874973
7,40,40000,42,20,FA,-108.15183227069905,1,0,108.15183227069905
7,40,40000,42,20,PSO,-108.158866138963,1,0,108.158866138963
7,40,40000,42,20,GA,-108.15232211105554,1,0,108.15232211105554
7,40,40000,42,20,ACO,-107.77859257503184,1,0,107.77859257503184
7,40,40000,42,21,ABC,-106.50270905668198,1,0,106.50270905668198
7,40,40000,42,21,GWO,-103.69576680303526,1,0,103.69576680303526
7,40,40000,42,21,FA,-106.5008474263616,1,0,106.5008474263616
7,40,40000,42,21,PSO,-106.46498774646342,1,0,106.46498774646342
7,40,40000,42,21,GA,-106.50242436093988,1,0,106.50242436093988
7,40,40000,42,21,ACO,-106.50270907143432,1,0,106.50270907143432
7,40,40000,42,22,ABC,-113.66355852705323,1,0,113.66355852705323
7,40,40000,42,22,GWO,-113.74852803139397,1,0,113.74852803139397
7,40,40000,42,22,FA,-113.55394560795733,1,0,113.55394560795733
7,40,40000,42,22,PSO,-113.55535909120411,1,0,113.55535909120411
7,40,40000,42,22,GA,-113.6628762494288,1,0,113.6628762494288
7,40,40000,42,22,ACO,-113.78692796476678,1,0,113.78692796476678
7,40,40000,42,23,ABC,-103.89859299253975,1,0,103.89859299253975
7,40,40000,42,23,GWO,-103.85648700253353,1,0,103.85648700253353
7,40,40000,42,23,FA,904.8322265108454,0,1,95.16777348915453
7,40,40000,42,23,PSO,-94.86521332669948,1,0,94.86521332669948
7,40,40000,42,23,GA,-103.90358794092599,1,0,103.90358794092599
7,40,40000,42,23,ACO,-103.90502631184943,1,0,103.90502631184943
7,40,40000,42,24,ABC,-102.47907142179487,1,0,102.47907142179487
7,40,40000,42,24,GWO,-95.61846523211746,1,0,95.61846523211746
7,40,40000,42,24,FA,-102.47496255936294,1,0,102.47496255936294
7,40,40000,42,24,PSO,-102.47907142305408,1,0,102.47907142305408
7,40,40000,42,24,GA,-96.37261259414372,1,0,96.37261259414372
7,40,40000,42,24,ACO,-96.51662066673495,1,0,96.51662066673495
7,40,40000,42,25,ABC,903.6143638951513,0,1,96.38563610484873
7,40,40000,42,25,GWO,904.5069924145514,0,1,95.4930075854486
7,40,40000,42,25,FA,904.2194608089478,0,1,95.7805391910522
7,40,40000,42,25,PSO,904.1460070402986,0,1,95.85399295970132
7,40,40000,42,25,GA,904.119842486931,0,1,95.88015751306897
7,40,40000,42,25,ACO,903.6262051677844,0,1,96.37379483221557
7,40,40000,42,26,ABC,-110.8176464455932,1,0,110.8176464455932
7,40,40000,42,26,GWO,-110.8027948860484,1,0,110.8027948860484
7,40,40000,42,26,FA,-110.79976656602216,1,0,110.79976656602216
7,40,40000,42,26,PSO,-110.81764644591198,1,0,110.81764644591198
7,40,40000,42,26,GA,-110.81725488211964,1,0,110.81725488211964
7,40,40000,42,26,ACO,-110.4603415657004,1,0,110.4603415657004
7,40,40000,42,27,ABC,-100.3800958073809,1,0,100.3800958073809
7,40,40000,42,27,GWO,-94.88477199563187,1,0,94.88477199563187
7,40,40000,42,27,FA,-99.63961089928793,1,0,99.63961089928793
7,40,40000,42,27,PSO,890.838624734027,0,1,109.161375265973
7,40,40000,42,27,GA,890.4154993359382,0,1,109.5845006640618
7,40,40000,42,27,ACO,-99.56823187732039,1,0,99.56823187732039
7,40,40000,42,28,ABC,-99.15516751832116,1,0,99.15516751832116
7,40,40000,42,28,GWO,903.9520797115516,0,1,96.04792028844838
7,40,40000,42,28,FA,1903.6652502954557,0,2,96.33474970454417
7,40,40000,42,28,PSO,898.065454163401,0,1,101.93454583659896
7,40,40000,42,28,GA,909.3258450507972,0,1,90.67415494920289
7,40,40000,42,28,ACO,-97.65178665813019,1,0,97.65178665813019
7,40,40000,42,29,ABC,-109.4565495325633,1,0,109.4565495325633
7,40,40000,42,29,GWO,-109.41427746253409,1,0,109.41427746253409
7,40,40000,42,29,FA,-109.35608929296305,1,0,109.35608929296305
7,40,40000,42,29,PSO,-109.45669963582122,1,0,109.45669963582122
7,40,40000,42,29,GA,883.7346413311601,0,1,116.26535866883991
7,40,40000,42,29,ACO,-109.4566996358211,1,0,109.4566996358211
7,40,80000,42,0,ABC,-99.61792755094325,1,0,99.61792755094325
7,40,80000,42,0,GWO,903.4332318233046,0,1,96.56676817669545
7,40,80000,42,0,FA,901.3657838113808,0,1,98.63421618861919
7,40,80000,42,0,PSO,-99.62382617694142,1,0,99.62382617694142
7,40,80000,42,0,GA,-94.22042677594568,1,0,94.22042677594568
7,40,80000,42,0,ACO,-94.23388652581967,1,0,94.23388652581967
7,40,80000,42,1,ABC,-111.15467741986767,1,0,111.15467741986767
7,40,80000,42,1,GWO,-111.13486023543115,1,0,111.13486023543115
7,40,80000,42,1,FA,-111.14287831096709,1,0,111.14287831096709
7,40,80000,42,1,PSO,-107.3996232971999,1,0,107.3996232971999
7,40,80000,42,1,GA,-111.15414355456116,1,0,111.15414355456116
7,40,80000,42,1,ACO,-111.15467741986765,1,0,111.15467741986765
7,40,80000,42,2,ABC,-111.75731730824114,1,0,111.75731730824114
7,40,80000,42,2,GWO,-104.0889041335567,1,0,104.0889041335567
7,40,80000,42,2,FA,-111.74987042213223,1,0,111.74987042213223
7,40,80000,42,2,PSO,-111.75731730824114,1,0,111.75731730824114
7,40,80000,42,2,GA,-111.75681307495503,1,0,111.75681307495503
7,40,80000,42,2,ACO,-111.75731730824113,1,0,111.75731730824113
7,40,80000,42,3,ABC,-108.36405556461854,1,0,108.36405556461854
7,40,80000,42,3,GWO,-108.33850324675612,1,0,108.33850324675612
7,40,80000,42,3,FA,-108.30366504703599,1,0,108.30366504703599
7,40,80000,42,3,PSO,889.7411484520269,0,1,110.25885154797305
7,40,80000,42,3,GA,889.6610121611817,0,1,110.33898783881826
7,40,80000,42,3,ACO,-98.69623816825157,1,0,98.69623816825157
7,40,80000,42,4,ABC,-115.17740013030702,1,0,115.17740013030702
7,40,80000,42,4,GWO,-105.60239276450376,1,0,105.60239276450376
7,40,80000,42,4,FA,-115.0811877493361,1,0,115.0811877493361
7,40,80000,42,4,PSO,882.4727636647714,0,1,117.52723633522858
7,40,80000,42,4,GA,882.4737071021806,0,1,117.52629289781939
7,40,80000,42,4,ACO,-115.17740013030695,1,0,115.17740013030695
7,40,80000,42,5,ABC,-110.91487258659322,1,0,110.91487258659322
7,40,80000,42,5,GWO,-109.93805024223795,1,0,109.93805024223795
7,40,80000,42,5,FA,-110.91345406581416,1,0,110.91345406581416
7,40,80000,42,5,PSO,-110.91487258659322,1,0,110.91487258659322
7,40,80000,42,5,GA,-110.91458336362979,1,0,110.91458336362979
7,40,80000,42,5,ACO,-109.96054605202858,1,0,109.96054605202858
7,40,80000,42,6,ABC,-112.00986262917347,1,0,112.00986262917347
7,40,80000,42,6,GWO,-111.99988835321079,1,0,111.99988835321079
7,40,80000,42,6,FA,-96.24657736928293,1,0,96.24657736928293
7,40,80000,42,6,PSO,-112.00986262917347,1,0,112.00986262917347
7,40,80000,42,6,GA,-112.00980832691405,1,0,112.00980832691405
7,40,80000,42,6,ACO,-112.00986262917345,1,0,112.00986262917345
7,40,80000,42,7,ABC,-104.61077200503503,1,0,104.61077200503503
7,40,80000,42,7,GWO,-104.21047217434194,1,0,104.21047217434194
7,40,80000,42,7,FA,-101.92032263184383,1,0,101.92032263184383
7,40,80000,42,7,PSO,-104.61077200503503,1,0,104.61077200503503
7,40,80000,42,7,GA,-104.60878997917708,1,0,104.60878997917708
7,40,80000,42,7,ACO,-104.27496704027587,1,0,104.27496704027587
7,40,80000,42,8,ABC,-102.85859970191596,1,0,102.85859970191596
7,40,80000,42,8,GWO,-100.68997626929526,1,0,100.68997626929526
7,40,80000,42,8,FA,895.7547785900797,0,1,104.24522140992026
7,40,80000,42,8,PSO,-102.17883594465076,1,0,102.17883594465076
7,40,80000,42,8,GA,896.425764720931,0,1,103.57423527906896
7,40,80000,42,8,ACO,-102.85859970195631,1,0,102.85859970195631
7,40,80000,42,9,ABC,-106.28894842325604,1,0,106.28894842325604
7,40,80000,42,9,GWO,-100.32329062002847,1,0,100.32329062002847
7,40,80000,42,9,FA,-106.28403393821418,1,0,106.28403393821418
7,40,80000,42,9,PSO,-105.60920275516087,1,0,105.60920275516087
7,40,80000,42,9,GA,-106.28856289061852,1,0,106.28856289061852
7,40,80000,42,9,ACO,-106.29367496208191,1,0,106.29367496208191
7,40,80000,42,10,ABC,-104.47672242998316,1,0,104.47672242998316
7,40,80000,42,10,GWO,-99.45875930538101,1,0,99.45875930538101
7,40,80000,42,10,FA,-104.35167810031436,1,0,104.35167810031436
7,40,80000,42,10,PSO,-104.47673882276554,1,0,104.47673882276554
7,40,80000,42,10,GA,-97.643845631699,1,0,97.643845631699
7,40,80000,42,10,ACO,-97.64501211845646,1,0,97.64501211845646
7,40,80000,42,11,ABC,-113.71599094046462,1,0,113.71599094046462
7,40,80000,42,11,GWO,-111.84676779427409,1,0,111.84676779427409
7,40,80000,42,11,FA,-113.65931462991885,1,0,113.65931462991885
7,40,80000,42,11,PSO,-113.71599094046468,1,0,113.71599094046468
7,40,80000,42,11,GA,-113.71531580084066,1,0,113.71531580084066
7,40,80000,42,11,ACO,-113.71599094046454,1,0,113.71599094046454
7,40,80000,42,12,ABC,-95.57689166256796,1,0,95.57689166256796
7,40,80000,42,12,GWO,905.5180219605977,0,1,94.4819780394023
7,40,80000,42,12,FA,900.702453354568,0,1,99.29754664543196
7,40,80000,42,12,PSO,900.6952202264642,0,1,99.3047797735357
7,40,80000,42,12,GA,900.6961262374457,0,1,99.30387376255428
7,40,80000,42,12,ACO,903.6403528464058,0,1,96.35964715359425
7,40,80000,42,13,ABC,-101.53938582216463,1,0,101.53938582216463
7,40,80000,42,13,GWO,-97.95057537486883,1,0,97.95057537486883
7,40,80000,42,13,FA,-101.38856513454287,1,0,101.38856513454287
7,40,80000,42,13,PSO,893.3119644133658,0,1,106.68803558663416
7,40,80000,42,13,GA,893.3120983138864,0,1,106.68790168611356
7,40,80000,42,13,ACO,-97.0880653570511,1,0,97.0880653570511
7,40,80000,42,14,ABC,-105.88351472103312,1,0,105.88351472103312
7,40,80000,42,14,GWO,886.5506105309076,0,1,113.44938946909237
7,40,80000,42,14,FA,886.5150953552325,0,1,113.4849046447675
7,40,80000,42,14,PSO,886.5474804349153,0,1,113.45251956508463
7,40,80000,42,14,GA,886.5018743467765,0,1,113.49812565322345
7,40,80000,42,14,ACO,-105.95612770429291,1,0,105.95612770429291
7,40,80000,42,15,ABC,-99.05107916463149,1,0,99.05107916463149
7,40,80000,42,15,GWO,-95.32703797582195,1,0,95.32703797582195
7,40,80000,42,15,FA,-99.060197650373,1,0,99.060197650373
7,40,80000,42,15,PSO,-99.06784001431816,1,0,99.06784001431816
7,40,80000,42,15,GA,894.6738393018518,0,1,105.32616069814824
7,40,80000,42,15,ACO,-99.06784142101627,1,0,99.06784142101627
7,40,80000,42,16,ABC,-103.48565754985523,1,0,103.48565754985523
7,40,80000,42,16,GWO,-95.02416113139883,1,0,95.02416113139883
7,40,80000,42,16,FA,-103.47378877842613,1,0,103.47378877842613
7,40,80000,42,16,PSO,-103.48763172657584,1,0,103.48763172657584
7,40,80000,42,16,GA,-103.44414897564928,1,0,103.44414897564928
7,40,80000,42,16,ACO,-98.8074773694143,1,0,98.8074773694143
7,40,80000,42,17,ABC,-98.70544914897499,1,0,98.70544914897499
7,40,80000,42,17,GWO,-92.16239076989449,1,0,92.16239076989449
7,40,80000,42,17,FA,900.7486592616848,0,1,99.25134073831516
7,40,80000,42,17,PSO,-90.97788664752557,1,0,90.97788664752557
7,40,80000,42,17,GA,-91.12358593753109,1,0,91.12358593753109
7,40,80000,42,17,ACO,-98.36967094211353,1,0,98.36967094211353
7,40,80000,42,18,ABC,-93.50283651030546,1,0,93.50283651030546
7,40,80000,42,18,GWO,904.530060621767,0,1,95.46993937823301
7,40,80000,42,18,FA,903.6418436185543,0,1,96.35815638144567
7,40,80000,42,18,PSO,901.5161450167785,0,1,98.48385498322145
7,40,80000,42,18,GA,909.5991511781245,0,1,90.40084882187543
7,40,80000,42,18,ACO,903.387658694639,0,1,96.61234130536099
7,40,80000,42,19,ABC,-98.92019080525604,1,0,98.92019080525604
7,40,80000,42,19,GWO,-97.45145115077958,1,0,97.45145115077958
7,40,80000,42,19,FA,900.7594011289931,0,1,99.24059887100687
7,40,80000,42,19,PSO,900.759242377162,0,1,99.24075762283799
7,40,80000,42,19,GA,-98.91923454719993,1,0,98.91923454719993
7,40,80000,42,19,ACO,-98.92019097832444,1,0,98.92019097832444
7,40,80000,42,20,ABC,-108.15773931736776,1,0,108.15773931736776
7,40,80000,42,20,GWO,-105.17786641967433,1,0,105.17786641967433
7,40,80000,42,20,FA,-108.15183227069907,1,0,108.15183227069907
7,40,80000,42,20,PSO,-108.15887947589613,1,0,108.15887947589613
7,40,80000,42,20,GA,-108.15505861044423,1,0,108.15505861044423
7,40,80000,42,20,ACO,-107.77859257503184,1,0,107.77859257503184
7,40,80000,42,21,ABC,-106.50270907143435,1,0,106.50270907143435
7,40,80000,42,21,GWO,-105.67106050137576,1,0,105.67106050137576
7,40,80000,42,21,FA,-106.50084742636167,1,0,106.50084742636167
7,40,80000,42,21,PSO,-106.46498774646342,1,0,106.46498774646342
7,40,80000,42,21,GA,-106.50247399194109,1,0,106.50247399194109
7,40,80000,42,21,ACO,-106.50270907143434,1,0,106.50270907143434
7,40,80000,42,22,ABC,-113.66585773210439,1,0,113.66585773210439
7,40,80000,42,22,GWO,-113.76190944422562,1,0,113.76190944422562
7,40,80000,42,22,FA,-113.55394560795735,1,0,113.55394560795735
7,40,80000,42,22,PSO,-113.55535909120412,1,0,113.55535909120412
7,40,80000,42,22,GA,-113.7237511041678,1,0,113.7237511041678
7,40,80000,42,22,ACO,-113.78692796476683,1,0,113.78692796476683
7,40,80000,42,23,ABC,-103.90335413144841,1,0,103.90335413144841
7,40,80000,42,23,GWO,-103.86731633407742,1,0,103.86731633407742
7,40,80000,42,23,FA,904.8322265108454,0,1,95.16777348915453
7,40,80000,42,23,PSO,-94.86521332669948,1,0,94.86521332669948
7,40,80000,42,23,GA,-103.9047151479367,1,0,103.9047151479367
7,40,80000,42,23,ACO,-103.90502631184945,1,0,103.90502631184945
7,40,80000,42,24,ABC,-102.47907142305407,1,0,102.47907142305407
7,40,80000,42,24,GWO,-95.47897930981162,1,0,95.47897930981162
7,40,80000,42,24,FA,-102.47496255936295,1,0,102.47496255936295
7,40,80000,42,24,PSO,-102.47907142305408,1,0,102.47907142305408
7,40,80000,42,24,GA,-96.5098334722993,1,0,96.5098334722993
7,40,80000,42,24,ACO,-96.51662066673495,1,0,96.51662066673495
7,40,80000,42,25,ABC,903.6143180751371,0,1,96.38568192486282
7,40,80000,42,25,GWO,903.9349269750977,0,1,96.06507302490233
7,40,80000,42,25,FA,904.2194608089477,0,1,95.78053919105226
7,40,80000,42,25,PSO,904.1460070402986,0,1,95.85399295970132
7,40,80000,42,25,GA,904.0915451062684,0,1,95.90845489373153
7,40,80000,42,25,ACO,903.6262051677844,0,1,96.37379483221557
7,40,80000,42,26,ABC,-110.81764644591198,1,0,110.81764644591198
7,40,80000,42,26,GWO,-110.12791192624918,1,0,110.12791192624918
7,40,80000,42,26,FA,-110.79976656602227,1,0,110.79976656602227
7,40,80000,42,26,PSO,-110.81764644591198,1,0,110.81764644591198
7,40,80000,42,26,GA,-110.81749238686939,1,0,110.81749238686939
7,40,80000,42,26,ACO,-110.4603415657004,1,0,110.4603415657004
7,40,80000,42,27,ABC,-100.3800958073809,1,0,100.3800958073809
7,40,80000,42,27,GWO,-93.01285202875036,1,0,93.01285202875036
7,40,80000,42,27,FA,-99.63961660496638,1,0,99.63961660496638
7,40,80000,42,27,PSO,890.8386243859119,0,1,109.16137561408807
7,40,80000,42,27,GA,890.4154989290429,0,1,109.58450107095709
7,40,80000,42,27,ACO,-99.56823187732041,1,0,99.56823187732041
7,40,80000,42,28,ABC,-99.15524448911435,1,0,99.15524448911435
7,40,80000,42,28,GWO,904.1793511596841,0,1,95.82064884031594
7,40,80000,42,28,FA,1903.6652502954557,0,2,96.33474970454417
7,40,80000,42,28,PSO,898.065454163401,0,1,101.93454583659896
7,40,80000,42,28,GA,-88.71177319962675,1,0,88.71177319962675
7,40,80000,42,28,ACO,-97.65178667808208,1,0,97.65178667808208
7,40,80000,42,29,ABC,-109.45658408181554,1,0,109.45658408181554
7,40,80000,42,29,GWO,-109.19188437758345,1,0,109.19188437758345
7,40,80000,42,29,FA,-109.35608929296426,1,0,109.35608929296426
7,40,80000,42,29,PSO,-109.45669963582122,1,0,109.45669963582122
7,40,80000,42,29,GA,883.7336985237284,0,1,116.26630147627151
7,40,80000,42,29,ACO,-109.45669963582112,1,0,109.45669963582112
