corner,vdd,algo,run,feasible,penalty,objective,VREF,TC,LOOP_GAIN_DB,PHASE_MARGIN_DEG,GAIN_MARGIN_DB,POWER_UW,sim_failure
ff,1.62,ABC,0,0,6,-200.0,,,,,,,timeout
ff,1.62,ABC,1,0,6,-200.0,,,,,,,timeout
ff,1.62,ABC,2,0,1,31.60897,1.221069,22.34505,49.1386,63.489,16.0952,46.64777,
ff,1.62,ABC,3,0,6,-200.0,,,,,,,timeout
ff,1.62,ABC,4,0,2,29.388,1.221503,24.97172,48.345,63.8,16.527,45.45407,
ff,1.62,ABC,5,0,1,30.51099,1.221248,23.20527,48.728,63.533,16.2526,45.06244,
ff,1.62,ABC,6,0,1,30.01722,1.22134,23.70968,48.7859,63.756,16.3873,46.28331,
ff,1.62,ABC,7,0,6,-200.0,,,,,,,timeout
ff,1.62,ABC,8,0,6,-200.0,,,,,,,timeout
ff,1.62,ABC,9,0,6,-200.0,,,,,,,timeout
ff,1.62,ABC,10,0,6,-200.0,,,,,,,timeout
ff,1.62,ABC,11,0,6,-200.0,,,,,,,timeout
ff,1.62,ABC,12,0,1,29.33955,1.221228,24.7441,48.8365,64.075,16.7047,44.26042,
ff,1.62,ABC,13,0,1,30.07473,1.221232,23.59267,48.9002,63.666,16.3499,46.40501,
ff,1.62,ABC,14,0,1,29.86414,1.221369,24.14082,48.5694,63.725,16.4119,45.15394,
ff,1.62,ABC,15,0,1,30.06649,1.221273,22.88223,48.9318,63.52,16.2869,48.07732,
ff,1.62,ABC,16,0,6,-200.0,,,,,,,timeout
ff,1.62,ABC,17,0,1,32.2453,1.220997,21.84008,49.2867,63.55500000000001,16.0971,45.86625,
ff,1.62,ABC,18,0,6,-200.0,,,,,,,timeout
ff,1.62,ABC,19,0,1,30.31764,1.221224,23.28513,49.0225,63.71,16.324,46.46833,
ff,1.62,ABC,20,0,6,-200.0,,,,,,,timeout
ff,1.62,ABC,21,0,6,-200.0,,,,,,,timeout
ff,1.62,ABC,22,0,1,30.4408,1.221202,23.0523,49.0124,63.515,16.2186,46.96096,
ff,1.62,ABC,23,0,2,29.91661,1.221467,24.34231,48.3373,64.803,17.2063,46.0184,
ff,1.62,ABC,24,0,6,-200.0,,,,,,,timeout
ff,1.62,ABC,25,0,6,-200.0,,,,,,,timeout
ff,1.62,ABC,26,0,6,-200.0,,,,,,,timeout
ff,1.62,ABC,27,0,6,-200.0,,,,,,,timeout
ff,1.62,ABC,28,0,1,30.13262,1.221189,23.7275,48.8889,63.745000000000005,16.4055,44.78697,
ff,1.62,ABC,29,0,6,-200.0,,,,,,,timeout
ff,1.62,ACO,0,0,6,-200.0,,,,,,,timeout
ff,1.62,ACO,1,0,6,-200.0,,,,,,,timeout
ff,1.62,ACO,2,0,6,-200.0,,,,,,,timeout
ff,1.62,ACO,3,0,2,29.55445,1.22165,24.82981,48.0919,64.241,16.8558,46.46056,
ff,1.62,ACO,4,0,2,29.41752,1.221607,24.87037,48.2081,64.043,16.7143,46.30504,
ff,1.62,ACO,5,0,6,-200.0,,,,,,,timeout
ff,1.62,ACO,6,0,2,30.07093,1.221655,24.40306,47.9225,64.662,17.1379,46.61044,
ff,1.62,ACO,7,0,6,-200.0,,,,,,,timeout
ff,1.62,ACO,8,0,2,29.71328,1.221666,24.52686,48.0829,64.382,16.9445,46.76683,
ff,1.62,ACO,9,0,6,-200.0,,,,,,,timeout
ff,1.62,ACO,10,0,2,29.61654,1.221658,24.97351,47.9927,64.317,16.9131,46.26477,
ff,1.62,ACO,11,0,6,-200.0,,,,,,,timeout
ff,1.62,ACO,12,0,6,-200.0,,,,,,,timeout
ff,1.62,ACO,13,0,6,-200.0,,,,,,,timeout
ff,1.62,ACO,14,0,6,-200.0,,,,,,,timeout
ff,1.62,ACO,15,0,6,-200.0,,,,,,,timeout
ff,1.62,ACO,16,0,6,-200.0,,,,,,,timeout
ff,1.62,ACO,17,0,6,-200.0,,,,,,,timeout
ff,1.62,ACO,18,0,6,-200.0,,,,,,,timeout
ff,1.62,ACO,19,0,6,-200.0,,,,,,,timeout
ff,1.62,ACO,20,0,2,29.26585,1.221593,25.41639,48.1324,63.937,16.637,45.32267,
ff,1.62,ACO,21,0,2,29.52844,1.221646,24.75547,48.1401,64.202,16.8266,46.56121,
ff,1.62,ACO,22,0,2,29.55125,1.221651,24.80994,48.1025,64.24,16.8527,46.48057,
ff,1.62,ACO,23,0,6,-200.0,,,,,,,timeout
ff,1.62,ACO,24,0,6,-200.0,,,,,,,timeout
ff,1.62,ACO,25,0,6,-200.0,,,,,,,timeout
ff,1.62,ACO,26,0,6,-200.0,,,,,,,timeout
ff,1.62,ACO,27,0,6,-200.0,,,,,,,timeout
ff,1.62,ACO,28,0,2,29.57858,1.221655,24.87931,48.0559,64.276,16.8799,46.38812,
ff,1.62,ACO,29,0,6,-200.0,,,,,,,timeout
ff,1.62,FA,0,0,2,27.83574,1.218369,27.46344,50.3275,63.05200000000001,26.0428,26.26745,
ff,1.62,FA,1,0,6,-200.0,,,,,,,timeout
ff,1.62,FA,2,0,6,-200.0,,,,,,,timeout
ff,1.62,FA,3,0,2,19.06484,1.217901,25.61785,46.8585,65.035,22.3118,27.28975,
ff,1.62,FA,4,0,1,36.55559,1.220033,22.88562,49.5115,60.763000000000005,14.4301,51.367,
ff,1.62,FA,5,0,1,27.84356,1.218481,27.24704,50.8036,63.434,22.7544,26.89488,
ff,1.62,FA,6,0,6,-200.0,,,,,,,timeout
ff,1.62,FA,7,0,6,-200.0,,,,,,,timeout
ff,1.62,FA,8,0,6,-200.0,,,,,,,timeout
ff,1.62,FA,9,0,6,-200.0,,,,,,,timeout
ff,1.62,FA,10,0,1,54.01276,1.220631,19.97973,49.2817,62.370000000000005,14.9876,49.27082,
ff,1.62,FA,11,0,1,42.60913,1.219068,25.78224,49.4893,62.554,16.2217,43.13929,
ff,1.62,FA,12,0,1,41.27167,1.219624,24.11076,49.4944,61.968,15.5183,48.82847,
ff,1.62,FA,13,0,2,46.9514,1.218872,26.51234,49.577,63.648,17.3054,46.54235,
ff,1.62,FA,14,0,2,45.59159,1.21866,26.76064,49.5375,64.983,17.7262,35.88212,
ff,1.62,FA,15,0,1,44.70595,1.220657,19.75091,49.5896,63.290000000000006,15.6589,43.62961,
ff,1.62,FA,16,0,1,35.55288,1.220007,22.93578,49.6095,60.717,14.2696,51.42911,
ff,1.62,FA,17,0,2,47.10934,1.218949,26.451,49.648,63.944,17.4779,52.5969,
ff,1.62,FA,18,0,2,18.28795,1.218138,25.62779,46.8329,64.412,20.9338,26.71963,
ff,1.62,FA,19,0,2,21.29634,1.218758,27.02702,49.8536,75.173,31.6193,42.63318,
ff,1.62,FA,20,0,3,3.250061,1.221731,26.26676,48.3228,64.942,19.3898,48.75385,
ff,1.62,FA,21,0,2,21.40591,1.218788,27.02138,49.8598,75.751,31.5069,44.57666,
ff,1.62,FA,22,0,6,-200.0,,,,,,,timeout
ff,1.62,FA,23,0,6,-200.0,,,,,,,timeout
ff,1.62,FA,24,0,1,44.22462,1.219268,25.19644,49.5538,62.092,15.7437,47.98802,
ff,1.62,FA,25,0,1,33.99067,1.219908,23.28044,49.5301,60.746,14.1951,49.70009,
ff,1.62,FA,26,0,2,16.95592,1.218521,27.08699,49.436,71.893,31.3704,35.0644,
ff,1.62,FA,27,0,1,53.23657,1.220645,19.98943,49.2804,63.19,15.4594,49.45235,
ff,1.62,FA,28,0,1,30.09668,1.218412,27.33812,51.1017,61.609,24.9568,26.09473,
ff,1.62,FA,29,0,1,39.35506,1.219166,25.69566,49.5846,60.693,15.5361,53.07115,
ff,1.62,GA,0,0,1,29.40704,1.221192,21.85644,49.5138,64.654,16.9448,49.00513,
ff,1.62,GA,1,0,2,29.72698,1.221403,24.20962,48.6084,63.657,16.385,45.81342,
ff,1.62,GA,2,0,6,-200.0,,,,,,,timeout
ff,1.62,GA,3,0,6,-200.0,,,,,,,timeout
ff,1.62,GA,4,0,6,-200.0,,,,,,,timeout
ff,1.62,GA,5,0,6,-200.0,,,,,,,timeout
ff,1.62,GA,6,0,6,-200.0,,,,,,,timeout
ff,1.62,GA,7,0,1,29.60198,1.22139,23.59954,48.957,64.049,16.6091,47.15768,
ff,1.62,GA,8,0,1,32.93835,1.220948,21.45377,49.0835,63.372,16.0054,44.70066,
ff,1.62,GA,9,0,6,-200.0,,,,,,,timeout
ff,1.62,GA,10,0,6,-200.0,,,,,,,timeout
ff,1.62,GA,11,1,0,34.65007,1.220603,20.85407,50.012,66.007,16.9532,51.39018,
ff,1.62,GA,12,0,1,29.51885,1.221293,22.75284,49.3096,64.559,16.9306,47.84526,
ff,1.62,GA,13,0,1,36.12418,1.220763,20.64283,49.0626,63.381,15.8813,43.52906,
ff,1.62,GA,14,0,1,29.90042,1.221356,23.95251,48.704,63.678,16.3697,45.74578,
ff,1.62,GA,15,0,1,30.94456,1.220861,23.10342,48.4399,63.92700000000001,16.4773,40.06096,
ff,1.62,GA,16,0,1,43.67804,1.220627,19.96987,49.1372,63.607,15.7968,42.90808,
ff,1.62,GA,17,0,6,-200.0,,,,,,,timeout
ff,1.62,GA,18,0,6,-200.0,,,,,,,timeout
ff,1.62,GA,19,0,6,-200.0,,,,,,,timeout
ff,1.62,GA,20,0,1,32.57409,1.220983,21.64178,48.9162,63.354,16.0331,44.18777,
ff,1.62,GA,21,0,1,33.00828,1.220942,21.42409,49.0913,63.372,16.0013,44.69893,
ff,1.62,GA,22,0,1,31.1975,1.221147,22.53718,48.7996,63.467,16.1705,44.66635,
ff,1.62,GA,23,0,1,35.46047,1.220796,20.76142,49.022,63.367,15.9018,43.57499,
ff,1.62,GA,24,0,1,31.54268,1.221065,22.30045,49.2424,63.556,16.1257,46.88554,
ff,1.62,GA,25,0,2,29.5795,1.221602,24.59761,48.2471,64.325,16.8916,46.54112,
ff,1.62,GA,26,0,1,30.93651,1.221169,22.77996,48.7498,63.494,16.2107,44.51634,
ff,1.62,GA,27,1,0,31.85428,1.220564,21.32645,50.2885,66.378,17.3042,50.26554,
ff,1.62,GA,28,0,1,30.97815,1.221142,22.72091,49.0639,63.57599999999999,16.2067,45.79821,
ff,1.62,GA,29,0,3,33.68996,1.221449,26.0545,45.7436,66.063,18.2627,42.32862,
ff,1.62,GWO,0,0,2,29.895,1.221767,24.86215,47.6537,64.612,17.1124,46.20206,
ff,1.62,GWO,1,0,2,29.44241,1.221709,24.83357,47.8725,64.51,17.1467,46.35401,
ff,1.62,GWO,2,0,2,29.51951,1.221674,24.90373,48.0509,64.269,16.8862,46.42952,
ff,1.62,GWO,3,0,2,29.74046,1.221708,24.96753,47.7034,64.67,17.2365,46.03671,
ff,1.62,GWO,4,0,2,30.40442,1.221679,24.65063,47.5595,64.958,17.4007,45.99112,
ff,1.62,GWO,5,0,2,30.96496,1.221605,23.54081,47.8032,65.185,17.473,46.69306,
ff,1.62,GWO,6,0,2,29.52191,1.221769,24.58432,47.9407,64.338,16.9337,46.83298,
ff,1.62,GWO,7,0,2,31.84374,1.2217,25.71677,46.2857,65.551,17.9306,43.82777,
ff,1.62,GWO,8,0,3,28.34338,1.221703,26.0094,47.9332,63.94199999999999,16.8531,45.04664,
ff,1.62,GWO,9,0,2,29.63492,1.221788,24.76252,47.4071,64.867,17.5245,45.88609,
ff,1.62,GWO,10,0,2,29.20886,1.221716,25.31958,47.7764,64.417,17.1265,45.88569,
ff,1.62,GWO,11,0,2,29.54328,1.221766,24.55958,47.9572,64.335,16.9222,46.84844,
ff,1.62,GWO,12,0,2,30.62346,1.221668,24.66573,47.5174,64.998,17.3915,45.92529,
ff,1.62,GWO,13,0,2,30.21928,1.221668,24.02081,47.8516,64.882,17.3325,46.75928,
ff,1.62,GWO,14,0,2,29.78488,1.221691,25.33002,47.7111,64.516,17.0744,45.79778,
ff,1.62,GWO,15,0,2,29.78353,1.22169,24.70993,47.9407,64.489,17.034,46.52894,
ff,1.62,GWO,16,0,2,28.75203,1.221715,25.08644,48.0019,64.212,17.0347,46.27618,
ff,1.62,GWO,17,0,2,30.02799,1.221707,24.23336,47.8474,64.646,17.1313,47.02822,
ff,1.62,GWO,18,0,2,29.91477,1.221675,24.74992,47.8819,64.575,17.0795,46.3435,
ff,1.62,GWO,19,0,2,30.81282,1.221628,23.54037,47.8233,65.139,17.4614,46.80216,
ff,1.62,GWO,20,0,2,32.54036,1.221558,25.69992,46.3057,65.713,17.9654,43.49259,
ff,1.62,GWO,21,0,2,29.79132,1.22167,24.626,48.0016,64.461,16.9991,46.58701,
ff,1.62,GWO,22,0,2,30.36565,1.221752,24.85254,47.3069,64.967,17.4421,45.78061,
ff,1.62,GWO,23,0,2,32.01535,1.221613,25.62434,46.4668,65.57,17.8989,43.88695,
ff,1.62,GWO,24,0,2,27.56633,1.221771,25.27379,47.9436,64.134,17.3147,45.9904,
ff,1.62,GWO,25,0,2,29.49363,1.221746,24.60463,47.9764,64.278,16.896,46.87168,
ff,1.62,GWO,26,0,3,28.95524,1.221704,26.25741,47.712,64.169,16.8936,44.70746,
ff,1.62,GWO,27,0,2,32.35001,1.221659,25.08263,46.4683,65.688,17.9354,44.21237,
ff,1.62,GWO,28,0,2,29.93121,1.221689,25.6674,47.4154,64.68,17.2437,45.24997,
ff,1.62,GWO,29,0,2,30.66707,1.221665,24.70052,47.4876,65.018,17.4089,45.85459,
ff,1.62,PSO,0,1,0,53.29683,1.220404,20.58931,50.0377,65.688,16.1792,52.68341,
ff,1.62,PSO,1,0,1,54.64046,1.220535,19.56916,49.9029,63.502,15.43,48.35885,
ff,1.62,PSO,2,0,1,54.10067,1.220645,19.91496,49.2645,63.148,15.3973,49.20133,
ff,1.62,PSO,3,0,2,29.24832,1.221649,25.92125,47.8738,64.118,16.776,44.90878,
ff,1.62,PSO,4,0,1,32.45673,1.220995,21.83515,49.0661,63.479,16.118,50.11169,
ff,1.62,PSO,5,1,0,54.08897,1.220529,19.55933,50.0896,63.669,15.5154,48.61393,
ff,1.62,PSO,6,0,2,29.43926,1.221621,25.06357,48.1033,64.119,16.7754,46.09496,
ff,1.62,PSO,7,1,0,53.91621,1.220529,19.50471,50.1214,63.687,15.53,48.57595,
ff,1.62,PSO,8,0,2,32.15385,1.218595,27.2793,49.8624,63.634,19.8908,26.61835,
ff,1.62,PSO,9,0,1,54.6473,1.220535,19.58903,49.8768,63.495000000000005,15.416,48.44036,
ff,1.62,PSO,10,0,1,52.95825,1.220478,21.05981,49.7382,65.502,16.4441,54.3559,
ff,1.62,PSO,11,1,0,53.80034,1.220531,19.49474,50.1311,63.699,15.5386,48.55093,
ff,1.62,PSO,12,0,1,54.68984,1.220639,19.84058,49.2601,63.165000000000006,15.3377,48.88348,
ff,1.62,PSO,13,0,2,30.55816,1.221642,24.00644,47.8139,64.966,17.3286,46.62837,
ff,1.62,PSO,14,0,1,30.29671,1.221282,22.8771,48.7827,63.798,16.4727,49.46193,
ff,1.62,PSO,15,0,1,53.56792,1.220644,19.97455,49.2791,63.169,15.4365,49.54444,
ff,1.62,PSO,16,0,1,30.75703,1.221254,22.91237,47.9418,67.134,18.6099,47.56829,
ff,1.62,PSO,17,0,1,54.4612,1.220536,19.50956,49.9422,63.519000000000005,15.4542,48.23982,
ff,1.62,PSO,18,0,1,53.64348,1.220644,19.96959,49.2853,63.17,15.4322,49.54835,
ff,1.62,PSO,19,0,2,29.29543,1.221578,25.2381,48.2073,63.896,16.5994,45.457,
ff,1.62,PSO,20,0,1,52.78658,1.220634,20.15843,49.3367,63.265,15.5163,50.52598,
ff,1.62,PSO,21,0,2,29.28299,1.221581,25.30253,48.1812,63.903000000000006,16.6096,45.40682,
ff,1.62,PSO,22,0,1,54.45857,1.220645,19.85041,49.2476,63.142,15.3705,48.8047,
ff,1.62,PSO,23,0,2,30.02008,1.221675,25.47918,47.5437,64.652,17.162,45.44919,
ff,1.62,PSO,24,0,1,54.1968,1.220602,20.41218,49.4481,63.278000000000006,15.5099,52.62251,
ff,1.62,PSO,25,0,2,29.29239,1.22157,25.25811,48.2036,63.874,16.5913,45.44235,
ff,1.62,PSO,26,1,0,54.4356,1.220532,19.54438,50.0064,63.581,15.4727,48.50766,
ff,1.62,PSO,27,0,2,29.45629,1.221628,25.1428,48.0548,64.157,16.8043,46.00089,
ff,1.62,PSO,28,1,0,54.27796,1.220533,19.52451,50.0246,63.593,15.4846,48.45172,
ff,1.62,PSO,29,0,2,29.55096,1.22165,24.80996,48.1018,64.237,16.8513,46.48214,
ff,1.8,ABC,0,1,0,54.94963,1.220859,19.53418,50.1866,64.567,15.7177,47.15811,
ff,1.8,ABC,1,0,1,54.98846,1.220818,20.08589,49.819,64.556,15.7747,46.1275,
ff,1.8,ABC,2,0,1,54.91885,1.220877,19.49915,49.9159,64.107,15.5152,46.6454,
ff,1.8,ABC,3,1,0,54.7373,1.220873,19.45453,50.0421,64.247,15.5871,46.75219,
ff,1.8,ABC,4,0,1,55.35293,1.220826,19.83754,49.7618,64.466,15.6789,45.43542,
ff,1.8,ABC,5,0,1,54.60679,1.220886,19.49404,49.7002,64.153,15.5939,45.05436,
ff,1.8,ABC,6,0,6,-200.0,,,,,,,timeout
ff,1.8,ABC,7,0,6,-200.0,,,,,,,timeout
ff,1.8,ABC,8,0,1,55.24022,1.220845,19.72802,49.9032,64.48,15.6599,46.44812,
ff,1.8,ABC,9,0,1,54.73132,1.220769,19.80371,49.9759,64.296,15.6534,44.77801,
ff,1.8,ABC,10,0,1,55.12931,1.220869,19.61345,49.8708,64.374,15.6309,46.28884,
ff,1.8,ABC,11,0,6,-200.0,,,,,,,timeout
ff,1.8,ABC,12,1,0,54.42052,1.220688,20.0632,50.2095,64.748,15.8473,44.24638,
ff,1.8,ABC,13,0,1,55.03448,1.22082,19.78799,49.9441,64.358,15.6058,46.39523,
ff,1.8,ABC,14,0,1,54.61982,1.220852,19.6733,49.7459,64.365,15.6651,45.14065,
ff,1.8,ABC,15,0,1,55.09823,1.220942,19.6371,49.7807,64.236,15.6677,48.07028,
ff,1.8,ABC,16,0,1,54.39765,1.220873,19.53892,49.7061,64.212,15.6215,44.86698,
ff,1.8,ABC,17,0,1,54.65479,1.220882,19.34022,49.9945,64.084,15.5697,45.86645,
ff,1.8,ABC,18,0,6,-200.0,,,,,,,timeout
ff,1.8,ABC,19,0,6,-200.0,,,,,,,timeout
ff,1.8,ABC,20,0,6,-200.0,,,,,,,timeout
ff,1.8,ABC,21,0,6,-200.0,,,,,,,timeout
ff,1.8,ABC,22,0,6,-200.0,,,,,,,timeout
ff,1.8,ABC,23,0,6,-200.0,,,,,,,timeout
ff,1.8,ABC,24,0,6,-200.0,,,,,,,timeout
ff,1.8,ABC,25,0,6,-200.0,,,,,,,timeout
ff,1.8,ABC,26,0,6,-200.0,,,,,,,timeout
ff,1.8,ABC,27,0,6,-200.0,,,,,,,timeout
ff,1.8,ABC,28,0,6,-200.0,,,,,,,timeout
ff,1.8,ABC,29,0,6,-200.0,,,,,,,timeout
ff,1.8,ACO,0,0,6,-200.0,,,,,,,timeout
ff,1.8,ACO,1,0,6,-200.0,,,,,,,timeout
ff,1.8,ACO,2,0,1,55.56062,1.22084,19.84724,49.7781,64.772,15.771,46.21585,
ff,1.8,ACO,3,0,1,55.65976,1.220839,19.85222,49.7951,64.92,15.8292,46.43739,
ff,1.8,ACO,4,0,6,-200.0,,,,,,,timeout
ff,1.8,ACO,5,0,6,-200.0,,,,,,,timeout
ff,1.8,ACO,6,0,1,55.58527,1.220826,19.90704,49.8382,65.29,16.0849,46.58668,
ff,1.8,ACO,7,0,1,55.7411,1.220784,20.07652,49.8096,65.299,16.0112,45.89266,
ff,1.8,ACO,8,0,1,55.7329,1.220853,19.80731,49.8109,65.056,15.8848,46.74359,
ff,1.8,ACO,9,0,6,-200.0,,,,,,,timeout
ff,1.8,ACO,10,0,1,55.66273,1.220822,19.91703,49.7946,64.973,15.8562,46.24079,
ff,1.8,ACO,11,0,1,55.73396,1.220844,19.83725,49.8108,65.082,15.8985,46.64596,
ff,1.8,ACO,12,0,6,-200.0,,,,,,,timeout
ff,1.8,ACO,13,0,1,55.66158,1.22083,19.88712,49.7946,64.945,15.8418,46.3379,
ff,1.8,ACO,14,0,6,-200.0,,,,,,,timeout
ff,1.8,ACO,15,0,6,-200.0,,,,,,,timeout
ff,1.8,ACO,16,0,6,-200.0,,,,,,,timeout
ff,1.8,ACO,17,0,6,-200.0,,,,,,,timeout
ff,1.8,ACO,18,0,6,-200.0,,,,,,,timeout
ff,1.8,ACO,19,0,6,-200.0,,,,,,,timeout
ff,1.8,ACO,20,0,6,-200.0,,,,,,,timeout
ff,1.8,ACO,21,0,1,55.65862,1.220847,19.8223,49.795,64.892,15.815,46.53848,
ff,1.8,ACO,22,0,6,-200.0,,,,,,,timeout
ff,1.8,ACO,23,0,1,55.56645,1.220799,20.0018,49.7766,64.88,15.8249,45.76657,
ff,1.8,ACO,24,0,1,55.55909,1.220853,19.79242,49.7776,64.707,15.7411,46.40155,
ff,1.8,ACO,25,0,1,54.33848,1.220984,19.37831,49.5639,63.06999999999999,15.2283,49.49246,
ff,1.8,ACO,26,0,6,-200.0,,,,,,,timeout
ff,1.8,ACO,27,0,6,-200.0,,,,,,,timeout
ff,1.8,ACO,28,0,6,-200.0,,,,,,,timeout
ff,1.8,ACO,29,0,6,-200.0,,,,,,,timeout
ff,1.8,FA,0,1,0,43.24847,1.219628,25.8996,50.6452,62.319,25.5954,26.31379,
ff,1.8,FA,1,0,1,42.21583,1.220203,22.89733,49.7241,61.128,15.1238,53.33994,
ff,1.8,FA,2,0,1,54.22028,1.22098,19.30392,49.5348,63.036,15.1157,48.77476,
ff,1.8,FA,3,0,6,-200.0,,,,,,,timeout
ff,1.8,FA,4,0,1,37.73981,1.220345,22.40797,49.7013,60.669,14.3739,51.38154,
ff,1.8,FA,5,0,6,-200.0,,,,,,,timeout
ff,1.8,FA,6,0,6,-200.0,,,,,,,timeout
ff,1.8,FA,7,0,6,-200.0,,,,,,,timeout
ff,1.8,FA,8,0,6,-200.0,,,,,,,timeout
ff,1.8,FA,9,0,6,-200.0,,,,,,,timeout
ff,1.8,FA,10,0,1,54.18368,1.220975,19.40327,49.5585,62.199,14.7474,49.28647,
ff,1.8,FA,11,0,1,44.45008,1.219494,25.15201,49.7091,62.30800000000001,16.0948,43.15765,
ff,1.8,FA,12,0,1,42.66964,1.219978,23.57718,49.7188,61.82599999999999,15.5275,48.84446,
ff,1.8,FA,13,0,1,49.33698,1.219319,25.91611,49.8213,63.346,17.3126,46.56143,
ff,1.8,FA,14,0,1,49.86072,1.219245,25.9475,49.7854,64.604,17.5018,35.90582,
ff,1.8,FA,15,0,1,46.23191,1.221033,19.15417,49.8137,63.193,15.4878,43.64633,
ff,1.8,FA,16,0,1,36.65809,1.22032,22.46306,49.793,60.651,14.2135,51.44369,
ff,1.8,FA,17,0,1,49.90464,1.21938,25.8999,49.8735,63.643,17.499,52.61542,
ff,1.8,FA,18,1,0,42.27601,1.219609,25.99442,50.1684,62.916,18.9536,26.77309,
ff,1.8,FA,19,0,6,-200.0,,,,,,,timeout
ff,1.8,FA,20,0,1,27.57908,1.220988,20.96663,49.848,64.513,14.0652,48.73298,
ff,1.8,FA,21,1,0,25.39357,1.22006,25.78611,50.0783,75.36,31.6921,44.6234,
ff,1.8,FA,22,0,1,53.99075,1.220979,19.4181,49.4937,61.644000000000005,14.5273,46.29591,
ff,1.8,FA,23,0,6,-200.0,,,,,,,timeout
ff,1.8,FA,24,0,6,-200.0,,,,,,,timeout
ff,1.8,FA,25,0,6,-200.0,,,,,,,timeout
ff,1.8,FA,26,1,0,26.27457,1.21993,25.75905,50.0709,71.069,31.0605,35.11575,
ff,1.8,FA,27,0,1,54.33455,1.220984,19.39816,49.5573,63.06999999999999,15.233,49.46782,
ff,1.8,FA,28,1,0,41.43875,1.219531,25.93645,51.308,61.144000000000005,24.4376,26.1364,
ff,1.8,FA,29,0,1,40.496,1.21951,25.1815,49.7942,60.489,15.6124,53.08677,
ff,1.8,GA,0,1,0,54.57974,1.22092,19.52328,50.3174,65.403,16.1823,49.00007,
ff,1.8,GA,1,0,1,55.26326,1.220858,19.67816,49.7849,64.335,15.6249,45.79922,
ff,1.8,GA,2,0,1,54.73225,1.22073,20.15684,49.8264,64.779,15.8457,44.16489,
ff,1.8,GA,3,0,1,54.93116,1.220885,19.51391,49.6823,64.129,15.5784,45.11691,
ff,1.8,GA,4,0,1,54.47852,1.220962,19.76087,49.6851,63.453,15.5031,50.06853,
ff,1.8,GA,5,0,1,54.10267,1.220895,19.42936,49.6481,64.09,15.5923,44.53947,
ff,1.8,GA,6,0,1,52.25161,1.220754,20.74724,49.8827,65.914,16.4563,51.18163,
ff,1.8,GA,7,1,0,55.23312,1.220857,19.60868,50.092,64.752,15.7844,47.14385,
ff,1.8,GA,8,0,1,54.38067,1.220907,19.26536,49.7464,63.872,15.5227,44.70338,
ff,1.8,GA,9,0,1,40.6782,1.219755,25.82237,49.9255,63.53,19.1035,26.39704,
ff,1.8,GA,10,1,0,42.31676,1.219607,25.94974,50.3617,63.143,19.5764,26.7824,
ff,1.8,GA,11,1,0,52.40172,1.220886,19.96563,50.3678,66.354,16.5569,51.40375,
ff,1.8,GA,12,1,0,54.93419,1.220839,19.57918,50.389,65.335,16.1247,47.83408,
ff,1.8,GA,13,0,1,53.85948,1.220916,19.21558,49.5876,63.747,15.5096,43.53827,
ff,1.8,GA,14,0,1,55.17737,1.22086,19.63345,49.818,64.34,15.6393,45.73319,
ff,1.8,GA,15,0,1,52.71969,1.220712,19.96848,49.5417,64.462,15.8231,40.06003,
ff,1.8,GA,16,0,1,53.25073,1.220937,19.11101,49.5215,63.706,15.5232,42.92257,
ff,1.8,GA,17,0,1,44.18553,1.219561,25.97557,49.9352,64.022,18.1771,27.48886,
ff,1.8,GA,18,0,2,45.5128,1.219418,26.00843,49.777,64.571,17.6248,28.74978,
ff,1.8,GA,19,0,1,52.30461,1.220658,20.17293,49.4672,64.595,15.881,38.35935,
ff,1.8,GA,20,0,1,54.20377,1.220915,19.29005,49.6161,63.874,15.5337,44.18957,
ff,1.8,GA,21,0,6,-200.0,,,,,,,timeout
ff,1.8,GA,22,0,6,-200.0,,,,,,,timeout
ff,1.8,GA,23,0,6,-200.0,,,,,,,timeout
ff,1.8,GA,24,1,0,54.94136,1.220873,19.48432,50.0107,64.169,15.5462,46.88318,
ff,1.8,GA,25,0,1,55.5631,1.220829,19.84245,49.894,64.992,15.8725,46.51927,
ff,1.8,GA,26,0,1,54.17875,1.220891,19.44432,49.6504,64.087,15.591,44.51108,
ff,1.8,GA,27,1,0,52.34733,1.220797,20.24013,50.6973,66.818,16.8171,50.27742,
ff,1.8,GA,28,0,1,54.88932,1.22087,19.47444,49.9224,64.18,15.594,45.79313,
ff,1.8,GA,29,0,1,55.46162,1.220487,21.20862,49.8701,66.152,16.4905,42.30041,
ff,1.8,GWO,0,0,1,55.8082,1.220882,19.93591,49.6125,65.207,15.9678,46.17641,
ff,1.8,GWO,1,0,1,55.68326,1.220827,19.90702,49.8143,65.167,15.9498,46.32849,
ff,1.8,GWO,2,0,1,55.69875,1.220839,19.85222,49.7974,64.944,15.8433,46.40557,
ff,1.8,GWO,3,0,6,-200.0,,,,,,,timeout
ff,1.8,GWO,4,0,6,-200.0,,,,,,,timeout
ff,1.8,GWO,5,0,6,-200.0,,,,,,,timeout
ff,1.8,GWO,6,0,1,55.80893,1.220933,19.74645,49.6149,65.013,15.8765,46.80898,
ff,1.8,GWO,7,0,6,-200.0,,,,,,,timeout
ff,1.8,GWO,8,0,6,-200.0,,,,,,,timeout
ff,1.8,GWO,9,0,1,55.34063,1.22086,20.02563,49.6369,65.491,16.2078,45.85898,
ff,1.8,GWO,10,0,1,55.59227,1.220802,19.99679,49.7966,65.072,15.9153,45.85907,
ff,1.8,GWO,11,0,1,55.80828,1.220935,19.73649,49.6179,65.009,15.8746,46.82461,
ff,1.8,GWO,12,0,6,-200.0,,,,,,,timeout
ff,1.8,GWO,13,0,1,55.43793,1.220841,19.87204,49.8394,65.496,16.1837,46.7356,
ff,1.8,GWO,14,0,1,55.70883,1.220785,20.06657,49.7964,65.108,15.9279,45.77141,
ff,1.8,GWO,15,0,1,55.78049,1.220835,19.87711,49.8129,65.132,15.9265,46.5043,
ff,1.8,GWO,16,0,1,55.53297,1.220839,19.85222,49.7986,64.952,15.8574,46.25084,
ff,1.8,GWO,17,0,1,55.47794,1.220904,19.9008,49.641,65.236,16.0975,47.00534,
ff,1.8,GWO,18,0,1,55.73638,1.220821,19.92698,49.8105,65.191,15.9547,46.3189,
ff,1.8,GWO,19,0,1,55.18807,1.220843,19.88194,49.8522,65.716,16.2877,46.77988,
ff,1.8,GWO,20,0,1,55.33077,1.220588,20.8444,49.8154,65.955,16.3675,43.46411,
ff,1.8,GWO,21,0,1,55.73236,1.220839,19.86215,49.8113,65.112,15.914,46.56321,
ff,1.8,GWO,22,0,1,55.83662,1.220832,20.14523,49.6279,65.48,16.1181,45.75377,
ff,1.8,GWO,23,0,1,55.49687,1.220624,20.71469,49.8085,65.868,16.3221,43.85783,
ff,1.8,GWO,24,0,1,54.9057,1.220844,19.83228,49.8005,65.001,15.8988,45.96336,
ff,1.8,GWO,25,0,1,55.76543,1.220928,19.77135,49.6133,64.95,15.8564,46.84829,
ff,1.8,GWO,26,0,1,55.13545,1.220774,20.10647,49.7364,64.769,15.8209,44.68032,
ff,1.8,GWO,27,0,1,55.71721,1.220707,20.62888,49.6244,65.979,16.3745,44.18449,
ff,1.8,GWO,28,0,1,55.64655,1.220735,20.25109,49.8021,65.211,15.9853,45.22201,
ff,1.8,GWO,29,0,1,55.304,1.220771,20.14127,49.8289,65.542,16.2203,45.82863,
ff,1.8,PSO,0,1,0,52.30545,1.220809,19.99668,50.2758,65.517,16.0249,52.7011,
ff,1.8,PSO,1,1,0,54.1511,1.220881,18.97289,50.1841,63.354,15.1999,48.37457,
ff,1.8,PSO,2,0,1,54.30278,1.220985,19.31873,49.5414,63.008,15.1698,49.21684,
ff,1.8,PSO,3,0,1,55.17122,1.220788,20.0417,49.7288,64.719,15.7925,44.88394,
ff,1.8,PSO,4,0,1,54.8404,1.220951,19.88018,49.6605,63.932,15.6729,50.1143,
ff,1.8,PSO,5,1,0,54.16793,1.220873,18.96805,50.3735,63.55800000000001,15.2855,48.62956,
ff,1.8,PSO,6,0,1,55.5632,1.220824,19.90211,49.7772,64.796,15.7825,46.07226,
ff,1.8,PSO,7,1,0,54.17174,1.220874,18.92335,50.402,63.568,15.3002,48.59159,
ff,1.8,PSO,8,0,1,41.08789,1.219628,26.02383,50.0762,63.194,19.3215,26.65712,
ff,1.8,PSO,9,1,0,54.15386,1.220881,18.99771,50.1589,63.338,15.1844,48.45605,
ff,1.8,PSO,10,0,6,-200.0,,,,,,,timeout
ff,1.8,PSO,11,1,0,54.17204,1.220876,18.90843,50.4113,63.577,15.3088,48.56659,
ff,1.8,PSO,12,0,1,54.2393,1.220982,19.24432,49.5398,63.008,15.1082,48.89909,
ff,1.8,PSO,13,0,1,55.25467,1.220828,19.92686,49.8363,65.544,16.2043,46.60513,
ff,1.8,PSO,14,0,1,55.13069,1.220944,19.87533,49.6628,64.376,15.8271,49.45468,
ff,1.8,PSO,15,0,1,54.34375,1.220984,19.38824,49.5555,63.047,15.21,49.55992,
ff,1.8,PSO,16,0,1,52.35429,1.220744,20.44953,49.9733,67.575,17.1677,47.55524,
ff,1.8,PSO,17,1,0,54.14422,1.220882,18.93812,50.2217,63.387,15.224,48.25553,
ff,1.8,PSO,18,0,1,54.34316,1.220983,19.37833,49.5618,63.04600000000001,15.206,49.56381,
ff,1.8,PSO,19,0,1,55.32297,1.220834,19.84734,49.7311,64.556,15.7135,45.43609,
ff,1.8,PSO,20,0,1,54.37722,1.220971,19.59692,49.6104,63.138000000000005,15.3828,50.54139,
ff,1.8,PSO,21,0,1,55.41554,1.220827,19.87227,49.7314,64.559,15.7152,45.3856,
ff,1.8,PSO,22,0,1,54.25086,1.220988,19.25415,49.5242,62.99,15.1419,48.8203,
ff,1.8,PSO,23,0,1,55.66603,1.220754,20.18127,49.793,65.196,15.9716,45.42235,
ff,1.8,PSO,24,0,1,54.10932,1.220952,19.91988,49.6879,63.159000000000006,15.3824,52.63834,
ff,1.8,PSO,25,0,1,55.45,1.220828,19.86729,49.7318,64.535,15.7033,45.42149,
ff,1.8,PSO,26,1,0,54.1662,1.220877,18.95309,50.2877,63.45099999999999,15.2428,48.52334,
ff,1.8,PSO,27,0,1,55.56464,1.220817,19.93697,49.7771,64.824,15.7965,45.97772,
ff,1.8,PSO,28,1,0,54.164,1.220878,18.93322,50.3051,63.47,15.2547,48.46739,
ff,1.8,PSO,29,0,1,55.65966,1.220841,19.84226,49.7946,64.918,15.8278,46.45906,
ff,1.98,ABC,0,0,6,-200.0,,,,,,,timeout
ff,1.98,ABC,1,0,6,-200.0,,,,,,,timeout
ff,1.98,ABC,2,0,6,-200.0,,,,,,,timeout
ff,1.98,ABC,3,0,6,-200.0,,,,,,,timeout
ff,1.98,ABC,4,0,6,-200.0,,,,,,,timeout
ff,1.98,ABC,5,0,6,-200.0,,,,,,,timeout
ff,1.98,ABC,6,0,6,-200.0,,,,,,,timeout
ff,1.98,ABC,7,0,6,-200.0,,,,,,,timeout
ff,1.98,ABC,8,0,6,-200.0,,,,,,,timeout
ff,1.98,ABC,9,0,6,-200.0,,,,,,,timeout
ff,1.98,ABC,10,0,6,-200.0,,,,,,,timeout
ff,1.98,ABC,11,0,6,-200.0,,,,,,,timeout
ff,1.98,ABC,12,0,6,-200.0,,,,,,,timeout
ff,1.98,ABC,13,0,6,-200.0,,,,,,,timeout
ff,1.98,ABC,14,0,1,50.88013,1.221217,19.07685,49.9823,64.539,15.6186,45.157,
ff,1.98,ABC,15,0,6,-200.0,,,,,,,timeout
ff,1.98,ABC,16,0,6,-200.0,,,,,,,timeout
ff,1.98,ABC,17,0,6,-200.0,,,,,,,timeout
ff,1.98,ABC,18,0,6,-200.0,,,,,,,timeout
ff,1.98,ABC,19,0,6,-200.0,,,,,,,timeout
ff,1.98,ABC,20,0,6,-200.0,,,,,,,timeout
ff,1.98,ABC,21,1,0,51.39086,1.221224,19.0023,50.2285,64.609,15.6262,46.46934,
ff,1.98,ABC,22,1,0,53.62707,1.221221,19.07678,50.1572,64.33,15.4859,46.96974,
ff,1.98,ABC,23,0,6,-200.0,,,,,,,timeout
ff,1.98,ABC,24,0,6,-200.0,,,,,,,timeout
ff,1.98,ABC,25,0,6,-200.0,,,,,,,timeout
ff,1.98,ABC,26,0,6,-200.0,,,,,,,timeout
ff,1.98,ABC,27,0,6,-200.0,,,,,,,timeout
ff,1.98,ABC,28,0,6,-200.0,,,,,,,timeout
ff,1.98,ABC,29,0,6,-200.0,,,,,,,timeout
ff,1.98,ACO,0,1,0,49.62219,1.22117,19.40017,50.0227,65.054,15.7675,45.81095,
ff,1.98,ACO,1,0,6,-200.0,,,,,,,timeout
ff,1.98,ACO,2,0,6,-200.0,,,,,,,timeout
ff,1.98,ACO,3,0,6,-200.0,,,,,,,timeout
ff,1.98,ACO,4,1,0,50.2516,1.221206,19.25568,50.018,64.902,15.7011,46.29971,
ff,1.98,ACO,5,1,0,50.61772,1.221228,19.166,50.0153,64.813,15.6628,46.59575,
ff,1.98,ACO,6,0,6,-200.0,,,,,,,timeout
ff,1.98,ACO,7,0,6,-200.0,,,,,,,timeout
ff,1.98,ACO,8,0,6,-200.0,,,,,,,timeout
ff,1.98,ACO,9,0,6,-200.0,,,,,,,timeout
ff,1.98,ACO,10,0,6,-200.0,,,,,,,timeout
ff,1.98,ACO,11,0,6,-200.0,,,,,,,timeout
ff,1.98,ACO,12,0,6,-200.0,,,,,,,timeout
ff,1.98,ACO,13,0,6,-200.0,,,,,,,timeout
ff,1.98,ACO,14,0,6,-200.0,,,,,,,timeout
ff,1.98,ACO,15,0,6,-200.0,,,,,,,timeout
ff,1.98,ACO,16,0,6,-200.0,,,,,,,timeout
ff,1.98,ACO,17,0,6,-200.0,,,,,,,timeout
ff,1.98,ACO,18,0,6,-200.0,,,,,,,timeout
ff,1.98,ACO,19,0,6,-200.0,,,,,,,timeout
ff,1.98,ACO,20,0,6,-200.0,,,,,,,timeout
ff,1.98,ACO,21,0,6,-200.0,,,,,,,timeout
ff,1.98,ACO,22,0,6,-200.0,,,,,,,timeout
ff,1.98,ACO,23,0,6,-200.0,,,,,,,timeout
ff,1.98,ACO,24,0,6,-200.0,,,,,,,timeout
ff,1.98,ACO,25,0,1,54.24427,1.221332,18.84182,49.7348,63.156000000000006,15.2001,49.50821,
ff,1.98,ACO,26,0,1,51.13179,1.221225,19.17101,49.9998,64.667,15.6166,46.29542,
ff,1.98,ACO,27,1,0,50.1052,1.221199,19.2806,50.019,64.933,15.7149,46.20724,
ff,1.98,ACO,28,0,6,-200.0,,,,,,,timeout
ff,1.98,ACO,29,1,0,49.5717,1.221215,19.23072,50.0303,65.073,15.7623,46.5707,
ff,1.98,FA,0,1,0,42.29255,1.220854,24.3595,50.8039,62.095,25.7302,26.35904,
ff,1.98,FA,1,0,1,43.17159,1.220534,22.44422,49.8294,61.238,15.1208,53.35513,
ff,1.98,FA,2,0,1,54.09475,1.221333,18.76737,49.7085,63.148,15.0787,48.79069,
ff,1.98,FA,3,1,0,43.02062,1.220488,24.67965,51.0837,62.870000000000005,19.6309,27.38473,
ff,1.98,FA,4,0,1,38.3354,1.220662,21.95033,49.8092,60.847,14.4774,51.39625,
ff,1.98,FA,5,1,0,43.28008,1.22055,24.61384,51.388,62.572,22.3291,26.97248,
ff,1.98,FA,6,0,6,-200.0,,,,,,,timeout
ff,1.98,FA,7,0,6,-200.0,,,,,,,timeout
ff,1.98,FA,8,0,6,-200.0,,,,,,,timeout
ff,1.98,FA,9,0,1,53.96629,1.221349,18.56368,49.85,63.146,15.1654,47.62188,
ff,1.98,FA,10,0,1,54.09107,1.221329,18.87661,49.7278,62.290000000000006,14.7095,49.30243,
ff,1.98,FA,11,0,1,45.01742,1.219918,24.55704,49.8289,62.351,16.2171,43.17595,
ff,1.98,FA,12,0,6,-200.0,,,,,,,timeout
ff,1.98,FA,13,0,6,-200.0,,,,,,,timeout
ff,1.98,FA,14,0,6,-200.0,,,,,,,timeout
ff,1.98,FA,15,0,2,46.49274,1.221414,18.60238,49.9477,63.321,15.4993,43.66318,
ff,1.98,FA,16,0,1,37.16321,1.220634,22.00545,49.9021,60.80200000000001,14.3123,51.45833,
ff,1.98,FA,17,0,1,51.40468,1.219811,25.3939,49.9789,63.649,17.4708,52.63396,
ff,1.98,FA,18,1,0,43.62048,1.220618,24.74157,50.3686,62.795,19.1973,26.81104,
ff,1.98,FA,19,1,0,26.38318,1.221328,24.5138,50.1481,74.649,31.9492,42.72759,
ff,1.98,FA,20,0,2,24.22847,1.221385,20.4636,49.988,64.761,13.9503,48.75037,
ff,1.98,FA,21,1,0,26.22514,1.221324,24.54862,50.1473,75.254,31.8895,44.66992,
ff,1.98,FA,22,0,1,50.84236,1.221353,18.86631,49.6793,61.786,14.4698,46.31258,
ff,1.98,FA,23,0,1,54.06542,1.221323,18.96602,49.7897,62.879000000000005,14.9757,49.36793,
ff,1.98,FA,24,0,1,46.75492,1.220063,24.09712,49.9177,61.78,15.6809,48.02283,
ff,1.98,FA,25,0,1,35.59837,1.22055,22.31483,49.8107,60.862,14.2547,49.72975,
ff,1.98,FA,26,1,0,27.59969,1.221295,24.42514,50.1607,70.92,31.1505,35.16565,
ff,1.98,FA,27,0,1,54.23476,1.221332,18.86663,49.7281,63.16,15.205,49.48357,
ff,1.98,FA,28,1,0,41.06089,1.22063,24.55761,51.4406,61.019000000000005,24.6708,26.17733,
ff,1.98,FA,29,0,1,41.36396,1.219856,24.71231,49.9074,60.548,15.6399,53.10241,
ff,1.98,GA,0,1,0,50.59159,1.2213,19.03089,50.4884,65.599,16.0612,49.01692,
ff,1.98,GA,1,1,0,51.78441,1.221218,19.08676,50.0238,64.489,15.5758,45.81536,
ff,1.98,GA,2,1,0,49.67411,1.221106,19.53023,50.0859,64.951,15.7888,44.18158,
ff,1.98,GA,3,0,1,51.79444,1.22125,18.92249,49.9089,64.304,15.539,45.13322,
ff,1.98,GA,4,0,1,54.0818,1.221312,19.26393,49.8655,63.55200000000001,15.387,50.08435,
ff,1.98,GA,5,0,1,51.27774,1.221265,18.83789,49.8666,64.25,15.5596,44.55599,
ff,1.98,GA,6,0,1,52.11412,1.221197,20.30794,49.9689,66.036,16.3632,51.20059,
ff,1.98,GA,7,1,0,50.72057,1.22122,19.06191,50.3131,64.942,15.7349,47.16013,
ff,1.98,GA,8,0,1,52.48512,1.221279,18.6888,49.9493,64.021,15.492,44.71992,
ff,1.98,GA,9,1,0,39.97903,1.220797,24.60886,50.0391,63.428,19.3651,26.4361,
ff,1.98,GA,10,1,0,42.08533,1.220607,24.71696,50.483,63.044,19.8426,26.82005,
ff,1.98,GA,11,1,0,52.23613,1.221323,19.53669,50.4589,66.467,16.4688,51.42249,
ff,1.98,GA,12,1,0,49.60573,1.221214,19.05704,50.5836,65.503,15.9878,47.85077,
ff,1.98,GA,13,0,1,52.81648,1.2213,18.63389,49.7775,63.869,15.4834,43.55525,
ff,1.98,GA,14,1,0,51.51136,1.221221,19.05197,50.0539,64.506,15.5908,45.74938,
ff,1.98,GA,15,0,1,50.44058,1.221137,19.31136,49.7552,64.576,15.8011,40.07839,
ff,1.98,GA,16,0,1,52.39672,1.22133,18.53419,49.697,63.85,15.505,42.93985,
ff,1.98,GA,17,1,0,44.3257,1.220493,24.78382,50.0575,63.889,18.399,27.52423,
ff,1.98,GA,18,0,1,45.80563,1.220253,24.88803,49.9061,64.447,17.816,28.78187,
ff,1.98,GA,19,0,1,50.93574,1.221112,19.49043,49.6755,64.696,15.8711,38.37868,
ff,1.98,GA,20,0,1,52.16791,1.22129,18.69856,49.8206,64.021,15.5027,44.20624,
ff,1.98,GA,21,0,1,52.50117,1.221279,18.68384,49.9518,64.017,15.4913,44.71837,
ff,1.98,GA,22,0,1,51.46428,1.221275,18.79308,49.8675,64.207,15.5427,44.67881,
ff,1.98,GA,23,0,1,52.67327,1.221304,18.6388,49.7623,63.886,15.486,43.60019,
ff,1.98,GA,24,1,0,53.66699,1.22123,18.92776,50.2318,64.307,15.5011,46.89923,
ff,1.98,GA,25,1,0,49.30941,1.221197,19.27071,50.1259,65.194,15.8182,46.53569,
ff,1.98,GA,26,0,1,51.35215,1.221262,18.84787,49.8687,64.247,15.5585,44.52761,
ff,1.98,GA,27,1,0,52.09894,1.221239,19.80105,50.7993,66.93,16.7296,50.29636,
ff,1.98,GA,28,1,0,52.15447,1.221232,18.89796,50.1442,64.344,15.5562,45.80935,
ff,1.98,GA,29,1,0,45.45381,1.220905,20.52129,50.1667,66.375,16.3927,42.31854,
ff,1.98,GWO,0,0,1,48.29953,1.221254,19.34425,49.8464,65.426,15.909,46.19299,
ff,1.98,GWO,1,1,0,47.96928,1.2212,19.32029,50.0453,65.395,15.8886,46.3451,
ff,1.98,GWO,2,1,0,49.29211,1.221206,19.27057,50.0344,65.131,15.7881,46.42193,
ff,1.98,GWO,3,1,0,47.64749,1.221178,19.41493,50.0482,65.507,15.9391,46.02706,
ff,1.98,GWO,4,1,0,47.04876,1.221167,19.48459,50.0591,65.752,16.0428,45.9821,
ff,1.98,GWO,5,1,0,46.48586,1.221216,19.34485,50.0637,65.996,16.1411,46.68815,
ff,1.98,GWO,6,0,1,48.97697,1.221299,19.16489,49.8426,65.216,15.8213,46.82533,
ff,1.98,GWO,7,0,1,45.91952,1.221083,20.05175,49.8701,66.09,16.2313,43.8152,
ff,1.98,GWO,8,0,1,49.06968,1.221179,19.36033,49.9904,64.842,15.7019,45.03719,
ff,1.98,GWO,9,0,1,46.50582,1.221243,19.42879,49.8633,65.733,16.0386,45.87593,
ff,1.98,GWO,10,1,0,48.17354,1.221175,19.40506,50.0355,65.29,15.8525,45.8757,
ff,1.98,GWO,11,0,1,49.02094,1.2213,19.15991,49.8457,65.211,15.8197,46.84095,
ff,1.98,GWO,12,1,0,47.19207,1.221157,19.51949,50.0613,65.764,16.0483,45.91629,
ff,1.98,GWO,13,1,0,47.16025,1.221219,19.30014,50.059,65.741,16.0258,46.75235,
ff,1.98,GWO,14,1,0,48.66806,1.221157,19.46986,50.0409,65.313,15.8684,45.788,
ff,1.98,GWO,15,1,0,48.56388,1.221205,19.30036,50.0455,65.343,15.8696,46.52078,
ff,1.98,GWO,16,1,0,48.31449,1.221209,19.27548,50.0308,65.165,15.7957,46.26736,
ff,1.98,GWO,17,0,1,48.19363,1.221275,19.32407,49.8611,65.46,15.9456,47.02189,
ff,1.98,GWO,18,1,0,48.31828,1.221194,19.3452,50.0444,65.406,15.8974,46.33547,
ff,1.98,GWO,19,1,0,46.53991,1.221224,19.31495,50.067,65.966,16.1275,46.79676,
ff,1.98,GWO,20,1,0,45.80511,1.220992,20.19223,50.0889,66.191,16.2821,43.48177,
ff,1.98,GWO,21,1,0,48.67727,1.221209,19.28541,50.0428,65.317,15.8583,46.57968,
ff,1.98,GWO,22,0,1,47.08485,1.221213,19.54341,49.8618,65.73,16.05,45.77067,
ff,1.98,GWO,23,1,0,45.88582,1.221024,20.06761,50.0747,66.112,16.2382,43.87534,
ff,1.98,GWO,24,1,0,46.59621,1.221223,19.24549,50.0251,65.243,15.8257,45.98015,
ff,1.98,GWO,25,0,1,49.24671,1.221293,19.19476,49.8412,65.148,15.8017,46.86464,
ff,1.98,GWO,26,0,1,49.27817,1.221144,19.49488,49.9982,64.961,15.7582,44.69683,
ff,1.98,GWO,27,0,1,45.69704,1.221106,19.98189,49.8805,66.232,16.2887,44.20195,
ff,1.98,GWO,28,1,0,48.24701,1.221114,19.64426,50.0524,65.431,15.9204,45.23881,
ff,1.98,GWO,29,1,0,47.15359,1.221152,19.54439,50.065,65.777,16.0559,45.84551,
ff,1.98,PSO,0,1,0,52.32015,1.221245,19.5429,50.3477,65.614,15.9417,52.7198,
ff,1.98,PSO,1,1,0,54.05333,1.221236,18.44133,50.3575,63.45099999999999,15.1599,48.39057,
ff,1.98,PSO,2,0,1,54.21086,1.221334,18.78224,49.713,63.101,15.1422,49.23263,
ff,1.98,PSO,3,0,1,49.82484,1.221156,19.42521,49.9885,64.9,15.7347,44.90035,
ff,1.98,PSO,4,0,1,53.81062,1.221305,19.38314,49.8489,64.067,15.5577,50.13025,
ff,1.98,PSO,5,1,0,54.04858,1.221228,18.44145,50.547,63.636,15.2512,48.64556,
ff,1.98,PSO,6,1,0,50.01054,1.22119,19.32045,50.0203,64.963,15.7279,46.0886,
ff,1.98,PSO,7,1,0,54.06482,1.221229,18.39181,50.575,63.656000000000006,15.2677,48.6076,
ff,1.98,PSO,8,1,0,40.57905,1.220641,24.80068,50.1988,63.117,19.5957,26.69519,
ff,1.98,PSO,9,1,0,54.0552,1.221237,18.46116,50.3329,63.43899999999999,15.1438,48.47207,
ff,1.98,PSO,10,1,0,52.73763,1.221285,20.06828,50.0523,65.418,16.259,54.39114,
ff,1.98,PSO,11,1,0,54.06519,1.22123,18.3769,50.5841,63.67100000000001,15.2767,48.58258,
ff,1.98,PSO,12,0,1,54.14824,1.221334,18.70285,49.713,63.118,15.0703,48.91496,
ff,1.98,PSO,13,1,0,47.17961,1.221207,19.34499,50.0578,65.785,16.0464,46.62191,
ff,1.98,PSO,14,0,1,51.77503,1.221303,19.36332,49.8577,64.539,15.7009,49.47079,
ff,1.98,PSO,15,0,1,54.24843,1.221331,18.85176,49.7269,63.13,15.1821,49.57564,
ff,1.98,PSO,16,1,0,44.67902,1.22122,20.01972,50.0635,67.835,17.0094,47.57528,
ff,1.98,PSO,17,1,0,54.04782,1.221238,18.4016,50.3941,63.478,15.1874,48.27155,
ff,1.98,PSO,18,0,1,54.24736,1.22133,18.84682,49.7332,63.129000000000005,15.1781,49.57954,
ff,1.98,PSO,19,0,1,50.54554,1.221196,19.25087,49.9819,64.719,15.6597,45.45232,
ff,1.98,PSO,20,0,1,54.27463,1.221317,19.09017,49.7796,63.235,15.2659,50.55709,
ff,1.98,PSO,21,0,1,50.58967,1.22119,19.27082,49.9829,64.723,15.6611,45.40187,
ff,1.98,PSO,22,0,1,54.16369,1.221339,18.70773,49.6956,63.09,15.111,48.83616,
ff,1.98,PSO,23,1,0,48.38021,1.221131,19.57946,50.0415,65.408,15.9102,45.43907,
ff,1.98,PSO,24,0,1,54.02635,1.221309,19.46744,49.8308,63.262,15.2785,52.65439,
ff,1.98,PSO,25,0,1,50.77928,1.22119,19.27082,49.9827,64.696,15.6495,45.43774,
ff,1.98,PSO,26,1,0,54.06329,1.221232,18.42154,50.461,63.538,15.2058,48.53932,
ff,1.98,PSO,27,1,0,49.87649,1.221183,19.34537,50.0212,64.994,15.7414,45.9941,
ff,1.98,PSO,28,1,0,54.06164,1.221233,18.40167,50.4781,63.554,15.2193,48.4834,
ff,1.98,PSO,29,1,0,49.48521,1.221207,19.26559,50.0308,65.099,15.7736,46.47542,
fs,1.62,ABC,0,0,6,-200.0,,,,,,,timeout
fs,1.62,ABC,1,0,6,-200.0,,,,,,,timeout
fs,1.62,ABC,2,0,6,-200.0,,,,,,,timeout
fs,1.62,ABC,3,0,2,48.73074,1.221929,20.41482,49.6252,64.43,15.7663,46.74704,
fs,1.62,ABC,4,0,2,41.6901,1.221913,21.13923,49.3043,64.493,15.9431,45.4313,
fs,1.62,ABC,5,0,6,-200.0,,,,,,,timeout
fs,1.62,ABC,6,0,6,-200.0,,,,,,,timeout
fs,1.62,ABC,7,0,6,-200.0,,,,,,,timeout
fs,1.62,ABC,8,0,6,-200.0,,,,,,,timeout
fs,1.62,ABC,9,0,6,-200.0,,,,,,,timeout
fs,1.62,ABC,10,0,2,44.39792,1.221943,20.72705,49.4338,64.463,15.8534,46.28428,
fs,1.62,ABC,11,0,1,47.17738,1.221945,20.2112,50.0093,64.725,15.9011,47.95357,
fs,1.62,ABC,12,0,2,42.16171,1.22176,21.32046,49.7241,64.789,16.1065,44.24175,
fs,1.62,ABC,13,0,2,43.54857,1.221901,20.87656,49.4811,64.431,15.8432,46.39091,
fs,1.62,ABC,14,0,2,43.68815,1.221908,20.88636,49.3457,64.446,15.8915,45.13549,
fs,1.62,ABC,15,0,2,43.37901,1.221969,20.66709,49.5077,64.299,15.8024,48.06414,
fs,1.62,ABC,16,0,2,45.02415,1.221902,20.70294,49.3626,64.324,15.8275,44.86093,
fs,1.62,ABC,17,0,6,-200.0,,,,,,,timeout
fs,1.62,ABC,18,0,2,47.2768,1.221911,20.43,49.6048,64.329,15.7793,45.72437,
fs,1.62,ABC,19,0,2,44.48898,1.221928,20.70746,49.5361,64.476,15.8535,46.45543,
fs,1.62,ABC,20,0,6,-200.0,,,,,,,timeout
fs,1.62,ABC,21,0,6,-200.0,,,,,,,timeout
fs,1.62,ABC,22,0,6,-200.0,,,,,,,timeout
fs,1.62,ABC,23,0,6,-200.0,,,,,,,timeout
fs,1.62,ABC,24,0,6,-200.0,,,,,,,timeout
fs,1.62,ABC,25,0,6,-200.0,,,,,,,timeout
fs,1.62,ABC,26,0,6,-200.0,,,,,,,timeout
fs,1.62,ABC,27,0,6,-200.0,,,,,,,timeout
fs,1.62,ABC,28,0,6,-200.0,,,,,,,timeout
fs,1.62,ABC,29,0,6,-200.0,,,,,,,timeout
fs,1.62,ACO,0,0,6,-200.0,,,,,,,timeout
fs,1.62,ACO,1,0,6,-200.0,,,,,,,timeout
fs,1.62,ACO,2,0,2,39.75876,1.221964,21.16315,49.2691,64.721,16.0906,46.21298,
fs,1.62,ACO,3,0,6,-200.0,,,,,,,timeout
fs,1.62,ACO,4,0,2,39.83703,1.221966,21.13832,49.2707,64.69,16.0712,46.28052,
fs,1.62,ACO,5,0,6,-200.0,,,,,,,timeout
fs,1.62,ACO,6,0,6,-200.0,,,,,,,timeout
fs,1.62,ACO,7,0,6,-200.0,,,,,,,timeout
fs,1.62,ACO,8,0,6,-200.0,,,,,,,timeout
fs,1.62,ACO,9,0,2,38.82372,1.221982,21.18764,49.2662,64.835,16.1757,46.45091,
fs,1.62,ACO,10,0,6,-200.0,,,,,,,timeout
fs,1.62,ACO,11,0,2,38.04743,1.222,21.2022,49.2664,64.973,16.2716,46.64412,
fs,1.62,ACO,12,0,6,-200.0,,,,,,,timeout
fs,1.62,ACO,13,0,6,-200.0,,,,,,,timeout
fs,1.62,ACO,14,0,6,-200.0,,,,,,,timeout
fs,1.62,ACO,15,0,2,38.95438,1.221988,21.14289,49.2699,64.81,16.1559,46.54526,
fs,1.62,ACO,16,0,2,38.82364,1.221983,21.18762,49.2662,64.835,16.1757,46.45103,
fs,1.62,ACO,17,0,6,-200.0,,,,,,,timeout
fs,1.62,ACO,18,0,2,40.81038,1.22194,21.14373,49.2721,64.595,16.0016,45.93964,
fs,1.62,ACO,19,0,6,-200.0,,,,,,,timeout
fs,1.62,ACO,20,0,6,-200.0,,,,,,,timeout
fs,1.62,ACO,21,0,6,-200.0,,,,,,,timeout
fs,1.62,ACO,22,0,6,-200.0,,,,,,,timeout
fs,1.62,ACO,23,0,6,-200.0,,,,,,,timeout
fs,1.62,ACO,24,0,6,-200.0,,,,,,,timeout
fs,1.62,ACO,25,0,2,54.01067,1.22195,20.21607,49.477,63.386,15.3616,49.48427,
fs,1.62,ACO,26,0,2,41.5196,1.221965,20.9697,49.2871,64.527,15.9432,46.27559,
fs,1.62,ACO,27,0,2,39.68685,1.22196,21.18802,49.2668,64.715,16.0905,46.18809,
fs,1.62,ACO,28,0,2,38.69519,1.221977,21.23236,49.262,64.858,16.1939,46.36238,
fs,1.62,ACO,29,0,6,-200.0,,,,,,,timeout
fs,1.62,FA,0,0,6,-200.0,,,,,,,timeout
fs,1.62,FA,1,0,1,41.37725,1.221289,23.66104,49.6299,61.42700000000001,15.1217,53.3358,
fs,1.62,FA,2,0,6,-200.0,,,,,,,timeout
fs,1.62,FA,3,0,6,-200.0,,,,,,,timeout
fs,1.62,FA,4,0,6,-200.0,,,,,,,timeout
fs,1.62,FA,5,0,6,-200.0,,,,,,,timeout
fs,1.62,FA,6,0,6,-200.0,,,,,,,timeout
fs,1.62,FA,7,0,2,23.26599,1.21963,27.88725,49.7362,61.967,28.672,26.79727,
fs,1.62,FA,8,0,6,-200.0,,,,,,,timeout
fs,1.62,FA,9,0,6,-200.0,,,,,,,timeout
fs,1.62,FA,10,0,2,54.18789,1.221933,20.25603,49.4595,62.568,14.8999,49.27799,
fs,1.62,FA,11,0,2,42.90305,1.220507,26.1342,49.6407,62.711,16.2306,43.15104,
fs,1.62,FA,12,0,1,41.83377,1.221038,24.42036,49.6299,62.156000000000006,15.5153,48.83942,
fs,1.62,FA,13,0,6,-200.0,,,,,,,timeout
fs,1.62,FA,14,0,2,46.20046,1.220134,27.14059,49.6326,65.082,17.7194,35.89506,
fs,1.62,FA,15,0,2,45.11846,1.221928,20.07756,49.9511,63.41,15.5775,43.63576,
fs,1.62,FA,16,0,2,35.79065,1.221414,23.22693,49.7301,60.886,14.315,51.43982,
fs,1.62,FA,17,0,6,-200.0,,,,,,,timeout
fs,1.62,FA,18,0,2,27.32365,1.220124,27.53322,49.6022,63.598,19.851,26.74975,
fs,1.62,FA,19,0,2,22.04262,1.220348,27.48843,49.8072,75.194,31.6077,42.64996,
fs,1.62,FA,20,0,2,4.962458,1.222215,22.57203,49.5772,63.185,15.954,48.73354,
fs,1.62,FA,21,0,2,22.02145,1.220375,27.48286,49.8053,75.78,31.5001,44.59331,
fs,1.62,FA,22,0,2,40.40287,1.221904,20.43011,49.4081,61.597,14.7987,46.28635,
fs,1.62,FA,23,0,2,54.46033,1.221938,20.32539,49.4885,63.13,15.1534,49.34389,
fs,1.62,FA,24,0,1,44.38693,1.22071,25.544,49.6039,62.274,15.7496,47.99988,
fs,1.62,FA,25,0,1,34.23333,1.221322,23.57108,49.6546,60.885000000000005,14.2448,49.711,
fs,1.62,FA,26,0,2,20.41488,1.220145,27.54764,49.7337,71.727,31.0923,35.08231,
fs,1.62,FA,27,0,2,53.94493,1.22195,20.23591,49.4685,63.384,15.3646,49.45964,
fs,1.62,FA,28,0,1,29.95864,1.219986,27.79466,51.1032,61.586,25.0146,26.11103,
fs,1.62,FA,29,0,2,39.60908,1.220609,26.05753,49.6375,60.889,15.5947,53.08301,
fs,1.62,GA,0,0,2,39.26054,1.221981,20.42883,49.981,65.378,16.3889,48.9951,
fs,1.62,GA,1,0,2,43.07777,1.221934,20.88096,49.3519,64.395,15.8607,45.79472,
fs,1.62,GA,2,0,2,40.34251,1.221823,21.61698,49.3265,64.804,16.1478,44.16097,
fs,1.62,GA,3,0,2,44.9284,1.221917,20.66301,49.3385,64.231,15.7826,45.11093,
fs,1.62,GA,4,0,2,53.0924,1.221966,20.57291,49.5161,63.784000000000006,15.5558,50.06164,
fs,1.62,GA,5,0,2,46.32713,1.221897,20.53935,49.3622,64.231,15.7821,44.5325,
fs,1.62,GA,6,0,2,51.78848,1.221781,21.64748,49.5066,66.241,16.5946,51.17551,
fs,1.62,GA,7,0,2,41.25009,1.221976,20.70665,49.5848,64.78,16.0533,47.14083,
fs,1.62,GA,8,0,2,48.72153,1.221892,20.28647,49.4974,64.061,15.6846,44.69582,
fs,1.62,GA,9,0,2,32.06977,1.220283,27.45513,49.8391,63.94,19.7959,26.37412,
fs,1.62,GA,10,0,1,34.03874,1.220163,27.61678,50.24,63.592,20.2416,26.76044,
fs,1.62,GA,11,0,1,51.47012,1.221915,20.75232,50.0081,66.647,16.6831,51.39765,
fs,1.62,GA,12,0,2,39.05393,1.22198,20.58259,49.8497,65.263,16.3431,47.83178,
fs,1.62,GA,13,0,2,50.6793,1.221847,20.23762,49.4553,63.92700000000001,15.6455,43.5289,
fs,1.62,GA,14,0,2,43.67579,1.22193,20.80663,49.3933,64.419,15.8642,45.7285,
fs,1.62,GA,15,0,2,46.21642,1.221607,21.18918,49.4218,64.55,16.0063,40.04948,
fs,1.62,GA,16,0,2,51.66036,1.221833,20.12376,49.4693,63.93000000000001,15.6491,42.91204,
fs,1.62,GA,17,0,2,37.68321,1.220172,27.5818,49.8311,64.494,18.7368,27.46877,
fs,1.62,GA,18,0,2,40.33914,1.220109,27.50872,49.7138,65.029,18.0779,28.73234,
fs,1.62,GA,19,0,2,48.49052,1.221498,21.39946,49.4386,64.779,16.0509,38.34697,
fs,1.62,GA,20,0,2,48.41527,1.221883,20.34614,49.4041,64.045,15.6955,44.18147,
fs,1.62,GA,21,0,2,48.78822,1.221892,20.28647,49.5012,64.059,15.6831,44.69427,
fs,1.62,GA,22,0,2,46.70537,1.221906,20.47968,49.3705,64.193,15.76,44.6553,
fs,1.62,GA,23,0,2,50.41382,1.221854,20.24742,49.4331,63.938,15.6516,43.57397,
fs,1.62,GA,24,0,2,46.70311,1.221941,20.47413,49.5817,64.314,15.7368,46.87841,
fs,1.62,GA,25,0,2,38.7445,1.221973,21.14811,49.3572,64.919,16.2189,46.51704,
fs,1.62,GA,26,0,2,46.24574,1.221893,20.5543,49.3642,64.226,15.7814,44.50412,
fs,1.62,GA,27,0,1,46.9619,1.221827,21.0564,50.3306,67.072,16.962,50.27139,
fs,1.62,GA,28,0,2,46.05095,1.221919,20.53898,49.5341,64.322,15.7878,45.78773,
fs,1.62,GA,29,0,2,35.40668,1.221684,23.32101,48.9674,66.007,17.1625,42.29998,
fs,1.62,GWO,0,0,2,37.58381,1.221966,21.4359,49.2464,65.089,16.3654,46.1722,
fs,1.62,GWO,1,0,2,36.90894,1.22199,21.33629,49.2565,65.015,16.3651,46.32692,
fs,1.62,GWO,2,0,2,38.71347,1.221982,21.20251,49.265,64.853,16.1909,46.4033,
fs,1.62,GWO,3,0,2,36.73678,1.221968,21.49042,49.2402,65.119,16.4327,46.0089,
fs,1.62,GWO,4,0,2,36.25905,1.221965,21.58967,49.231,65.339,16.5712,45.96417,
fs,1.62,GWO,5,0,2,36.0316,1.222017,21.31598,49.2642,65.571,16.6816,46.67035,
fs,1.62,GWO,6,0,6,-200.0,,,,,,,timeout
fs,1.62,GWO,7,0,6,-200.0,,,,,,,timeout
fs,1.62,GWO,8,0,2,38.55318,1.221922,21.40195,49.2415,64.573,16.1061,45.01746,
fs,1.62,GWO,9,0,6,-200.0,,,,,,,timeout
fs,1.62,GWO,10,0,6,-200.0,,,,,,,timeout
fs,1.62,GWO,11,0,6,-200.0,,,,,,,timeout
fs,1.62,GWO,12,0,2,36.48584,1.221953,21.62956,49.2263,65.365,16.5698,45.89833,
fs,1.62,GWO,13,0,2,36.20809,1.22202,21.27625,49.2657,65.309,16.5394,46.73457,
fs,1.62,GWO,14,0,2,37.87764,1.221936,21.53066,49.2338,65.003,16.3148,45.76946,
fs,1.62,GWO,15,0,2,37.83297,1.221993,21.26184,49.2611,65.015,16.3067,46.50255,
fs,1.62,GWO,16,0,2,37.09329,1.221988,21.25697,49.2624,64.799,16.2562,46.24882,
fs,1.62,GWO,17,0,2,37.33069,1.221998,21.30143,49.2797,65.114,16.3983,47.00146,
fs,1.62,GWO,18,0,2,37.69012,1.221981,21.34636,49.2526,65.076,16.347,46.31722,
fs,1.62,GWO,19,0,2,35.99675,1.222027,21.26125,49.2713,65.533,16.6618,46.77899,
fs,1.62,GWO,20,0,2,35.6302,1.221779,22.75867,49.051,65.809,16.9604,43.4635,
fs,1.62,GWO,21,0,2,37.96768,1.221995,21.23205,49.2639,65.002,16.2915,46.56141,
fs,1.62,GWO,22,0,2,36.10376,1.221937,21.74888,49.2201,65.326,16.5901,45.75026,
fs,1.62,GWO,23,0,2,35.48404,1.221815,22.5695,49.0816,65.708,16.8978,43.8572,
fs,1.62,GWO,24,0,2,34.77889,1.222001,21.29642,49.2629,64.741,16.3859,45.96158,
fs,1.62,GWO,25,0,2,38.50992,1.222,21.14269,49.279,64.856,16.2057,46.84365,
fs,1.62,GWO,26,0,2,38.96698,1.221889,21.59597,49.2197,64.724,16.1584,44.67713,
fs,1.62,GWO,27,0,2,35.50451,1.221831,22.47496,49.1022,65.814,16.9493,44.18159,
fs,1.62,GWO,28,0,2,37.01472,1.221894,21.81908,49.2096,65.083,16.4159,45.2203,
fs,1.62,GWO,29,0,2,36.44042,1.221948,21.66436,49.2255,65.379,16.5815,45.82757,
fs,1.62,PSO,0,0,2,52.86203,1.221908,20.68796,49.7021,65.948,16.1241,52.69736,
fs,1.62,PSO,1,0,2,54.15556,1.221911,19.75544,49.8459,63.696,15.332,48.36852,
fs,1.62,PSO,2,0,2,54.29459,1.221941,20.17654,49.4639,63.342,15.3026,49.20831,
fs,1.62,PSO,3,0,2,39.94022,1.221894,21.49172,49.2318,64.705,16.1048,44.88046,
fs,1.62,PSO,4,0,2,46.90866,1.221989,20.75107,49.4178,64.143,15.7742,50.10854,
fs,1.62,PSO,5,0,2,54.20361,1.221919,19.72059,49.9988,63.869,15.4194,48.62407,
fs,1.62,PSO,6,0,2,39.48355,1.221951,21.25265,49.2612,64.738,16.1111,46.06947,
fs,1.62,PSO,7,0,1,54.19221,1.22192,19.67098,50.0292,63.883,15.4337,48.5861,
fs,1.62,PSO,8,0,2,32.61574,1.220179,27.66608,49.9728,63.608,20.0073,26.63498,
fs,1.62,PSO,9,0,2,54.15703,1.221912,19.78023,49.8194,63.691,15.3182,48.45004,
fs,1.62,PSO,10,0,2,52.16414,1.221927,21.26795,49.6226,65.759,16.3931,54.36801,
fs,1.62,PSO,11,0,1,54.1937,1.221922,19.65607,50.039,63.895,15.4421,48.5611,
fs,1.62,PSO,12,0,2,54.22271,1.221925,20.11233,49.4637,63.356,15.241,48.89014,
fs,1.62,PSO,13,0,2,36.50501,1.222007,21.34095,49.2577,65.376,16.5557,46.60409,
fs,1.62,PSO,14,0,2,41.95221,1.222006,20.87973,49.3799,64.473,15.9843,49.44971,
fs,1.62,PSO,15,0,2,54.29532,1.22195,20.22103,49.4662,63.367,15.3435,49.55173,
fs,1.62,PSO,16,0,2,34.71675,1.221947,21.93221,49.1939,67.454,17.7205,47.55503,
fs,1.62,PSO,17,0,2,54.14881,1.221912,19.72071,49.8857,63.712,15.3558,48.24949,
fs,1.62,PSO,18,0,2,54.34098,1.221949,20.22105,49.4709,63.368,15.3395,49.55564,
fs,1.62,PSO,19,0,2,41.12796,1.221929,21.18855,49.2639,64.565,15.9922,45.43223,
fs,1.62,PSO,20,0,2,53.41789,1.221967,20.40426,49.4807,63.476,15.4285,50.53419,
fs,1.62,PSO,21,0,2,41.01003,1.221923,21.22338,49.2616,64.566,15.9967,45.38178,
fs,1.62,PSO,22,0,2,54.23326,1.221931,20.12711,49.462,63.332,15.2738,48.81136,
fs,1.62,PSO,23,0,2,37.51677,1.221911,21.71958,49.2126,65.088,16.3825,45.42055,
fs,1.62,PSO,24,0,2,54.03504,1.221977,20.62728,49.4968,63.511,15.4327,52.63211,
fs,1.62,PSO,25,0,2,41.0883,1.221923,21.2085,49.2639,64.543,15.9826,45.41764,
fs,1.62,PSO,26,0,2,54.17869,1.221916,19.71568,49.9307,63.777,15.3756,48.51758,
fs,1.62,PSO,27,0,2,39.3344,1.221945,21.29739,49.2568,64.762,16.1306,45.97499,
fs,1.62,PSO,28,0,2,54.1777,1.221916,19.7008,49.9492,63.788,15.3874,48.46163,
fs,1.62,PSO,29,0,2,38.82799,1.221982,21.18268,49.2659,64.832,16.1738,46.45676,
fs,1.8,ABC,0,0,6,-200.0,,,,,,,timeout
fs,1.8,ABC,1,0,6,-200.0,,,,,,,timeout
fs,1.8,ABC,2,0,2,53.83406,1.222239,19.74518,49.8985,64.321,15.4197,46.65458,
fs,1.8,ABC,3,0,6,-200.0,,,,,,,timeout
fs,1.8,ABC,4,0,6,-200.0,,,,,,,timeout
fs,1.8,ABC,5,0,6,-200.0,,,,,,,timeout
fs,1.8,ABC,6,0,6,-200.0,,,,,,,timeout
fs,1.8,ABC,7,0,6,-200.0,,,,,,,timeout
fs,1.8,ABC,8,0,6,-200.0,,,,,,,timeout
fs,1.8,ABC,9,0,6,-200.0,,,,,,,timeout
fs,1.8,ABC,10,0,6,-200.0,,,,,,,timeout
fs,1.8,ABC,11,0,6,-200.0,,,,,,,timeout
fs,1.8,ABC,12,0,6,-200.0,,,,,,,timeout
fs,1.8,ABC,13,0,2,53.67221,1.222188,20.0237,49.9097,64.587,15.5094,46.40465,
fs,1.8,ABC,14,0,6,-200.0,,,,,,,timeout
fs,1.8,ABC,15,0,6,-200.0,,,,,,,timeout
fs,1.8,ABC,16,0,6,-200.0,,,,,,,timeout
fs,1.8,ABC,17,0,6,-200.0,,,,,,,timeout
fs,1.8,ABC,18,0,6,-200.0,,,,,,,timeout
fs,1.8,ABC,19,0,6,-200.0,,,,,,,timeout
fs,1.8,ABC,20,0,6,-200.0,,,,,,,timeout
fs,1.8,ABC,21,0,6,-200.0,,,,,,,timeout
fs,1.8,ABC,22,0,6,-200.0,,,,,,,timeout
fs,1.8,ABC,23,0,1,50.60832,1.222134,20.26758,50.0539,65.699,15.9917,46.00834,
fs,1.8,ABC,24,0,6,-200.0,,,,,,,timeout
fs,1.8,ABC,25,0,6,-200.0,,,,,,,timeout
fs,1.8,ABC,26,0,6,-200.0,,,,,,,timeout
fs,1.8,ABC,27,0,6,-200.0,,,,,,,timeout
fs,1.8,ABC,28,0,6,-200.0,,,,,,,timeout
fs,1.8,ABC,29,0,6,-200.0,,,,,,,timeout
fs,1.8,ACO,0,0,6,-200.0,,,,,,,timeout
fs,1.8,ACO,1,0,6,-200.0,,,,,,,timeout
fs,1.8,ACO,2,0,6,-200.0,,,,,,,timeout
fs,1.8,ACO,3,0,6,-200.0,,,,,,,timeout
fs,1.8,ACO,4,0,6,-200.0,,,,,,,timeout
fs,1.8,ACO,5,0,6,-200.0,,,,,,,timeout
fs,1.8,ACO,6,0,2,50.6234,1.222204,20.11766,49.7627,65.565,15.8847,46.59642,
fs,1.8,ACO,7,0,2,50.30804,1.222154,20.297,49.7581,65.586,15.9037,45.90212,
fs,1.8,ACO,8,0,2,51.4936,1.222227,20.0181,49.7477,65.335,15.7825,46.7532,
fs,1.8,ACO,9,0,6,-200.0,,,,,,,timeout
fs,1.8,ACO,10,0,6,-200.0,,,,,,,timeout
fs,1.8,ACO,11,0,6,-200.0,,,,,,,timeout
fs,1.8,ACO,12,0,6,-200.0,,,,,,,timeout
fs,1.8,ACO,13,0,6,-200.0,,,,,,,timeout
fs,1.8,ACO,14,0,2,52.12446,1.222209,20.05807,49.7509,65.189,15.727,46.46489,
fs,1.8,ACO,15,0,6,-200.0,,,,,,,timeout
fs,1.8,ACO,16,0,6,-200.0,,,,,,,timeout
fs,1.8,ACO,17,0,6,-200.0,,,,,,,timeout
fs,1.8,ACO,18,0,6,-200.0,,,,,,,timeout
fs,1.8,ACO,19,0,2,51.40439,1.222216,20.05795,49.7491,65.361,15.7951,46.64083,
fs,1.8,ACO,20,0,6,-200.0,,,,,,,timeout
fs,1.8,ACO,21,0,6,-200.0,,,,,,,timeout
fs,1.8,ACO,22,0,2,52.11092,1.22221,20.05805,49.751,65.189,15.7274,46.46687,
fs,1.8,ACO,23,0,2,52.35119,1.222158,20.23743,49.7589,65.141,15.7211,45.77567,
fs,1.8,ACO,24,0,2,53.17663,1.222216,20.01828,49.7509,64.963,15.6404,46.41075,
fs,1.8,ACO,25,0,2,54.22084,1.222299,19.64505,49.7372,63.251000000000005,15.1375,49.50005,
fs,1.8,ACO,26,0,2,53.6744,1.222221,19.97853,49.7513,64.759,15.5687,46.28828,
fs,1.8,ACO,27,0,2,52.89559,1.222197,20.08802,49.7536,65.025,15.6671,46.20011,
fs,1.8,ACO,28,0,2,51.98347,1.222202,20.08794,49.7521,65.216,15.7397,46.37401,
fs,1.8,ACO,29,0,2,52.24793,1.222218,20.02321,49.7498,65.162,15.7144,46.56377,
fs,1.8,FA,0,0,1,41.6284,1.221212,26.30273,50.6114,62.31399999999999,25.6165,26.33038,
fs,1.8,FA,1,0,2,42.68713,1.221623,23.18327,49.805,61.306,15.0356,53.35106,
fs,1.8,FA,2,0,6,-200.0,,,,,,,timeout
fs,1.8,FA,3,0,1,41.83564,1.221081,26.3403,50.9471,63.027,19.5159,27.36401,
fs,1.8,FA,4,0,6,-200.0,,,,,,,timeout
fs,1.8,FA,5,0,6,-200.0,,,,,,,timeout
fs,1.8,FA,6,0,1,40.61232,1.221105,26.3646,51.2189,61.917,22.7212,26.56462,
fs,1.8,FA,7,0,6,-200.0,,,,,,,timeout
fs,1.8,FA,8,0,6,-200.0,,,,,,,timeout
fs,1.8,FA,9,0,2,53.92004,1.222279,19.4272,49.9026,63.181,15.0992,47.61248,
fs,1.8,FA,10,0,2,54.04595,1.222288,19.68985,49.7185,62.363,14.6652,49.29401,
fs,1.8,FA,11,0,1,44.69289,1.220936,25.51445,49.836,62.45,16.1138,43.16951,
fs,1.8,FA,12,0,2,43.25086,1.221402,23.8871,49.8202,61.98,15.4206,48.85573,
fs,1.8,FA,13,0,2,49.63001,1.220781,26.30209,49.8248,63.531000000000006,17.3003,46.57396,
fs,1.8,FA,14,0,6,-200.0,,,,,,,timeout
fs,1.8,FA,15,0,6,-200.0,,,,,,,timeout
fs,1.8,FA,16,0,2,36.9024,1.22173,22.74966,49.9048,60.81399999999999,14.2579,51.45449,
fs,1.8,FA,17,0,2,50.15761,1.220851,26.30058,49.8017,63.867,17.4928,52.62826,
fs,1.8,FA,18,0,1,41.70717,1.22119,26.36772,50.3035,62.887,19.0673,26.7896,
fs,1.8,FA,19,0,3,25.66129,1.22164,26.2191,49.9814,74.792,31.7749,42.69739,
fs,1.8,FA,20,0,2,25.05976,1.222428,21.16503,49.896,64.736,14.0255,48.74479,
fs,1.8,FA,21,0,3,25.53619,1.22165,26.22881,49.9792,75.393,31.6993,44.64016,
fs,1.8,FA,22,0,2,53.51874,1.222254,19.77965,49.725,61.784000000000006,14.4401,46.30219,
fs,1.8,FA,23,0,2,54.05007,1.222289,19.77413,49.7587,62.963,14.9224,49.35976,
fs,1.8,FA,24,0,1,46.2044,1.221111,24.96981,49.8208,61.941,15.6169,48.01741,
fs,1.8,FA,25,0,2,35.32198,1.221645,23.07867,49.8225,60.822,14.1951,49.7259,
fs,1.8,FA,26,0,2,26.57366,1.22153,26.19169,50.0123,71.06,31.035,35.13285,
fs,1.8,FA,27,0,2,54.21177,1.222299,19.66488,49.7287,63.248000000000005,15.1406,49.47543,
fs,1.8,FA,28,0,1,39.74849,1.221103,26.37953,51.3017,61.124,24.5252,26.15258,
fs,1.8,FA,29,0,1,41.10155,1.220957,25.55373,49.8262,60.658,15.554,53.09878,
fs,1.8,GA,0,0,1,53.2075,1.22229,19.7394,50.299,65.656,16.0064,49.00952,
fs,1.8,GA,1,0,2,53.72503,1.222205,19.93417,49.8064,64.561,15.5248,45.80789,
fs,1.8,GA,2,0,2,52.41163,1.222072,20.43722,49.8709,65.009,15.74,44.1734,
fs,1.8,GA,3,0,2,53.62674,1.222213,19.80511,49.7584,64.339,15.4767,45.12494,
fs,1.8,GA,4,0,2,54.08305,1.22231,20.03162,49.7986,63.642,15.3315,50.07724,
fs,1.8,GA,5,0,2,53.49394,1.222212,19.74066,49.7579,64.288,15.4896,44.54716,
fs,1.8,GA,6,0,2,52.03634,1.222189,21.01049,49.7717,66.162,16.4043,51.19326,
fs,1.8,GA,7,0,1,53.46886,1.222245,19.80459,50.0021,65.003,15.6892,47.15393,
fs,1.8,GA,8,0,2,53.50687,1.222228,19.57677,49.8479,64.058,15.4209,44.71119,
fs,1.8,GA,9,0,1,40.28357,1.221339,26.19579,50.0145,63.498000000000005,19.2249,26.41365,
fs,1.8,GA,10,0,1,41.79935,1.221178,26.34317,50.4272,63.13,19.7043,26.7986,
fs,1.8,GA,11,0,1,52.18025,1.222317,20.16042,50.2613,66.587,16.5033,51.41525,
fs,1.8,GA,12,0,1,52.16601,1.222258,19.74488,50.2232,65.592,15.9423,47.84521,
fs,1.8,GA,13,0,2,53.22903,1.222213,19.57205,49.7695,63.908,15.4049,43.54528,
fs,1.8,GA,14,0,2,53.71434,1.222207,19.89446,49.8383,64.562,15.5395,45.74189,
fs,1.8,GA,15,0,2,52.30024,1.221996,20.36906,49.8153,64.604,15.7164,40.0666,
fs,1.8,GA,16,0,2,53.04816,1.222222,19.49257,49.7454,63.851,15.4172,42.92915,
fs,1.8,GA,17,0,1,44.03205,1.221119,26.3494,50.0222,64.014,18.2878,27.50461,
fs,1.8,GA,18,0,2,45.79709,1.220957,26.36283,49.9179,64.583,17.7152,28.7649,
fs,1.8,GA,19,0,2,51.77399,1.221935,20.61311,49.8032,64.706,15.7769,38.36572,
fs,1.8,GA,20,0,2,53.40979,1.222222,19.62149,49.7592,64.056,15.4303,44.19691,
fs,1.8,GA,21,0,2,53.50541,1.222228,19.57677,49.8506,64.055,15.4202,44.70966,
fs,1.8,GA,22,0,2,53.52307,1.222223,19.69586,49.7592,64.244,15.4724,44.67002,
fs,1.8,GA,23,0,2,53.24787,1.222216,19.572,49.7529,63.92400000000001,15.4092,43.59022,
fs,1.8,GA,24,0,2,53.84973,1.222244,19.72031,49.9715,64.385,15.4516,46.89266,
fs,1.8,GA,25,0,2,51.91539,1.222205,20.05318,49.8315,65.262,15.7713,46.5289,
fs,1.8,GA,26,0,2,53.48688,1.222208,19.75064,49.7605,64.284,15.4883,44.51877,
fs,1.8,GA,27,0,1,52.0668,1.222232,20.44446,50.597,67.045,16.7611,50.28905,
fs,1.8,GA,28,0,2,53.72418,1.22222,19.73557,49.9355,64.391,15.4955,45.80194,
fs,1.8,GA,29,0,2,47.36186,1.221845,21.5025,49.881,66.454,16.3524,42.30947,
fs,1.8,GWO,0,0,2,50.70678,1.222177,20.21728,49.7557,65.485,15.8613,46.18336,
fs,1.8,GWO,1,0,2,50.36062,1.222201,20.12266,49.7516,65.453,15.8421,46.33808,
fs,1.8,GWO,2,0,2,51.90141,1.222208,20.068,49.7517,65.211,15.7382,46.41496,
fs,1.8,GWO,3,0,2,49.96168,1.222174,20.22724,49.7554,65.558,15.8922,46.0199,
fs,1.8,GWO,4,0,2,49.2452,1.222163,20.29189,49.7564,65.798,15.9959,45.9749,
fs,1.8,GWO,5,0,2,48.57619,1.22222,20.11739,49.7466,66.049,16.0972,46.68124,
fs,1.8,GWO,6,0,2,51.50995,1.222231,20.01308,49.7479,65.283,15.7712,46.816,
fs,1.8,GWO,7,0,2,47.92288,1.221977,21.00917,49.7862,66.143,16.1868,43.80458,
fs,1.8,GWO,8,0,2,51.68073,1.222156,20.21762,49.7633,64.892,15.6586,45.02938,
fs,1.8,GWO,9,0,2,48.67516,1.222163,20.30181,49.7604,65.778,15.996,45.8662,
fs,1.8,GWO,10,0,2,50.61841,1.222169,20.22733,49.755,65.35,15.807,45.86843,
fs,1.8,GWO,11,0,2,51.55485,1.222232,20.00315,49.7508,65.277,15.7693,46.83164,
fs,1.8,GWO,12,0,2,49.40198,1.222152,20.33175,49.7584,65.81,16.0011,45.90905,
fs,1.8,GWO,13,0,2,49.39737,1.222225,20.07268,49.7456,65.786,15.9791,46.74553,
fs,1.8,GWO,14,0,2,51.16917,1.22215,20.29211,49.7598,65.381,15.8191,45.78071,
fs,1.8,GWO,15,0,2,51.03072,1.222209,20.08782,49.7508,65.411,15.8199,46.51387,
fs,1.8,GWO,16,0,2,50.80047,1.222208,20.07296,49.7498,65.229,15.7516,46.26029,
fs,1.8,GWO,17,0,2,50.58429,1.222216,20.15713,49.7495,65.504,15.8963,47.01287,
fs,1.8,GWO,18,0,2,50.73092,1.222194,20.14757,49.7529,65.474,15.8499,46.32844,
fs,1.8,GWO,19,0,6,-200.0,,,,,,,timeout
fs,1.8,GWO,20,0,6,-200.0,,,,,,,timeout
fs,1.8,GWO,21,0,2,51.16982,1.222213,20.06792,49.7505,65.393,15.8107,46.57279,
fs,1.8,GWO,22,0,6,-200.0,,,,,,,timeout
fs,1.8,GWO,23,0,2,47.86544,1.221986,20.96438,49.7867,66.171,16.1936,43.86703,
fs,1.8,GWO,24,0,6,-200.0,,,,,,,timeout
fs,1.8,GWO,25,0,6,-200.0,,,,,,,timeout
fs,1.8,GWO,26,0,2,51.90838,1.222117,20.36704,49.7705,65.013,15.7117,44.68887,
fs,1.8,GWO,27,0,2,47.62518,1.222005,20.91942,49.7831,66.285,16.2438,44.19153,
fs,1.8,GWO,28,0,2,50.71215,1.222098,20.48638,49.7724,65.488,15.873,45.23125,
fs,1.8,GWO,29,0,2,49.35792,1.222145,20.35666,49.7623,65.824,16.0086,45.83826,
fs,1.8,PSO,0,0,2,52.23264,1.222327,20.09084,49.9164,65.738,15.9799,52.7155,
fs,1.8,PSO,1,0,1,54.02976,1.222267,19.1745,50.1096,63.53,15.1038,48.38456,
fs,1.8,PSO,2,0,2,54.18449,1.222291,19.59559,49.7251,63.185,15.0773,49.22413,
fs,1.8,PSO,3,0,2,52.59992,1.22213,20.30732,49.7692,64.959,15.6865,44.89243,
fs,1.8,PSO,4,0,2,53.9334,1.222303,20.11603,49.744,64.153,15.502,50.12316,
fs,1.8,PSO,5,0,1,54.03003,1.222274,19.1496,50.2628,63.737,15.1917,48.64007,
fs,1.8,PSO,6,0,2,52.79153,1.222185,20.1378,49.7551,65.054,15.6803,46.08142,
fs,1.8,PSO,7,0,1,54.04598,1.222275,19.09504,50.2919,63.745000000000005,15.2058,48.60211,
fs,1.8,PSO,8,0,1,40.77445,1.221206,26.40708,50.1635,63.178,19.4523,26.67355,
fs,1.8,PSO,9,0,1,54.0299,1.222268,19.19928,50.0837,63.515,15.0901,48.46608,
fs,1.8,PSO,10,0,2,52.67524,1.22233,20.6957,49.8307,65.556,16.2802,54.38563,
fs,1.8,PSO,11,0,1,54.04746,1.222277,19.08014,50.3015,63.753,15.2143,48.57709,
fs,1.8,PSO,12,0,2,54.11622,1.222278,19.54126,49.7272,63.182,15.0144,48.90607,
fs,1.8,PSO,13,0,2,49.39382,1.222211,20.12746,49.7475,65.834,16.0016,46.61501,
fs,1.8,PSO,14,0,2,53.7434,1.222291,20.11126,49.7418,64.617,15.6501,49.46333,
fs,1.8,PSO,15,0,2,54.22386,1.222298,19.65498,49.727,63.229,15.1193,49.5675,
fs,1.8,PSO,16,0,2,46.21843,1.222211,20.72746,49.6978,67.926,17.0648,47.56795,
fs,1.8,PSO,17,0,1,54.02559,1.222268,19.13978,50.1479,63.56100000000001,15.1276,48.26552,
fs,1.8,PSO,18,0,2,54.22243,1.222298,19.65002,49.7318,63.227,15.1153,49.57141,
fs,1.8,PSO,19,0,2,53.43688,1.222177,20.11314,49.7622,64.791,15.6104,45.44465,
fs,1.8,PSO,20,0,2,54.21974,1.222315,19.86791,49.7361,63.315,15.2089,50.54998,
fs,1.8,PSO,21,0,2,53.50627,1.222171,20.14299,49.7632,64.795,15.6118,45.39416,
fs,1.8,PSO,22,0,2,54.13368,1.222284,19.54116,49.7228,63.163,15.0476,48.82727,
fs,1.8,PSO,23,0,2,50.83515,1.222118,20.41662,49.7638,65.473,15.8635,45.43159,
fs,1.8,PSO,24,0,2,53.97008,1.222336,20.14027,49.7204,63.358,15.2226,52.64825,
fs,1.8,PSO,25,0,2,53.60908,1.222171,20.13308,49.763,64.77,15.6002,45.43007,
fs,1.8,PSO,26,0,1,54.04177,1.222271,19.14469,50.1941,63.628,15.1476,48.5336,
fs,1.8,PSO,27,0,2,52.62944,1.222177,20.16769,49.7563,65.083,15.6938,45.98687,
fs,1.8,PSO,28,0,1,54.04156,1.222272,19.11988,50.2121,63.646,15.1594,48.47765,
fs,1.8,PSO,29,0,2,52.14907,1.222209,20.05807,49.7505,65.186,15.7258,46.46846,
fs,1.98,ABC,0,0,6,-200.0,,,,,,,timeout
fs,1.98,ABC,1,0,6,-200.0,,,,,,,timeout
fs,1.98,ABC,2,0,6,-200.0,,,,,,,timeout
fs,1.98,ABC,3,0,6,-200.0,,,,,,,timeout
fs,1.98,ABC,4,0,2,52.39779,1.222559,19.55164,49.991,64.796,15.5363,45.46112,
fs,1.98,ABC,5,0,6,-200.0,,,,,,,timeout
fs,1.98,ABC,6,0,6,-200.0,,,,,,,timeout
fs,1.98,ABC,7,0,6,-200.0,,,,,,,timeout
fs,1.98,ABC,8,0,6,-200.0,,,,,,,timeout
fs,1.98,ABC,9,0,6,-200.0,,,,,,,timeout
fs,1.98,ABC,10,0,6,-200.0,,,,,,,timeout
fs,1.98,ABC,11,0,6,-200.0,,,,,,,timeout
fs,1.98,ABC,12,0,6,-200.0,,,,,,,timeout
fs,1.98,ABC,13,0,1,53.27181,1.222573,19.49688,50.1017,64.669,15.4695,46.42164,
fs,1.98,ABC,14,0,2,52.12453,1.222576,19.39273,49.991,64.706,15.526,45.16609,
fs,1.98,ABC,15,0,1,53.4139,1.222639,19.39173,50.0658,64.551,15.4479,48.09478,
fs,1.98,ABC,16,0,2,52.51965,1.222589,19.27851,49.9713,64.543,15.4893,44.89214,
fs,1.98,ABC,17,0,1,53.39473,1.222615,19.06495,50.1823,64.406,15.443,45.89219,
fs,1.98,ABC,18,0,1,53.35244,1.222605,19.12955,50.1701,64.479,15.4694,45.75584,
fs,1.98,ABC,19,0,6,-200.0,,,,,,,timeout
fs,1.98,ABC,20,0,6,-200.0,,,,,,,timeout
fs,1.98,ABC,21,0,6,-200.0,,,,,,,timeout
fs,1.98,ABC,22,0,6,-200.0,,,,,,,timeout
fs,1.98,ABC,23,0,6,-200.0,,,,,,,timeout
fs,1.98,ABC,24,0,6,-200.0,,,,,,,timeout
fs,1.98,ABC,25,0,6,-200.0,,,,,,,timeout
fs,1.98,ABC,26,0,6,-200.0,,,,,,,timeout
fs,1.98,ABC,27,0,2,53.29733,1.2226,19.2833,49.9762,64.521,15.4457,45.60977,
fs,1.98,ABC,28,0,6,-200.0,,,,,,,timeout
fs,1.98,ABC,29,0,1,48.01057,1.222254,20.93499,50.0852,65.878,16.0514,41.30654,
fs,1.98,ACO,0,0,2,50.36862,1.222561,19.69041,49.9482,65.238,15.6848,45.82111,
fs,1.98,ACO,1,0,6,-200.0,,,,,,,timeout
fs,1.98,ACO,2,0,2,50.81963,1.222595,19.54115,49.9423,65.123,15.6339,46.24232,
fs,1.98,ACO,3,0,6,-200.0,,,,,,,timeout
fs,1.98,ACO,4,0,6,-200.0,,,,,,,timeout
fs,1.98,ACO,5,0,2,51.47821,1.222619,19.43667,49.9363,65.0,15.579,46.60594,
fs,1.98,ACO,6,0,2,48.69792,1.222613,19.59539,49.9319,65.7,15.8565,46.6142,
fs,1.98,ACO,7,0,6,-200.0,,,,,,,timeout
fs,1.98,ACO,8,0,6,-200.0,,,,,,,timeout
fs,1.98,ACO,9,0,6,-200.0,,,,,,,timeout
fs,1.98,ACO,10,0,2,49.9317,1.22259,19.60567,49.936,65.35,15.7204,46.26767,
fs,1.98,ACO,11,0,2,49.41837,1.22262,19.52588,49.9238,65.479,15.7654,46.6731,
fs,1.98,ACO,12,0,2,51.17036,1.222607,19.48643,49.9391,65.059,15.605,46.4256,
fs,1.98,ACO,13,0,6,-200.0,,,,,,,timeout
fs,1.98,ACO,14,0,6,-200.0,,,,,,,timeout
fs,1.98,ACO,15,0,6,-200.0,,,,,,,timeout
fs,1.98,ACO,16,0,6,-200.0,,,,,,,timeout
fs,1.98,ACO,17,0,6,-200.0,,,,,,,timeout
fs,1.98,ACO,18,0,6,-200.0,,,,,,,timeout
fs,1.98,ACO,19,0,6,-200.0,,,,,,,timeout
fs,1.98,ACO,20,0,6,-200.0,,,,,,,timeout
fs,1.98,ACO,21,0,6,-200.0,,,,,,,timeout
fs,1.98,ACO,22,0,6,-200.0,,,,,,,timeout
fs,1.98,ACO,23,0,6,-200.0,,,,,,,timeout
fs,1.98,ACO,24,0,6,-200.0,,,,,,,timeout
fs,1.98,ACO,25,0,2,54.19937,1.222649,19.10903,49.9035,63.327,15.1076,49.51589,
fs,1.98,ACO,26,0,2,52.12428,1.222608,19.44675,49.9449,64.849,15.53,46.30532,
fs,1.98,ACO,27,0,2,50.9054,1.222591,19.56104,49.9423,65.119,15.6316,46.21743,
fs,1.98,ACO,28,0,2,50.02168,1.2226,19.5609,49.9339,65.321,15.7071,46.39149,
fs,1.98,ACO,29,0,2,50.26709,1.222615,19.50117,49.9313,65.264,15.6815,46.58116,
fs,1.98,FA,0,0,1,40.90967,1.222437,24.72458,50.7647,62.089,25.739,26.37558,
fs,1.98,FA,1,0,2,43.44152,1.221956,22.73057,49.908,61.423,15.1234,53.36631,
fs,1.98,FA,2,0,2,54.03874,1.222634,19.06465,49.8891,63.31399999999999,14.9856,48.79782,
fs,1.98,FA,3,0,6,-200.0,,,,,,,timeout
fs,1.98,FA,4,0,2,38.61192,1.222068,22.23752,49.9333,61.007000000000005,14.512,51.40688,
fs,1.98,FA,5,0,1,42.54233,1.222109,24.99901,51.3858,62.571,22.4348,26.98823,
fs,1.98,FA,6,0,1,40.8278,1.222143,25.00823,51.3552,61.778000000000006,22.9939,26.60353,
fs,1.98,FA,7,0,1,30.84911,1.222365,24.64671,50.1296,61.385000000000005,28.4217,26.8972,
fs,1.98,FA,8,0,6,-200.0,,,,,,,timeout
fs,1.98,FA,9,0,6,-200.0,,,,,,,timeout
fs,1.98,FA,10,0,2,54.02678,1.222646,19.17847,49.882,62.443,14.6258,49.31008,
fs,1.98,FA,11,0,6,-200.0,,,,,,,timeout
fs,1.98,FA,12,0,6,-200.0,,,,,,,timeout
fs,1.98,FA,13,0,6,-200.0,,,,,,,timeout
fs,1.98,FA,14,0,1,49.96943,1.221293,25.55662,49.9919,64.635,17.6054,35.94213,
fs,1.98,FA,15,0,1,47.24488,1.222698,18.92486,50.2795,63.425,15.4137,43.66975,
fs,1.98,FA,16,0,1,37.47222,1.222045,22.29249,50.01,60.949,14.3528,51.46916,
fs,1.98,FA,17,0,1,51.7796,1.221285,25.79995,49.9044,63.864,17.4637,52.6469,
fs,1.98,FA,18,0,1,42.36694,1.222191,25.09155,50.4513,62.783,19.3224,26.82727,
fs,1.98,FA,19,0,6,-200.0,,,,,,,timeout
fs,1.98,FA,20,0,2,24.2663,1.222835,20.66732,50.0209,64.799,13.9788,48.7625,
fs,1.98,FA,21,0,1,26.35174,1.222923,24.97741,50.043,75.288,31.8898,44.68694,
fs,1.98,FA,22,0,2,51.91251,1.222638,19.24304,49.895,61.874,14.3897,46.31917,
fs,1.98,FA,23,0,2,53.98094,1.222648,19.26271,49.9241,63.05,14.89,49.37589,
fs,1.98,FA,24,0,2,46.99318,1.221507,24.41594,49.9582,61.94,15.6779,48.03478,
fs,1.98,FA,25,0,2,35.89779,1.221967,22.60141,49.9229,60.984,14.3016,49.74079,
fs,1.98,FA,26,0,1,27.68247,1.2229,24.83912,50.091,70.92,31.1254,35.18291,
fs,1.98,FA,27,0,2,54.18748,1.22265,19.1338,49.8947,63.327,15.1109,49.49129,
fs,1.98,FA,28,0,1,39.68593,1.222199,24.96742,51.4311,60.999,24.742,26.19344,
fs,1.98,FA,29,0,1,41.68747,1.221303,25.08002,49.936,60.732,15.6925,53.11447,
fs,1.98,GA,0,0,1,51.21592,1.222693,19.262,50.4367,65.792,15.99,49.02714,
fs,1.98,GA,1,0,1,53.07177,1.222588,19.39254,50.003,64.66,15.4847,45.82483,
fs,1.98,GA,2,0,1,50.6868,1.222475,19.87027,50.0764,65.113,15.6988,44.19101,
fs,1.98,GA,3,0,2,53.23759,1.222599,19.24861,49.9458,64.468,15.4445,45.14197,
fs,1.98,GA,4,0,2,53.93727,1.222669,19.55484,49.9629,63.744,15.3041,50.09337,
fs,1.98,GA,5,0,2,52.73527,1.222602,19.17916,49.9385,64.409,15.4618,44.56435,
fs,1.98,GA,6,0,2,52.01314,1.22264,20.5467,49.8508,66.253,16.3233,51.21247,
fs,1.98,GA,7,0,1,51.5872,1.222634,19.29267,50.1793,65.131,15.6536,47.17105,
fs,1.98,GA,8,0,1,53.23311,1.222616,19.02528,50.0189,64.179,15.3931,44.72829,
fs,1.98,GA,9,0,1,40.09544,1.222379,24.95382,50.1259,63.395,19.4831,26.45262,
fs,1.98,GA,10,0,1,41.97307,1.222172,25.04731,50.5458,63.024,19.9628,26.83602,
fs,1.98,GA,11,0,1,52.13657,1.222761,19.71197,50.3459,66.681,16.4233,51.43423,
fs,1.98,GA,12,0,1,50.23219,1.22266,19.24765,50.3767,65.7,15.9152,47.86276,
fs,1.98,GA,13,0,2,53.04657,1.22261,19.00554,49.9303,64.012,15.3813,43.5627,
fs,1.98,GA,14,0,1,52.78959,1.222591,19.34788,50.0332,64.675,15.4993,45.75884,
fs,1.98,GA,15,0,2,52.11981,1.222439,19.74195,49.9834,64.691,15.7,40.08555,
fs,1.98,GA,16,0,2,52.95175,1.222625,18.90617,49.8971,63.982,15.3999,42.94679,
fs,1.98,GA,17,0,1,44.54436,1.222049,25.12422,50.1417,63.88,18.5051,27.53993,
fs,1.98,GA,18,0,1,46.42107,1.22179,25.21388,50.0415,64.457,17.8984,28.79694,
fs,1.98,GA,19,0,2,51.68363,1.222403,19.95077,49.9706,64.791,15.77,38.38549,
fs,1.98,GA,20,0,2,53.13999,1.222614,19.06001,49.93,64.174,15.4027,44.21416,
fs,1.98,GA,21,0,1,53.23358,1.222616,19.02032,50.0213,64.175,15.3924,44.72676,
fs,1.98,GA,22,0,2,52.95195,1.222612,19.13935,49.9386,64.367,15.4447,44.68716,
fs,1.98,GA,23,0,2,53.05376,1.222614,19.00548,49.9151,64.03,15.384,43.60765,
fs,1.98,GA,24,0,1,53.48127,1.22262,19.19871,50.1597,64.482,15.4113,46.90935,
fs,1.98,GA,25,0,1,49.97314,1.222604,19.52613,50.0099,65.386,15.7387,46.54638,
fs,1.98,GA,26,0,2,52.82134,1.222599,19.19408,49.9411,64.405,15.4606,44.53596,
fs,1.98,GA,27,0,1,51.9963,1.222682,19.98091,50.6902,67.126,16.6835,50.30825,
fs,1.98,GA,28,0,1,53.34839,1.222601,19.19405,50.1221,64.513,15.4636,45.81882,
fs,1.98,GA,29,0,1,45.83156,1.222305,20.87958,50.076,66.546,16.3185,42.32898,
fs,1.98,GWO,0,0,2,48.83692,1.222584,19.68508,49.9321,65.612,15.831,46.20112,
fs,1.98,GWO,1,0,2,48.48231,1.222608,19.59051,49.9254,65.585,15.8102,46.35583,
fs,1.98,GWO,2,0,2,49.95788,1.222606,19.54097,49.9334,65.317,15.7053,46.4324,
fs,1.98,GWO,3,0,2,48.13804,1.222585,19.69002,49.9302,65.696,15.8607,46.03777,
fs,1.98,GWO,4,0,2,47.46606,1.222581,19.75949,49.9251,65.94,15.9674,45.99301,
fs,1.98,GWO,5,0,2,46.826,1.222641,19.60485,49.9003,66.196,16.0728,46.69947,
fs,1.98,GWO,6,0,2,49.57332,1.22263,19.49102,49.9229,65.401,15.7402,46.83348,
fs,1.98,GWO,7,0,2,46.2887,1.222418,20.4364,49.9695,66.259,16.1547,43.82348,
fs,1.98,GWO,8,0,2,49.87669,1.222553,19.67071,49.964,65.009,15.614,45.04678,
fs,1.98,GWO,9,0,2,46.88387,1.222583,19.77433,49.9277,65.915,15.9643,45.88438,
fs,1.98,GWO,10,0,2,48.73747,1.222575,19.69018,49.9362,65.475,15.7723,45.88616,
fs,1.98,GWO,11,0,2,49.62352,1.222631,19.48604,49.9259,65.395,15.7384,46.8491,
fs,1.98,GWO,12,0,2,47.61694,1.22257,19.79932,49.9281,65.951,15.9732,45.92718,
fs,1.98,GWO,13,0,2,47.55486,1.22264,19.55034,49.9059,65.935,15.9525,46.76351,
fs,1.98,GWO,14,0,2,49.27225,1.222557,19.75492,49.9435,65.497,15.7864,45.79844,
fs,1.98,GWO,15,0,2,49.12351,1.222612,19.5607,49.9257,65.533,15.7895,46.53151,
fs,1.98,GWO,16,0,2,48.89265,1.22261,19.54091,49.9287,65.352,15.7159,46.27787,
fs,1.98,GWO,17,0,2,48.6796,1.222623,19.6448,49.9147,65.647,15.869,47.03058,
fs,1.98,GWO,18,0,2,48.86432,1.2226,19.61542,49.9283,65.6,15.8198,46.34615,
fs,1.98,GWO,19,0,2,46.87861,1.222651,19.56504,49.9002,66.163,16.0568,46.80812,
fs,1.98,GWO,20,0,2,46.1869,1.222394,20.52604,49.9896,66.37,16.2087,43.49228,
fs,1.98,GWO,21,0,2,49.25076,1.222615,19.54083,49.9254,65.512,15.7804,46.59037,
fs,1.98,GWO,22,0,2,47.5012,1.222553,19.88883,49.9315,65.911,15.9736,45.77911,
fs,1.98,GWO,23,0,2,46.26407,1.222427,20.39658,49.9695,66.288,16.1623,43.88591,
fs,1.98,GWO,24,0,2,47.05483,1.222625,19.52084,49.9215,65.425,15.75,45.99068,
fs,1.98,GWO,25,0,2,49.87334,1.222625,19.52084,49.9245,65.333,15.7205,46.87279,
fs,1.98,GWO,26,0,2,50.10908,1.222517,19.8101,49.9755,65.127,15.6689,44.7064,
fs,1.98,GWO,27,0,2,46.03116,1.222447,20.35659,49.9584,66.407,16.2152,44.21045,
fs,1.98,GWO,28,0,2,48.80919,1.222512,19.93907,49.958,65.612,15.8396,45.24921,
fs,1.98,GWO,29,0,2,47.57648,1.222564,19.81925,49.9323,65.964,15.9807,45.8564,
fs,1.98,PSO,0,0,2,52.24709,1.222766,19.63259,49.9887,65.821,15.899,52.73433,
fs,1.98,PSO,1,0,1,54.00761,1.222625,18.63353,50.2777,63.616,15.0643,48.40067,
fs,1.98,PSO,2,0,2,54.16582,1.222643,19.05955,49.8919,63.268,15.048,49.24003,
fs,1.98,PSO,3,0,2,50.78259,1.222526,19.76038,49.9744,65.067,15.6448,44.90984,
fs,1.98,PSO,4,0,2,53.62276,1.222674,19.63406,49.9046,64.271,15.4824,50.13967,
fs,1.98,PSO,5,0,1,53.99415,1.222633,18.61358,50.4304,63.80500000000001,15.1576,48.6562,
fs,1.98,PSO,6,0,2,50.79808,1.222581,19.60086,49.9443,65.148,15.6448,46.09879,
fs,1.98,PSO,7,0,1,54.01626,1.222633,18.55905,50.4595,63.822,15.1723,48.6182,
fs,1.98,PSO,8,0,1,40.67979,1.222216,25.15054,50.2809,63.091,19.718,26.71151,
fs,1.98,PSO,9,0,1,54.00715,1.222626,18.66326,50.2522,63.605,15.0485,48.48219,
fs,1.98,PSO,10,0,2,52.6703,1.222749,20.25243,49.9167,65.635,16.2142,54.40374,
fs,1.98,PSO,11,0,1,54.01775,1.222635,18.54415,50.4689,63.837,15.1805,48.59318,
fs,1.98,PSO,12,0,2,54.09976,1.222633,19.00023,49.8954,63.282,14.9763,48.92206,
fs,1.98,PSO,13,0,2,47.58133,1.222626,19.60509,49.9086,65.983,15.9756,46.63303,
fs,1.98,PSO,14,0,2,52.66224,1.222672,19.62914,49.9009,64.744,15.6284,49.4802,
fs,1.98,PSO,15,0,2,54.20175,1.222649,19.1239,49.8936,63.301,15.0897,49.58334,
fs,1.98,PSO,16,0,2,44.71834,1.22271,20.26299,49.7602,68.056,16.9745,47.58878,
fs,1.98,PSO,17,0,1,54.00423,1.222627,18.58889,50.3151,63.642,15.0914,48.28165,
fs,1.98,PSO,18,0,2,54.20004,1.222648,19.11896,49.8986,63.301,15.0856,49.58726,
fs,1.98,PSO,19,0,2,51.60642,1.222567,19.57134,49.9638,64.889,15.5693,45.46181,
fs,1.98,PSO,20,0,2,54.18902,1.222666,19.36652,49.8982,63.42100000000001,15.1796,50.56582,
fs,1.98,PSO,21,0,2,51.65383,1.222561,19.59126,49.9652,64.893,15.5708,45.41135,
fs,1.98,PSO,22,0,2,54.11925,1.222638,19.00015,49.8894,63.255,15.0167,48.84323,
fs,1.98,PSO,23,0,2,48.96156,1.222529,19.86939,49.949,65.594,15.831,45.44946,
fs,1.98,PSO,24,0,6,-200.0,,,,,,,timeout
fs,1.98,PSO,25,0,6,-200.0,,,,,,,timeout
fs,1.98,PSO,26,0,1,54.01545,1.222629,18.60373,50.3621,63.70399999999999,15.1109,48.54969,
fs,1.98,PSO,27,0,2,50.64965,1.222574,19.63071,49.9457,65.179,15.6584,46.00427,
fs,1.98,PSO,28,0,1,54.01559,1.22263,18.58388,50.3798,63.72,15.1241,48.49375,
fs,1.98,PSO,29,0,2,50.17058,1.222607,19.536,49.9322,65.289,15.693,46.48588,
sf,1.62,ABC,0,0,6,-200.0,,,,,,,timeout
sf,1.62,ABC,1,0,6,-200.0,,,,,,,timeout
sf,1.62,ABC,2,0,3,27.13538,1.221411,29.13669,47.2666,62.065,16.6907,46.71106,
sf,1.62,ABC,3,0,2,26.93234,1.221116,28.30496,47.9109,62.135000000000005,16.6719,46.80812,
sf,1.62,ABC,4,0,6,-200.0,,,,,,,timeout
sf,1.62,ABC,5,0,6,-200.0,,,,,,,timeout
sf,1.62,ABC,6,0,3,28.52528,1.221678,28.31674,46.1566,62.612,17.0587,46.34649,
sf,1.62,ABC,7,0,1,29.28616,1.221312,25.80434,46.1774,63.014,17.6011,46.29361,
sf,1.62,ABC,8,0,6,-200.0,,,,,,,timeout
sf,1.62,ABC,9,0,6,-200.0,,,,,,,timeout
sf,1.62,ABC,10,0,3,28.20226,1.221678,28.75826,46.2977,62.517,16.9973,46.36375,
sf,1.62,ABC,11,0,1,27.24653,1.220594,25.05983,48.8304,62.397000000000006,16.7839,47.99655,
sf,1.62,ABC,12,0,3,29.02655,1.221632,29.52335,45.5137,63.136,17.4421,44.32581,
sf,1.62,ABC,13,0,3,28.60056,1.221444,27.70194,46.3618,62.533,17.0325,46.46396,
sf,1.62,ABC,14,0,6,-200.0,,,,,,,timeout
sf,1.62,ABC,15,0,6,-200.0,,,,,,,timeout
sf,1.62,ABC,16,0,6,-200.0,,,,,,,timeout
sf,1.62,ABC,17,0,6,-200.0,,,,,,,timeout
sf,1.62,ABC,18,0,2,27.20805,1.22138,29.05804,47.3125,62.113,16.7265,45.79493,
sf,1.62,ABC,19,0,3,28.09659,1.221509,28.24127,46.6286,62.485,16.9742,46.52971,
sf,1.62,ABC,20,0,1,28.60393,1.220626,20.1387,46.7608,63.054,18.5139,47.74145,
sf,1.62,ABC,21,0,3,27.86236,1.221417,28.14416,46.9374,62.508,16.9517,46.51949,
sf,1.62,ABC,22,0,3,28.06527,1.221406,27.62341,46.8026,62.285,16.8638,47.01964,
sf,1.62,ABC,23,0,1,33.24142,1.220928,22.0498,45.8761,64.035,17.9688,46.05214,
sf,1.62,ABC,24,0,3,33.37772,1.221623,27.89136,43.1922,64.233,18.2202,41.74576,
sf,1.62,ABC,25,0,1,29.68336,1.221299,25.22401,46.5463,62.977,17.2793,47.1319,
sf,1.62,ABC,26,0,1,32.21358,1.220446,21.79035,46.6575,63.77,17.8546,46.40704,
sf,1.62,ABC,27,0,6,-200.0,,,,,,,timeout
sf,1.62,ABC,28,0,6,-200.0,,,,,,,timeout
sf,1.62,ABC,29,0,1,36.1731,1.221349,25.98716,42.6112,64.777,18.6766,41.35635,
sf,1.62,ACO,0,0,2,31.80871,1.22162,25.3563,44.9442,63.413,17.6218,45.86971,
sf,1.62,ACO,1,0,2,32.31113,1.221484,24.0542,45.1898,63.501000000000005,17.6693,46.32444,
sf,1.62,ACO,2,0,2,31.12764,1.221657,25.63334,45.2225,63.218,17.482,46.29103,
sf,1.62,ACO,3,0,2,32.0044,1.221504,24.20265,45.2905,63.412000000000006,17.6074,46.50746,
sf,1.62,ACO,4,0,6,-200.0,,,,,,,timeout
sf,1.62,ACO,5,0,2,30.55132,1.221672,25.89596,45.4723,63.03,17.3542,46.65436,
sf,1.62,ACO,6,0,6,-200.0,,,,,,,timeout
sf,1.62,ACO,7,0,1,34.16782,1.221215,22.17861,45.1174,63.963,17.9786,45.95485,
sf,1.62,ACO,8,0,1,32.68802,1.221344,22.84121,45.4836,63.565,17.6983,46.80787,
sf,1.62,ACO,9,0,2,31.98351,1.221507,24.20755,45.3013,63.409000000000006,17.6039,46.5233,
sf,1.62,ACO,10,0,6,-200.0,,,,,,,timeout
sf,1.62,ACO,11,0,6,-200.0,,,,,,,timeout
sf,1.62,ACO,12,0,6,-200.0,,,,,,,timeout
sf,1.62,ACO,13,0,2,32.16904,1.221493,24.12845,45.2331,63.457,17.6399,46.40789,
sf,1.62,ACO,14,0,6,-200.0,,,,,,,timeout
sf,1.62,ACO,15,0,6,-200.0,,,,,,,timeout
sf,1.62,ACO,16,0,6,-200.0,,,,,,,timeout
sf,1.62,ACO,17,0,6,-200.0,,,,,,,timeout
sf,1.62,ACO,18,0,6,-200.0,,,,,,,timeout
sf,1.62,ACO,19,0,6,-200.0,,,,,,,timeout
sf,1.62,ACO,20,0,3,30.03253,1.221991,28.53267,44.8043,63.035,17.3761,45.38788,
sf,1.62,ACO,21,0,6,-200.0,,,,,,,timeout
sf,1.62,ACO,22,0,2,31.97788,1.221507,24.20259,45.3042,63.409000000000006,17.6029,46.52759,
sf,1.62,ACO,23,0,6,-200.0,,,,,,,timeout
sf,1.62,ACO,24,0,6,-200.0,,,,,,,timeout
sf,1.62,ACO,25,0,6,-200.0,,,,,,,timeout
sf,1.62,ACO,26,0,6,-200.0,,,,,,,timeout
sf,1.62,ACO,27,0,2,31.1666,1.221653,25.62846,45.1984,63.221,17.4873,46.26616,
sf,1.62,ACO,28,0,2,32.13289,1.221497,24.13333,45.2515,63.453,17.634,46.43465,
sf,1.62,ACO,29,0,2,31.81986,1.221517,24.27682,45.3596,63.363,17.5707,46.62452,
sf,1.62,FA,0,0,6,-200.0,,,,,,,timeout
sf,1.62,FA,1,0,6,-200.0,,,,,,,timeout
sf,1.62,FA,2,0,6,-200.0,,,,,,,timeout
sf,1.62,FA,3,0,6,-200.0,,,,,,,timeout
sf,1.62,FA,4,0,3,34.77009,1.217964,22.79014,49.9234,59.294,14.1303,51.34939,
sf,1.62,FA,5,0,6,-200.0,,,,,,,timeout
sf,1.62,FA,6,0,6,-200.0,,,,,,,timeout
sf,1.62,FA,7,0,6,-200.0,,,,,,,timeout
sf,1.62,FA,8,0,3,12.92573,1.215686,26.94077,48.8397,62.412000000000006,29.5315,26.62555,
sf,1.62,FA,9,0,6,-200.0,,,,,,,timeout
sf,1.62,FA,10,0,6,-200.0,,,,,,,timeout
sf,1.62,FA,11,0,6,-200.0,,,,,,,timeout
sf,1.62,FA,12,0,6,-200.0,,,,,,,timeout
sf,1.62,FA,13,0,2,46.31963,1.216832,25.99896,49.8615,62.7,17.1936,46.52575,
sf,1.62,FA,14,0,3,45.73683,1.21661,26.18304,49.8019,64.074,17.5519,35.8652,
sf,1.62,FA,15,1,0,42.63569,1.218629,19.5202,50.3833,61.736,15.5384,43.61333,
sf,1.62,FA,16,0,6,-200.0,,,,,,,timeout
sf,1.62,FA,17,0,6,-200.0,,,,,,,timeout
sf,1.62,FA,18,0,6,-200.0,,,,,,,timeout
sf,1.62,FA,19,0,3,19.70045,1.216502,26.57894,49.6123,75.375,31.5837,42.60958,
sf,1.62,FA,20,0,1,5.97318,1.220366,24.25502,45.6813,67.2,23.5678,48.75997,
sf,1.62,FA,21,0,3,19.90131,1.216541,26.57809,49.6455,75.902,31.4626,44.55333,
sf,1.62,FA,22,0,3,18.06523,1.221087,30.3108,48.5144,58.038,17.4043,46.34728,
sf,1.62,FA,23,0,1,37.18677,1.218799,20.0396,49.8983,61.20399999999999,15.3474,49.32688,
sf,1.62,FA,24,0,2,43.30008,1.217221,24.77078,49.9089,61.017,15.6287,47.97119,
sf,1.62,FA,25,0,4,33.0695,1.217819,23.09145,49.9605,59.262,13.8343,49.6818,
sf,1.62,FA,26,0,3,13.83935,1.216158,26.64626,48.6956,72.294,31.6884,35.03718,
sf,1.62,FA,27,0,1,49.06713,1.218704,19.71294,49.9182,61.782,15.4619,49.439,
sf,1.62,FA,28,0,2,33.02405,1.216195,26.73515,51.253,61.217,24.3193,26.07228,
sf,1.62,FA,29,0,3,38.38502,1.217115,25.33064,49.8894,59.474,15.2314,53.05415,
sf,1.62,GA,0,0,1,29.72587,1.220284,20.36784,48.1414,63.672,17.5951,49.02653,
sf,1.62,GA,1,0,3,28.56611,1.221951,29.62476,45.6174,62.582,17.073,45.88366,
sf,1.62,GA,2,0,3,30.58787,1.22197,29.06881,44.3366,63.376000000000005,17.5942,44.25426,
sf,1.62,GA,3,0,3,28.12835,1.221796,29.51939,46.0195,62.266000000000005,16.8921,45.19523,
sf,1.62,GA,4,0,1,31.69887,1.219073,21.47683,49.7428,61.647000000000006,15.8728,50.05285,
sf,1.62,GA,5,0,3,27.98903,1.221556,28.72144,46.4093,62.154,16.8183,44.6094,
sf,1.62,GA,6,0,1,27.53036,1.219203,22.89126,49.2578,64.194,17.5579,51.17737,
sf,1.62,GA,7,0,1,29.8531,1.221309,24.98561,46.4965,63.006,17.2986,47.2068,
sf,1.62,GA,8,0,2,27.19638,1.221032,27.46807,47.691,61.717,16.5286,44.75527,
sf,1.62,GA,9,0,2,34.6321,1.216508,26.38949,50.0482,63.282,18.894,26.33585,
sf,1.62,GA,10,0,2,35.99727,1.216408,26.58099,50.4336,62.976,19.3761,26.72284,
sf,1.62,GA,11,1,0,26.70679,1.219287,21.93532,50.0496,64.459,17.5266,51.39787,
sf,1.62,GA,12,0,1,30.99408,1.220649,21.26042,47.3744,63.635000000000005,17.6297,47.87548,
sf,1.62,GA,13,0,1,27.02071,1.220414,25.68925,48.4794,61.456,16.3041,43.56913,
sf,1.62,GA,14,0,3,28.34821,1.221912,29.75466,45.8039,62.553,17.0441,45.81625,
sf,1.62,GA,15,0,2,29.4994,1.220793,26.53516,45.7504,62.764,17.1629,40.11046,
sf,1.62,GA,16,0,1,28.3592,1.21953,22.47761,49.4148,61.459,16.0239,42.92302,
sf,1.62,GA,17,0,2,38.99092,1.216456,26.565,50.0395,63.767,17.9987,27.43243,
sf,1.62,GA,18,0,3,39.3797,1.216438,26.49066,49.8364,64.239,17.514,28.69753,
sf,1.62,GA,19,0,2,28.24613,1.220327,27.02207,46.3277,62.812,17.0417,38.39596,
sf,1.62,GA,20,0,2,27.40045,1.221102,27.51613,47.3523,61.759,16.5744,44.24357,
sf,1.62,GA,21,0,2,27.18193,1.221015,27.42378,47.7241,61.709,16.5222,44.75317,
sf,1.62,GA,22,0,3,27.81528,1.22151,28.64314,46.5992,62.072,16.7652,44.73036,
sf,1.62,GA,23,0,2,27.03334,1.22053,26.01453,48.2977,61.49,16.3432,43.61787,
sf,1.62,GA,24,0,2,27.16193,1.221332,28.59273,47.4473,62.119,16.7141,46.94632,
sf,1.62,GA,25,0,1,32.02327,1.221382,23.75352,45.5331,63.478,17.6385,46.58557,
sf,1.62,GA,26,0,6,-200.0,,,,,,,timeout
sf,1.62,GA,27,1,0,26.34295,1.219328,22.40678,50.0598,65.032,17.8911,50.27594,
sf,1.62,GA,28,0,3,27.4765,1.221587,29.51947,46.8159,62.214,16.8089,45.86495,
sf,1.62,GA,29,0,1,40.28422,1.220559,20.93924,44.0202,65.338,19.0302,42.35058,
sf,1.62,GWO,0,0,1,33.59193,1.221263,22.53504,45.2267,63.818,17.8743,46.23696,
sf,1.62,GWO,1,0,1,33.10124,1.221308,22.43496,45.2913,63.732,17.9459,46.39239,
sf,1.62,GWO,2,0,2,32.04762,1.221505,24.15302,45.2779,63.437,17.6301,46.47568,
sf,1.62,GWO,3,0,1,33.73984,1.221252,22.17794,45.1657,63.898,18.0328,46.07323,
sf,1.62,GWO,4,0,1,35.12004,1.220993,20.65383,45.3396,64.198,18.1846,46.01992,
sf,1.62,GWO,5,0,1,36.15076,1.220645,18.37578,46.0458,64.421,18.2404,46.71266,
sf,1.62,GWO,6,0,1,32.41046,1.221355,23.11888,45.5133,63.505,17.6713,46.8709,
sf,1.62,GWO,7,0,1,37.94381,1.220802,20.82585,44.4374,64.863,18.7244,43.84942,
sf,1.62,GWO,8,0,6,-200.0,,,,,,,timeout
sf,1.62,GWO,9,0,6,-200.0,,,,,,,timeout
sf,1.62,GWO,10,0,6,-200.0,,,,,,,timeout
sf,1.62,GWO,11,0,1,32.37052,1.221358,23.16845,45.53,63.497,17.655,46.88658,
sf,1.62,GWO,12,0,1,35.33827,1.220975,20.66903,45.3152,64.228,18.16,45.95384,
sf,1.62,GWO,13,0,1,34.77317,1.220892,19.77193,45.7927,64.102,18.1096,46.78508,
sf,1.62,GWO,14,0,2,33.0972,1.221423,23.68326,44.9446,63.725,17.8365,45.84058,
sf,1.62,GWO,15,0,1,33.07743,1.221314,22.63831,45.3764,63.682,17.7871,46.56814,
sf,1.62,GWO,16,0,2,31.80644,1.221535,23.91427,45.1633,63.441,17.8757,46.32199,
sf,1.62,GWO,17,0,1,33.81367,1.220963,21.25992,45.7604,63.833,17.8635,47.05508,
sf,1.62,GWO,18,0,6,-200.0,,,,,,,timeout
sf,1.62,GWO,19,0,6,-200.0,,,,,,,timeout
sf,1.62,GWO,20,0,1,38.7672,1.220734,20.72772,44.3748,65.019,18.7449,43.51678,
sf,1.62,GWO,21,0,1,32.98983,1.22132,22.70271,45.4046,63.654,17.7586,46.62711,
sf,1.62,GWO,22,0,1,35.22558,1.220964,20.92733,45.2184,64.225,18.2283,45.80595,
sf,1.62,GWO,23,0,6,-200.0,,,,,,,timeout
sf,1.62,GWO,24,0,2,31.38596,1.221553,23.43763,45.0397,63.498000000000005,18.32,46.03493,
sf,1.62,GWO,25,0,6,-200.0,,,,,,,timeout
sf,1.62,GWO,26,0,3,31.00923,1.221958,27.79444,44.2996,63.356,17.6837,44.76782,
sf,1.62,GWO,27,0,1,38.77492,1.220618,19.67707,44.8611,64.975,18.6978,44.22924,
sf,1.62,GWO,28,0,1,33.82834,1.221345,23.392,44.6848,63.92100000000001,18.037,45.29025,
sf,1.62,GWO,29,0,1,35.4318,1.220966,20.65429,45.2919,64.252,18.1782,45.88294,
sf,1.62,PSO,0,1,0,44.1547,1.218607,20.10244,50.2707,64.478,16.2983,52.67498,
sf,1.62,PSO,1,1,0,48.44301,1.21873,19.14064,50.3493,62.077,15.444,48.35009,
sf,1.62,PSO,2,0,6,-200.0,,,,,,,timeout
sf,1.62,PSO,3,0,6,-200.0,,,,,,,timeout
sf,1.62,PSO,4,0,1,28.40265,1.220272,24.52508,48.2257,62.071,16.6222,50.13925,
sf,1.62,PSO,5,1,0,47.46698,1.218731,19.16549,50.5017,62.256,15.5326,48.6054,
sf,1.62,PSO,6,0,2,31.35206,1.221644,25.5592,45.1177,63.274,17.5256,46.14754,
sf,1.62,PSO,7,1,0,48.30006,1.218725,19.09596,50.5392,62.289,15.5437,48.56719,
sf,1.62,PSO,8,0,6,-200.0,,,,,,,timeout
sf,1.62,PSO,9,1,0,48.43125,1.218732,19.15553,50.3228,62.069,15.4293,48.43163,
sf,1.62,PSO,10,1,0,47.01845,1.218525,20.75037,50.1273,64.405,16.5192,54.34225,
sf,1.62,PSO,11,1,0,48.33145,1.218726,19.086,50.5491,62.30200000000001,15.5515,48.54217,
sf,1.62,PSO,12,0,1,48.99769,1.218719,19.51378,49.9342,61.746,15.347,48.87083,
sf,1.62,PSO,13,0,1,35.21341,1.22086,19.71288,45.7569,64.182,18.0968,46.65397,
sf,1.62,PSO,14,0,1,30.17711,1.220605,23.5452,47.1659,62.737,17.0903,49.49107,
sf,1.62,PSO,15,0,1,49.31997,1.218703,19.68809,49.9217,61.766000000000005,15.4423,49.53107,
sf,1.62,PSO,16,0,1,34.48392,1.220492,19.90752,45.7437,66.619,19.4986,47.59459,
sf,1.62,PSO,17,1,0,48.48984,1.21873,19.1108,50.3896,62.097,15.4654,48.231,
sf,1.62,PSO,18,0,1,49.29248,1.218703,19.67815,49.9273,61.766000000000005,15.4388,49.53501,
sf,1.62,PSO,19,0,3,29.81717,1.221998,28.6317,44.9235,62.972,17.3306,45.52292,
sf,1.62,PSO,20,0,1,49.47838,1.218681,19.89732,49.9403,61.91,15.5273,50.51227,
sf,1.62,PSO,21,0,3,29.8854,1.221996,28.62183,44.8775,62.988,17.344,45.47257,
sf,1.62,PSO,22,0,1,49.15031,1.218715,19.53871,49.9258,61.708,15.3758,48.7917,
sf,1.62,PSO,23,0,1,33.71743,1.221366,23.43129,44.7796,63.882000000000005,17.942,45.49063,
sf,1.62,PSO,24,1,0,48.76839,1.218636,20.08206,50.0033,61.975,15.5341,52.60835,
sf,1.62,PSO,25,0,3,29.80539,1.221996,28.69126,44.9078,62.95399999999999,17.3243,45.50846,
sf,1.62,PSO,26,1,0,48.3525,1.218728,19.12575,50.4376,62.168000000000006,15.4874,48.49891,
sf,1.62,PSO,27,0,2,31.50607,1.221636,25.49487,45.0574,63.321,17.5583,46.053,
sf,1.62,PSO,28,1,0,48.37814,1.218728,19.11083,50.456,62.181,15.498,48.44295,
sf,1.62,PSO,29,0,2,31.97664,1.221506,24.20757,45.3034,63.406000000000006,17.6018,46.52914,
sf,1.8,ABC,0,1,0,39.28468,1.219127,19.2388,50.5502,62.987,15.9235,47.15181,
sf,1.8,ABC,1,1,0,39.58702,1.219005,19.92186,50.3674,63.011,15.9766,46.11847,
sf,1.8,ABC,2,1,0,43.08558,1.219127,19.18412,50.3369,62.593,15.6587,46.63845,
sf,1.8,ABC,3,1,0,44.68061,1.219107,19.09992,50.4592,62.78,15.7226,46.74472,
sf,1.8,ABC,4,1,0,38.53765,1.219147,19.74555,50.1497,62.818,15.8884,45.43085,
sf,1.8,ABC,5,1,0,41.48777,1.219155,19.25825,50.1664,62.577,15.7467,45.04804,
sf,1.8,ABC,6,1,0,40.53527,1.219154,19.40243,50.2577,62.849,15.836,46.26581,
sf,1.8,ABC,7,1,0,37.23258,1.219063,19.64251,50.5331,63.095,16.0468,46.22216,
sf,1.8,ABC,8,1,0,39.27829,1.219141,19.51697,50.2817,62.865,15.8637,46.44274,
sf,1.8,ABC,9,1,0,40.57147,1.219044,19.57818,50.3862,62.737,15.8221,44.77187,
sf,1.8,ABC,10,1,0,40.9505,1.219146,19.3777,50.277,62.80200000000001,15.8041,46.28279,
sf,1.8,ABC,11,1,0,43.66687,1.219074,18.98112,50.859,63.126000000000005,15.8667,47.94961,
sf,1.8,ABC,12,1,0,39.02737,1.218979,19.9024,50.5619,63.150000000000006,16.0481,44.24081,
sf,1.8,ABC,13,1,0,40.31727,1.219095,19.50776,50.3322,62.783,15.7912,46.38915,
sf,1.8,ABC,14,1,0,40.12927,1.219147,19.5119,50.168,62.762,15.8407,45.13522,
sf,1.8,ABC,15,1,0,40.81454,1.219107,19.38329,50.3427,62.68300000000001,15.7543,48.06049,
sf,1.8,ABC,16,1,0,41.20309,1.219146,19.31804,50.1681,62.632000000000005,15.7788,44.86081,
sf,1.8,ABC,17,0,6,-200.0,,,,,,,timeout
sf,1.8,ABC,18,0,6,-200.0,,,,,,,timeout
sf,1.8,ABC,19,0,6,-200.0,,,,,,,timeout
sf,1.8,ABC,20,0,6,-200.0,,,,,,,timeout
sf,1.8,ABC,21,1,0,42.17335,1.219121,19.2737,50.4062,62.922,15.8342,46.44646,
sf,1.8,ABC,22,0,6,-200.0,,,,,,,timeout
sf,1.8,ABC,23,0,6,-200.0,,,,,,,timeout
sf,1.8,ABC,24,0,6,-200.0,,,,,,,timeout
sf,1.8,ABC,25,1,0,38.70658,1.219146,19.39261,50.4609,63.133,15.9976,47.06368,
sf,1.8,ABC,26,0,6,-200.0,,,,,,,timeout
sf,1.8,ABC,27,0,6,-200.0,,,,,,,timeout
sf,1.8,ABC,28,0,6,-200.0,,,,,,,timeout
sf,1.8,ABC,29,0,6,-200.0,,,,,,,timeout
sf,1.8,ACO,0,0,6,-200.0,,,,,,,timeout
sf,1.8,ACO,1,1,0,35.90886,1.219205,19.90865,50.113,63.241,16.1594,46.25201,
sf,1.8,ACO,2,0,6,-200.0,,,,,,,timeout
sf,1.8,ACO,3,0,6,-200.0,,,,,,,timeout
sf,1.8,ACO,4,0,6,-200.0,,,,,,,timeout
sf,1.8,ACO,5,1,0,37.54091,1.219205,19.62531,50.1371,62.972,15.9618,46.57559,
sf,1.8,ACO,6,1,0,34.77756,1.219238,19.96279,50.123,63.514,16.3424,46.58519,
sf,1.8,ACO,7,0,6,-200.0,,,,,,,timeout
sf,1.8,ACO,8,0,6,-200.0,,,,,,,timeout
sf,1.8,ACO,9,0,6,-200.0,,,,,,,timeout
sf,1.8,ACO,10,0,6,-200.0,,,,,,,timeout
sf,1.8,ACO,11,0,6,-200.0,,,,,,,timeout
sf,1.8,ACO,12,1,0,37.23832,1.219199,19.70494,50.1307,63.017,15.9973,46.39543,
sf,1.8,ACO,13,0,6,-200.0,,,,,,,timeout
sf,1.8,ACO,14,0,6,-200.0,,,,,,,timeout
sf,1.8,ACO,15,1,0,36.30474,1.219218,19.7792,50.124,63.167,16.1022,46.54467,
sf,1.8,ACO,16,0,6,-200.0,,,,,,,timeout
sf,1.8,ACO,17,0,6,-200.0,,,,,,,timeout
sf,1.8,ACO,18,1,0,37.84263,1.219166,19.74524,50.1279,62.934,15.9462,45.93893,
sf,1.8,ACO,19,0,6,-200.0,,,,,,,timeout
sf,1.8,ACO,20,0,6,-200.0,,,,,,,timeout
sf,1.8,ACO,21,1,0,36.29102,1.219217,19.78418,50.1237,63.167,16.1027,46.53556,
sf,1.8,ACO,22,1,0,36.19317,1.219215,19.81901,50.1211,63.196,16.122,46.45467,
sf,1.8,ACO,23,0,6,-200.0,,,,,,,timeout
sf,1.8,ACO,24,0,6,-200.0,,,,,,,timeout
sf,1.8,ACO,25,1,0,52.47283,1.219012,19.02683,50.2498,61.734,15.3305,49.47804,
sf,1.8,ACO,26,1,0,38.49146,1.219183,19.59086,50.1405,62.868,15.89,46.27462,
sf,1.8,ACO,27,1,0,36.90051,1.219189,19.79955,50.1231,63.063,16.0349,46.1875,
sf,1.8,ACO,28,1,0,36.06168,1.219211,19.85884,50.1173,63.218,16.1399,46.36195,
sf,1.8,ACO,29,1,0,36.32127,1.219219,19.76924,50.1246,63.17,16.1027,46.5514,
sf,1.8,FA,0,0,6,-200.0,,,,,,,timeout
sf,1.8,FA,1,0,6,-200.0,,,,,,,timeout
sf,1.8,FA,2,0,6,-200.0,,,,,,,timeout
sf,1.8,FA,3,0,6,-200.0,,,,,,,timeout
sf,1.8,FA,4,0,6,-200.0,,,,,,,timeout
sf,1.8,FA,5,0,6,-200.0,,,,,,,timeout
sf,1.8,FA,6,0,6,-200.0,,,,,,,timeout
sf,1.8,FA,7,0,2,30.09675,1.217127,25.47977,49.978,61.55200000000001,28.4721,26.80598,
sf,1.8,FA,8,0,2,30.09316,1.217161,25.35956,49.9786,61.529,28.5681,26.67915,
sf,1.8,FA,9,1,0,51.73918,1.21903,18.74814,50.4317,61.659000000000006,15.2869,47.59177,
sf,1.8,FA,10,1,0,51.85171,1.219021,19.01178,50.2598,60.955,14.8679,49.27268,
sf,1.8,FA,11,0,1,42.88393,1.217438,24.69667,50.1409,61.18300000000001,16.0037,43.14049,
sf,1.8,FA,12,0,1,41.51162,1.217915,23.26878,50.1553,60.556,15.3213,48.82705,
sf,1.8,FA,13,0,1,48.17598,1.217279,25.39195,50.1511,62.399,17.1921,46.54485,
sf,1.8,FA,14,0,1,47.77157,1.217199,25.36375,50.1228,63.697,17.5214,35.88903,
sf,1.8,FA,15,0,6,-200.0,,,,,,,timeout
sf,1.8,FA,16,0,2,35.62756,1.218224,22.28281,50.2538,59.241,14.0036,51.42521,
sf,1.8,FA,17,0,6,-200.0,,,,,,,timeout
sf,1.8,FA,18,0,1,40.00379,1.217412,25.34437,50.2351,62.334,18.2453,26.75122,
sf,1.8,FA,19,0,6,-200.0,,,,,,,timeout
sf,1.8,FA,20,0,6,-200.0,,,,,,,timeout
sf,1.8,FA,21,0,6,-200.0,,,,,,,timeout
sf,1.8,FA,22,1,0,40.25959,1.219072,19.04081,50.2273,60.113,14.7142,46.28371,
sf,1.8,FA,23,0,6,-200.0,,,,,,,timeout
sf,1.8,FA,24,0,6,-200.0,,,,,,,timeout
sf,1.8,FA,25,0,3,34.03913,1.218133,22.58797,50.1596,59.235,13.8828,49.69643,
sf,1.8,FA,26,0,2,25.49938,1.217674,25.36381,49.9599,71.27,31.0038,35.09213,
sf,1.8,FA,27,1,0,52.46034,1.219012,19.04672,50.2395,61.731,15.3329,49.45342,
sf,1.8,FA,28,0,1,40.50047,1.217325,25.35614,51.4809,60.725,23.7122,26.11427,
sf,1.8,FA,29,0,2,39.7183,1.217451,24.78601,50.1533,59.333,15.309,53.06954,
sf,1.8,GA,0,1,0,37.48583,1.2191,19.2442,50.7974,63.839,16.3451,48.99082,
sf,1.8,GA,1,1,0,39.76312,1.219158,19.52167,50.1885,62.723,15.8092,45.79393,
sf,1.8,GA,2,1,0,37.20103,1.219081,20.16919,50.1779,63.113,16.0882,44.16133,
sf,1.8,GA,3,1,0,41.17113,1.219159,19.29298,50.1453,62.543000000000006,15.7337,45.11074,
sf,1.8,GA,4,1,0,51.2252,1.219009,19.48428,50.2943,62.142,15.5225,50.05471,
sf,1.8,GA,5,1,0,42.26552,1.219146,19.14902,50.1532,62.53,15.7313,44.53256,
sf,1.8,GA,6,1,0,47.25676,1.218838,20.23288,50.3124,64.797,16.5596,51.16919,
sf,1.8,GA,7,1,0,38.48503,1.219159,19.38743,50.4361,63.141000000000005,16.007,47.13869,
sf,1.8,GA,8,1,0,44.53159,1.219124,18.89086,50.2807,62.367,15.6329,44.6953,
sf,1.8,GA,9,0,1,44.65696,1.217572,25.18674,50.2376,62.847,18.2813,26.37565,
sf,1.8,GA,10,0,1,44.9981,1.217432,25.33898,50.6447,62.488,18.775,26.7613,
sf,1.8,GA,11,1,0,47.05596,1.218965,19.48499,50.833,65.217,16.6589,51.39115,
sf,1.8,GA,12,1,0,36.8286,1.219144,19.33299,50.6879,63.69,16.3001,47.82902,
sf,1.8,GA,13,1,0,46.66616,1.219099,18.77194,50.2117,62.25,15.5925,43.52904,
sf,1.8,GA,14,1,0,40.25461,1.219152,19.45714,50.2256,62.745000000000005,15.8142,45.72765,
sf,1.8,GA,15,1,0,41.64595,1.21893,19.57007,50.1558,62.871,15.9281,40.052,
sf,1.8,GA,16,1,0,49.43165,1.21909,18.63287,50.2104,62.245000000000005,15.596,42.91232,
sf,1.8,GA,17,0,1,45.61166,1.21741,25.36931,50.2489,63.295,17.4976,27.46854,
sf,1.8,GA,18,0,1,46.55661,1.217298,25.36168,50.1158,63.762,17.0577,28.73048,
sf,1.8,GA,19,1,0,44.04038,1.218841,19.67095,50.1488,63.072,15.7889,38.35015,
sf,1.8,GA,20,1,0,44.16556,1.219133,18.91558,50.1782,62.356,15.6418,44.18152,
sf,1.8,GA,21,1,0,44.59699,1.219123,18.88591,50.2843,62.366,15.6315,44.69373,
sf,1.8,GA,22,1,0,42.61886,1.219152,19.09425,50.161,62.493,15.7098,44.65525,
sf,1.8,GA,23,1,0,46.3158,1.219107,18.78176,50.1905,62.261,15.5983,43.57417,
sf,1.8,GA,24,1,0,43.019,1.219121,19.1693,50.4199,62.664,15.6913,46.87616,
sf,1.8,GA,25,1,0,36.16449,1.219196,19.79447,50.211,63.282,16.1651,46.51625,
sf,1.8,GA,26,1,0,42.19546,1.219143,19.15901,50.1551,62.525000000000006,15.7304,44.50419,
sf,1.8,GA,27,0,6,-200.0,,,,,,,timeout
sf,1.8,GA,28,0,6,-200.0,,,,,,,timeout
sf,1.8,GA,29,0,6,-200.0,,,,,,,timeout
sf,1.8,GWO,0,0,6,-200.0,,,,,,,timeout
sf,1.8,GWO,1,1,0,34.65896,1.219228,19.94804,50.115,63.386,16.3008,46.3266,
sf,1.8,GWO,2,1,0,36.0967,1.219214,19.82897,50.1202,63.213,16.1366,46.40281,
sf,1.8,GWO,3,1,0,34.4118,1.219216,20.08742,50.1005,63.486,16.3674,46.00894,
sf,1.8,GWO,4,1,0,33.8848,1.219226,20.2165,50.0868,63.71,16.5065,45.96467,
sf,1.8,GWO,5,1,0,33.66508,1.219283,20.03164,50.1001,63.955,16.6233,46.67098,
sf,1.8,GWO,6,1,0,35.84888,1.21923,19.78397,50.1258,63.278000000000006,16.1789,46.80362,
sf,1.8,GWO,7,0,1,32.61658,1.219115,21.16786,49.9759,64.041,16.8136,43.79688,
sf,1.8,GWO,8,1,0,36.16663,1.219155,19.93432,50.1134,62.905,16.0393,45.01696,
sf,1.8,GWO,9,1,0,33.1359,1.219214,20.21173,50.1022,63.645,16.5397,45.85556,
sf,1.8,GWO,10,1,0,34.77231,1.219195,20.04303,50.106,63.291,16.2594,45.85694,
sf,1.8,GWO,11,1,0,35.94011,1.21923,19.77403,50.1294,63.277,16.1737,46.81921,
sf,1.8,GWO,12,1,0,34.007,1.21922,20.26631,50.0808,63.732,16.5081,45.89899,
sf,1.8,GWO,13,0,6,-200.0,,,,,,,timeout
sf,1.8,GWO,14,1,0,35.26481,1.219186,20.12769,50.0947,63.356,16.2551,45.76955,
sf,1.8,GWO,15,1,0,35.31805,1.219232,19.90324,50.1141,63.38,16.2517,46.5023,
sf,1.8,GWO,16,0,6,-200.0,,,,,,,timeout
sf,1.8,GWO,17,0,6,-200.0,,,,,,,timeout
sf,1.8,GWO,18,0,6,-200.0,,,,,,,timeout
sf,1.8,GWO,19,1,0,33.68353,1.219287,19.9769,50.1078,63.919,16.6031,46.77948,
sf,1.8,GWO,20,0,1,32.74186,1.219107,21.32211,49.9568,64.177,16.8727,43.4662,
sf,1.8,GWO,21,1,0,35.43043,1.219233,19.87837,50.1161,63.366,16.2376,46.5611,
sf,1.8,GWO,22,1,0,33.81351,1.219191,20.3513,50.0779,63.697,16.5185,45.75051,
sf,1.8,GWO,23,0,1,32.76646,1.219129,21.12785,49.9789,64.073,16.8111,43.85947,
sf,1.8,GWO,24,1,0,33.33696,1.219218,19.82393,50.1357,63.135000000000005,16.2951,45.96057,
sf,1.8,GWO,25,1,0,36.09209,1.219215,19.79416,50.1272,63.228,16.1497,46.84259,
sf,1.8,GWO,26,1,0,36.23232,1.219137,20.1285,50.0915,63.042,16.0944,44.67715,
sf,1.8,GWO,27,0,1,32.78006,1.219145,21.05798,49.9844,64.195,16.8657,44.18384,
sf,1.8,GWO,28,1,0,34.49594,1.219154,20.37677,50.0798,63.435,16.348,45.22075,
sf,1.8,GWO,29,1,0,33.95653,1.219216,20.2962,50.0809,63.745000000000005,16.5191,45.82827,
sf,1.8,PSO,0,1,0,52.94003,1.218985,19.40512,50.5448,64.49,16.1041,52.69176,
sf,1.8,PSO,1,1,0,52.00232,1.219041,18.4795,50.6751,62.06699999999999,15.2959,48.3646,
sf,1.8,PSO,2,1,0,52.2951,1.21902,18.95213,50.2435,61.7,15.2702,49.20268,
sf,1.8,PSO,3,1,0,36.95787,1.219142,20.05385,50.0954,63.02,16.0455,44.88048,
sf,1.8,PSO,4,1,0,44.47039,1.219043,19.58317,50.2045,62.538,15.7368,50.10206,
sf,1.8,PSO,5,1,0,52.00561,1.219034,18.49452,50.8342,62.241,15.3877,48.61964,
sf,1.8,PSO,6,1,0,36.70964,1.219183,19.8593,50.1185,63.085,16.0547,46.06898,
sf,1.8,PSO,7,1,0,52.09728,1.219033,18.44482,50.8648,62.25,15.4031,48.58162,
sf,1.8,PSO,8,0,1,44.88622,1.217452,25.38834,50.3746,62.509,18.4962,26.63597,
sf,1.8,PSO,9,1,0,52.00169,1.219042,18.49938,50.6494,62.05,15.2811,48.44614,
sf,1.8,PSO,10,1,0,53.17044,1.218901,20.13239,50.3832,64.301,16.3897,54.35894,
sf,1.8,PSO,11,1,0,52.13099,1.219035,18.42988,50.8743,62.259,15.4121,48.5566,
sf,1.8,PSO,12,1,0,52.10926,1.219031,18.85253,50.2574,61.69799999999999,15.2029,48.88539,
sf,1.8,PSO,13,1,0,34.10447,1.219264,20.02201,50.1011,63.755,16.4992,46.60443,
sf,1.8,PSO,14,1,0,40.19495,1.21909,19.65699,50.1781,62.881,15.9366,49.44425,
sf,1.8,PSO,15,1,0,52.42113,1.219013,19.03179,50.2408,61.719,15.314,49.54556,
sf,1.8,PSO,16,1,0,32.9465,1.219109,20.00467,50.1196,65.995,17.6277,47.55222,
sf,1.8,PSO,17,1,0,52.04246,1.219041,18.44967,50.7136,62.082,15.3213,48.24553,
sf,1.8,PSO,18,1,0,52.40329,1.219013,19.02682,50.2467,61.721,15.3099,49.54948,
sf,1.8,PSO,19,1,0,38.04723,1.219164,19.79001,50.1168,62.887,15.9368,45.43184,
sf,1.8,PSO,20,1,0,52.60324,1.218996,19.28562,50.2489,61.828,15.3984,50.52688,
sf,1.8,PSO,21,1,0,37.94228,1.21916,19.81493,50.1151,62.888000000000005,15.9408,45.38144,
sf,1.8,PSO,22,1,0,52.18957,1.219027,18.87745,50.2451,61.684,15.2389,48.8063,
sf,1.8,PSO,23,1,0,34.8781,1.219171,20.29695,50.0773,63.438,16.3205,45.42098,
sf,1.8,PSO,24,1,0,52.06206,1.218974,19.56936,50.2591,61.911,15.4114,52.62377,
sf,1.8,PSO,25,1,0,38.01653,1.219159,19.80501,50.1164,62.866,15.9268,45.41728,
sf,1.8,PSO,26,1,0,52.03887,1.219037,18.46962,50.7636,62.150000000000006,15.342,48.51338,
sf,1.8,PSO,27,1,0,36.56663,1.21918,19.89912,50.1148,63.109,16.0735,45.97457,
sf,1.8,PSO,28,1,0,52.06072,1.219037,18.45471,50.7815,62.157,15.3545,48.4574,
sf,1.8,PSO,29,1,0,36.18201,1.219214,19.81406,50.1205,63.18899999999999,16.1196,46.45625,
sf,1.98,ABC,0,1,0,53.78762,1.219397,18.44926,50.8358,63.503,15.6825,47.16493,
sf,1.98,ABC,1,1,0,53.69678,1.219266,19.03778,50.6977,63.467,15.7274,46.13132,
sf,1.98,ABC,2,1,0,54.07867,1.219404,18.4243,50.6351,62.977,15.4689,46.65184,
sf,1.98,ABC,3,1,0,54.00387,1.219401,18.3995,50.7421,63.116,15.5436,46.75865,
sf,1.98,ABC,4,1,0,53.91593,1.219362,18.69333,50.5188,63.359,15.6234,45.44215,
sf,1.98,ABC,5,0,6,-200.0,,,,,,,timeout
sf,1.98,ABC,6,0,6,-200.0,,,,,,,timeout
sf,1.98,ABC,7,0,6,-200.0,,,,,,,timeout
sf,1.98,ABC,8,0,6,-200.0,,,,,,,timeout
sf,1.98,ABC,9,0,6,-200.0,,,,,,,timeout
sf,1.98,ABC,10,0,6,-200.0,,,,,,,timeout
sf,1.98,ABC,11,0,6,-200.0,,,,,,,timeout
sf,1.98,ABC,12,0,6,-200.0,,,,,,,timeout
sf,1.98,ABC,13,0,6,-200.0,,,,,,,timeout
sf,1.98,ABC,14,0,6,-200.0,,,,,,,timeout
sf,1.98,ABC,15,0,6,-200.0,,,,,,,timeout
sf,1.98,ABC,16,0,6,-200.0,,,,,,,timeout
sf,1.98,ABC,17,0,6,-200.0,,,,,,,timeout
sf,1.98,ABC,18,1,0,53.96014,1.219398,18.3399,50.7113,63.008,15.5486,45.73651,
sf,1.98,ABC,19,0,6,-200.0,,,,,,,timeout
sf,1.98,ABC,20,1,0,52.60396,1.219418,18.62786,50.5124,63.928,15.751,47.70904,
sf,1.98,ABC,21,0,6,-200.0,,,,,,,timeout
sf,1.98,ABC,22,0,6,-200.0,,,,,,,timeout
sf,1.98,ABC,23,0,6,-200.0,,,,,,,timeout
sf,1.98,ABC,24,0,6,-200.0,,,,,,,timeout
sf,1.98,ABC,25,0,6,-200.0,,,,,,,timeout
sf,1.98,ABC,26,0,6,-200.0,,,,,,,timeout
sf,1.98,ABC,27,1,0,54.00689,1.219408,18.45406,50.5051,63.057,15.5273,45.59096,
sf,1.98,ABC,28,0,6,-200.0,,,,,,,timeout
sf,1.98,ABC,29,0,6,-200.0,,,,,,,timeout
sf,1.98,ACO,0,0,6,-200.0,,,,,,,timeout
sf,1.98,ACO,1,1,0,53.45153,1.219378,18.72291,50.4817,63.943,15.8068,46.26187,
sf,1.98,ACO,2,1,0,53.77657,1.219386,18.67805,50.4859,63.715,15.7217,46.22292,
sf,1.98,ACO,3,1,0,53.70188,1.21939,18.67302,50.4812,63.887,15.7815,46.44464,
sf,1.98,ACO,4,0,6,-200.0,,,,,,,timeout
sf,1.98,ACO,5,0,6,-200.0,,,,,,,timeout
sf,1.98,ACO,6,0,6,-200.0,,,,,,,timeout
sf,1.98,ACO,7,0,6,-200.0,,,,,,,timeout
sf,1.98,ACO,8,0,6,-200.0,,,,,,,timeout
sf,1.98,ACO,9,0,6,-200.0,,,,,,,timeout
sf,1.98,ACO,10,0,6,-200.0,,,,,,,timeout
sf,1.98,ACO,11,0,6,-200.0,,,,,,,timeout
sf,1.98,ACO,12,0,6,-200.0,,,,,,,timeout
sf,1.98,ACO,13,0,6,-200.0,,,,,,,timeout
sf,1.98,ACO,14,0,6,-200.0,,,,,,,timeout
sf,1.98,ACO,15,1,0,53.72867,1.219399,18.64306,50.4804,63.856,15.7682,46.55484,
sf,1.98,ACO,16,0,6,-200.0,,,,,,,timeout
sf,1.98,ACO,17,0,6,-200.0,,,,,,,timeout
sf,1.98,ACO,18,1,0,53.83738,1.219377,18.6931,50.4886,63.529,15.6576,45.95006,
sf,1.98,ACO,19,1,0,52.96039,1.219398,18.65799,50.4764,64.07,15.852,46.63867,
sf,1.98,ACO,20,0,6,-200.0,,,,,,,timeout
sf,1.98,ACO,21,0,6,-200.0,,,,,,,timeout
sf,1.98,ACO,22,1,0,53.67368,1.219393,18.66304,50.481,63.887,15.782,46.46473,
sf,1.98,ACO,23,1,0,53.6659,1.21935,18.80286,50.4874,63.832,15.7714,45.77382,
sf,1.98,ACO,24,1,0,53.82249,1.219398,18.63314,50.4844,63.651,15.6932,46.40857,
sf,1.98,ACO,25,1,0,54.34697,1.219352,18.50461,50.4363,61.881,15.1989,49.49356,
sf,1.98,ACO,26,1,0,53.91749,1.219403,18.60324,50.4872,63.434,15.6199,46.28606,
sf,1.98,ACO,27,1,0,53.77133,1.219382,18.69303,50.4855,63.712,15.7191,46.19803,
sf,1.98,ACO,28,1,0,53.55156,1.219386,18.68799,50.4812,63.914,15.7941,46.37192,
sf,1.98,ACO,29,1,0,53.73011,1.2194,18.63808,50.4807,63.858,15.7693,46.56157,
sf,1.98,FA,0,1,0,40.21825,1.218616,23.91188,50.8561,61.923,25.3895,26.33589,
sf,1.98,FA,1,0,1,42.31907,1.218462,22.20385,50.2818,59.98,14.9407,53.33744,
sf,1.98,FA,2,0,6,-200.0,,,,,,,timeout
sf,1.98,FA,3,0,1,41.5964,1.218321,24.16142,51.3025,62.281000000000006,18.9436,27.36392,
sf,1.98,FA,4,0,6,-200.0,,,,,,,timeout
sf,1.98,FA,5,0,1,44.99756,1.218369,24.10077,51.5791,62.098,21.6034,26.9512,
sf,1.98,FA,6,0,1,44.71212,1.218391,24.07547,51.5517,61.303,22.1058,26.56607,
sf,1.98,FA,7,1,0,29.65127,1.218498,23.92414,50.1228,61.388000000000005,28.3466,26.85605,
sf,1.98,FA,8,0,6,-200.0,,,,,,,timeout
sf,1.98,FA,9,0,6,-200.0,,,,,,,timeout
sf,1.98,FA,10,0,6,-200.0,,,,,,,timeout
sf,1.98,FA,11,0,6,-200.0,,,,,,,timeout
sf,1.98,FA,12,0,1,42.93309,1.218277,22.77434,50.2793,60.69,15.3063,48.84331,
sf,1.98,FA,13,0,1,50.20526,1.217727,24.83514,50.296,62.398,17.1295,46.56395,
sf,1.98,FA,14,0,1,49.91772,1.217777,24.61515,50.2733,63.637,17.3841,35.9125,
sf,1.98,FA,15,1,0,46.31289,1.21937,18.39002,50.7601,61.907,15.4,43.64635,
sf,1.98,FA,16,0,6,-200.0,,,,,,,timeout
sf,1.98,FA,17,0,6,-200.0,,,,,,,timeout
sf,1.98,FA,18,1,0,44.32893,1.218446,24.16889,50.6518,62.124,18.4108,26.78999,
sf,1.98,FA,19,1,0,26.06423,1.219134,24.08068,50.0848,74.819,31.8684,42.70606,
sf,1.98,FA,20,0,1,24.71646,1.219282,20.37463,50.3899,63.935,13.7801,48.73167,
sf,1.98,FA,21,0,6,-200.0,,,,,,,timeout
sf,1.98,FA,22,0,6,-200.0,,,,,,,timeout
sf,1.98,FA,23,0,6,-200.0,,,,,,,timeout
sf,1.98,FA,24,0,6,-200.0,,,,,,,timeout
sf,1.98,FA,25,0,2,34.99408,1.218454,22.11944,50.2672,59.452,13.9086,49.71127,
sf,1.98,FA,26,1,0,27.27147,1.219063,24.04728,50.0781,71.089,31.1014,35.14284,
sf,1.98,FA,27,0,6,-200.0,,,,,,,timeout
sf,1.98,FA,28,1,0,42.26621,1.218429,24.01503,51.6192,60.607,23.9855,26.15542,
sf,1.98,FA,29,0,6,-200.0,,,,,,,timeout
sf,1.98,GA,0,0,6,-200.0,,,,,,,timeout
sf,1.98,GA,1,0,6,-200.0,,,,,,,timeout
sf,1.98,GA,2,1,0,53.61519,1.219278,18.95806,50.5908,63.68000000000001,15.7786,44.17204,
sf,1.98,GA,3,1,0,53.93268,1.219415,18.40922,50.469,62.981,15.52,45.12339,
sf,1.98,GA,4,1,0,54.14161,1.219345,18.93714,50.495,62.30200000000001,15.3994,50.07013,
sf,1.98,GA,5,1,0,53.79129,1.219424,18.33454,50.4578,62.92100000000001,15.5333,44.54595,
sf,1.98,GA,6,1,0,52.01656,1.219264,19.78342,50.4342,65.03,16.4109,51.18757,
sf,1.98,GA,7,1,0,53.79691,1.219398,18.50391,50.7444,63.696,15.7501,47.15078,
sf,1.98,GA,8,1,0,53.77039,1.219431,18.19527,50.5476,62.685,15.4677,44.70968,
sf,1.98,GA,9,1,0,44.70822,1.218617,23.9964,50.3565,62.760000000000005,18.5569,26.41478,
sf,1.98,GA,10,1,0,45.13482,1.218436,24.13427,50.7724,62.402,19.0542,26.79908,
sf,1.98,GA,11,1,0,52.14572,1.219386,19.04585,50.9543,65.457,16.528,51.40935,
sf,1.98,GA,12,1,0,53.44988,1.219391,18.48414,50.9597,64.331,16.0117,47.84139,
sf,1.98,GA,13,1,0,53.47078,1.21944,18.1355,50.4476,62.521,15.439,43.54459,
sf,1.98,GA,14,1,0,53.99997,1.219391,18.5239,50.566,63.217,15.5845,45.73976,
sf,1.98,GA,15,1,0,52.58088,1.219278,18.73439,50.4597,63.238,15.7332,40.06777,
sf,1.98,GA,16,1,0,53.25594,1.21946,18.04574,50.4124,62.456,15.4512,42.92885,
sf,1.98,GA,17,0,1,45.74481,1.218346,24.20569,50.377,63.172,17.7345,27.50402,
sf,1.98,GA,18,0,1,46.70005,1.218137,24.28448,50.2542,63.651,17.2652,28.7627,
sf,1.98,GA,19,1,0,52.03225,1.219246,18.89891,50.4295,63.347,15.7759,38.36783,
sf,1.98,GA,20,1,0,53.6838,1.21944,18.20508,50.4492,62.679,15.4745,44.1959,
sf,1.98,GA,21,1,0,53.76799,1.219431,18.19527,50.5503,62.681,15.467,44.70813,
sf,1.98,GA,22,1,0,53.81658,1.219432,18.29466,50.4598,62.876000000000005,15.5167,44.66875,
sf,1.98,GA,23,1,0,53.4955,1.219445,18.14039,50.4314,62.537000000000006,15.4432,43.58956,
sf,1.98,GA,24,1,0,54.073,1.2194,18.42436,50.7142,63.045,15.5016,46.8896,
sf,1.98,GA,25,1,0,53.44258,1.219382,18.6632,50.5626,63.965,15.8285,46.52654,
sf,1.98,GA,26,1,0,53.78446,1.21942,18.33957,50.4602,62.918000000000006,15.5318,44.51756,
sf,1.98,GA,27,1,0,52.03337,1.219291,19.33563,51.281,65.94,16.7825,50.28284,
sf,1.98,GA,28,1,0,53.99797,1.219397,18.39459,50.6605,63.040000000000006,15.5437,45.79958,
sf,1.98,GA,29,1,0,48.95884,1.21909,19.82104,50.576,65.205,16.3932,42.3094,
sf,1.98,GWO,0,1,0,52.2402,1.219364,18.78774,50.4782,64.198,15.9168,46.18136,
sf,1.98,GWO,1,1,0,51.82349,1.219388,18.70287,50.4771,64.17,15.9,46.33607,
sf,1.98,GWO,2,1,0,53.45043,1.219392,18.66802,50.4814,63.909000000000006,15.7929,46.41284,
sf,1.98,GWO,3,1,0,51.42721,1.219366,18.78771,50.478,64.278,15.9488,46.01804,
sf,1.98,GWO,4,1,0,50.69615,1.219358,18.8425,50.4736,64.53,16.0535,45.97315,
sf,1.98,GWO,5,1,0,49.96138,1.219408,18.6976,50.4597,64.795,16.1609,46.67927,
sf,1.98,GWO,6,1,0,53.01133,1.219406,18.63302,50.4751,63.989,15.8292,46.81361,
sf,1.98,GWO,7,1,0,49.41593,1.219202,19.42652,50.4892,64.887,16.2345,43.80385,
sf,1.98,GWO,8,1,0,53.07766,1.219354,18.77795,50.4938,63.571,15.7056,45.02774,
sf,1.98,GWO,9,1,0,50.02346,1.219356,18.85248,50.4777,64.518,16.0559,45.8644,
sf,1.98,GWO,10,1,0,52.1057,1.219361,18.78778,50.481,64.061,15.8619,45.86659,
sf,1.98,GWO,11,1,0,53.05535,1.219407,18.62803,50.4782,63.982,15.8274,46.82921,
sf,1.98,GWO,12,1,0,50.88997,1.219348,18.87248,50.4748,64.54,16.0577,45.90736,
sf,1.98,GWO,13,1,0,50.8191,1.21941,18.66775,50.4649,64.522,16.0414,46.74346,
sf,1.98,GWO,14,1,0,52.75522,1.219344,18.84272,50.4843,64.086,15.8713,45.77893,
sf,1.98,GWO,15,1,0,52.56147,1.219393,18.68292,50.477,64.122,15.8767,46.51178,
sf,1.98,GWO,16,1,0,52.23416,1.219394,18.66799,50.4794,63.93899999999999,15.8091,46.25824,
sf,1.98,GWO,17,1,0,52.01228,1.219378,18.78752,50.4643,64.229,15.9583,47.01002,
sf,1.98,GWO,18,0,6,-200.0,,,,,,,timeout
sf,1.98,GWO,19,0,6,-200.0,,,,,,,timeout
sf,1.98,GWO,20,1,0,49.28534,1.21918,19.5064,50.5047,65.001,16.2853,43.47272,
sf,1.98,GWO,21,0,6,-200.0,,,,,,,timeout
sf,1.98,GWO,22,1,0,50.74767,1.219326,18.96229,50.4739,64.507,16.0596,45.7591,
sf,1.98,GWO,23,1,0,49.3561,1.219212,19.38659,50.4906,64.913,16.2414,43.86632,
sf,1.98,GWO,24,1,0,50.05578,1.219406,18.63799,50.4758,64.021,15.8527,45.97097,
sf,1.98,GWO,25,1,0,53.33983,1.219398,18.6729,50.4745,63.92,15.8098,46.85281,
sf,1.98,GWO,26,1,0,53.39862,1.219321,18.89775,50.4981,63.688,15.7575,44.68743,
sf,1.98,GWO,27,1,0,49.0848,1.219226,19.35654,50.4836,65.035,16.2944,44.19065,
sf,1.98,GWO,28,1,0,52.32871,1.2193,19.00743,50.4932,64.202,15.9233,45.22973,
sf,1.98,GWO,29,1,0,50.84797,1.219342,18.89245,50.4781,64.555,16.065,45.83657,
sf,1.98,PSO,0,1,0,52.15025,1.21942,18.93598,50.6341,64.608,15.997,52.71043,
sf,1.98,PSO,1,1,0,54.18474,1.219387,17.94742,50.8647,62.178,15.1585,48.38031,
sf,1.98,PSO,2,1,0,54.321,1.219361,18.42495,50.4308,61.822,15.1348,49.21821,
sf,1.98,PSO,3,1,0,53.73915,1.219331,18.8628,50.4973,63.628,15.7321,44.89088,
sf,1.98,PSO,4,1,0,53.99729,1.219351,18.98675,50.4386,62.846,15.5707,50.11648,
sf,1.98,PSO,5,1,0,54.16987,1.21938,17.96243,51.0241,62.389,15.2517,48.63535,
sf,1.98,PSO,6,1,0,53.74249,1.219372,18.723,50.4861,63.742,15.7317,46.07941,
sf,1.98,PSO,7,1,0,54.18734,1.219379,17.91771,51.0539,62.393,15.2667,48.59732,
sf,1.98,PSO,8,1,0,45.03698,1.218468,24.19332,50.5072,62.446,18.7802,26.67415,
sf,1.98,PSO,9,1,0,54.18338,1.219389,17.97224,50.8394,62.166,15.1439,48.46185,
sf,1.98,PSO,10,1,0,52.5904,1.219316,19.68317,50.4827,64.414,16.3044,54.37696,
sf,1.98,PSO,11,1,0,54.18934,1.219381,17.90277,51.0632,62.401,15.2756,48.5723,
sf,1.98,PSO,12,1,0,54.26376,1.219374,18.32535,50.4463,61.82299999999999,15.0665,48.901,
sf,1.98,PSO,13,1,0,50.8435,1.219398,18.71266,50.465,64.569,16.0626,46.61302,
sf,1.98,PSO,14,1,0,53.84,1.219364,18.92691,50.4402,63.32599999999999,15.7169,49.45752,
sf,1.98,PSO,15,1,0,54.34937,1.219353,18.50957,50.4276,61.866,15.1801,49.56104,
sf,1.98,PSO,16,1,0,47.60505,1.219407,19.27912,50.3532,66.805,17.0654,47.5663,
sf,1.98,PSO,17,1,0,54.1815,1.219387,17.91263,50.9022,62.207,15.1836,48.26124,
sf,1.98,PSO,18,1,0,54.34797,1.219353,18.5046,50.4337,61.865,15.1758,49.56498,
sf,1.98,PSO,19,1,0,53.88965,1.219371,18.70811,50.4923,63.45399999999999,15.6585,45.44284,
sf,1.98,PSO,20,1,0,54.29762,1.219338,18.7782,50.4287,61.961,15.2774,50.54247,
sf,1.98,PSO,21,1,0,53.87802,1.219365,18.72311,50.493,63.459,15.6596,45.39238,
sf,1.98,PSO,22,1,0,54.28052,1.219371,18.34528,50.4322,61.798,15.1022,48.82189,
sf,1.98,PSO,23,1,0,52.44419,1.219317,18.94255,50.4854,64.183,15.9141,45.42998,
sf,1.98,PSO,24,1,0,53.96382,1.219332,19.11628,50.4043,62.057,15.3028,52.63985,
sf,1.98,PSO,25,1,0,53.88895,1.219365,18.71814,50.4928,63.434,15.6479,45.42826,
sf,1.98,PSO,26,1,0,54.18946,1.219384,17.93752,50.9531,62.279,15.2052,48.52908,
sf,1.98,PSO,27,1,0,53.71879,1.219366,18.74794,50.4864,63.772000000000006,15.745,45.98491,
sf,1.98,PSO,28,1,0,54.19023,1.219383,17.92263,50.9707,62.29600000000001,15.2175,48.4731,
sf,1.98,PSO,29,1,0,53.70633,1.219393,18.66304,50.4805,63.884,15.7803,46.46632,
ss,1.62,ABC,0,0,2,27.81759,1.222354,22.9215,49.7001,62.650000000000006,16.4059,47.17919,
ss,1.62,ABC,1,0,2,28.87687,1.222177,24.06039,49.5216,62.873000000000005,16.4265,46.14401,
ss,1.62,ABC,2,0,2,29.97171,1.222201,22.72601,49.6143,62.386,15.9596,46.6607,
ss,1.62,ABC,3,0,6,-200.0,,,,,,,timeout
ss,1.62,ABC,4,0,6,-200.0,,,,,,,timeout
ss,1.62,ABC,5,0,6,-200.0,,,,,,,timeout
ss,1.62,ABC,6,0,6,-200.0,,,,,,,timeout
ss,1.62,ABC,7,0,2,27.29525,1.222408,23.8377,49.4704,62.812,16.6462,46.25352,
ss,1.62,ABC,8,0,6,-200.0,,,,,,,timeout
ss,1.62,ABC,9,0,6,-200.0,,,,,,,timeout
ss,1.62,ABC,10,0,6,-200.0,,,,,,,timeout
ss,1.62,ABC,11,0,6,-200.0,,,,,,,timeout
ss,1.62,ABC,12,0,2,28.03216,1.222363,25.16239,49.3905,62.94799999999999,16.5302,44.27345,
ss,1.62,ABC,13,0,2,28.86466,1.222325,23.54678,49.4303,62.57899999999999,16.2122,46.41664,
ss,1.62,ABC,14,0,2,28.49153,1.222517,24.72296,49.1678,62.574,16.2536,45.16742,
ss,1.62,ABC,15,0,6,-200.0,,,,,,,timeout
ss,1.62,ABC,16,0,6,-200.0,,,,,,,timeout
ss,1.62,ABC,17,0,6,-200.0,,,,,,,timeout
ss,1.62,ABC,18,0,6,-200.0,,,,,,,timeout
ss,1.62,ABC,19,0,6,-200.0,,,,,,,timeout
ss,1.62,ABC,20,0,2,24.68567,1.222375,22.43521,49.2872,62.56999999999999,17.2643,47.72331,
ss,1.62,ABC,21,0,2,29.41979,1.222257,22.96298,49.6169,62.706,16.1878,46.47078,
ss,1.62,ABC,22,0,6,-200.0,,,,,,,timeout
ss,1.62,ABC,23,0,2,28.80991,1.222458,23.42028,49.0271,63.733,17.0558,46.02661,
ss,1.62,ABC,24,0,6,-200.0,,,,,,,timeout
ss,1.62,ABC,25,0,6,-200.0,,,,,,,timeout
ss,1.62,ABC,26,0,6,-200.0,,,,,,,timeout
ss,1.62,ABC,27,0,6,-200.0,,,,,,,timeout
ss,1.62,ABC,28,0,6,-200.0,,,,,,,timeout
ss,1.62,ABC,29,0,6,-200.0,,,,,,,timeout
ss,1.62,ACO,0,0,2,28.51102,1.222675,24.69994,48.6831,63.149,16.6985,45.82825,
ss,1.62,ACO,1,0,6,-200.0,,,,,,,timeout
ss,1.62,ACO,2,0,6,-200.0,,,,,,,timeout
ss,1.62,ACO,3,0,6,-200.0,,,,,,,timeout
ss,1.62,ACO,4,0,6,-200.0,,,,,,,timeout
ss,1.62,ACO,5,0,2,28.43407,1.222637,24.13065,48.9819,62.856,16.4782,46.60987,
ss,1.62,ACO,6,0,6,-200.0,,,,,,,timeout
ss,1.62,ACO,7,0,6,-200.0,,,,,,,timeout
ss,1.62,ACO,8,0,6,-200.0,,,,,,,timeout
ss,1.62,ACO,9,0,6,-200.0,,,,,,,timeout
ss,1.62,ACO,10,0,6,-200.0,,,,,,,timeout
ss,1.62,ACO,11,0,6,-200.0,,,,,,,timeout
ss,1.62,ACO,12,0,6,-200.0,,,,,,,timeout
ss,1.62,ACO,13,0,6,-200.0,,,,,,,timeout
ss,1.62,ACO,14,0,6,-200.0,,,,,,,timeout
ss,1.62,ACO,15,0,6,-200.0,,,,,,,timeout
ss,1.62,ACO,16,0,6,-200.0,,,,,,,timeout
ss,1.62,ACO,17,0,6,-200.0,,,,,,,timeout
ss,1.62,ACO,18,0,6,-200.0,,,,,,,timeout
ss,1.62,ACO,19,0,6,-200.0,,,,,,,timeout
ss,1.62,ACO,20,0,6,-200.0,,,,,,,timeout
ss,1.62,ACO,21,0,6,-200.0,,,,,,,timeout
ss,1.62,ACO,22,0,6,-200.0,,,,,,,timeout
ss,1.62,ACO,23,0,2,28.51437,1.222675,24.72968,48.6709,63.153000000000006,16.7039,45.80042,
ss,1.62,ACO,24,0,2,28.43284,1.222649,24.26921,48.9193,62.926,16.5293,46.43269,
ss,1.62,ACO,25,0,6,-200.0,,,,,,,timeout
ss,1.62,ACO,26,0,2,28.43289,1.222592,24.28521,49.0511,62.718,16.3746,46.3081,
ss,1.62,ACO,27,0,2,28.44405,1.222659,24.43259,48.8418,63.002,16.5865,46.22303,
ss,1.62,ACO,28,0,6,-200.0,,,,,,,timeout
ss,1.62,ACO,29,0,6,-200.0,,,,,,,timeout
ss,1.62,FA,0,0,6,-200.0,,,,,,,timeout
ss,1.62,FA,1,1,0,40.25792,1.220688,23.7273,50.0679,60.17700000000001,14.9716,53.32716,
ss,1.62,FA,2,0,1,50.71993,1.221474,20.06021,50.118,62.169,15.1822,48.7622,
ss,1.62,FA,3,0,1,19.28526,1.218886,25.90045,47.4871,64.421,21.5507,27.29785,
ss,1.62,FA,4,0,1,35.63003,1.220813,23.32276,50.1153,59.537000000000006,14.2378,51.36817,
ss,1.62,FA,5,0,1,30.06277,1.219326,27.40212,51.0395,62.95,22.2127,26.8983,
ss,1.62,FA,6,0,1,27.78505,1.219299,27.36794,50.9792,62.06699999999999,22.7808,26.51152,
ss,1.62,FA,7,0,2,19.70984,1.218794,27.82681,49.572,62.07899999999999,28.8009,26.78094,
ss,1.62,FA,8,0,2,20.10502,1.218819,27.71685,49.5883,62.023,28.878,26.65379,
ss,1.62,FA,9,0,1,50.30481,1.221455,19.90671,50.3487,62.083,15.248,47.5922,
ss,1.62,FA,10,0,1,49.69708,1.221473,20.14954,50.119,61.387,14.8587,49.27405,
ss,1.62,FA,11,1,0,41.82937,1.219923,25.9927,50.0475,61.582,16.0262,43.14296,
ss,1.62,FA,12,1,0,40.20166,1.220452,24.42711,50.0353,60.956,15.3526,48.83128,
ss,1.62,FA,13,0,2,46.99665,1.219758,26.67693,49.9317,62.985,17.1627,46.5471,
ss,1.62,FA,14,0,2,46.47083,1.219555,26.86027,49.9557,64.225,17.5258,35.88718,
ss,1.62,FA,15,1,0,43.79148,1.221372,20.09166,50.7314,62.003,15.4596,43.62856,
ss,1.62,FA,16,0,1,34.82554,1.220792,23.36288,50.1845,59.49,14.0869,51.43046,
ss,1.62,FA,17,0,2,47.16525,1.219841,26.66517,49.885,63.400000000000006,17.3836,52.60187,
ss,1.62,FA,18,0,2,19.2848,1.219145,26.17334,47.7913,63.655,20.1051,26.72843,
ss,1.62,FA,19,0,2,21.3514,1.219578,27.33186,49.6956,75.375,31.5152,42.63588,
ss,1.62,FA,20,0,3,2.735365,1.222432,26.14262,48.8712,64.224,19.218,48.75242,
ss,1.62,FA,21,0,2,21.24764,1.219611,27.32615,49.6976,75.931,31.4019,44.57943,
ss,1.62,FA,22,0,3,21.79537,1.221826,21.85502,49.9511,58.626000000000005,15.7307,46.29523,
ss,1.62,FA,23,0,1,47.3497,1.221495,20.25833,50.1129,61.897000000000006,15.1137,49.3405,
ss,1.62,FA,24,0,1,43.63476,1.220131,25.41208,49.9776,61.289,15.6599,47.992,
ss,1.62,FA,25,0,2,33.30557,1.220698,23.66753,50.1056,59.438,13.9568,49.7016,
ss,1.62,FA,26,0,2,17.72943,1.219321,27.43703,49.3777,72.034,31.225,35.06639,
ss,1.62,FA,27,0,1,51.31643,1.221471,20.16942,50.1103,62.176,15.294,49.45502,
ss,1.62,FA,28,0,1,32.84019,1.219246,27.47351,51.271,61.19799999999999,24.4711,26.09777,
ss,1.62,FA,29,0,2,38.84368,1.220021,25.98068,49.9801,59.734,15.3554,53.07484,
ss,1.62,GA,0,0,1,28.33157,1.222061,21.48383,50.187,63.679,16.8134,49.00928,
ss,1.62,GA,1,0,2,28.44535,1.222539,24.58867,49.1832,62.55200000000001,16.2358,45.82651,
ss,1.62,GA,2,0,3,28.10801,1.222672,26.25645,48.6312,63.056,16.6549,44.20093,
ss,1.62,GA,3,0,2,28.91163,1.222397,23.91228,49.3112,62.328,16.087,45.13849,
ss,1.62,GA,4,0,6,-200.0,,,,,,,timeout
ss,1.62,GA,5,0,6,-200.0,,,,,,,timeout
ss,1.62,GA,6,0,6,-200.0,,,,,,,timeout
ss,1.62,GA,7,0,6,-200.0,,,,,,,timeout
ss,1.62,GA,8,0,2,31.03107,1.221992,21.75782,49.7607,62.139,15.8378,44.71063,
ss,1.62,GA,9,0,1,34.43516,1.219569,27.07365,50.1484,63.276,19.07,26.3617,
ss,1.62,GA,10,0,1,36.12977,1.219456,27.26501,50.5194,62.97,19.5533,26.74827,
ss,1.62,GA,11,0,1,33.08055,1.221576,20.94165,50.4311,65.26,16.9164,51.39785,
ss,1.62,GA,12,0,2,28.42217,1.222313,21.94548,49.7548,63.531000000000006,16.8113,47.85448,
ss,1.62,GA,13,0,2,33.60946,1.221734,20.79508,49.8802,62.119,15.6872,43.53656,
ss,1.62,GA,14,0,2,28.55667,1.222502,24.43077,49.261,62.55800000000001,16.22,45.75917,
ss,1.62,GA,15,0,2,29.33533,1.221809,23.04085,49.4848,62.606,16.2561,40.06769,
ss,1.62,GA,16,0,1,39.87497,1.22155,20.04904,50.0255,62.370000000000005,15.5763,42.91398,
ss,1.62,GA,17,0,1,39.15118,1.219488,27.24442,50.1419,63.788,18.1782,27.45734,
ss,1.62,GA,18,0,1,41.27586,1.219457,27.14571,50.051,64.252,17.638,28.72201,
ss,1.62,GA,19,0,6,-200.0,,,,,,,timeout
ss,1.62,GA,20,0,2,30.73831,1.222007,21.9113,49.6677,62.105,15.859,44.19707,
ss,1.62,GA,21,0,6,-200.0,,,,,,,timeout
ss,1.62,GA,22,0,2,29.61169,1.222222,22.93389,49.4863,62.245000000000005,15.9998,44.67735,
ss,1.62,GA,23,0,6,-200.0,,,,,,,timeout
ss,1.62,GA,24,0,2,29.9808,1.22218,22.53301,49.7027,62.465,15.9933,46.89792,
ss,1.62,GA,25,0,2,28.5921,1.222618,23.80386,48.9176,63.245000000000005,16.74,46.5502,
ss,1.62,GA,26,0,2,29.39994,1.222246,23.18137,49.4436,62.275000000000006,16.0386,44.52743,
ss,1.62,GA,27,0,1,30.59735,1.22153,21.43363,50.7067,65.625,17.2609,50.27299,
ss,1.62,GA,28,0,2,29.39158,1.222285,23.28971,49.579,62.426,16.0564,45.81149,
ss,1.62,GA,29,0,2,32.0781,1.222406,24.90369,46.935,64.993,18.0655,42.33571,
ss,1.62,GWO,0,0,2,29.04258,1.222543,23.87968,48.7685,63.521,16.9411,46.20305,
ss,1.62,GWO,1,0,2,28.40568,1.222671,23.76318,48.6689,63.404,16.9758,46.36125,
ss,1.62,GWO,2,0,2,28.57778,1.222658,24.02119,48.8036,63.19,16.7085,46.4375,
ss,1.62,GWO,3,0,2,28.67371,1.222659,23.85263,48.5514,63.553,17.0582,46.04357,
ss,1.62,GWO,4,0,2,29.24811,1.222593,23.31359,48.4746,63.855,17.22,45.99675,
ss,1.62,GWO,5,0,2,29.40954,1.222518,22.08061,48.6396,64.133,17.3284,46.69868,
ss,1.62,GWO,6,0,2,28.72913,1.22253,23.61719,49.0276,63.259,16.7513,46.83344,
ss,1.62,GWO,7,0,2,30.55844,1.222423,24.43731,47.7369,64.445,17.7179,43.82698,
ss,1.62,GWO,8,0,2,27.27109,1.222771,25.75373,48.6788,62.775000000000006,16.6947,45.05744,
ss,1.62,GWO,9,0,2,28.58464,1.222516,23.47865,48.6195,63.765,17.3542,45.88544,
ss,1.62,GWO,10,0,2,28.16849,1.222701,24.37723,48.5812,63.29900000000001,16.9536,45.89372,
ss,1.62,GWO,11,0,2,28.75717,1.222526,23.60736,49.0413,63.257000000000005,16.7392,46.84892,
ss,1.62,GWO,12,0,2,29.46625,1.222579,23.33864,48.4513,63.894000000000005,17.2048,45.9308,
ss,1.62,GWO,13,0,2,29.08143,1.222573,22.63483,48.6978,63.790000000000006,17.1627,46.76461,
ss,1.62,GWO,14,0,2,28.7817,1.22266,24.35326,48.5565,63.41,16.8839,45.80525,
ss,1.62,GWO,15,0,2,28.79952,1.222646,23.64965,48.7335,63.405,16.8564,46.53598,
ss,1.62,GWO,16,0,6,-200.0,,,,,,,timeout
ss,1.62,GWO,17,0,6,-200.0,,,,,,,timeout
ss,1.62,GWO,18,0,6,-200.0,,,,,,,timeout
ss,1.62,GWO,19,0,2,29.24581,1.222516,22.04594,48.7029,64.07,17.2939,46.80693,
ss,1.62,GWO,20,0,2,31.13164,1.222496,24.44081,47.4257,64.636,17.7786,43.49905,
ss,1.62,GWO,21,0,2,28.80835,1.222659,23.66923,48.7313,63.392,16.8449,46.59518,
ss,1.62,GWO,22,0,2,29.33737,1.222469,23.59854,48.5635,63.863,17.2499,45.77963,
ss,1.62,GWO,23,0,2,30.57456,1.222524,24.32127,47.6253,64.469,17.6915,43.89251,
ss,1.62,GWO,24,0,2,26.44698,1.222793,24.40018,48.6577,63.001000000000005,17.1974,45.99967,
ss,1.62,GWO,25,0,2,28.71038,1.222511,23.68201,49.0507,63.203,16.7131,46.87231,
ss,1.62,GWO,26,0,2,27.92271,1.222746,25.90295,48.5291,63.005,16.7121,44.71738,
ss,1.62,GWO,27,0,2,31.01572,1.222352,23.69996,47.9392,64.593,17.7198,44.21057,
ss,1.62,GWO,28,0,6,-200.0,,,,,,,timeout
ss,1.62,GWO,29,0,2,29.4997,1.222575,23.3635,48.4298,63.915000000000006,17.2212,45.86008,
ss,1.62,PSO,0,0,6,-200.0,,,,,,,timeout
ss,1.62,PSO,1,0,6,-200.0,,,,,,,timeout
ss,1.62,PSO,2,0,6,-200.0,,,,,,,timeout
ss,1.62,PSO,3,0,6,-200.0,,,,,,,timeout
ss,1.62,PSO,4,0,2,31.46122,1.221845,21.77532,49.7916,62.481,15.9799,50.11519,
ss,1.62,PSO,5,0,1,50.87966,1.22158,19.49785,50.4238,62.676,15.3592,48.62417,
ss,1.62,PSO,6,0,2,28.45575,1.222663,24.51182,48.7953,63.042,16.6174,46.10488,
ss,1.62,PSO,7,0,1,51.06145,1.221578,19.44827,50.4571,62.693,15.372,48.5861,
ss,1.62,PSO,8,0,1,34.69874,1.21947,27.29452,50.2591,62.956,19.2858,26.62276,
ss,1.62,PSO,9,0,1,51.12592,1.221573,19.53269,50.2687,62.479,15.2539,48.45015,
ss,1.62,PSO,10,0,1,52.2985,1.221431,21.20712,50.0466,64.844,16.3853,54.36292,
ss,1.62,PSO,11,0,1,51.06704,1.221579,19.43337,50.467,62.70399999999999,15.38,48.56108,
ss,1.62,PSO,12,0,1,51.2991,1.221469,19.99579,50.1351,62.149,15.1733,48.88631,
ss,1.62,PSO,13,0,2,29.44937,1.222567,22.65972,48.6324,63.887,17.1756,46.63436,
ss,1.62,PSO,14,0,2,29.50214,1.222094,22.46021,49.5756,62.785,16.3303,49.46414,
ss,1.62,PSO,15,0,1,51.39186,1.221471,20.15454,50.1119,62.163,15.2764,49.54712,
ss,1.62,PSO,16,0,2,28.95517,1.222498,23.01795,48.2044,66.315,18.5321,47.58505,
ss,1.62,PSO,17,0,1,51.06156,1.22157,19.4732,50.3361,62.5,15.2908,48.24949,
ss,1.62,PSO,18,0,1,51.38831,1.221471,20.14957,50.1163,62.164,15.2727,49.55107,
ss,1.62,PSO,19,0,2,28.22538,1.222652,25.1267,48.8918,62.782,16.4442,45.468,
ss,1.62,PSO,20,0,1,51.60849,1.221479,20.37768,50.0921,62.31999999999999,15.3699,50.52931,
ss,1.62,PSO,21,0,2,28.2137,1.222655,25.18612,48.8705,62.789,16.4535,45.41782,
ss,1.62,PSO,22,0,1,51.26458,1.221466,20.02065,50.1363,62.104,15.2043,48.8072,
ss,1.62,PSO,23,0,2,28.98316,1.222671,24.55627,48.3735,63.55200000000001,16.9941,45.45754,
ss,1.62,PSO,24,0,1,51.56475,1.221475,20.55141,50.0618,62.408,15.3824,52.62678,
ss,1.62,PSO,25,0,2,28.22594,1.222642,25.12195,48.8913,62.763000000000005,16.4356,45.45328,
ss,1.62,PSO,26,0,1,51.08169,1.221576,19.48799,50.3688,62.575,15.3137,48.51763,
ss,1.62,PSO,27,0,2,28.47124,1.222668,24.58112,48.7581,63.08,16.6448,46.01074,
ss,1.62,PSO,28,0,1,51.06849,1.221575,19.46816,50.3875,62.586,15.3246,48.46167,
ss,1.62,PSO,29,0,2,28.58405,1.22267,24.05069,48.7971,63.172,16.696,46.4913,
ss,1.8,ABC,0,0,6,-200.0,,,,,,,timeout
ss,1.8,ABC,1,0,6,-200.0,,,,,,,timeout
ss,1.8,ABC,2,0,6,-200.0,,,,,,,timeout
ss,1.8,ABC,3,0,6,-200.0,,,,,,,timeout
ss,1.8,ABC,4,0,1,52.81029,1.221855,19.83075,50.2387,63.502,15.6088,45.44489,
ss,1.8,ABC,5,0,1,52.81024,1.221888,19.52269,50.2667,63.153000000000006,15.5137,45.06291,
ss,1.8,ABC,6,0,1,53.6189,1.22191,19.61162,50.2895,63.48,15.5867,46.28147,
ss,1.8,ABC,7,0,1,52.67942,1.221836,19.7765,50.5003,63.835,15.7482,46.23836,
ss,1.8,ABC,8,0,6,-200.0,,,,,,,timeout
ss,1.8,ABC,9,0,6,-200.0,,,,,,,timeout
ss,1.8,ABC,10,0,6,-200.0,,,,,,,timeout
ss,1.8,ABC,11,0,1,52.85328,1.22193,19.27899,50.7413,63.652,15.6648,47.9686,
ss,1.8,ABC,12,0,1,52.59445,1.221725,20.06601,50.6105,63.782,15.7826,44.25611,
ss,1.8,ABC,13,0,6,-200.0,,,,,,,timeout
ss,1.8,ABC,14,0,6,-200.0,,,,,,,timeout
ss,1.8,ABC,15,0,6,-200.0,,,,,,,timeout
ss,1.8,ABC,16,0,6,-200.0,,,,,,,timeout
ss,1.8,ABC,17,0,6,-200.0,,,,,,,timeout
ss,1.8,ABC,18,0,6,-200.0,,,,,,,timeout
ss,1.8,ABC,19,0,6,-200.0,,,,,,,timeout
ss,1.8,ABC,20,0,6,-200.0,,,,,,,timeout
ss,1.8,ABC,21,0,6,-200.0,,,,,,,timeout
ss,1.8,ABC,22,0,6,-200.0,,,,,,,timeout
ss,1.8,ABC,23,0,6,-200.0,,,,,,,timeout
ss,1.8,ABC,24,0,6,-200.0,,,,,,,timeout
ss,1.8,ABC,25,0,6,-200.0,,,,,,,timeout
ss,1.8,ABC,26,0,6,-200.0,,,,,,,timeout
ss,1.8,ABC,27,0,1,52.8106,1.221895,19.57218,50.2536,63.208,15.505,45.5935,
ss,1.8,ABC,28,0,6,-200.0,,,,,,,timeout
ss,1.8,ABC,29,0,1,51.94814,1.221501,21.2059,50.2443,64.625,16.1685,41.28863,
ss,1.8,ACO,0,0,1,53.35153,1.221854,19.90021,50.1728,63.94799999999999,15.7714,45.80478,
ss,1.8,ACO,1,0,1,53.373,1.221886,19.80049,50.1582,64.054,15.8094,46.26513,
ss,1.8,ACO,2,0,6,-200.0,,,,,,,timeout
ss,1.8,ACO,3,0,6,-200.0,,,,,,,timeout
ss,1.8,ACO,4,0,6,-200.0,,,,,,,timeout
ss,1.8,ACO,5,0,6,-200.0,,,,,,,timeout
ss,1.8,ACO,6,0,1,53.20641,1.221902,19.76055,50.1476,64.381,15.9523,46.59775,
ss,1.8,ACO,7,0,6,-200.0,,,,,,,timeout
ss,1.8,ACO,8,0,1,53.38851,1.221922,19.67591,50.145,64.146,15.8424,46.75446,
ss,1.8,ACO,9,0,1,53.40114,1.221903,19.73573,50.1581,63.999,15.782,46.4638,
ss,1.8,ACO,10,0,6,-200.0,,,,,,,timeout
ss,1.8,ACO,11,0,6,-200.0,,,,,,,timeout
ss,1.8,ACO,12,0,6,-200.0,,,,,,,timeout
ss,1.8,ACO,13,0,6,-200.0,,,,,,,timeout
ss,1.8,ACO,14,0,6,-200.0,,,,,,,timeout
ss,1.8,ACO,15,0,6,-200.0,,,,,,,timeout
ss,1.8,ACO,16,0,6,-200.0,,,,,,,timeout
ss,1.8,ACO,17,0,6,-200.0,,,,,,,timeout
ss,1.8,ACO,18,0,1,53.32438,1.221878,19.7907,50.1879,63.663,15.6488,45.95308,
ss,1.8,ACO,19,0,6,-200.0,,,,,,,timeout
ss,1.8,ACO,20,0,1,53.02223,1.22185,19.89532,50.2122,63.625,15.66,45.31032,
ss,1.8,ACO,21,0,6,-200.0,,,,,,,timeout
ss,1.8,ACO,22,0,6,-200.0,,,,,,,timeout
ss,1.8,ACO,23,0,6,-200.0,,,,,,,timeout
ss,1.8,ACO,24,0,6,-200.0,,,,,,,timeout
ss,1.8,ACO,25,0,6,-200.0,,,,,,,timeout
ss,1.8,ACO,26,0,6,-200.0,,,,,,,timeout
ss,1.8,ACO,27,0,6,-200.0,,,,,,,timeout
ss,1.8,ACO,28,0,6,-200.0,,,,,,,timeout
ss,1.8,ACO,29,0,1,53.41328,1.221912,19.70087,50.1579,63.971,15.7682,46.56496,
ss,1.8,FA,0,0,1,38.0584,1.220436,26.11089,50.6641,62.205,25.8079,26.316,
ss,1.8,FA,1,1,0,41.17723,1.221019,23.23444,50.2645,60.074,14.9884,53.34232,
ss,1.8,FA,2,0,1,51.77814,1.22181,19.4545,50.4163,62.096,15.0373,48.77753,
ss,1.8,FA,3,0,1,44.41481,1.220378,26.0724,51.1163,62.474,18.9327,27.35199,
ss,1.8,FA,4,0,1,36.68172,1.221124,22.83043,50.3146,59.468,14.2784,51.38267,
ss,1.8,FA,5,0,1,44.79462,1.220382,26.08225,51.4342,62.269000000000005,21.5232,26.93783,
ss,1.8,FA,6,0,1,42.98262,1.220386,26.06726,51.4234,61.432,22.0009,26.55209,
ss,1.8,FA,7,0,2,30.02111,1.220201,26.17055,49.9555,61.52,28.4863,26.83222,
ss,1.8,FA,8,0,2,30.02747,1.220237,26.05058,49.9557,61.498000000000005,28.5827,26.70547,
ss,1.8,FA,9,0,1,51.63356,1.221801,19.30583,50.6223,62.0,15.1155,47.60791,
ss,1.8,FA,10,0,6,-200.0,,,,,,,timeout
ss,1.8,FA,11,0,6,-200.0,,,,,,,timeout
ss,1.8,FA,12,0,6,-200.0,,,,,,,timeout
ss,1.8,FA,13,0,6,-200.0,,,,,,,timeout
ss,1.8,FA,14,0,1,47.66803,1.220144,26.05753,50.2034,63.86,17.544,35.91101,
ss,1.8,FA,15,0,1,45.29437,1.221752,19.51991,50.9428,61.932,15.2725,43.64541,
ss,1.8,FA,16,0,1,35.7934,1.221104,22.87547,50.3773,59.453,14.1219,51.44501,
ss,1.8,FA,17,0,1,48.77486,1.22028,26.11423,50.1131,63.098,17.3977,52.62066,
ss,1.8,FA,18,0,1,42.77154,1.220483,26.03043,50.5585,62.227,18.339,26.77743,
ss,1.8,FA,19,0,2,25.34935,1.220898,26.05633,49.9191,74.949,31.6907,42.68426,
ss,1.8,FA,20,0,6,-200.0,,,,,,,timeout
ss,1.8,FA,21,0,6,-200.0,,,,,,,timeout
ss,1.8,FA,22,0,1,51.18368,1.221812,19.58839,50.4436,60.672,14.5052,46.29883,
ss,1.8,FA,23,0,1,51.94775,1.221822,19.65272,50.4192,61.901,14.9595,49.35555,
ss,1.8,FA,24,1,0,44.54282,1.220533,24.8277,50.2098,61.021,15.6412,48.00955,
ss,1.8,FA,25,0,1,34.2033,1.221019,23.17488,50.2843,59.413,14.0061,49.71643,
ss,1.8,FA,26,0,2,26.17724,1.220751,26.08429,49.9269,71.242,30.971,35.11847,
ss,1.8,FA,27,0,1,52.35902,1.221805,19.57362,50.3979,62.086,15.1625,49.47032,
ss,1.8,FA,28,0,1,39.97927,1.220371,26.08248,51.4821,60.71,23.8905,26.13962,
ss,1.8,FA,29,0,1,39.88097,1.220367,25.46676,50.1968,59.584,15.4351,53.09055,
ss,1.8,GA,0,0,1,52.50589,1.221856,19.52321,50.8513,64.537,16.0696,49.00648,
ss,1.8,GA,1,0,1,52.82543,1.221887,19.67647,50.2576,63.366,15.5524,45.80869,
ss,1.8,GA,2,0,1,52.94044,1.221757,20.15478,50.307,63.82599999999999,15.7747,44.1743,
ss,1.8,GA,3,0,1,52.67493,1.221888,19.53757,50.2478,63.13,15.4976,45.12548,
ss,1.8,GA,4,0,1,52.88447,1.221822,19.97514,50.4083,62.540000000000006,15.3621,50.07236,
ss,1.8,GA,5,0,1,52.71927,1.221879,19.46828,50.2755,63.075,15.5099,44.54744,
ss,1.8,GA,6,0,1,52.83607,1.221724,20.75557,50.2588,65.263,16.3935,51.18921,
ss,1.8,GA,7,0,1,53.31649,1.221926,19.50225,50.4015,63.843,15.7314,47.15469,
ss,1.8,GA,8,0,1,52.22273,1.221886,19.30448,50.3784,62.846,15.4331,44.71115,
ss,1.8,GA,9,1,0,43.6268,1.220629,25.82871,50.3309,62.82599999999999,18.4578,26.40136,
ss,1.8,GA,10,0,1,44.1084,1.220476,26.01072,50.7158,62.487,18.9709,26.78659,
ss,1.8,GA,11,0,1,52.93587,1.221846,19.94498,50.7901,65.652,16.5012,51.41099,
ss,1.8,GA,12,0,1,52.76757,1.221934,19.42276,50.5822,64.442,15.9995,47.8458,
ss,1.8,GA,13,0,1,51.93486,1.221857,19.28014,50.3614,62.633,15.2851,43.54479,
ss,1.8,GA,14,0,1,52.94456,1.221888,19.63677,50.2899,63.370000000000005,15.5646,45.74263,
ss,1.8,GA,15,0,1,51.34509,1.221642,20.00785,50.4222,63.31,15.5756,40.06618,
ss,1.8,GA,16,0,1,51.81641,1.221855,19.19585,50.3783,62.556,15.2948,42.92829,
ss,1.8,GA,17,0,1,45.0135,1.22044,26.02142,50.3411,63.306,17.6923,27.49338,
ss,1.8,GA,18,0,1,46.14032,1.22031,26.00432,50.2723,63.80800000000001,17.2365,28.75473,
ss,1.8,GA,19,0,1,50.38885,1.221572,20.22729,50.45,63.42400000000001,15.6216,38.36497,
ss,1.8,GA,20,0,1,52.49762,1.221879,19.33436,50.3123,62.81100000000001,15.3212,44.19686,
ss,1.8,GA,21,0,1,52.21527,1.221886,19.30448,50.3814,62.843,15.4322,44.70962,
ss,1.8,GA,22,0,1,52.68477,1.221889,19.42348,50.2785,63.03,15.4921,44.67028,
ss,1.8,GA,23,0,1,52.01977,1.221863,19.28005,50.343,62.653000000000006,15.2891,43.58979,
ss,1.8,GA,24,0,1,52.91473,1.221917,19.46271,50.4111,63.215,15.4756,46.89315,
ss,1.8,GA,25,0,1,53.36051,1.221896,19.72593,50.2295,64.082,15.8264,46.53002,
ss,1.8,GA,26,0,1,52.67564,1.221876,19.47824,50.2781,63.071,15.5086,44.51906,
ss,1.8,GA,27,0,1,52.78734,1.22175,20.24419,51.1111,66.114,16.7668,50.28442,
ss,1.8,GA,28,0,1,52.73849,1.221893,19.48293,50.3942,63.203,15.5199,45.80242,
ss,1.8,GA,29,0,1,52.4336,1.221545,21.09103,50.2244,65.268,16.4605,42.31089,
ss,1.8,GWO,0,0,1,53.70084,1.221789,19.94591,50.3529,64.296,15.9242,46.18183,
ss,1.8,GWO,1,0,1,53.36497,1.221897,19.77055,50.1455,64.262,15.9084,46.33936,
ss,1.8,GWO,2,0,1,53.61677,1.221902,19.73575,50.1569,64.018,15.7901,46.41617,
ss,1.8,GWO,3,0,1,53.45501,1.221871,19.87513,50.1458,64.368,15.9606,46.02119,
ss,1.8,GWO,4,0,1,53.46213,1.221862,19.92488,50.1348,64.612,16.0699,45.97627,
ss,1.8,GWO,5,0,1,53.29592,1.221921,19.7404,50.1142,64.871,16.1805,46.68268,
ss,1.8,GWO,6,0,1,53.87086,1.221838,19.75662,50.3495,64.092,15.8254,46.81429,
ss,1.8,GWO,7,0,1,53.4063,1.221601,20.67828,50.3579,64.962,16.2767,43.80343,
ss,1.8,GWO,8,0,1,52.93991,1.221842,19.91529,50.2053,63.69499999999999,15.7038,45.03033,
ss,1.8,GWO,9,0,1,53.21346,1.221777,20.01556,50.3468,64.59,16.0792,45.8647,
ss,1.8,GWO,10,0,1,53.27447,1.221863,19.88022,50.1569,64.158,15.8705,45.86965,
ss,1.8,GWO,11,0,1,53.90349,1.221839,19.74669,50.3525,64.086,15.8228,46.82992,
ss,1.8,GWO,12,0,1,53.54179,1.221851,19.96474,50.1354,64.625,16.0726,45.91046,
ss,1.8,GWO,13,0,1,53.34143,1.221924,19.70563,50.122,64.601,16.0539,46.7469,
ss,1.8,GWO,14,0,1,53.53048,1.221846,19.94498,50.1584,64.19,15.8765,45.78197,
ss,1.8,GWO,15,0,1,53.6179,1.221905,19.74066,50.1445,64.221,15.8787,46.51515,
ss,1.8,GWO,16,0,1,53.2069,1.221901,19.74073,50.1568,64.036,15.8143,46.26146,
ss,1.8,GWO,17,0,1,53.83448,1.221816,19.90083,50.3293,64.333,15.9583,47.01092,
ss,1.8,GWO,18,0,1,53.48363,1.22189,19.80042,50.1462,64.287,15.9134,46.32973,
ss,1.8,GWO,19,0,1,53.52526,1.221931,19.6956,50.1148,64.835,16.1602,46.79134,
ss,1.8,GWO,20,0,1,53.00893,1.22165,20.7221,50.1636,65.082,16.3345,43.47472,
ss,1.8,GWO,21,0,1,53.43261,1.221909,19.73068,50.1461,64.205,15.872,46.57405,
ss,1.8,GWO,22,0,1,53.64548,1.221747,20.1351,50.3419,64.592,16.0771,45.75946,
ss,1.8,GWO,23,0,1,53.26275,1.221687,20.57761,50.1515,64.99,16.2826,43.86848,
ss,1.8,GWO,24,0,1,52.6878,1.221907,19.72079,50.1572,64.097,15.8695,45.97398,
ss,1.8,GWO,25,0,1,53.80049,1.221831,19.79146,50.3501,64.028,15.8042,46.85355,
ss,1.8,GWO,26,0,1,53.081,1.221806,20.05476,50.2063,63.816,15.7537,44.68991,
ss,1.8,GWO,27,0,1,53.80722,1.22163,20.59345,50.3472,65.108,16.3323,44.1904,
ss,1.8,GWO,28,0,1,53.19004,1.221795,20.13431,50.1658,64.299,15.9375,45.23254,
ss,1.8,GWO,29,0,1,53.51797,1.221845,19.98468,50.1385,64.639,16.0807,45.83965,
ss,1.8,PSO,0,0,1,52.73281,1.221986,19.75423,50.1983,64.873,15.9747,52.71559,
ss,1.8,PSO,1,0,6,-200.0,,,,,,,timeout
ss,1.8,PSO,2,0,6,-200.0,,,,,,,timeout
ss,1.8,PSO,3,0,1,52.98648,1.221818,20.02976,50.2089,63.765,15.7265,44.89344,
ss,1.8,PSO,4,0,1,53.13347,1.221833,19.9948,50.3178,63.054,15.5439,50.11886,
ss,1.8,PSO,5,0,1,51.90923,1.221918,18.89231,50.7155,62.597,15.2155,48.6396,
ss,1.8,PSO,6,0,1,53.32864,1.221877,19.81551,50.1726,63.863,15.7293,46.08254,
ss,1.8,PSO,7,0,1,51.95859,1.221917,18.83776,50.7467,62.602,15.2305,48.60155,
ss,1.8,PSO,8,0,1,44.25327,1.220503,26.0449,50.4699,62.503,18.6856,26.66151,
ss,1.8,PSO,9,0,1,51.74775,1.221912,18.92216,50.5598,62.412000000000006,15.1055,48.46561,
ss,1.8,PSO,10,0,1,52.9956,1.221828,20.60499,50.279,64.66,16.2728,54.3803,
ss,1.8,PSO,11,0,1,51.99901,1.221918,18.82287,50.7566,62.61,15.2394,48.57653,
ss,1.8,PSO,12,0,1,51.80437,1.221808,19.39004,50.4258,62.06399999999999,15.0287,48.90173,
ss,1.8,PSO,13,0,1,53.31025,1.22191,19.76042,50.1228,64.652,16.0775,46.6164,
ss,1.8,PSO,14,0,1,53.3297,1.221839,19.95998,50.3079,63.506,15.6951,49.45966,
ss,1.8,PSO,15,0,1,52.27088,1.221805,19.55874,50.3992,62.08,15.1451,49.56244,
ss,1.8,PSO,16,0,2,54.23298,1.221894,20.20708,49.9696,66.89,17.1281,47.56883,
ss,1.8,PSO,17,0,1,51.79662,1.221909,18.86269,50.6259,62.43600000000001,15.1459,48.26497,
ss,1.8,PSO,18,0,1,52.2476,1.221806,19.55377,50.4037,62.083,15.1414,49.56638,
ss,1.8,PSO,19,0,1,53.08783,1.221863,19.84054,50.212,63.594,15.6453,45.44557,
ss,1.8,PSO,20,0,1,52.72858,1.22182,19.83628,50.3635,62.20399999999999,15.2392,50.54485,
ss,1.8,PSO,21,0,1,53.03016,1.221857,19.86544,50.2124,63.598,15.6472,45.39508,
ss,1.8,PSO,22,0,1,51.90161,1.221803,19.40996,50.4246,62.044,15.0658,48.82261,
ss,1.8,PSO,23,0,1,53.26476,1.221814,20.06951,50.1599,64.286,15.9275,45.43288,
ss,1.8,PSO,24,0,1,52.1027,1.221832,20.06922,50.2924,62.30200000000001,15.261,52.64285,
ss,1.8,PSO,25,0,1,52.97371,1.221857,19.85552,50.2132,63.57299999999999,15.6351,45.43097,
ss,1.8,PSO,26,0,1,51.8378,1.221914,18.87253,50.6592,62.506,15.1679,48.53309,
ss,1.8,PSO,27,0,1,53.33622,1.221869,19.84044,50.1728,63.892,15.7436,45.988,
ss,1.8,PSO,28,0,1,51.86313,1.221913,18.85766,50.6777,62.512,15.1804,48.4771,
ss,1.8,PSO,29,0,1,53.39254,1.221903,19.73573,50.1575,63.996,15.7804,46.46965,
ss,1.98,ABC,0,0,6,-200.0,,,,,,,timeout
ss,1.98,ABC,1,0,6,-200.0,,,,,,,timeout
ss,1.98,ABC,2,0,1,53.64529,1.222268,18.91665,50.568,63.338,15.2987,46.6711,
ss,1.98,ABC,3,0,6,-200.0,,,,,,,timeout
ss,1.98,ABC,4,0,1,53.35487,1.222215,19.22491,50.4812,63.717,15.4519,45.46105,
ss,1.98,ABC,5,0,1,53.43564,1.222249,18.91694,50.4909,63.349,15.3642,45.07911,
ss,1.98,ABC,6,0,1,53.46659,1.222269,19.04059,50.5178,63.685,15.437,46.2976,
ss,1.98,ABC,7,0,1,53.09045,1.222212,19.22,50.7086,64.048,15.5929,46.25507,
ss,1.98,ABC,8,0,6,-200.0,,,,,,,timeout
ss,1.98,ABC,9,0,6,-200.0,,,,,,,timeout
ss,1.98,ABC,10,0,1,53.48337,1.222265,19.03074,50.5363,63.618,15.4126,46.3147,
ss,1.98,ABC,11,0,6,-200.0,,,,,,,timeout
ss,1.98,ABC,12,0,6,-200.0,,,,,,,timeout
ss,1.98,ABC,13,0,6,-200.0,,,,,,,timeout
ss,1.98,ABC,14,0,6,-200.0,,,,,,,timeout
ss,1.98,ABC,15,0,6,-200.0,,,,,,,timeout
ss,1.98,ABC,16,0,6,-200.0,,,,,,,timeout
ss,1.98,ABC,17,0,1,53.5828,1.22226,18.77297,50.6808,63.277,15.3533,45.89174,
ss,1.98,ABC,18,0,6,-200.0,,,,,,,timeout
ss,1.98,ABC,19,0,6,-200.0,,,,,,,timeout
ss,1.98,ABC,20,0,6,-200.0,,,,,,,timeout
ss,1.98,ABC,21,0,6,-200.0,,,,,,,timeout
ss,1.98,ABC,22,0,1,53.53997,1.222271,19.00585,50.5388,63.47,15.3252,46.97993,
ss,1.98,ABC,23,0,1,51.62765,1.222207,19.36388,50.6262,64.796,15.8952,46.02632,
ss,1.98,ABC,24,0,6,-200.0,,,,,,,timeout
ss,1.98,ABC,25,0,6,-200.0,,,,,,,timeout
ss,1.98,ABC,26,0,1,52.63937,1.222136,19.60799,50.7303,64.621,15.8124,46.39505,
ss,1.98,ABC,27,0,6,-200.0,,,,,,,timeout
ss,1.98,ABC,28,0,6,-200.0,,,,,,,timeout
ss,1.98,ABC,29,0,1,51.02531,1.221911,20.48455,50.5483,64.848,15.9525,41.30647,
ss,1.98,ACO,0,0,6,-200.0,,,,,,,timeout
ss,1.98,ACO,1,0,6,-200.0,,,,,,,timeout
ss,1.98,ACO,2,0,6,-200.0,,,,,,,timeout
ss,1.98,ACO,3,0,6,-200.0,,,,,,,timeout
ss,1.98,ACO,4,0,6,-200.0,,,,,,,timeout
ss,1.98,ACO,5,0,6,-200.0,,,,,,,timeout
ss,1.98,ACO,6,0,6,-200.0,,,,,,,timeout
ss,1.98,ACO,7,0,6,-200.0,,,,,,,timeout
ss,1.98,ACO,8,0,6,-200.0,,,,,,,timeout
ss,1.98,ACO,9,0,6,-200.0,,,,,,,timeout
ss,1.98,ACO,10,0,6,-200.0,,,,,,,timeout
ss,1.98,ACO,11,0,6,-200.0,,,,,,,timeout
ss,1.98,ACO,12,0,1,53.22459,1.22227,19.12983,50.3945,64.03,15.5279,46.42576,
ss,1.98,ACO,13,0,6,-200.0,,,,,,,timeout
ss,1.98,ACO,14,0,6,-200.0,,,,,,,timeout
ss,1.98,ACO,15,0,6,-200.0,,,,,,,timeout
ss,1.98,ACO,16,0,6,-200.0,,,,,,,timeout
ss,1.98,ACO,17,0,6,-200.0,,,,,,,timeout
ss,1.98,ACO,18,0,6,-200.0,,,,,,,timeout
ss,1.98,ACO,19,0,6,-200.0,,,,,,,timeout
ss,1.98,ACO,20,0,1,53.2742,1.222212,19.28942,50.4565,63.846,15.5,45.32656,
ss,1.98,ACO,21,0,1,53.10184,1.222278,19.13962,50.3737,64.238,15.6045,46.56553,
ss,1.98,ACO,22,0,1,53.07889,1.222273,19.15458,50.3747,64.267,15.6184,46.48453,
ss,1.98,ACO,23,0,1,53.0495,1.222221,19.31903,50.4019,64.206,15.6061,45.79335,
ss,1.98,ACO,24,0,1,53.22512,1.22227,19.12487,50.3943,64.029,15.5275,46.42814,
ss,1.98,ACO,25,0,1,54.26659,1.222151,19.01268,50.5889,62.233,15.0318,49.51062,
ss,1.98,ACO,26,0,1,53.35517,1.222269,19.1001,50.4154,63.809,15.4522,46.3054,
ss,1.98,ACO,27,0,1,53.16736,1.222254,19.18958,50.3969,64.088,15.5536,46.21759,
ss,1.98,ACO,28,0,1,53.05301,1.222266,19.18444,50.3754,64.294,15.6305,46.39172,
ss,1.98,ACO,29,0,1,53.10557,1.22228,19.12472,50.3736,64.239,15.6056,46.58139,
ss,1.98,FA,0,0,1,39.67076,1.221673,24.53665,50.828,61.918000000000006,25.4976,26.36159,
ss,1.98,FA,1,1,0,42.42108,1.221353,22.78645,50.3696,60.249,14.978,53.35762,
ss,1.98,FA,2,0,1,54.11998,1.222161,18.90343,50.5972,62.217,14.9028,48.79341,
ss,1.98,FA,3,1,0,39.90603,1.221349,24.79127,51.3525,62.30200000000001,19.1496,27.38869,
ss,1.98,FA,4,0,2,37.76038,1.221443,22.3779,50.4211,59.666,14.2956,51.39745,
ss,1.98,FA,5,0,1,44.76604,1.221401,24.75051,51.5855,62.106,21.8131,26.9761,
ss,1.98,FA,6,0,1,43.37881,1.22143,24.72016,51.5725,61.298,22.308,26.5912,
ss,1.98,FA,7,0,1,29.76691,1.221572,24.56844,50.0868,61.368,28.3778,26.8823,
ss,1.98,FA,8,0,1,29.84655,1.221621,24.42855,50.0867,61.354,28.4755,26.75599,
ss,1.98,FA,9,0,1,53.96521,1.222159,18.75469,50.7879,62.142,14.9874,47.62402,
ss,1.98,FA,10,0,1,54.05324,1.22217,19.05205,50.5736,61.418000000000006,14.5762,49.3056,
ss,1.98,FA,11,1,0,44.60487,1.220776,24.76319,50.3982,61.43600000000001,16.0111,43.17977,
ss,1.98,FA,12,1,0,43.04805,1.221173,23.37544,50.3838,60.935,15.3451,48.86365,
ss,1.98,FA,13,1,0,50.29044,1.220661,25.52517,50.3032,62.666,17.1085,46.58557,
ss,1.98,FA,14,1,0,49.90912,1.220723,25.27563,50.3455,63.795,17.4082,35.9345,
ss,1.98,FA,15,0,1,46.53558,1.222136,18.96828,51.0675,62.13,15.2965,43.66238,
ss,1.98,FA,16,0,2,36.77167,1.22142,22.42298,50.4853,59.658,14.1369,51.4597,
ss,1.98,FA,17,1,0,50.73057,1.220719,25.60339,50.2188,63.114,17.3675,52.63949,
ss,1.98,FA,18,0,1,41.73249,1.221491,24.77846,50.7474,62.122,18.6023,26.81536,
ss,1.98,FA,19,0,2,26.17581,1.22221,24.75397,49.9913,74.849,31.8811,42.73236,
ss,1.98,FA,20,0,2,24.44668,1.222199,20.85659,50.4405,64.009,13.8447,48.75271,
ss,1.98,FA,21,0,2,25.98129,1.222209,24.79366,49.9911,75.463,31.8181,44.67476,
ss,1.98,FA,22,0,1,53.44736,1.222186,19.03693,50.6326,60.847,14.3549,46.31544,
ss,1.98,FA,23,0,1,54.00866,1.222177,19.1412,50.5951,62.010000000000005,14.8255,49.37155,
ss,1.98,FA,24,0,6,-200.0,,,,,,,timeout
ss,1.98,FA,25,0,6,-200.0,,,,,,,timeout
ss,1.98,FA,26,0,6,-200.0,,,,,,,timeout
ss,1.98,FA,27,0,6,-200.0,,,,,,,timeout
ss,1.98,FA,28,0,6,-200.0,,,,,,,timeout
ss,1.98,FA,29,0,1,41.03432,1.220716,24.99775,50.311,59.668000000000006,15.4644,53.10632,
ss,1.98,GA,0,0,1,52.86767,1.222247,19.05085,51.0037,64.772,15.9369,49.02368,
ss,1.98,GA,1,0,1,53.4813,1.222243,19.07571,50.4945,63.57599999999999,15.4002,45.82471,
ss,1.98,GA,2,0,1,53.04943,1.222128,19.51886,50.5626,64.026,15.6081,44.19085,
ss,1.98,GA,3,0,1,53.45049,1.222248,18.93183,50.4738,63.33,15.3478,45.14164,
ss,1.98,GA,4,0,1,53.9435,1.222178,19.49327,50.5843,62.67,15.2436,50.08837,
ss,1.98,GA,5,0,1,53.34296,1.222247,18.86739,50.4903,63.260000000000005,15.3609,44.56386,
ss,1.98,GA,6,0,1,51.87969,1.222176,20.30159,50.3472,65.4,16.2905,51.20843,
ss,1.98,GA,7,0,1,53.26864,1.222293,18.95593,50.6062,64.068,15.5869,47.17109,
ss,1.98,GA,8,0,1,53.38911,1.222256,18.72345,50.5763,63.019000000000005,15.2957,44.72766,
ss,1.98,GA,9,0,1,44.80343,1.221671,24.60118,50.4472,62.738,18.7352,26.44042,
ss,1.98,GA,10,0,1,45.15128,1.221478,24.74895,50.8398,62.400000000000006,19.2522,26.82428,
ss,1.98,GA,11,0,1,52.00845,1.222291,19.5113,50.8831,65.794,16.4065,51.42998,
ss,1.98,GA,12,0,1,52.94308,1.222316,18.91095,50.7573,64.7,15.8576,47.8627,
ss,1.98,GA,13,0,1,53.15651,1.222242,18.69391,50.5412,62.834,15.2674,43.5618,
ss,1.98,GA,14,0,1,53.48828,1.222244,19.03602,50.5251,63.57299999999999,15.4135,45.75866,
ss,1.98,GA,15,0,1,52.22811,1.222069,19.36606,50.6192,63.507000000000005,15.5693,40.08458,
ss,1.98,GA,16,0,1,53.02045,1.222251,18.60948,50.5414,62.754000000000005,15.2805,42.94566,
ss,1.98,GA,17,1,0,45.76001,1.221374,24.81557,50.4658,63.182,17.9295,27.5288,
ss,1.98,GA,18,1,0,46.71599,1.221147,24.87974,50.4026,63.693,17.4425,28.78688,
ss,1.98,GA,19,0,1,51.76766,1.222028,19.55517,50.6413,63.581,15.6201,38.38433,
ss,1.98,GA,20,0,6,-200.0,,,,,,,timeout
ss,1.98,GA,21,0,6,-200.0,,,,,,,timeout
ss,1.98,GA,22,0,6,-200.0,,,,,,,timeout
ss,1.98,GA,23,0,6,-200.0,,,,,,,timeout
ss,1.98,GA,24,0,6,-200.0,,,,,,,timeout
ss,1.98,GA,25,0,1,53.03726,1.222268,19.15465,50.4415,64.343,15.6662,46.54658,
ss,1.98,GA,26,0,1,53.33586,1.222243,18.87737,50.4929,63.256,15.3594,44.53549,
ss,1.98,GA,27,0,1,51.88254,1.2222,19.80532,51.2145,66.248,16.6676,50.30361,
ss,1.98,GA,28,0,1,53.5528,1.22225,18.88717,50.6172,63.39,15.3735,45.81848,
ss,1.98,GA,29,0,1,48.02662,1.221966,20.40924,50.487,65.562,16.2311,42.32907,
ss,1.98,GWO,0,0,1,51.71586,1.222168,19.37441,50.5676,64.573,15.7546,46.1986,
ss,1.98,GWO,1,0,6,-200.0,,,,,,,timeout
ss,1.98,GWO,2,0,6,-200.0,,,,,,,timeout
ss,1.98,GWO,3,0,1,50.8252,1.222252,19.29374,50.356,64.654,15.7858,46.03806,
ss,1.98,GWO,4,0,6,-200.0,,,,,,,timeout
ss,1.98,GWO,5,0,1,49.09847,1.222311,19.18869,50.2998,65.184,16.0045,46.69985,
ss,1.98,GWO,6,0,1,52.63942,1.222211,19.19522,50.558,64.362,15.6644,46.83087,
ss,1.98,GWO,7,0,1,48.52487,1.222008,20.05145,50.5942,65.246,16.0707,43.8212,
ss,1.98,GWO,8,0,1,53.13157,1.222211,19.30927,50.4457,63.928,15.5362,45.04678,
ss,1.98,GWO,9,0,1,49.21599,1.222168,19.44384,50.5499,64.891,15.8961,45.88193,
ss,1.98,GWO,10,0,1,51.63449,1.222241,19.29392,50.3741,64.435,15.698,45.88639,
ss,1.98,GWO,11,0,1,52.7019,1.222211,19.19026,50.561,64.355,15.6624,46.84649,
ss,1.98,GWO,12,0,1,50.14095,1.222239,19.3832,50.3413,64.918,15.8952,45.92752,
ss,1.98,GWO,13,0,1,50.02992,1.222309,19.14905,50.3129,64.906,15.8813,46.76391,
ss,1.98,GWO,14,0,1,52.34101,1.222222,19.35868,50.38,64.458,15.7053,45.7987,
ss,1.98,GWO,15,0,1,52.08812,1.22228,19.1743,50.353,64.5,15.7123,46.53182,
ss,1.98,GWO,16,0,1,51.81751,1.222276,19.16445,50.369,64.315,15.6461,46.27811,
ss,1.98,GWO,17,0,1,51.43205,1.222197,19.35412,50.5265,64.605,15.7972,47.02777,
ss,1.98,GWO,18,0,1,51.76084,1.222266,19.2241,50.3572,64.568,15.7444,46.34644,
ss,1.98,GWO,19,0,1,49.15468,1.222321,19.14887,50.2979,65.145,15.9863,46.80853,
ss,1.98,GWO,20,0,1,48.42152,1.222058,20.07047,50.4054,65.368,16.1238,43.49248,
ss,1.98,GWO,21,0,1,52.26203,1.222282,19.15939,50.3554,64.486,15.7058,46.59066,
ss,1.98,GWO,22,0,1,49.98668,1.222137,19.55343,50.5513,64.878,15.8976,45.77661,
ss,1.98,GWO,23,0,1,48.50148,1.222092,19.94097,50.3847,65.277,16.0777,43.88614,
ss,1.98,GWO,24,0,1,49.48163,1.222289,19.13449,50.3629,64.394,15.6939,45.99088,
ss,1.98,GWO,25,0,1,53.03185,1.222202,19.23503,50.5594,64.293,15.6451,46.87009,
ss,1.98,GWO,26,0,1,53.06382,1.222176,19.43875,50.4545,64.043,15.5858,44.70642,
ss,1.98,GWO,27,0,1,48.16537,1.222038,19.97656,50.5723,65.398,16.1311,44.20816,
ss,1.98,GWO,28,0,1,51.77376,1.222177,19.53295,50.3922,64.572,15.7581,45.24946,
ss,1.98,GWO,29,0,1,50.09225,1.222233,19.40809,50.3452,64.932,15.9025,45.85675,
ss,1.98,PSO,0,0,1,52.07795,1.22243,19.29094,50.2757,64.981,15.875,52.73456,
ss,1.98,PSO,1,0,1,54.10505,1.222263,18.34154,50.7673,62.529,14.984,48.39997,
ss,1.98,PSO,2,0,1,54.2412,1.222152,18.93828,50.5909,62.176,14.9653,49.23502,
ss,1.98,PSO,3,0,1,53.16676,1.222184,19.41879,50.4612,63.986,15.5613,44.90978,
ss,1.98,PSO,4,0,1,53.64827,1.222194,19.51285,50.4951,63.228,15.4192,50.13504,
ss,1.98,PSO,5,0,1,54.07145,1.222271,18.34638,50.895,62.735,15.0807,48.65553,
ss,1.98,PSO,6,0,1,53.13506,1.222244,19.22941,50.3983,64.118,15.5663,46.09895,
ss,1.98,PSO,7,0,1,54.10031,1.222269,18.29186,50.9264,62.736,15.0952,48.61746,
ss,1.98,PSO,8,0,1,45.05827,1.221516,24.80276,50.5943,62.44,18.9686,26.69958,
ss,1.98,PSO,9,0,1,54.09861,1.222265,18.3663,50.7406,62.52,14.9695,48.48152,
ss,1.98,PSO,10,0,1,52.5211,1.22225,20.15657,50.3685,64.764,16.1909,54.39856,
ss,1.98,PSO,11,0,1,54.1046,1.22227,18.27201,50.9364,62.743,15.104,48.59242,
ss,1.98,PSO,12,0,1,54.17763,1.222157,18.84398,50.6065,62.182,14.8935,48.91756,
ss,1.98,PSO,13,0,1,50.0685,1.222295,19.19886,50.3171,64.957,15.9045,46.63341,
ss,1.98,PSO,14,0,1,53.39268,1.222205,19.45813,50.4883,63.711,15.5645,49.47604,
ss,1.98,PSO,15,0,1,54.2653,1.222151,19.0226,50.578,62.221,15.0129,49.57814,
ss,1.98,PSO,16,0,1,46.35161,1.222378,19.79748,50.0579,67.189,16.9388,47.58916,
ss,1.98,PSO,17,0,1,54.10711,1.222262,18.30188,50.8061,62.554,15.0093,48.28086,
ss,1.98,PSO,18,0,1,54.26271,1.222152,19.01266,50.5826,62.221,15.0085,49.58208,
ss,1.98,PSO,19,0,1,53.3085,1.222224,19.23964,50.4544,63.81399999999999,15.4867,45.46177,
ss,1.98,PSO,20,0,1,54.14143,1.222172,19.33964,50.5303,62.331,15.1196,50.56072,
ss,1.98,PSO,21,0,1,53.29569,1.222219,19.26451,50.4556,63.819,15.488,45.41132,
ss,1.98,PSO,22,0,1,54.2036,1.222152,18.85893,50.604,62.152,14.9305,48.83839,
ss,1.98,PSO,23,0,1,51.96012,1.222194,19.47318,50.3862,64.558,15.7508,45.44969,
ss,1.98,PSO,24,0,1,53.85975,1.222196,19.61695,50.4284,62.44199999999999,15.1548,52.65913,
ss,1.98,PSO,25,0,1,53.30451,1.222219,19.26451,50.4555,63.795,15.4764,45.44719,
ss,1.98,PSO,26,0,1,54.10463,1.222266,18.32166,50.8395,62.628,15.0322,48.54899,
ss,1.98,PSO,27,0,1,53.10843,1.222237,19.25431,50.3994,64.147,15.5796,46.00444,
ss,1.98,PSO,28,0,1,54.1092,1.222266,18.30182,50.858,62.642,15.0445,48.49301,
ss,1.98,PSO,29,0,1,53.07908,1.222272,19.15459,50.3741,64.264,15.6167,46.48612,
tt,1.62,ABC,0,0,2,28.37957,1.221823,23.08523,49.4948,63.179,16.4654,47.17355,
tt,1.62,ABC,1,0,2,29.30809,1.221758,24.17778,49.0853,63.389,16.5057,46.14215,
tt,1.62,ABC,2,0,2,30.74344,1.221641,22.54791,49.4012,62.907,16.0243,46.65411,
tt,1.62,ABC,3,0,2,31.70384,1.221524,21.95965,49.5964,63.134,16.0454,46.75712,
tt,1.62,ABC,4,0,6,-200.0,,,,,,,timeout
tt,1.62,ABC,5,0,6,-200.0,,,,,,,timeout
tt,1.62,ABC,6,0,6,-200.0,,,,,,,timeout
tt,1.62,ABC,7,0,6,-200.0,,,,,,,timeout
tt,1.62,ABC,8,0,6,-200.0,,,,,,,timeout
tt,1.62,ABC,9,0,6,-200.0,,,,,,,timeout
tt,1.62,ABC,10,0,6,-200.0,,,,,,,timeout
tt,1.62,ABC,11,0,6,-200.0,,,,,,,timeout
tt,1.62,ABC,12,0,2,28.66061,1.2218,24.94085,49.1416,63.481,16.6102,44.26675,
tt,1.62,ABC,13,0,6,-200.0,,,,,,,timeout
tt,1.62,ABC,14,0,6,-200.0,,,,,,,timeout
tt,1.62,ABC,15,0,6,-200.0,,,,,,,timeout
tt,1.62,ABC,16,0,6,-200.0,,,,,,,timeout
tt,1.62,ABC,17,0,6,-200.0,,,,,,,timeout
tt,1.62,ABC,18,0,6,-200.0,,,,,,,timeout
tt,1.62,ABC,19,0,6,-200.0,,,,,,,timeout
tt,1.62,ABC,20,0,6,-200.0,,,,,,,timeout
tt,1.62,ABC,21,0,6,-200.0,,,,,,,timeout
tt,1.62,ABC,22,0,2,29.77329,1.221759,23.07155,49.2878,62.938,16.1461,46.96679,
tt,1.62,ABC,23,0,6,-200.0,,,,,,,timeout
tt,1.62,ABC,24,0,3,29.51883,1.222099,27.63254,47.1092,64.328,17.3131,41.69705,
tt,1.62,ABC,25,0,2,29.08237,1.221904,23.39617,49.2731,63.464,16.5219,47.08753,
tt,1.62,ABC,26,0,6,-200.0,,,,,,,timeout
tt,1.62,ABC,27,0,6,-200.0,,,,,,,timeout
tt,1.62,ABC,28,0,6,-200.0,,,,,,,timeout
tt,1.62,ABC,29,0,6,-200.0,,,,,,,timeout
tt,1.62,ACO,0,0,6,-200.0,,,,,,,timeout
tt,1.62,ACO,1,0,6,-200.0,,,,,,,timeout
tt,1.62,ACO,2,0,6,-200.0,,,,,,,timeout
tt,1.62,ACO,3,0,2,29.05964,1.222172,24.48696,48.4652,63.679,16.7711,46.46522,
tt,1.62,ACO,4,0,2,28.91117,1.222142,24.65616,48.5668,63.473,16.6296,46.31013,
tt,1.62,ACO,5,0,6,-200.0,,,,,,,timeout
tt,1.62,ACO,6,0,6,-200.0,,,,,,,timeout
tt,1.62,ACO,7,0,2,29.64224,1.222174,24.47204,48.0904,64.172,17.1181,45.92239,
tt,1.62,ACO,8,0,6,-200.0,,,,,,,timeout
tt,1.62,ACO,9,0,6,-200.0,,,,,,,timeout
tt,1.62,ACO,10,0,2,29.11785,1.222178,24.61081,48.3784,63.755,16.8274,46.26938,
tt,1.62,ACO,11,0,6,-200.0,,,,,,,timeout
tt,1.62,ACO,12,0,6,-200.0,,,,,,,timeout
tt,1.62,ACO,13,0,2,29.08707,1.222175,24.55632,48.4206,63.716,16.7989,46.36611,
tt,1.62,ACO,14,0,6,-200.0,,,,,,,timeout
tt,1.62,ACO,15,0,2,29.03413,1.222169,24.41263,48.5112,63.639,16.7409,46.57502,
tt,1.62,ACO,16,0,2,29.05757,1.222173,24.47702,48.4727,63.678,16.7687,46.48111,
tt,1.62,ACO,17,0,6,-200.0,,,,,,,timeout
tt,1.62,ACO,18,0,6,-200.0,,,,,,,timeout
tt,1.62,ACO,19,0,6,-200.0,,,,,,,timeout
tt,1.62,ACO,20,0,6,-200.0,,,,,,,timeout
tt,1.62,ACO,21,0,6,-200.0,,,,,,,timeout
tt,1.62,ACO,22,0,6,-200.0,,,,,,,timeout
tt,1.62,ACO,23,0,6,-200.0,,,,,,,timeout
tt,1.62,ACO,24,0,6,-200.0,,,,,,,timeout
tt,1.62,ACO,25,0,1,52.77779,1.221064,20.05702,49.7285,62.653000000000006,15.3715,49.47818,
tt,1.62,ACO,26,0,6,-200.0,,,,,,,timeout
tt,1.62,ACO,27,0,6,-200.0,,,,,,,timeout
tt,1.62,ACO,28,0,6,-200.0,,,,,,,timeout
tt,1.62,ACO,29,0,6,-200.0,,,,,,,timeout
tt,1.62,FA,0,0,6,-200.0,,,,,,,timeout
tt,1.62,FA,1,0,6,-200.0,,,,,,,timeout
tt,1.62,FA,2,0,1,52.82579,1.221062,19.98261,49.7093,62.653000000000006,15.2592,48.76058,
tt,1.62,FA,3,0,1,19.16369,1.21841,25.74642,47.1919,64.715,21.9233,27.29405,
tt,1.62,FA,4,0,1,36.07152,1.220432,23.10161,49.8193,60.11,14.3284,51.36755,
tt,1.62,FA,5,0,1,28.92597,1.218916,27.3119,50.9259,63.178,22.4674,26.89666,
tt,1.62,FA,6,0,1,26.49646,1.218885,27.29768,50.8391,62.31100000000001,23.0662,26.50979,
tt,1.62,FA,7,0,2,19.12151,1.218419,27.63641,49.6007,62.093,28.8532,26.78045,
tt,1.62,FA,8,0,2,19.52032,1.218444,27.53636,49.6189,62.037000000000006,28.93,26.65332,
tt,1.62,FA,9,0,1,51.98527,1.221053,19.80407,49.9128,62.57599999999999,15.3303,47.5909,
tt,1.62,FA,10,0,1,51.84578,1.221058,20.06209,49.7249,61.845,14.9182,49.2723,
tt,1.62,FA,11,0,6,-200.0,,,,,,,timeout
tt,1.62,FA,12,0,1,40.75975,1.220048,24.26134,49.7705,61.42700000000001,15.4348,48.8299,
tt,1.62,FA,13,0,2,47.09431,1.219325,26.59196,49.7596,63.287000000000006,17.2341,46.54476,
tt,1.62,FA,14,0,2,46.2299,1.219119,26.80525,49.7526,64.578,17.6206,35.88471,
tt,1.62,FA,15,1,0,44.45018,1.22102,19.91877,50.1843,62.61,15.5551,43.62894,
tt,1.62,FA,16,0,1,35.18536,1.220409,23.14674,49.9018,60.06399999999999,14.1735,51.42978,
tt,1.62,FA,17,0,2,47.21625,1.219406,26.5554,49.7713,63.653000000000006,17.4266,52.59942,
tt,1.62,FA,18,0,1,18.74516,1.218659,25.91025,47.3208,64.021,20.4972,26.72429,
tt,1.62,FA,19,0,2,21.34124,1.219179,27.17676,49.7765,75.271,31.5628,42.6346,
tt,1.62,FA,20,0,3,2.988623,1.222091,26.19951,48.5993,64.555,19.2948,48.75314,
tt,1.62,FA,21,0,2,21.35627,1.219211,27.17107,49.7806,75.839,31.4487,44.5781,
tt,1.62,FA,22,0,2,23.01393,1.221351,21.42684,49.5176,59.342,15.652,46.29146,
tt,1.62,FA,23,0,1,49.33384,1.221074,20.17102,49.735,62.357,15.1816,49.33858,
tt,1.62,FA,24,0,1,44.0212,1.219711,25.30157,49.7714,61.67,15.697,47.99003,
tt,1.62,FA,25,0,1,33.69113,1.220312,23.46643,49.8257,60.05200000000001,14.0669,49.70081,
tt,1.62,FA,26,0,6,-200.0,,,,,,,timeout
tt,1.62,FA,27,0,6,-200.0,,,,,,,timeout
tt,1.62,FA,28,0,6,-200.0,,,,,,,timeout
tt,1.62,FA,29,0,6,-200.0,,,,,,,timeout
tt,1.62,GA,0,0,6,-200.0,,,,,,,timeout
tt,1.62,GA,1,0,2,29.05118,1.221979,24.43131,48.9218,63.07299999999999,16.3061,45.8199,
tt,1.62,GA,2,0,3,28.68741,1.222119,26.16419,48.3065,63.599,16.7351,44.19459,
tt,1.62,GA,3,0,2,29.61294,1.221836,23.61573,49.0325,62.892,16.1647,45.13187,
tt,1.62,GA,4,0,1,45.21216,1.221108,20.53773,49.7211,62.949,15.5943,50.05652,
tt,1.62,GA,5,0,2,30.16036,1.22171,22.9435,49.1378,62.857,16.1163,44.54991,
tt,1.62,GA,6,0,1,33.74191,1.220984,21.79563,49.6678,65.225,16.8832,51.17245,
tt,1.62,GA,7,0,2,29.05738,1.221931,23.40558,49.2331,63.48,16.5379,47.16299,
tt,1.62,GA,8,0,2,31.93343,1.221472,21.60334,49.4603,62.723,15.9149,44.70538,
tt,1.62,GA,9,0,2,33.32181,1.219145,27.05324,49.951,63.602,19.3577,26.35963,
tt,1.62,GA,10,0,1,35.1112,1.219035,27.23466,50.3473,63.273,19.821,26.74629,
tt,1.62,GA,11,1,0,33.84081,1.221103,20.8902,50.2168,65.612,16.9294,51.39412,
tt,1.62,GA,12,0,2,28.95819,1.221814,22.37607,49.5534,64.015,16.8695,47.8499,
tt,1.62,GA,13,0,1,34.78623,1.221251,20.72391,49.5168,62.718,15.7837,43.53255,
tt,1.62,GA,14,0,2,29.19624,1.221934,24.1991,49.0102,63.094,16.2922,45.75231,
tt,1.62,GA,15,0,6,-200.0,,,,,,,timeout
tt,1.62,GA,16,0,6,-200.0,,,,,,,timeout
tt,1.62,GA,17,0,2,38.42729,1.219063,27.20917,49.9442,64.123,18.3931,27.45526,
tt,1.62,GA,18,0,2,40.53928,1.219024,27.14044,49.8074,64.612,17.8095,28.71965,
tt,1.62,GA,19,0,1,31.87979,1.221012,22.33617,49.2063,63.53,16.2789,38.35431,
tt,1.62,GA,20,0,2,31.60527,1.221498,21.77654,49.3334,62.697,15.9398,44.19218,
tt,1.62,GA,21,0,6,-200.0,,,,,,,timeout
tt,1.62,GA,22,0,2,30.36798,1.221685,22.72569,49.1815,62.82299999999999,16.0781,44.67157,
tt,1.62,GA,23,0,1,34.18741,1.221286,20.84737,49.4768,62.703,15.805,43.57856,
tt,1.62,GA,24,0,6,-200.0,,,,,,,timeout
tt,1.62,GA,25,0,2,29.07531,1.222123,24.23503,48.6063,63.77,16.8083,46.54575,
tt,1.62,GA,26,0,2,30.1338,1.221709,22.96336,49.1353,62.852,16.1176,44.52161,
tt,1.62,GA,27,1,0,31.20804,1.22106,21.38232,50.4928,65.984,17.2772,50.26937,
tt,1.62,GA,28,0,2,30.15174,1.221714,22.97815,49.3521,62.979,16.1274,45.80455,
tt,1.62,GA,29,0,2,32.87949,1.221946,25.52808,46.355,65.505,18.1601,42.33247,
tt,1.62,GWO,0,0,2,29.46914,1.222171,24.3878,48.2283,64.046,17.0197,46.20276,
tt,1.62,GWO,1,0,2,28.91958,1.222203,24.3227,48.2973,63.934,17.0529,46.35776,
tt,1.62,GWO,2,0,2,29.03883,1.222178,24.50171,48.455,63.702,16.7904,46.43357,
tt,1.62,GWO,3,0,2,29.19914,1.222197,24.44183,48.1544,64.085,17.1433,46.04027,
tt,1.62,GWO,4,0,2,29.82378,1.22215,24.0163,48.0449,64.377,17.3064,45.9941,
tt,1.62,GWO,5,0,2,30.36814,1.222068,22.83263,48.2544,64.625,17.3944,46.69574,
tt,1.62,GWO,6,0,2,29.12165,1.222164,24.10528,48.5045,63.776,16.8359,46.83335,
tt,1.62,GWO,7,0,2,31.2029,1.22208,25.10871,47.0249,64.969,17.822,43.82766,
tt,1.62,GWO,8,0,2,27.78662,1.222248,25.92342,48.3333,63.32899999999999,16.768,45.05207,
tt,1.62,GWO,9,0,2,29.11011,1.222169,24.14981,48.0296,64.286,17.4338,45.88601,
tt,1.62,GWO,10,0,2,28.68109,1.222222,24.88761,48.205,63.835,17.0308,45.88983,
tt,1.62,GWO,11,0,2,29.1462,1.22216,24.09048,48.5197,63.772000000000006,16.8241,46.84882,
tt,1.62,GWO,12,0,2,30.04248,1.222138,24.04133,48.0128,64.417,17.2948,45.92819,
tt,1.62,GWO,13,0,2,29.64929,1.222134,23.33722,48.3029,64.307,17.2434,46.76209,
tt,1.62,GWO,14,0,2,29.27605,1.222189,24.87836,48.162,63.946,16.9714,45.80161,
tt,1.62,GWO,15,0,2,29.28507,1.222181,24.219,48.3651,63.93000000000001,16.9395,46.53256,
tt,1.62,GWO,16,0,2,28.22487,1.222229,24.69408,48.3955,63.639,16.9501,46.28059,
tt,1.62,GWO,17,0,2,29.58945,1.222082,23.68536,48.428,64.069,17.0282,47.02799,
tt,1.62,GWO,18,0,2,29.4123,1.22218,24.27852,48.2874,64.018,16.9922,46.34759,
tt,1.62,GWO,19,0,2,30.19708,1.222078,22.82253,48.2974,64.571,17.3712,46.80443,
tt,1.62,GWO,20,0,2,31.83433,1.222045,25.11934,46.885,65.147,17.8681,43.4961,
tt,1.62,GWO,21,0,2,29.29315,1.222178,24.17443,48.3908,63.907,16.9162,46.59122,
tt,1.62,GWO,22,0,2,29.85213,1.222127,24.24982,47.9534,64.385,17.3418,45.78034,
tt,1.62,GWO,23,0,2,31.29221,1.222086,25.01932,47.0694,64.992,17.7924,43.88998,
tt,1.62,GWO,24,0,2,26.99611,1.222297,24.88112,48.3228,63.535,17.2458,45.99518,
tt,1.62,GWO,25,0,2,29.09735,1.222142,24.15035,48.534,63.717,16.7974,46.87213,
tt,1.62,GWO,26,0,3,28.41937,1.222236,26.12202,48.1492,63.557,16.7956,44.71247,
tt,1.62,GWO,27,0,2,31.68877,1.222024,24.40065,47.218,65.112,17.8245,44.21176,
tt,1.62,GWO,28,0,2,29.37534,1.222186,25.20075,47.8981,64.091,17.1432,45.2538,
tt,1.62,GWO,29,0,2,30.08098,1.222134,24.07116,47.9871,64.437,17.3117,45.85748,
tt,1.62,PSO,0,1,0,53.2838,1.220995,20.49992,50.0102,65.332,16.1506,52.69045,
tt,1.62,PSO,1,1,0,53.14234,1.221058,19.54589,50.124,62.962,15.3447,48.36355,
tt,1.62,PSO,2,0,1,53.06424,1.221063,19.99748,49.7183,62.603,15.316,49.2025,
tt,1.62,PSO,3,0,2,28.6994,1.222193,25.86012,48.2758,63.53,16.6867,44.91416,
tt,1.62,PSO,4,0,2,31.94086,1.22143,21.81249,49.4441,62.952,16.0438,50.11344,
tt,1.62,PSO,5,1,0,52.73798,1.22106,19.53097,50.2784,63.141000000000005,15.436,48.6189,
tt,1.62,PSO,6,0,2,28.9327,1.222154,24.82949,48.4743,63.55,16.6889,46.09998,
tt,1.62,PSO,7,1,0,52.815,1.221059,19.48631,50.311,63.158,15.4511,48.58088,
tt,1.62,PSO,8,0,1,33.48051,1.219045,27.27421,50.0651,63.28,19.5693,26.62065,
tt,1.62,PSO,9,1,0,53.22312,1.221059,19.56573,50.0975,62.956,15.3301,48.44509,
tt,1.62,PSO,10,0,1,52.88696,1.220966,21.12585,49.8949,65.145,16.4153,54.35946,
tt,1.62,PSO,11,1,0,52.78088,1.22106,19.46644,50.3208,63.17,15.4599,48.55586,
tt,1.62,PSO,12,0,1,53.3734,1.22106,19.91811,49.7239,62.635000000000005,15.2506,48.88476,
tt,1.62,PSO,13,0,2,30.00457,1.222119,23.34743,48.2482,64.397,17.2484,46.63154,
tt,1.62,PSO,14,0,2,29.89172,1.221699,22.67582,49.1946,63.259,16.4003,49.4631,
tt,1.62,PSO,15,0,1,52.88226,1.221064,20.06199,49.7183,62.632000000000005,15.355,49.54567,
tt,1.62,PSO,16,0,2,29.8162,1.221882,22.94523,48.091,66.696,18.5657,47.57652,
tt,1.62,PSO,17,1,0,53.0333,1.221058,19.50618,50.164,62.978,15.3698,48.24448,
tt,1.62,PSO,18,0,1,52.90827,1.221064,20.05702,49.7235,62.633,15.3516,49.54959,
tt,1.62,PSO,19,0,2,28.71893,1.222134,25.2762,48.5688,63.315,16.5149,45.46278,
tt,1.62,PSO,20,0,1,52.57254,1.221062,20.26056,49.7333,62.756,15.4375,50.52753,
tt,1.62,PSO,21,0,2,28.70701,1.222136,25.34063,48.5449,63.322,16.5246,45.41261,
tt,1.62,PSO,22,0,1,53.16047,1.221061,19.93299,49.7184,62.59,15.2856,48.80581,
tt,1.62,PSO,23,0,2,29.49268,1.222187,25.05692,47.9828,64.081,17.0726,45.45351,
tt,1.62,PSO,24,0,1,53.06399,1.221047,20.4792,49.7684,62.81,15.4418,52.62462,
tt,1.62,PSO,25,0,2,28.71133,1.222128,25.30112,48.5638,63.293000000000006,16.5066,45.4482,
tt,1.62,PSO,26,1,0,53.0158,1.221059,19.51609,50.2108,63.047,15.3904,48.51248,
tt,1.62,PSO,27,0,2,28.94921,1.22216,24.90375,48.4314,63.589,16.7171,46.00589,
tt,1.62,PSO,28,1,0,52.95987,1.221059,19.50617,50.2292,63.05800000000001,15.4028,48.45654,
tt,1.62,PSO,29,0,2,29.05665,1.222172,24.47208,48.4739,63.675,16.7667,46.48682,
tt,1.8,ABC,0,0,6,-200.0,,,,,,,timeout
tt,1.8,ABC,1,0,6,-200.0,,,,,,,timeout
tt,1.8,ABC,2,1,0,55.0468,1.2214,19.49576,50.1579,63.604,15.5227,46.6501,
tt,1.8,ABC,3,0,6,-200.0,,,,,,,timeout
tt,1.8,ABC,4,0,6,-200.0,,,,,,,timeout
tt,1.8,ABC,5,0,6,-200.0,,,,,,,timeout
tt,1.8,ABC,6,0,6,-200.0,,,,,,,timeout
tt,1.8,ABC,7,0,6,-200.0,,,,,,,timeout
tt,1.8,ABC,8,1,0,55.31325,1.221374,19.69962,50.1259,63.988,15.6761,46.45305,
tt,1.8,ABC,9,1,0,54.89248,1.221285,19.81023,50.244,63.77,15.5549,44.78245,
tt,1.8,ABC,10,0,6,-200.0,,,,,,,timeout
tt,1.8,ABC,11,0,6,-200.0,,,,,,,timeout
tt,1.8,ABC,12,0,6,-200.0,,,,,,,timeout
tt,1.8,ABC,13,0,6,-200.0,,,,,,,timeout
tt,1.8,ABC,14,0,6,-200.0,,,,,,,timeout
tt,1.8,ABC,15,0,6,-200.0,,,,,,,timeout
tt,1.8,ABC,16,0,6,-200.0,,,,,,,timeout
tt,1.8,ABC,17,0,6,-200.0,,,,,,,timeout
tt,1.8,ABC,18,0,6,-200.0,,,,,,,timeout
tt,1.8,ABC,19,0,6,-200.0,,,,,,,timeout
tt,1.8,ABC,20,0,6,-200.0,,,,,,,timeout
tt,1.8,ABC,21,0,6,-200.0,,,,,,,timeout
tt,1.8,ABC,22,0,6,-200.0,,,,,,,timeout
tt,1.8,ABC,23,0,6,-200.0,,,,,,,timeout
tt,1.8,ABC,24,0,6,-200.0,,,,,,,timeout
tt,1.8,ABC,25,0,6,-200.0,,,,,,,timeout
tt,1.8,ABC,26,0,6,-200.0,,,,,,,timeout
tt,1.8,ABC,27,1,0,55.24717,1.221391,19.57033,50.0289,63.66,15.4832,45.58878,
tt,1.8,ABC,28,1,0,54.92844,1.221299,19.76534,50.2458,63.845,15.5902,44.78186,
tt,1.8,ABC,29,1,0,55.46403,1.220993,21.22465,50.0301,65.055,16.1307,41.28379,
tt,1.8,ACO,0,1,0,55.67211,1.221334,19.94838,50.0012,64.39,15.8411,45.79951,
tt,1.8,ACO,1,0,6,-200.0,,,,,,,timeout
tt,1.8,ACO,2,0,6,-200.0,,,,,,,timeout
tt,1.8,ACO,3,1,0,55.73676,1.221376,19.80379,50.0,64.441,15.848,46.44254,
tt,1.8,ACO,4,1,0,55.65156,1.221374,19.7939,50.0001,64.253,15.7719,46.28842,
tt,1.8,ACO,5,0,6,-200.0,,,,,,,timeout
tt,1.8,ACO,6,0,6,-200.0,,,,,,,timeout
tt,1.8,ACO,7,0,6,-200.0,,,,,,,timeout
tt,1.8,ACO,8,0,6,-200.0,,,,,,,timeout
tt,1.8,ACO,9,0,1,55.73612,1.221378,19.79384,49.9999,64.44,15.8487,46.45838,
tt,1.8,ACO,10,0,6,-200.0,,,,,,,timeout
tt,1.8,ACO,11,0,6,-200.0,,,,,,,timeout
tt,1.8,ACO,12,0,6,-200.0,,,,,,,timeout
tt,1.8,ACO,13,0,6,-200.0,,,,,,,timeout
tt,1.8,ACO,14,1,0,55.73669,1.221378,19.78888,50.0,64.44,15.848,46.46066,
tt,1.8,ACO,15,0,6,-200.0,,,,,,,timeout
tt,1.8,ACO,16,1,0,55.73681,1.221378,19.79384,50.0005,64.44,15.8481,46.4585,
tt,1.8,ACO,17,0,6,-200.0,,,,,,,timeout
tt,1.8,ACO,18,1,0,55.54283,1.221362,19.82387,50.0001,64.116,15.7252,45.94797,
tt,1.8,ACO,19,0,6,-200.0,,,,,,,timeout
tt,1.8,ACO,20,0,6,-200.0,,,,,,,timeout
tt,1.8,ACO,21,0,6,-200.0,,,,,,,timeout
tt,1.8,ACO,22,1,0,55.73664,1.221379,19.79382,50.0001,64.441,15.8481,46.46264,
tt,1.8,ACO,23,1,0,55.67149,1.221331,19.96332,50.0,64.396,15.8438,45.77157,
tt,1.8,ACO,24,0,6,-200.0,,,,,,,timeout
tt,1.8,ACO,25,0,6,-200.0,,,,,,,timeout
tt,1.8,ACO,26,0,6,-200.0,,,,,,,timeout
tt,1.8,ACO,27,0,6,-200.0,,,,,,,timeout
tt,1.8,ACO,28,0,6,-200.0,,,,,,,timeout
tt,1.8,ACO,29,0,6,-200.0,,,,,,,timeout
tt,1.8,FA,0,0,6,-200.0,,,,,,,timeout
tt,1.8,FA,1,0,6,-200.0,,,,,,,timeout
tt,1.8,FA,2,1,0,54.25691,1.2214,19.36675,50.0016,62.545,15.1191,48.77597,
tt,1.8,FA,3,1,0,45.08261,1.219959,25.9969,50.9756,62.752,19.1697,27.3501,
tt,1.8,FA,4,1,0,37.36661,1.220744,22.61909,50.0126,60.019000000000005,14.273,51.38212,
tt,1.8,FA,5,1,0,44.87076,1.219971,25.99664,51.3385,62.491,21.7766,26.93615,
tt,1.8,FA,6,1,0,44.64254,1.219973,25.99163,51.3116,61.669,22.2907,26.55038,
tt,1.8,FA,7,1,0,30.00305,1.219818,25.9999,50.0,61.531000000000006,28.5108,26.83147,
tt,1.8,FA,8,1,0,30.00496,1.219855,25.87491,50.0,61.514,28.6057,26.70475,
tt,1.8,FA,9,0,1,54.07455,1.221401,19.20795,50.1833,62.465,15.101,47.60667,
tt,1.8,FA,10,0,1,54.19221,1.221401,19.48086,50.0049,61.735,14.7695,49.28789,
tt,1.8,FA,11,1,0,44.12132,1.219933,25.25226,50.0006,61.80500000000001,15.98,43.15955,
tt,1.8,FA,12,1,0,42.23144,1.220403,23.72291,50.0004,61.282,15.4419,48.84588,
tt,1.8,FA,13,1,0,48.96627,1.219776,25.99583,50.0,62.98,17.238,46.56397,
tt,1.8,FA,14,1,0,49.82991,1.219706,25.99235,50.0003,64.19,17.3884,35.90849,
tt,1.8,FA,15,1,0,46.01839,1.221398,19.33701,50.4024,62.527,15.3749,43.64572,
tt,1.8,FA,16,1,0,36.38398,1.220721,22.6642,50.0898,60.003,14.1146,51.44436,
tt,1.8,FA,17,1,0,49.47842,1.21984,25.99447,50.0,63.34,17.4426,52.61807,
tt,1.8,FA,18,1,0,44.83732,1.220059,25.99974,50.3678,62.556,18.6263,26.77534,
tt,1.8,FA,19,1,0,25.42681,1.220484,25.91123,50.0001,74.852,31.7289,42.68245,
tt,1.8,FA,20,0,1,27.25106,1.2214,21.15804,50.0802,64.088,13.9999,48.73401,
tt,1.8,FA,21,1,0,25.28316,1.220498,25.92583,50.0,75.464,31.6462,44.62535,
tt,1.8,FA,22,1,0,54.04883,1.2214,19.50072,50.0001,61.112,14.4643,46.29721,
tt,1.8,FA,23,1,0,54.26753,1.2214,19.56027,50.0404,62.31699999999999,15.023,49.35353,
tt,1.8,FA,24,1,0,45.17117,1.220111,24.72204,50.0,61.374,15.6808,48.00755,
tt,1.8,FA,25,1,0,34.80353,1.220634,22.98359,50.0002,60.0,14.0206,49.71568,
tt,1.8,FA,26,1,0,26.22874,1.220352,25.919,50.0001,71.152,31.0155,35.11717,
tt,1.8,FA,27,1,0,54.36547,1.221399,19.48585,50.0002,62.556,15.2414,49.46884,
tt,1.8,FA,28,1,0,43.37122,1.219963,25.99185,51.3974,60.916,24.1492,26.13807,
tt,1.8,FA,29,1,0,40.23191,1.21995,25.32642,50.0002,60.001000000000005,15.5172,53.08868,
tt,1.8,GA,0,1,0,54.42002,1.2214,19.52057,50.5866,64.942,16.1216,49.00336,
tt,1.8,GA,1,1,0,55.44706,1.221377,19.67973,50.05,63.81,15.5295,45.80379,
tt,1.8,GA,2,1,0,55.39949,1.221249,20.1582,50.0955,64.263,15.7465,44.16946,
tt,1.8,GA,3,1,0,55.09603,1.22139,19.52569,50.0001,63.588,15.476,45.121,
tt,1.8,GA,4,1,0,54.39691,1.2214,19.86791,50.066,62.963,15.4323,50.07037,
tt,1.8,GA,5,1,0,54.75631,1.22139,19.45126,50.0,63.540000000000006,15.4888,44.54323,
tt,1.8,GA,6,1,0,55.73138,1.22125,20.73385,50.0763,65.559,16.4212,51.18545,
tt,1.8,GA,7,1,0,55.26365,1.221397,19.56031,50.2676,64.277,15.802,47.14915,
tt,1.8,GA,8,1,0,54.44686,1.2214,19.28736,50.1005,63.316,15.4202,44.70703,
tt,1.8,GA,9,1,0,44.68323,1.220205,25.81782,50.1323,63.163,18.7599,26.39929,
tt,1.8,GA,10,1,0,45.02962,1.220054,25.97004,50.5433,62.798,19.2537,26.78459,
tt,1.8,GA,11,1,0,54.68786,1.221379,19.94765,50.5788,65.974,16.5308,51.40746,
tt,1.8,GA,12,1,0,54.89738,1.221392,19.51077,50.5023,64.872,16.0568,47.83982,
tt,1.8,GA,13,1,0,53.87208,1.221389,19.25279,50.0204,63.167,15.3916,43.54126,
tt,1.8,GA,14,1,0,55.36238,1.221379,19.64,50.083,63.81399999999999,15.5415,45.73775,
tt,1.8,GA,15,1,0,53.15905,1.221181,19.99058,50.0333,63.862,15.697,40.06291,
tt,1.8,GA,16,1,0,53.43019,1.221397,19.15839,50.0006,63.099,15.4055,42.92512,
tt,1.8,GA,17,1,0,45.643,1.220013,25.99575,50.144,63.643,17.9207,27.49122,
tt,1.8,GA,18,1,0,46.59408,1.219877,25.99368,50.0298,64.169,17.4196,28.75234,
tt,1.8,GA,19,1,0,52.32986,1.221119,20.19509,50.0158,63.98,15.7491,38.36198,
tt,1.8,GA,20,1,0,54.36896,1.2214,19.31713,50.0059,63.31100000000001,15.4265,44.19297,
tt,1.8,GA,21,1,0,54.43729,1.2214,19.28239,50.1034,63.312,15.4195,44.7055,
tt,1.8,GA,22,1,0,54.74527,1.2214,19.40644,50.0031,63.496,15.4716,44.66608,
tt,1.8,GA,23,1,0,53.93215,1.221393,19.25273,50.0029,63.18600000000001,15.3956,43.58626,
tt,1.8,GA,24,1,0,55.0409,1.2214,19.47591,50.235,63.67100000000001,15.5535,46.88802,
tt,1.8,GA,25,1,0,55.62265,1.221369,19.78406,50.0838,64.517,15.8935,46.52451,
tt,1.8,GA,26,1,0,54.75095,1.221387,19.46123,50.0025,63.536,15.4874,44.51485,
tt,1.8,GA,27,1,0,53.5984,1.221286,20.23699,50.9033,66.437,16.7912,50.28102,
tt,1.8,GA,28,1,0,55.04459,1.221386,19.4811,50.1878,63.651,15.497,45.7976,
tt,1.8,GA,29,1,0,55.64181,1.221024,21.14966,50.0693,65.704,16.5252,42.3056,
tt,1.8,GWO,0,1,0,55.78362,1.221345,19.93828,50.0007,64.731,15.9891,46.17911,
tt,1.8,GWO,1,1,0,55.71441,1.221368,19.84362,50.0016,64.695,15.972,46.3338,
tt,1.8,GWO,2,1,0,55.73207,1.221376,19.79883,50.0003,64.461,15.8601,46.41073,
tt,1.8,GWO,3,1,0,55.73878,1.221343,19.94327,50.0012,64.8,16.0244,46.01567,
tt,1.8,GWO,4,1,0,55.79718,1.221331,20.00798,50.0012,65.036,16.1325,45.97065,
tt,1.8,GWO,5,1,0,55.81916,1.221383,19.83345,50.0004,65.282,16.2353,46.67684,
tt,1.8,GWO,6,1,0,55.73207,1.221395,19.7489,50.0001,64.532,15.8939,46.81161,
tt,1.8,GWO,7,1,0,55.72995,1.221153,20.69083,50.0003,65.383,16.3442,43.80059,
tt,1.8,GWO,8,1,0,55.50946,1.221331,19.94347,50.0006,64.131,15.6748,45.02538,
tt,1.8,GWO,9,1,0,55.61447,1.221328,20.01795,50.0076,65.012,16.139,45.86184,
tt,1.8,GWO,10,1,0,55.65817,1.221339,19.94334,50.0,64.595,15.9373,45.86423,
tt,1.8,GWO,11,1,0,55.73009,1.221396,19.74393,50.0031,64.527,15.8916,46.82723,
tt,1.8,GWO,12,1,0,55.83102,1.221321,20.04784,50.0013,65.049,16.1369,45.90484,
tt,1.8,GWO,13,1,0,55.78242,1.221389,19.79366,50.0002,65.021,16.1134,46.74114,
tt,1.8,GWO,14,1,0,55.75226,1.221322,20.00813,50.0006,64.63,15.9463,45.77657,
tt,1.8,GWO,15,1,0,55.7891,1.221376,19.81372,50.0005,64.657,15.9452,46.50961,
tt,1.8,GWO,16,1,0,55.60091,1.221376,19.79883,50.0008,64.474,15.8802,46.25602,
tt,1.8,GWO,17,1,0,55.6659,1.22137,19.89817,50.0002,64.755,16.0242,47.00813,
tt,1.8,GWO,18,1,0,55.79899,1.221362,19.87349,50.0003,64.719,15.9767,46.32419,
tt,1.8,GWO,19,1,0,55.80166,1.221393,19.79359,50.0022,65.248,16.2186,46.78551,
tt,1.8,GWO,20,1,0,55.78651,1.221126,20.78558,50.0115,65.5,16.3982,43.46933,
tt,1.8,GWO,21,1,0,55.79042,1.22138,19.79877,50.0007,64.639,15.9353,46.5685,
tt,1.8,GWO,22,1,0,55.73262,1.221299,20.13753,50.001,65.016,16.1414,45.75661,
tt,1.8,GWO,23,1,0,55.78009,1.221163,20.65095,50.0017,65.41,16.349,43.86308,
tt,1.8,GWO,24,1,0,55.34716,1.221382,19.77889,50.002,64.528,15.9292,45.96854,
tt,1.8,GWO,25,1,0,55.69126,1.221388,19.78375,50.0,64.468,15.8738,46.8509,
tt,1.8,GWO,26,1,0,55.59999,1.221295,20.083,50.0005,64.253,15.7277,44.68496,
tt,1.8,GWO,27,1,0,55.81437,1.221179,20.60602,50.0018,65.524,16.3998,44.18746,
tt,1.8,GWO,28,1,0,55.70882,1.221271,20.19754,50.0071,64.736,16.0063,45.22716,
tt,1.8,GWO,29,0,6,-200.0,,,,,,,timeout
tt,1.8,PSO,0,1,0,55.60222,1.2214,19.87287,50.2565,65.168,15.9964,52.70812,
tt,1.8,PSO,1,1,0,54.201,1.2214,18.94001,50.4098,62.870000000000005,15.2013,48.37914,
tt,1.8,PSO,2,1,0,54.3387,1.2214,19.40148,50.0005,62.521,15.1765,49.21789,
tt,1.8,PSO,3,1,0,55.63701,1.221308,20.03317,50.0001,64.202,15.6998,44.88853,
tt,1.8,PSO,4,1,0,54.74996,1.2214,19.93738,50.005,63.462,15.6033,50.11654,
tt,1.8,PSO,5,1,0,54.20822,1.2214,18.93505,50.5664,63.057,15.2908,48.63442,
tt,1.8,PSO,6,1,0,55.66011,1.221356,19.86366,50.0004,64.31,15.8004,46.07726,
tt,1.8,PSO,7,1,0,54.21604,1.2214,18.88543,50.596,63.06399999999999,15.3058,48.59642,
tt,1.8,PSO,8,1,0,44.92579,1.220078,25.99436,50.2772,62.833,18.9826,26.6594,
tt,1.8,PSO,9,0,1,54.20102,1.221402,18.96479,50.384,62.856,15.1868,48.46068,
tt,1.8,PSO,10,1,0,54.1184,1.221359,20.5484,50.1275,64.963,16.2966,54.37674,
tt,1.8,PSO,11,1,0,54.21774,1.221399,18.87056,50.6056,63.072,15.3145,48.57133,
tt,1.8,PSO,12,1,0,54.27628,1.2214,19.31713,50.0091,62.514,15.1107,48.90028,
tt,1.8,PSO,13,1,0,55.8385,1.221376,19.84349,50.0004,65.069,16.1343,46.61066,
tt,1.8,PSO,14,1,0,55.0208,1.2214,19.91753,50.0,63.91,15.7562,49.45714,
tt,1.8,PSO,15,1,0,54.37432,1.2214,19.47591,50.0,62.545,15.2194,49.56106,
tt,1.8,PSO,16,0,6,-200.0,,,,,,,timeout
tt,1.8,PSO,17,0,6,-200.0,,,,,,,timeout
tt,1.8,PSO,18,1,0,54.37319,1.2214,19.46599,50.0053,62.548,15.2152,49.56496,
tt,1.8,PSO,19,0,6,-200.0,,,,,,,timeout
tt,1.8,PSO,20,1,0,54.34585,1.2214,19.70416,50.0082,62.635000000000005,15.31,50.54296,
tt,1.8,PSO,21,1,0,55.61532,1.221347,19.86877,50.0004,64.038,15.6225,45.3902,
tt,1.8,PSO,22,1,0,54.29018,1.2214,19.33201,50.0004,62.496,15.1462,48.82129,
tt,1.8,PSO,23,1,0,55.7683,1.221291,20.12773,50.0002,64.722,15.9935,45.4275,
tt,1.8,PSO,24,1,0,54.03148,1.2214,19.99692,50.0038,62.69799999999999,15.3207,52.64055,
tt,1.8,PSO,25,1,0,55.6099,1.221348,19.86876,50.0001,64.014,15.6112,45.4261,
tt,1.8,PSO,26,1,0,54.21257,1.2214,18.9152,50.4965,62.973,15.2461,48.52804,
tt,1.8,PSO,27,1,0,55.66381,1.221349,19.88859,50.0,64.338,15.8148,45.98273,
tt,1.8,PSO,28,1,0,54.21247,1.2214,18.89039,50.5144,62.979,15.2584,48.47206,
tt,1.8,PSO,29,1,0,55.7371,1.221378,19.79384,50.0005,64.435,15.8461,46.46423,
tt,1.98,ABC,0,0,6,-200.0,,,,,,,timeout
tt,1.98,ABC,1,0,6,-200.0,,,,,,,timeout
tt,1.98,ABC,2,0,1,53.65017,1.221756,18.92457,50.3795,63.761,15.3832,46.66612,
tt,1.98,ABC,3,0,6,-200.0,,,,,,,timeout
tt,1.98,ABC,4,0,1,53.37164,1.221706,19.23292,50.2742,64.157,15.5356,45.45619,
tt,1.98,ABC,5,0,1,53.4247,1.221754,18.91468,50.2426,63.807,15.4567,45.07472,
tt,1.98,ABC,6,0,1,53.49315,1.221756,19.04859,50.33,64.121,15.5176,46.29256,
tt,1.98,ABC,7,0,1,52.3689,1.221684,19.26799,50.5836,64.453,15.6668,46.24954,
tt,1.98,ABC,8,0,6,-200.0,,,,,,,timeout
tt,1.98,ABC,9,0,6,-200.0,,,,,,,timeout
tt,1.98,ABC,10,0,1,53.52256,1.221751,19.03378,50.3468,64.056,15.4948,46.30966,
tt,1.98,ABC,11,0,6,-200.0,,,,,,,timeout
tt,1.98,ABC,12,0,6,-200.0,,,,,,,timeout
tt,1.98,ABC,13,0,1,53.44899,1.221711,19.19811,50.395,64.034,15.4706,46.41638,
tt,1.98,ABC,14,0,6,-200.0,,,,,,,timeout
tt,1.98,ABC,15,0,6,-200.0,,,,,,,timeout
tt,1.98,ABC,16,0,6,-200.0,,,,,,,timeout
tt,1.98,ABC,17,0,6,-200.0,,,,,,,timeout
tt,1.98,ABC,18,0,6,-200.0,,,,,,,timeout
tt,1.98,ABC,19,0,6,-200.0,,,,,,,timeout
tt,1.98,ABC,20,0,6,-200.0,,,,,,,timeout
tt,1.98,ABC,21,0,6,-200.0,,,,,,,timeout
tt,1.98,ABC,22,0,6,-200.0,,,,,,,timeout
tt,1.98,ABC,23,0,6,-200.0,,,,,,,timeout
tt,1.98,ABC,24,0,6,-200.0,,,,,,,timeout
tt,1.98,ABC,25,0,1,52.97479,1.221753,19.03375,50.505,64.454,15.6537,47.09063,
tt,1.98,ABC,26,0,1,52.7204,1.221597,19.68114,50.6529,64.997,15.8743,46.38915,
tt,1.98,ABC,27,0,6,-200.0,,,,,,,timeout
tt,1.98,ABC,28,0,6,-200.0,,,,,,,timeout
tt,1.98,ABC,29,0,1,49.04673,1.221403,20.51292,50.3457,65.263,16.041,41.30165,
tt,1.98,ACO,0,0,6,-200.0,,,,,,,timeout
tt,1.98,ACO,1,0,6,-200.0,,,,,,,timeout
tt,1.98,ACO,2,0,6,-200.0,,,,,,,timeout
tt,1.98,ACO,3,0,6,-200.0,,,,,,,timeout
tt,1.98,ACO,4,0,6,-200.0,,,,,,,timeout
tt,1.98,ACO,5,0,6,-200.0,,,,,,,timeout
tt,1.98,ACO,6,0,6,-200.0,,,,,,,timeout
tt,1.98,ACO,7,0,6,-200.0,,,,,,,timeout
tt,1.98,ACO,8,0,1,50.64294,1.221763,19.17745,50.2189,64.824,15.7487,46.76537,
tt,1.98,ACO,9,0,1,51.30228,1.221745,19.21246,50.2266,64.664,15.6913,46.47478,
tt,1.98,ACO,10,0,6,-200.0,,,,,,,timeout
tt,1.98,ACO,11,0,6,-200.0,,,,,,,timeout
tt,1.98,ACO,12,0,6,-200.0,,,,,,,timeout
tt,1.98,ACO,13,0,1,51.22557,1.221735,19.25726,50.2276,64.692,15.7027,46.3595,
tt,1.98,ACO,14,0,6,-200.0,,,,,,,timeout
tt,1.98,ACO,15,0,6,-200.0,,,,,,,timeout
tt,1.98,ACO,16,0,1,51.30253,1.221745,19.21246,50.2266,64.664,15.6913,46.4749,
tt,1.98,ACO,17,0,6,-200.0,,,,,,,timeout
tt,1.98,ACO,18,0,6,-200.0,,,,,,,timeout
tt,1.98,ACO,19,0,6,-200.0,,,,,,,timeout
tt,1.98,ACO,20,0,6,-200.0,,,,,,,timeout
tt,1.98,ACO,21,0,6,-200.0,,,,,,,timeout
tt,1.98,ACO,22,0,1,51.29478,1.221746,19.20748,50.2265,64.664,15.6913,46.47904,
tt,1.98,ACO,23,0,6,-200.0,,,,,,,timeout
tt,1.98,ACO,24,0,6,-200.0,,,,,,,timeout
tt,1.98,ACO,25,0,6,-200.0,,,,,,,timeout
tt,1.98,ACO,26,0,1,53.3935,1.221751,19.13796,50.2349,64.21,15.5291,46.30025,
tt,1.98,ACO,27,0,1,52.11788,1.221732,19.23747,50.2333,64.487,15.6288,46.21226,
tt,1.98,ACO,28,0,1,51.16762,1.221739,19.23736,50.2272,64.693,15.7036,46.38623,
tt,1.98,ACO,29,0,1,51.43072,1.221753,19.18257,50.2259,64.634,15.6784,46.5759,
tt,1.98,FA,0,1,0,41.23471,1.221276,24.44041,50.8168,62.0,25.6099,26.36037,
tt,1.98,FA,1,1,0,42.86979,1.220954,22.6152,50.1051,60.718,15.0451,53.35637,
tt,1.98,FA,2,0,1,54.10962,1.221753,18.83533,50.1787,62.653000000000006,14.9903,48.79192,
tt,1.98,FA,3,1,0,41.58506,1.220931,24.72529,51.2213,62.574,19.3768,27.38678,
tt,1.98,FA,4,1,0,38.09407,1.221062,22.16153,50.119,60.221,14.3812,51.39684,
tt,1.98,FA,5,1,0,45.03359,1.220988,24.6745,51.4893,62.32599999999999,22.0624,26.97437,
tt,1.98,FA,6,1,0,44.81801,1.221016,24.66897,51.4605,61.532,22.5769,26.58946,
tt,1.98,FA,7,1,0,30.32826,1.22118,24.40759,50.1312,61.383,28.409,26.88127,
tt,1.98,FA,8,1,0,30.4088,1.22123,24.2726,50.1309,61.370000000000005,28.505,26.75498,
tt,1.98,FA,9,0,1,53.96574,1.22176,18.65664,50.347,62.614,15.073,47.6228,
tt,1.98,FA,10,0,1,54.08113,1.221755,18.96427,50.176,61.821,14.6373,49.30385,
tt,1.98,FA,11,1,0,44.9783,1.220358,24.65744,50.1192,61.863,16.1124,43.1779,
tt,1.98,FA,12,1,0,43.46317,1.220767,23.22931,50.1148,61.398,15.4253,48.86219,
tt,1.98,FA,13,1,0,50.78804,1.220223,25.43499,50.1372,62.967,17.1795,46.58301,
tt,1.98,FA,14,1,0,49.94395,1.220282,25.21523,50.1412,64.155,17.5041,35.93191,
tt,1.98,FA,15,0,1,46.82199,1.221781,18.77537,50.531,62.697,15.4002,43.66264,
tt,1.98,FA,16,1,0,37.01093,1.221037,22.21162,50.1975,60.193,14.2186,51.45901,
tt,1.98,FA,17,1,0,51.23797,1.220276,25.49349,50.1036,63.353,17.421,52.63677,
tt,1.98,FA,18,1,0,44.41501,1.221068,24.7523,50.562,62.444,18.8847,26.8133,
tt,1.98,FA,19,0,1,26.27329,1.22178,24.62875,50.0709,74.756,31.9125,42.73002,
tt,1.98,FA,20,0,2,24.34322,1.221802,20.66,50.2176,64.353,13.8913,48.75156,
tt,1.98,FA,21,0,1,26.09555,1.221778,24.66351,50.0704,75.358,31.8548,44.67238,
tt,1.98,FA,22,0,1,52.9618,1.221775,18.95404,50.1873,61.285,14.4076,46.31386,
tt,1.98,FA,23,0,1,54.04792,1.221755,19.0486,50.2159,62.413,14.8948,49.36961,
tt,1.98,FA,24,1,0,46.53461,1.220508,24.18764,50.141,61.370000000000005,15.6331,48.02495,
tt,1.98,FA,25,1,0,35.43089,1.220955,22.51094,50.1036,60.216,14.1349,49.73053,
tt,1.98,FA,26,0,1,27.4756,1.221731,24.56028,50.0896,71.0,31.1217,35.16752,
tt,1.98,FA,27,0,1,54.24664,1.221748,18.93462,50.1747,62.672,15.1146,49.48468,
tt,1.98,FA,28,1,0,43.67604,1.221063,24.60846,51.5309,60.795,24.4065,26.17907,
tt,1.98,FA,29,1,0,41.26143,1.220296,24.85239,50.1134,60.07599999999999,15.5486,53.10439,
tt,1.98,GA,0,0,1,52.36596,1.221786,19.0382,50.7484,65.158,15.9944,49.02037,
tt,1.98,GA,1,0,1,53.48546,1.221735,19.0886,50.2882,64.017,15.4854,45.81986,
tt,1.98,GA,2,0,1,51.8264,1.221622,19.52694,50.3536,64.461,15.6969,44.18608,
tt,1.98,GA,3,0,1,53.43854,1.221753,18.93454,50.226,63.788,15.4406,45.13723,
tt,1.98,GA,4,0,1,54.00611,1.221753,19.38595,50.2434,63.08,15.3103,50.0863,
tt,1.98,GA,5,0,1,53.34136,1.221759,18.85508,50.2162,63.726,15.4549,44.5597,
tt,1.98,GA,6,0,1,51.99844,1.221699,20.30456,50.1575,65.691,16.3259,51.2046,
tt,1.98,GA,7,0,6,-200.0,,,,,,,timeout
tt,1.98,GA,8,0,1,53.39674,1.22177,18.71106,50.3005,63.491,15.3888,44.72356,
tt,1.98,GA,9,1,0,44.76152,1.221247,24.59483,50.2473,63.068,19.0328,26.43835,
tt,1.98,GA,10,1,0,45.15681,1.221055,24.72775,50.6652,62.707,19.5328,26.82227,
tt,1.98,GA,11,0,6,-200.0,,,,,,,timeout
tt,1.98,GA,12,0,6,-200.0,,,,,,,timeout
tt,1.98,GA,13,0,1,53.1816,1.221773,18.66636,50.205,63.322,15.3745,43.55825,
tt,1.98,GA,14,0,1,53.48532,1.221737,19.04392,50.3186,64.017,15.501,45.75384,
tt,1.98,GA,15,0,1,52.25432,1.221607,19.34362,50.2384,64.013,15.6812,40.08127,
tt,1.98,GA,16,0,1,53.05568,1.221791,18.57184,50.1695,63.272000000000006,15.3876,42.94246,
tt,1.98,GA,17,1,0,45.76602,1.220946,24.78952,50.2658,63.519000000000005,18.1502,27.52661,
tt,1.98,GA,18,1,0,46.72362,1.220712,24.87371,50.1594,64.05,17.6211,28.78447,
tt,1.98,GA,19,0,1,51.79078,1.221574,19.52275,50.2157,64.11,15.7403,38.38131,
tt,1.98,GA,20,0,6,-200.0,,,,,,,timeout
tt,1.98,GA,21,0,6,-200.0,,,,,,,timeout
tt,1.98,GA,22,0,6,-200.0,,,,,,,timeout
tt,1.98,GA,23,0,6,-200.0,,,,,,,timeout
tt,1.98,GA,24,0,1,53.65862,1.221756,18.91961,50.4552,63.841,15.416,46.90404,
tt,1.98,GA,25,0,1,51.1051,1.221738,19.21257,50.3059,64.75,15.7369,46.541,
tt,1.98,GA,26,0,1,53.33453,1.221756,18.86505,50.2187,63.722,15.4535,44.53133,
tt,1.98,GA,27,0,1,51.99194,1.221733,19.80297,51.0014,66.566,16.6947,50.30012,
tt,1.98,GA,28,0,1,53.53936,1.221745,18.89498,50.4099,63.839,15.4616,45.81374,
tt,1.98,GA,29,0,1,46.66669,1.221443,20.46263,50.349,65.942,16.306,42.32374,
tt,1.98,GWO,0,0,1,49.88499,1.22172,19.35671,50.2253,64.981,15.8263,46.19578,
tt,1.98,GWO,1,0,1,49.50093,1.221744,19.26208,50.2211,64.952,15.8076,46.35049,
tt,1.98,GWO,2,0,1,51.09326,1.221744,19.2224,50.227,64.689,15.7021,46.42717,
tt,1.98,GWO,3,0,6,-200.0,,,,,,,timeout
tt,1.98,GWO,4,0,6,-200.0,,,,,,,timeout
tt,1.98,GWO,5,0,1,47.71783,1.22177,19.27159,50.2006,65.563,16.0685,46.69387,
tt,1.98,GWO,6,0,6,-200.0,,,,,,,timeout
tt,1.98,GWO,7,0,1,47.15075,1.221556,20.03902,50.2509,65.641,16.1453,43.81819,
tt,1.98,GWO,8,0,1,50.96279,1.2217,19.33719,50.2477,64.356,15.6158,45.04181,
tt,1.98,GWO,9,0,1,47.78431,1.221715,19.4312,50.2227,65.284,15.9619,45.87892,
tt,1.98,GWO,10,0,1,49.77726,1.221714,19.35681,50.2283,64.843,15.7698,45.88092,
tt,1.98,GWO,11,0,1,50.72542,1.221764,19.17248,50.2217,64.769,15.7358,46.84369,
tt,1.98,GWO,12,0,1,48.5722,1.221704,19.45618,50.2221,65.314,15.967,45.9218,
tt,1.98,GWO,13,0,1,48.50639,1.22177,19.22695,50.2056,65.297,15.9487,46.75801,
tt,1.98,GWO,14,0,1,50.36172,1.221696,19.41662,50.234,64.871,15.7814,45.79321,
tt,1.98,GWO,15,0,1,50.19487,1.221748,19.24218,50.2213,64.909,15.7856,46.52617,
tt,1.98,GWO,16,0,1,49.93838,1.221748,19.22233,50.2234,64.723,15.7155,46.2726,
tt,1.98,GWO,17,0,1,49.70584,1.221745,19.33648,50.2092,65.005,15.8663,47.02482,
tt,1.98,GWO,18,0,1,49.91231,1.221736,19.28701,50.2229,64.971,15.8153,46.34082,
tt,1.98,GWO,19,0,1,47.77419,1.221779,19.23177,50.2012,65.529,16.0526,46.80252,
tt,1.98,GWO,20,0,1,47.0375,1.221532,20.12872,50.2693,65.753,16.1975,43.48703,
tt,1.98,GWO,21,0,1,50.33309,1.221751,19.22229,50.2212,64.889,15.7765,46.58504,
tt,1.98,GWO,22,0,1,48.44739,1.221685,19.54578,50.2231,65.277,15.9684,45.77364,
tt,1.98,GWO,23,0,1,47.11924,1.221565,20.00415,50.2517,65.668,16.1526,43.88065,
tt,1.98,GWO,24,0,1,47.95104,1.221762,19.19731,50.2175,64.79,15.7545,45.98537,
tt,1.98,GWO,25,0,1,50.99726,1.221756,19.21229,50.219,64.707,15.7182,46.86732,
tt,1.98,GWO,26,0,1,51.22575,1.221665,19.46673,50.2561,64.474,15.6676,44.70147,
tt,1.98,GWO,27,0,1,46.86801,1.221582,19.9741,50.2428,65.788,16.2054,44.20507,
tt,1.98,GWO,28,0,1,49.87568,1.221652,19.59096,50.2459,64.98,15.8338,45.24401,
tt,1.98,GWO,29,0,1,48.52922,1.221699,19.47611,50.2259,65.328,15.9744,45.851,
tt,1.98,PSO,0,0,1,52.20061,1.221842,19.42422,50.3268,65.272,15.9033,52.727,
tt,1.98,PSO,1,0,1,54.07839,1.221755,18.39381,50.5867,62.962,15.0717,48.39511,
tt,1.98,PSO,2,0,1,54.22778,1.221749,18.86019,50.1758,62.609,15.0487,49.23371,
tt,1.98,PSO,3,0,1,51.94745,1.221675,19.42688,50.2553,64.419,15.6427,44.90492,
tt,1.98,PSO,4,0,1,53.73258,1.221757,19.44542,50.1877,63.617,15.4835,50.13259,
tt,1.98,PSO,5,0,1,54.0629,1.221755,18.39877,50.743,63.16,15.1623,48.65038,
tt,1.98,PSO,6,0,1,52.00728,1.221722,19.27731,50.2346,64.518,15.6417,46.09364,
tt,1.98,PSO,7,0,1,54.08387,1.221754,18.34422,50.7724,63.178,15.1768,48.61237,
tt,1.98,PSO,8,1,0,45.05962,1.221091,24.7965,50.4006,62.764,19.2636,26.69747,
tt,1.98,PSO,9,0,1,54.07757,1.221756,18.4186,50.5613,62.95099999999999,15.0563,48.47663,
tt,1.98,PSO,10,0,1,52.63047,1.221778,20.10979,50.2128,65.062,16.2209,54.39488,
tt,1.98,PSO,11,0,1,54.08555,1.221755,18.33428,50.7818,63.193,15.1855,48.58735,
tt,1.98,PSO,12,0,1,54.16565,1.221751,18.77087,50.1855,62.620000000000005,14.9817,48.91612,
tt,1.98,PSO,13,0,1,48.53277,1.221757,19.27676,50.2072,65.344,15.9709,46.62754,
tt,1.98,PSO,14,0,1,53.48226,1.221762,19.41061,50.1878,64.095,15.6306,49.47338,
tt,1.98,PSO,15,0,1,54.26028,1.221747,18.93463,50.1749,62.645,15.0927,49.57677,
tt,1.98,PSO,16,0,1,45.48719,1.221804,19.91095,50.0756,67.486,16.9699,47.58208,
tt,1.98,PSO,17,0,1,54.07506,1.221755,18.35908,50.6242,62.988,15.0963,48.27605,
tt,1.98,PSO,18,0,1,54.25869,1.221747,18.92967,50.1804,62.645,15.0884,49.58069,
tt,1.98,PSO,19,0,1,52.80922,1.221715,19.25262,50.2473,64.252,15.5685,45.45688,
tt,1.98,PSO,20,0,1,54.23067,1.221748,19.19753,50.1773,62.748000000000005,15.1872,50.55871,
tt,1.98,PSO,21,0,1,52.86802,1.221709,19.27256,50.2484,64.256,15.5697,45.40642,
tt,1.98,PSO,22,0,1,54.18408,1.221751,18.78576,50.1753,62.592,15.0172,48.83715,
tt,1.98,PSO,23,0,1,50.03107,1.221668,19.53117,50.2375,64.965,15.8249,45.44426,
tt,1.98,PSO,24,0,1,53.94547,1.22176,19.53962,50.1432,62.82299999999999,15.2122,52.6567,
tt,1.98,PSO,25,0,1,53.10236,1.221709,19.26759,50.2481,64.229,15.5581,45.4423,
tt,1.98,PSO,26,0,1,54.0846,1.221754,18.37894,50.6733,63.05500000000001,15.1169,48.544,
tt,1.98,PSO,27,0,1,51.84722,1.221716,19.30221,50.2356,64.549,15.655,45.99913,
tt,1.98,PSO,28,0,1,54.08498,1.221755,18.35908,50.6909,63.06999999999999,15.129,48.48804,
tt,1.98,PSO,29,0,1,51.32924,1.221745,19.21246,50.226,64.661,15.6897,46.48063,
